condition,setting,block,group,rule,budget,accuracy mean (SD),minus DriftGate pp mean (SD),seeds above DriftGate,offloading ratio,source
first day,S1,beta 1,required,Device only,none (device only),64.16 (1.94),-4.156 (0.952),0/5,0.000 (0.000),R20 recompute (Round 15/18/19 values reproduced)
first day,S1,beta 1,required,Raw edge only,beta 1,62.91 (2.64),-5.406 (0.472),0/5,1.000 (0.000),R20 recompute (Round 15/18/19 values reproduced)
first day,S1,beta 1,required,Confidence-based offloading,own threshold (0.8 nats),62.87 (2.64),-5.449 (0.475),0/5,0.920 (0.012),R20 recompute (Round 15/18/19 values reproduced)
first day,S1,beta 1,required,Probability average,beta 1,67.32 (2.92),-0.993 (0.482),0/5,1.000 (0.000),R20 recompute (Round 15/18/19 values reproduced)
first day,S1,beta 1,required,Logit sum [strongest main-table rule],beta 1,67.37 (3.01),-0.946 (0.568),0/5,1.000 (0.000),R20 recompute (Round 15/18/19 values reproduced)
first day,S1,beta 1,required,No correction + adaptive w,beta 1,67.11 (3.01),-1.201 (0.591),0/5,1.000 (0.000),R20 recompute (Round 15/18/19 values reproduced)
first day,S1,beta 1,required,Correction + w 0.5,beta 1,68.13 (2.37),-0.189 (0.106),0/5,1.000 (0.000),R20 recompute (Round 15/18/19 values reproduced)
first day,S1,beta 1,required,Correction + w 0.2,beta 1,68.16 (2.54),-0.152 (0.152),1/5,1.000 (0.000),R20 recompute (Round 15/18/19 values reproduced)
first day,S1,beta 1,required,Correction + w 0.45,beta 1,68.21 (2.42),-0.107 (0.049),0/5,1.000 (0.000),R20 recompute (Round 15/18/19 values reproduced)
first day,S1,beta 1,required,Corrected edge only,beta 1,67.87 (2.53),-0.447 (0.190),0/5,1.000 (0.000),R20 recompute (Round 15/18/19 values reproduced)
first day,S1,beta 1,required,Correction + product,beta 1,67.90 (2.37),-0.410 (0.193),0/5,1.000 (0.000),R20 recompute (Round 15/18/19 values reproduced)
first day,S1,beta 1,required,DriftGate,beta 1,68.31 (2.45),,,1.000 (0.000),R20 recompute (Round 15/18/19 values reproduced)
first day,S1,beta 1,appendix,Lower-entropy exit,beta 1,64.35 (2.72),-3.965 (0.378),0/5,1.000 (0.000),R20 recompute (Round 15/18/19 values reproduced)
first day,S1,beta 1,appendix,Logit-entropy weighting,beta 1,64.35 (2.72),-3.964 (0.377),0/5,1.000 (0.000),R20 recompute (Round 15/18/19 values reproduced)
first day,S1,beta 1,appendix,Geometric ensemble with early exit,same share as confidence-based,67.36 (3.01),-0.952 (0.566),0/5,NA,Round 15 cache
first day,S1,beta 1,appendix,Label-shift EM,beta 1,64.84 (2.16),-3.472 (0.530),0/5,1.000 (0.000),R20 recompute (Round 15/18/19 values reproduced)
first day,S1,beta 1,appendix,Learned weight,beta 1,66.81 (3.01),-1.501 (0.572),0/5,1.000 (0.000),R20 recompute (Round 15/18/19 values reproduced)
first day,S1,beta 1,appendix,Correction + learned weight,beta 1,67.88 (2.56),-0.431 (0.144),0/5,1.000 (0.000),R20 recompute (Round 15/18/19 values reproduced)
first day,S1,beta 1,post hoc reference,Correction + best fixed w on the evaluation seeds (w = 0.35),beta 1,68.26 (2.50),-0.054 (0.075),1/5,1.000 (0.000),Round 19 cache (chosen with evaluation labels)
first day,S1,beta 0.5,required,Device only,none (device only),64.16 (1.94),-3.571 (0.715),0/5,0.000 (0.000),R20 recompute (Round 15/18/19 values reproduced)
first day,S1,beta 0.5,required,Raw edge only,beta 0.5,64.73 (2.44),-3.001 (0.272),0/5,0.499 (0.000),R20 recompute (Round 15/18/19 values reproduced)
first day,S1,beta 0.5,required,Probability average,beta 0.5,67.02 (2.59),-0.714 (0.312),0/5,0.499 (0.000),R20 recompute (Round 15/18/19 values reproduced)
first day,S1,beta 0.5,required,Logit sum,beta 0.5,67.07 (2.63),-0.664 (0.355),0/5,0.499 (0.000),R20 recompute (Round 15/18/19 values reproduced)
first day,S1,beta 0.5,required,No correction + adaptive w,beta 0.5,66.90 (2.63),-0.825 (0.350),0/5,0.499 (0.000),R20 recompute (Round 15/18/19 values reproduced)
first day,S1,beta 0.5,required,Correction + w 0.5,beta 0.5,67.60 (2.24),-0.132 (0.067),0/5,0.499 (0.000),R20 recompute (Round 15/18/19 values reproduced)
first day,S1,beta 0.5,required,Correction + w 0.2,beta 0.5,67.68 (2.34),-0.050 (0.089),2/5,0.499 (0.000),R20 recompute (Round 15/18/19 values reproduced)
first day,S1,beta 0.5,required,Correction + w 0.45,beta 0.5,67.66 (2.27),-0.071 (0.026),0/5,0.499 (0.000),R20 recompute (Round 15/18/19 values reproduced)
first day,S1,beta 0.5,required,Corrected edge only,beta 0.5,67.55 (2.35),-0.176 (0.120),0/5,0.499 (0.000),R20 recompute (Round 15/18/19 values reproduced)
first day,S1,beta 0.5,required,Correction + product,beta 0.5,67.41 (2.22),-0.317 (0.146),0/5,0.499 (0.000),R20 recompute (Round 15/18/19 values reproduced)
first day,S1,beta 0.5,required,DriftGate,beta 0.5,67.73 (2.28),,,0.499 (0.000),R20 recompute (Round 15/18/19 values reproduced)
first day,S1,beta 0.5,appendix,Lower-entropy exit,beta 0.5,65.27 (2.49),-2.462 (0.222),0/5,0.499 (0.000),R20 recompute (Round 15/18/19 values reproduced)
first day,S1,beta 0.5,post hoc reference,Correction + best fixed w on the evaluation seeds (w = 0.35),beta 0.5,67.71 (2.31),-0.019 (0.045),3/5,0.499 (0.000),Round 19 cache (chosen with evaluation labels)
round > 30,S1,beta 1,required,Device only,none (device only),61.77 (1.95),-5.332 (0.985),0/5,0.000 (0.000),R20 recompute (Round 15/18/19 values reproduced)
round > 30,S1,beta 1,required,Raw edge only,beta 1,64.85 (3.13),-2.250 (1.051),0/5,1.000 (0.000),R20 recompute (Round 15/18/19 values reproduced)
round > 30,S1,beta 1,required,Confidence-based offloading,own threshold (0.8 nats),64.80 (3.13),-2.306 (1.050),0/5,0.905 (0.014),R20 recompute (Round 15/18/19 values reproduced)
round > 30,S1,beta 1,required,Probability average [strongest main-table rule],beta 1,66.74 (2.98),-0.362 (0.771),2/5,1.000 (0.000),R20 recompute (Round 15/18/19 values reproduced)
round > 30,S1,beta 1,required,Logit sum,beta 1,66.68 (3.02),-0.423 (0.778),2/5,1.000 (0.000),R20 recompute (Round 15/18/19 values reproduced)
round > 30,S1,beta 1,required,No correction + adaptive w,beta 1,66.71 (3.14),-0.398 (0.950),2/5,1.000 (0.000),R20 recompute (Round 15/18/19 values reproduced)
round > 30,S1,beta 1,required,Correction + w 0.5,beta 1,66.81 (2.18),-0.288 (0.127),0/5,1.000 (0.000),R20 recompute (Round 15/18/19 values reproduced)
round > 30,S1,beta 1,required,Correction + w 0.2,beta 1,67.55 (2.43),+0.448 (0.205),5/5,1.000 (0.000),R20 recompute (Round 15/18/19 values reproduced)
round > 30,S1,beta 1,required,Correction + w 0.45,beta 1,67.02 (2.23),-0.084 (0.054),0/5,1.000 (0.000),R20 recompute (Round 15/18/19 values reproduced)
round > 30,S1,beta 1,required,Corrected edge only,beta 1,67.66 (2.54),+0.552 (0.352),5/5,1.000 (0.000),R20 recompute (Round 15/18/19 values reproduced)
round > 30,S1,beta 1,required,Correction + product,beta 1,66.48 (2.16),-0.627 (0.247),0/5,1.000 (0.000),R20 recompute (Round 15/18/19 values reproduced)
round > 30,S1,beta 1,required,DriftGate,beta 1,67.10 (2.26),,,1.000 (0.000),R20 recompute (Round 15/18/19 values reproduced)
round > 30,S1,beta 1,appendix,Lower-entropy exit,beta 1,65.19 (3.06),-1.914 (0.990),0/5,1.000 (0.000),R20 recompute (Round 15/18/19 values reproduced)
round > 30,S1,beta 1,appendix,Logit-entropy weighting,beta 1,65.19 (3.06),-1.912 (0.989),0/5,1.000 (0.000),R20 recompute (Round 15/18/19 values reproduced)
round > 30,S1,beta 1,appendix,Geometric ensemble with early exit,same share as confidence-based,66.67 (3.02),-0.430 (0.776),2/5,NA,Round 15 cache
round > 30,S1,beta 1,appendix,Label-shift EM,beta 1,64.98 (2.13),-2.124 (0.408),0/5,1.000 (0.000),R20 recompute (Round 15/18/19 values reproduced)
round > 30,S1,beta 1,appendix,Learned weight,beta 1,66.32 (3.19),-0.782 (0.985),2/5,1.000 (0.000),R20 recompute (Round 15/18/19 values reproduced)
round > 30,S1,beta 1,appendix,Correction + learned weight,beta 1,66.88 (2.44),-0.225 (0.194),0/5,1.000 (0.000),R20 recompute (Round 15/18/19 values reproduced)
round > 30,S1,beta 1,post hoc reference,Correction + best fixed w on the evaluation seeds (w = 0.00),beta 1,67.66 (2.54),+0.552 (0.352),5/5,1.000 (0.000),Round 19 cache (chosen with evaluation labels)
round > 30,S1,beta 0.5,required,Device only,none (device only),61.77 (1.95),-4.426 (0.737),0/5,0.000 (0.000),R20 recompute (Round 15/18/19 values reproduced)
round > 30,S1,beta 0.5,required,Raw edge only,beta 0.5,64.75 (2.63),-1.445 (0.555),0/5,0.499 (0.000),R20 recompute (Round 15/18/19 values reproduced)
round > 30,S1,beta 0.5,required,Probability average,beta 0.5,65.92 (2.62),-0.279 (0.467),2/5,0.499 (0.000),R20 recompute (Round 15/18/19 values reproduced)
round > 30,S1,beta 0.5,required,Logit sum,beta 0.5,65.88 (2.62),-0.321 (0.458),1/5,0.499 (0.000),R20 recompute (Round 15/18/19 values reproduced)
round > 30,S1,beta 0.5,required,No correction + adaptive w,beta 0.5,65.89 (2.67),-0.310 (0.535),2/5,0.499 (0.000),R20 recompute (Round 15/18/19 values reproduced)
round > 30,S1,beta 0.5,required,Correction + w 0.5,beta 0.5,66.01 (2.12),-0.190 (0.079),0/5,0.499 (0.000),R20 recompute (Round 15/18/19 values reproduced)
round > 30,S1,beta 0.5,required,Correction + w 0.2,beta 0.5,66.42 (2.28),+0.227 (0.129),5/5,0.499 (0.000),R20 recompute (Round 15/18/19 values reproduced)
round > 30,S1,beta 0.5,required,Correction + w 0.45,beta 0.5,66.14 (2.15),-0.062 (0.031),0/5,0.499 (0.000),R20 recompute (Round 15/18/19 values reproduced)
round > 30,S1,beta 0.5,required,Corrected edge only,beta 0.5,66.46 (2.34),+0.260 (0.208),4/5,0.499 (0.000),R20 recompute (Round 15/18/19 values reproduced)
round > 30,S1,beta 0.5,required,Correction + product,beta 0.5,65.74 (2.09),-0.455 (0.184),0/5,0.499 (0.000),R20 recompute (Round 15/18/19 values reproduced)
round > 30,S1,beta 0.5,required,DriftGate,beta 0.5,66.20 (2.17),,,0.499 (0.000),R20 recompute (Round 15/18/19 values reproduced)
round > 30,S1,beta 0.5,appendix,Lower-entropy exit,beta 0.5,64.93 (2.61),-1.266 (0.533),0/5,0.499 (0.000),R20 recompute (Round 15/18/19 values reproduced)
round > 30,S1,beta 0.5,post hoc reference,Correction + best fixed w on the evaluation seeds (w = 0.00),beta 0.5,66.46 (2.34),+0.260 (0.208),4/5,0.499 (0.000),Round 19 cache (chosen with evaluation labels)
first day,S2,beta 1,required,Device only,none (device only),69.04 (2.80),-2.661 (1.896),0/3,0.000 (0.000),R20 recompute (Round 15/18/19 values reproduced)
first day,S2,beta 1,required,Raw edge only,beta 1,65.24 (3.76),-6.461 (2.791),0/3,1.000 (0.000),R20 recompute (Round 15/18/19 values reproduced)
first day,S2,beta 1,required,Confidence-based offloading,own threshold (0.8 nats),65.18 (3.73),-6.518 (2.768),0/3,0.838 (0.088),R20 recompute (Round 15/18/19 values reproduced)
first day,S2,beta 1,required,Probability average,beta 1,69.88 (2.02),-1.815 (1.090),0/3,1.000 (0.000),R20 recompute (Round 15/18/19 values reproduced)
first day,S2,beta 1,required,Logit sum [strongest main-table rule],beta 1,70.07 (1.97),-1.632 (1.035),0/3,1.000 (0.000),R20 recompute (Round 15/18/19 values reproduced)
first day,S2,beta 1,required,No correction + adaptive w,beta 1,69.29 (2.11),-2.407 (1.165),0/3,1.000 (0.000),R20 recompute (Round 15/18/19 values reproduced)
first day,S2,beta 1,required,Correction + w 0.5,beta 1,71.77 (1.09),+0.073 (0.131),2/3,1.000 (0.000),R20 recompute (Round 15/18/19 values reproduced)
first day,S2,beta 1,required,Correction + w 0.2,beta 1,71.03 (0.83),-0.672 (0.225),0/3,1.000 (0.000),R20 recompute (Round 15/18/19 values reproduced)
first day,S2,beta 1,required,Correction + w 0.45,beta 1,71.68 (1.00),-0.016 (0.032),1/3,1.000 (0.000),R20 recompute (Round 15/18/19 values reproduced)
first day,S2,beta 1,required,Corrected edge only,beta 1,70.49 (0.82),-1.212 (0.273),0/3,1.000 (0.000),R20 recompute (Round 15/18/19 values reproduced)
first day,S2,beta 1,required,Correction + product,beta 1,71.76 (1.16),+0.057 (0.223),1/3,1.000 (0.000),R20 recompute (Round 15/18/19 values reproduced)
first day,S2,beta 1,required,DriftGate,beta 1,71.70 (0.97),,,1.000 (0.000),R20 recompute (Round 15/18/19 values reproduced)
first day,S2,beta 1,appendix,Lower-entropy exit,beta 1,66.65 (3.30),-5.053 (2.348),0/3,1.000 (0.000),R20 recompute (Round 15/18/19 values reproduced)
first day,S2,beta 1,appendix,Logit-entropy weighting,beta 1,66.65 (3.30),-5.049 (2.349),0/3,1.000 (0.000),R20 recompute (Round 15/18/19 values reproduced)
first day,S2,beta 1,appendix,Geometric ensemble with early exit,same share as confidence-based,70.06 (1.96),-1.641 (1.034),0/3,NA,Round 15 cache
first day,S2,beta 1,appendix,Label-shift EM,beta 1,68.63 (0.52),-3.066 (0.454),0/3,1.000 (0.000),R20 recompute (Round 15/18/19 values reproduced)
first day,S2,beta 1,appendix,Learned weight,beta 1,68.59 (2.30),-3.112 (1.356),0/3,1.000 (0.000),R20 recompute (Round 15/18/19 values reproduced)
first day,S2,beta 1,appendix,Correction + learned weight,beta 1,70.66 (0.98),-1.041 (0.086),0/3,1.000 (0.000),R20 recompute (Round 15/18/19 values reproduced)
first day,S2,beta 1,post hoc reference,Correction + best fixed w on the evaluation seeds (w = 0.55),beta 1,71.81 (1.18),+0.113 (0.231),2/3,1.000 (0.000),Round 19 cache (chosen with evaluation labels)
first day,S2,beta 0.5,required,Device only,none (device only),69.04 (2.80),-2.732 (1.394),0/3,0.000 (0.000),R20 recompute (Round 15/18/19 values reproduced)
first day,S2,beta 0.5,required,Raw edge only,beta 0.5,68.20 (3.14),-3.572 (1.666),0/3,0.499 (0.000),R20 recompute (Round 15/18/19 values reproduced)
first day,S2,beta 0.5,required,Probability average,beta 0.5,70.44 (2.26),-1.330 (0.800),0/3,0.499 (0.000),R20 recompute (Round 15/18/19 values reproduced)
first day,S2,beta 0.5,required,Logit sum,beta 0.5,70.60 (2.23),-1.175 (0.770),0/3,0.499 (0.000),R20 recompute (Round 15/18/19 values reproduced)
first day,S2,beta 0.5,required,No correction + adaptive w,beta 0.5,70.17 (2.31),-1.599 (0.837),0/3,0.499 (0.000),R20 recompute (Round 15/18/19 values reproduced)
first day,S2,beta 0.5,required,Correction + w 0.5,beta 0.5,71.77 (1.53),-0.006 (0.065),1/3,0.499 (0.000),R20 recompute (Round 15/18/19 values reproduced)
first day,S2,beta 0.5,required,Correction + w 0.2,beta 0.5,71.45 (1.41),-0.317 (0.106),0/3,0.499 (0.000),R20 recompute (Round 15/18/19 values reproduced)
first day,S2,beta 0.5,required,Correction + w 0.45,beta 0.5,71.73 (1.49),-0.036 (0.013),0/3,0.499 (0.000),R20 recompute (Round 15/18/19 values reproduced)
first day,S2,beta 0.5,required,Corrected edge only,beta 0.5,71.23 (1.42),-0.537 (0.145),0/3,0.499 (0.000),R20 recompute (Round 15/18/19 values reproduced)
first day,S2,beta 0.5,required,Correction + product,beta 0.5,71.72 (1.59),-0.047 (0.152),1/3,0.499 (0.000),R20 recompute (Round 15/18/19 values reproduced)
first day,S2,beta 0.5,required,DriftGate,beta 0.5,71.77 (1.48),,,0.499 (0.000),R20 recompute (Round 15/18/19 values reproduced)
first day,S2,beta 0.5,appendix,Lower-entropy exit,beta 0.5,68.61 (3.01),-3.161 (1.535),0/3,0.499 (0.000),R20 recompute (Round 15/18/19 values reproduced)
first day,S2,beta 0.5,post hoc reference,Correction + best fixed w on the evaluation seeds (w = 0.55),beta 0.5,71.77 (1.58),-0.005 (0.119),1/3,0.499 (0.000),Round 19 cache (chosen with evaluation labels)
round > 30,S2,beta 1,required,Device only,none (device only),68.33 (3.13),-3.622 (1.853),0/3,0.000 (0.000),R20 recompute (Round 15/18/19 values reproduced)
round > 30,S2,beta 1,required,Raw edge only,beta 1,68.11 (3.23),-3.846 (2.011),0/3,1.000 (0.000),R20 recompute (Round 15/18/19 values reproduced)
round > 30,S2,beta 1,required,Confidence-based offloading,own threshold (0.8 nats),68.04 (3.20),-3.921 (1.980),0/3,0.805 (0.104),R20 recompute (Round 15/18/19 values reproduced)
round > 30,S2,beta 1,required,Probability average,beta 1,70.72 (2.17),-1.235 (0.888),0/3,1.000 (0.000),R20 recompute (Round 15/18/19 values reproduced)
round > 30,S2,beta 1,required,Logit sum [strongest main-table rule],beta 1,70.82 (2.05),-1.141 (0.769),0/3,1.000 (0.000),R20 recompute (Round 15/18/19 values reproduced)
round > 30,S2,beta 1,required,No correction + adaptive w,beta 1,70.21 (2.26),-1.747 (0.990),0/3,1.000 (0.000),R20 recompute (Round 15/18/19 values reproduced)
round > 30,S2,beta 1,required,Correction + w 0.5,beta 1,71.97 (1.39),+0.015 (0.115),1/3,1.000 (0.000),R20 recompute (Round 15/18/19 values reproduced)
round > 30,S2,beta 1,required,Correction + w 0.2,beta 1,71.70 (1.09),-0.256 (0.194),0/3,1.000 (0.000),R20 recompute (Round 15/18/19 values reproduced)
round > 30,S2,beta 1,required,Correction + w 0.45,beta 1,71.97 (1.31),+0.016 (0.028),2/3,1.000 (0.000),R20 recompute (Round 15/18/19 values reproduced)
round > 30,S2,beta 1,required,Corrected edge only,beta 1,71.42 (1.05),-0.534 (0.258),0/3,1.000 (0.000),R20 recompute (Round 15/18/19 values reproduced)
round > 30,S2,beta 1,required,Correction + product,beta 1,71.82 (1.47),-0.137 (0.201),1/3,1.000 (0.000),R20 recompute (Round 15/18/19 values reproduced)
round > 30,S2,beta 1,required,DriftGate,beta 1,71.96 (1.28),,,1.000 (0.000),R20 recompute (Round 15/18/19 values reproduced)
round > 30,S2,beta 1,appendix,Lower-entropy exit,beta 1,68.72 (3.18),-3.232 (1.928),0/3,1.000 (0.000),R20 recompute (Round 15/18/19 values reproduced)
round > 30,S2,beta 1,appendix,Logit-entropy weighting,beta 1,68.73 (3.18),-3.227 (1.929),0/3,1.000 (0.000),R20 recompute (Round 15/18/19 values reproduced)
round > 30,S2,beta 1,appendix,Geometric ensemble with early exit,same share as confidence-based,70.80 (2.04),-1.153 (0.767),0/3,NA,Round 15 cache
round > 30,S2,beta 1,appendix,Label-shift EM,beta 1,70.29 (0.83),-1.662 (0.724),0/3,1.000 (0.000),R20 recompute (Round 15/18/19 values reproduced)
round > 30,S2,beta 1,appendix,Learned weight,beta 1,69.25 (2.46),-2.704 (1.177),0/3,1.000 (0.000),R20 recompute (Round 15/18/19 values reproduced)
round > 30,S2,beta 1,appendix,Correction + learned weight,beta 1,70.90 (1.37),-1.057 (0.168),0/3,1.000 (0.000),R20 recompute (Round 15/18/19 values reproduced)
round > 30,S2,beta 1,post hoc reference,Correction + best fixed w on the evaluation seeds (w = 0.45),beta 1,71.97 (1.31),+0.016 (0.028),2/3,1.000 (0.000),Round 19 cache (chosen with evaluation labels)
round > 30,S2,beta 0.5,required,Device only,none (device only),68.33 (3.13),-3.382 (1.434),0/3,0.000 (0.000),R20 recompute (Round 15/18/19 values reproduced)
round > 30,S2,beta 0.5,required,Raw edge only,beta 0.5,69.38 (2.93),-2.336 (1.264),0/3,0.500 (0.000),R20 recompute (Round 15/18/19 values reproduced)
round > 30,S2,beta 0.5,required,Probability average,beta 0.5,70.80 (2.42),-0.921 (0.704),0/3,0.500 (0.000),R20 recompute (Round 15/18/19 values reproduced)
round > 30,S2,beta 0.5,required,Logit sum,beta 0.5,70.85 (2.33),-0.865 (0.616),0/3,0.500 (0.000),R20 recompute (Round 15/18/19 values reproduced)
round > 30,S2,beta 0.5,required,No correction + adaptive w,beta 0.5,70.57 (2.47),-1.146 (0.770),0/3,0.500 (0.000),R20 recompute (Round 15/18/19 values reproduced)
round > 30,S2,beta 0.5,required,Correction + w 0.5,beta 0.5,71.67 (1.76),-0.043 (0.055),1/3,0.500 (0.000),R20 recompute (Round 15/18/19 values reproduced)
round > 30,S2,beta 0.5,required,Correction + w 0.2,beta 0.5,71.55 (1.62),-0.164 (0.109),0/3,0.500 (0.000),R20 recompute (Round 15/18/19 values reproduced)
round > 30,S2,beta 0.5,required,Correction + w 0.45,beta 0.5,71.68 (1.72),-0.031 (0.012),0/3,0.500 (0.000),R20 recompute (Round 15/18/19 values reproduced)
round > 30,S2,beta 0.5,required,Corrected edge only,beta 0.5,71.41 (1.59),-0.306 (0.156),0/3,0.500 (0.000),R20 recompute (Round 15/18/19 values reproduced)
round > 30,S2,beta 0.5,required,Correction + product,beta 0.5,71.54 (1.83),-0.179 (0.139),0/3,0.500 (0.000),R20 recompute (Round 15/18/19 values reproduced)
round > 30,S2,beta 0.5,required,DriftGate,beta 0.5,71.72 (1.71),,,0.500 (0.000),R20 recompute (Round 15/18/19 values reproduced)
round > 30,S2,beta 0.5,appendix,Lower-entropy exit,beta 0.5,69.64 (2.97),-2.074 (1.286),0/3,0.500 (0.000),R20 recompute (Round 15/18/19 values reproduced)
round > 30,S2,beta 0.5,post hoc reference,Correction + best fixed w on the evaluation seeds (w = 0.45),beta 0.5,71.68 (1.72),-0.031 (0.012),0/3,0.500 (0.000),Round 19 cache (chosen with evaluation labels)
first day,S1-fast,beta 1,required,Device only,none (device only),64.39 (0.24),-4.569 (0.893),0/3,0.000 (0.000),R20 recompute (Round 15/18/19 values reproduced)
first day,S1-fast,beta 1,required,Raw edge only,beta 1,63.38 (0.55),-5.588 (0.364),0/3,1.000 (0.000),R20 recompute (Round 15/18/19 values reproduced)
first day,S1-fast,beta 1,required,Confidence-based offloading,own threshold (0.8 nats),63.33 (0.55),-5.630 (0.376),0/3,0.918 (0.011),R20 recompute (Round 15/18/19 values reproduced)
first day,S1-fast,beta 1,required,Probability average,beta 1,68.06 (1.04),-0.902 (0.283),0/3,1.000 (0.000),R20 recompute (Round 15/18/19 values reproduced)
first day,S1-fast,beta 1,required,Logit sum [strongest main-table rule],beta 1,68.12 (1.00),-0.843 (0.249),0/3,1.000 (0.000),R20 recompute (Round 15/18/19 values reproduced)
first day,S1-fast,beta 1,required,No correction + adaptive w,beta 1,67.84 (1.19),-1.125 (0.431),0/3,1.000 (0.000),R20 recompute (Round 15/18/19 values reproduced)
first day,S1-fast,beta 1,required,Correction + w 0.5,beta 1,68.74 (0.67),-0.228 (0.093),0/3,1.000 (0.000),R20 recompute (Round 15/18/19 values reproduced)
first day,S1-fast,beta 1,required,Correction + w 0.2,beta 1,68.93 (0.79),-0.033 (0.072),1/3,1.000 (0.000),R20 recompute (Round 15/18/19 values reproduced)
first day,S1-fast,beta 1,required,Correction + w 0.45,beta 1,68.86 (0.70),-0.104 (0.060),0/3,1.000 (0.000),R20 recompute (Round 15/18/19 values reproduced)
first day,S1-fast,beta 1,required,Corrected edge only,beta 1,68.66 (0.80),-0.308 (0.116),0/3,1.000 (0.000),R20 recompute (Round 15/18/19 values reproduced)
first day,S1-fast,beta 1,required,Correction + product,beta 1,68.48 (0.57),-0.486 (0.195),0/3,1.000 (0.000),R20 recompute (Round 15/18/19 values reproduced)
first day,S1-fast,beta 1,required,DriftGate,beta 1,68.96 (0.76),,,1.000 (0.000),R20 recompute (Round 15/18/19 values reproduced)
first day,S1-fast,beta 1,appendix,Lower-entropy exit,beta 1,64.90 (0.93),-4.060 (0.255),0/3,1.000 (0.000),R20 recompute (Round 15/18/19 values reproduced)
first day,S1-fast,beta 1,appendix,Logit-entropy weighting,beta 1,64.91 (0.93),-4.058 (0.254),0/3,1.000 (0.000),R20 recompute (Round 15/18/19 values reproduced)
first day,S1-fast,beta 1,appendix,Geometric ensemble with early exit,same share as confidence-based,68.11 (1.00),-0.850 (0.249),0/3,NA,Round 15 cache
first day,S1-fast,beta 1,appendix,Label-shift EM,beta 1,65.41 (0.25),-3.555 (0.520),0/3,1.000 (0.000),R20 recompute (Round 15/18/19 values reproduced)
first day,S1-fast,beta 1,appendix,Learned weight,beta 1,67.52 (1.10),-1.443 (0.345),0/3,1.000 (0.000),R20 recompute (Round 15/18/19 values reproduced)
first day,S1-fast,beta 1,appendix,Correction + learned weight,beta 1,68.57 (0.71),-0.392 (0.056),0/3,1.000 (0.000),R20 recompute (Round 15/18/19 values reproduced)
first day,S1-fast,beta 1,post hoc reference,Correction + best fixed w on the evaluation seeds (w = 0.30),beta 1,68.98 (0.77),+0.018 (0.037),2/3,1.000 (0.000),Round 19 cache (chosen with evaluation labels)
first day,S1-fast,beta 0.5,required,Device only,none (device only),64.39 (0.24),-3.915 (0.666),0/3,0.000 (0.000),R20 recompute (Round 15/18/19 values reproduced)
first day,S1-fast,beta 0.5,required,Raw edge only,beta 0.5,65.30 (0.43),-3.008 (0.258),0/3,0.499 (0.000),R20 recompute (Round 15/18/19 values reproduced)
first day,S1-fast,beta 0.5,required,Probability average,beta 0.5,67.68 (0.68),-0.628 (0.125),0/3,0.499 (0.000),R20 recompute (Round 15/18/19 values reproduced)
first day,S1-fast,beta 0.5,required,Logit sum,beta 0.5,67.71 (0.66),-0.596 (0.134),0/3,0.499 (0.000),R20 recompute (Round 15/18/19 values reproduced)
first day,S1-fast,beta 0.5,required,No correction + adaptive w,beta 0.5,67.59 (0.73),-0.721 (0.166),0/3,0.499 (0.000),R20 recompute (Round 15/18/19 values reproduced)
first day,S1-fast,beta 0.5,required,Correction + w 0.5,beta 0.5,68.15 (0.51),-0.165 (0.047),0/3,0.499 (0.000),R20 recompute (Round 15/18/19 values reproduced)
first day,S1-fast,beta 0.5,required,Correction + w 0.2,beta 0.5,68.34 (0.58),+0.028 (0.024),3/3,0.499 (0.000),R20 recompute (Round 15/18/19 values reproduced)
first day,S1-fast,beta 0.5,required,Correction + w 0.45,beta 0.5,68.24 (0.53),-0.072 (0.027),0/3,0.499 (0.000),R20 recompute (Round 15/18/19 values reproduced)
first day,S1-fast,beta 0.5,required,Corrected edge only,beta 0.5,68.23 (0.59),-0.079 (0.034),0/3,0.499 (0.000),R20 recompute (Round 15/18/19 values reproduced)
first day,S1-fast,beta 0.5,required,Correction + product,beta 0.5,67.92 (0.44),-0.390 (0.125),0/3,0.499 (0.000),R20 recompute (Round 15/18/19 values reproduced)
first day,S1-fast,beta 0.5,required,DriftGate,beta 0.5,68.31 (0.56),,,0.499 (0.000),R20 recompute (Round 15/18/19 values reproduced)
first day,S1-fast,beta 0.5,appendix,Lower-entropy exit,beta 0.5,65.90 (0.55),-2.410 (0.091),0/3,0.499 (0.000),R20 recompute (Round 15/18/19 values reproduced)
first day,S1-fast,beta 0.5,post hoc reference,Correction + best fixed w on the evaluation seeds (w = 0.25),beta 0.5,68.35 (0.58),+0.039 (0.017),3/3,0.499 (0.000),Round 19 cache (chosen with evaluation labels)
round > 30,S1-fast,beta 1,required,Device only,none (device only),62.07 (0.45),-5.622 (1.054),0/3,0.000 (0.000),R20 recompute (Round 15/18/19 values reproduced)
round > 30,S1-fast,beta 1,required,Raw edge only,beta 1,65.49 (1.59),-2.202 (1.106),0/3,1.000 (0.000),R20 recompute (Round 15/18/19 values reproduced)
round > 30,S1-fast,beta 1,required,Confidence-based offloading,own threshold (0.8 nats),65.43 (1.59),-2.256 (1.109),0/3,0.903 (0.012),R20 recompute (Round 15/18/19 values reproduced)
round > 30,S1-fast,beta 1,required,Probability average [strongest main-table rule],beta 1,67.51 (1.05),-0.183 (0.554),1/3,1.000 (0.000),R20 recompute (Round 15/18/19 values reproduced)
round > 30,S1-fast,beta 1,required,Logit sum,beta 1,67.43 (0.96),-0.256 (0.417),1/3,1.000 (0.000),R20 recompute (Round 15/18/19 values reproduced)
round > 30,S1-fast,beta 1,required,No correction + adaptive w,beta 1,67.48 (1.25),-0.205 (0.752),1/3,1.000 (0.000),R20 recompute (Round 15/18/19 values reproduced)
round > 30,S1-fast,beta 1,required,Correction + w 0.5,beta 1,67.35 (0.51),-0.334 (0.099),0/3,1.000 (0.000),R20 recompute (Round 15/18/19 values reproduced)
round > 30,S1-fast,beta 1,required,Correction + w 0.2,beta 1,68.22 (0.76),+0.531 (0.168),3/3,1.000 (0.000),R20 recompute (Round 15/18/19 values reproduced)
round > 30,S1-fast,beta 1,required,Correction + w 0.45,beta 1,67.60 (0.56),-0.091 (0.050),0/3,1.000 (0.000),R20 recompute (Round 15/18/19 values reproduced)
round > 30,S1-fast,beta 1,required,Corrected edge only,beta 1,68.36 (0.89),+0.672 (0.320),3/3,1.000 (0.000),R20 recompute (Round 15/18/19 values reproduced)
round > 30,S1-fast,beta 1,required,Correction + product,beta 1,66.97 (0.38),-0.713 (0.243),0/3,1.000 (0.000),R20 recompute (Round 15/18/19 values reproduced)
round > 30,S1-fast,beta 1,required,DriftGate,beta 1,67.69 (0.61),,,1.000 (0.000),R20 recompute (Round 15/18/19 values reproduced)
round > 30,S1-fast,beta 1,appendix,Lower-entropy exit,beta 1,65.87 (1.52),-1.814 (1.096),0/3,1.000 (0.000),R20 recompute (Round 15/18/19 values reproduced)
round > 30,S1-fast,beta 1,appendix,Logit-entropy weighting,beta 1,65.88 (1.52),-1.813 (1.094),0/3,1.000 (0.000),R20 recompute (Round 15/18/19 values reproduced)
round > 30,S1-fast,beta 1,appendix,Geometric ensemble with early exit,same share as confidence-based,67.42 (0.97),-0.264 (0.419),1/3,NA,Round 15 cache
round > 30,S1-fast,beta 1,appendix,Label-shift EM,beta 1,65.38 (0.93),-2.305 (0.479),0/3,1.000 (0.000),R20 recompute (Round 15/18/19 values reproduced)
round > 30,S1-fast,beta 1,appendix,Learned weight,beta 1,67.09 (1.19),-0.599 (0.691),1/3,1.000 (0.000),R20 recompute (Round 15/18/19 values reproduced)
round > 30,S1-fast,beta 1,appendix,Correction + learned weight,beta 1,67.50 (0.60),-0.192 (0.031),0/3,1.000 (0.000),R20 recompute (Round 15/18/19 values reproduced)
round > 30,S1-fast,beta 1,post hoc reference,Correction + best fixed w on the evaluation seeds (w = 0.00),beta 1,68.36 (0.89),+0.672 (0.320),3/3,1.000 (0.000),Round 19 cache (chosen with evaluation labels)
round > 30,S1-fast,beta 0.5,required,Device only,none (device only),62.07 (0.45),-4.672 (0.779),0/3,0.000 (0.000),R20 recompute (Round 15/18/19 values reproduced)
round > 30,S1-fast,beta 0.5,required,Raw edge only,beta 0.5,65.39 (0.90),-1.344 (0.579),0/3,0.500 (0.000),R20 recompute (Round 15/18/19 values reproduced)
round > 30,S1-fast,beta 0.5,required,Probability average,beta 0.5,66.56 (0.64),-0.175 (0.306),1/3,0.500 (0.000),R20 recompute (Round 15/18/19 values reproduced)
round > 30,S1-fast,beta 0.5,required,Logit sum,beta 0.5,66.50 (0.56),-0.237 (0.205),0/3,0.500 (0.000),R20 recompute (Round 15/18/19 values reproduced)
round > 30,S1-fast,beta 0.5,required,No correction + adaptive w,beta 0.5,66.55 (0.71),-0.185 (0.375),1/3,0.500 (0.000),R20 recompute (Round 15/18/19 values reproduced)
round > 30,S1-fast,beta 0.5,required,Correction + w 0.5,beta 0.5,66.51 (0.31),-0.224 (0.053),0/3,0.500 (0.000),R20 recompute (Round 15/18/19 values reproduced)
round > 30,S1-fast,beta 0.5,required,Correction + w 0.2,beta 0.5,67.03 (0.45),+0.294 (0.086),3/3,0.500 (0.000),R20 recompute (Round 15/18/19 values reproduced)
round > 30,S1-fast,beta 0.5,required,Correction + w 0.45,beta 0.5,66.67 (0.34),-0.068 (0.023),0/3,0.500 (0.000),R20 recompute (Round 15/18/19 values reproduced)
round > 30,S1-fast,beta 0.5,required,Corrected edge only,beta 0.5,67.09 (0.52),+0.356 (0.155),3/3,0.500 (0.000),R20 recompute (Round 15/18/19 values reproduced)
round > 30,S1-fast,beta 0.5,required,Correction + product,beta 0.5,66.21 (0.20),-0.531 (0.161),0/3,0.500 (0.000),R20 recompute (Round 15/18/19 values reproduced)
round > 30,S1-fast,beta 0.5,required,DriftGate,beta 0.5,66.74 (0.36),,,0.500 (0.000),R20 recompute (Round 15/18/19 values reproduced)
round > 30,S1-fast,beta 0.5,appendix,Lower-entropy exit,beta 0.5,65.58 (0.85),-1.157 (0.552),0/3,0.500 (0.000),R20 recompute (Round 15/18/19 values reproduced)
round > 30,S1-fast,beta 0.5,post hoc reference,Correction + best fixed w on the evaluation seeds (w = 0.00),beta 0.5,67.09 (0.52),+0.356 (0.155),3/3,0.500 (0.000),Round 19 cache (chosen with evaluation labels)
first day,partial participation,beta 1,required,Device only,none (device only),61.75 (0.24),-3.065 (0.468),0/3,0.000 (0.000),R20 recompute (Round 15/18/19 values reproduced)
first day,partial participation,beta 1,required,Raw edge only,beta 1,56.44 (0.36),-8.375 (0.149),0/3,1.000 (0.000),R20 recompute (Round 15/18/19 values reproduced)
first day,partial participation,beta 1,required,Confidence-based offloading,own threshold (0.8 nats),56.45 (0.36),-8.372 (0.146),0/3,0.956 (0.011),R20 recompute (Round 15/18/19 values reproduced)
first day,partial participation,beta 1,required,Probability average,beta 1,62.64 (0.75),-2.179 (0.521),0/3,1.000 (0.000),R20 recompute (Round 15/18/19 values reproduced)
first day,partial participation,beta 1,required,Logit sum [strongest main-table rule],beta 1,62.94 (0.81),-1.879 (0.593),0/3,1.000 (0.000),R20 recompute (Round 15/18/19 values reproduced)
first day,partial participation,beta 1,required,No correction + adaptive w,beta 1,62.06 (0.88),-2.761 (0.603),0/3,1.000 (0.000),R20 recompute (Round 15/18/19 values reproduced)
first day,partial participation,beta 1,required,Correction + w 0.5,beta 1,64.85 (0.31),+0.026 (0.084),1/3,1.000 (0.000),R20 recompute (Round 15/18/19 values reproduced)
first day,partial participation,beta 1,required,Correction + w 0.2,beta 1,64.22 (0.49),-0.598 (0.127),0/3,1.000 (0.000),R20 recompute (Round 15/18/19 values reproduced)
first day,partial participation,beta 1,required,Correction + w 0.45,beta 1,64.80 (0.36),-0.023 (0.047),1/3,1.000 (0.000),R20 recompute (Round 15/18/19 values reproduced)
first day,partial participation,beta 1,required,Corrected edge only,beta 1,63.64 (0.56),-1.175 (0.212),0/3,1.000 (0.000),R20 recompute (Round 15/18/19 values reproduced)
first day,partial participation,beta 1,required,Correction + product,beta 1,64.83 (0.23),+0.006 (0.177),1/3,1.000 (0.000),R20 recompute (Round 15/18/19 values reproduced)
first day,partial participation,beta 1,required,DriftGate,beta 1,64.82 (0.40),,,1.000 (0.000),R20 recompute (Round 15/18/19 values reproduced)
first day,partial participation,beta 1,appendix,Lower-entropy exit,beta 1,58.10 (0.65),-6.717 (0.350),0/3,1.000 (0.000),R20 recompute (Round 15/18/19 values reproduced)
first day,partial participation,beta 1,appendix,Logit-entropy weighting,beta 1,58.10 (0.66),-6.721 (0.362),0/3,1.000 (0.000),R20 recompute (Round 15/18/19 values reproduced)
first day,partial participation,beta 1,appendix,Geometric ensemble with early exit,same share as confidence-based,62.94 (0.81),-1.880 (0.594),0/3,NA,Round 15 cache
first day,partial participation,beta 1,appendix,Label-shift EM,beta 1,60.45 (0.74),-4.367 (0.535),0/3,1.000 (0.000),R20 recompute (Round 15/18/19 values reproduced)
first day,partial participation,beta 1,appendix,Learned weight,beta 1,62.02 (0.92),-2.803 (0.667),0/3,1.000 (0.000),R20 recompute (Round 15/18/19 values reproduced)
first day,partial participation,beta 1,appendix,Correction + learned weight,beta 1,64.45 (0.40),-0.370 (0.074),0/3,1.000 (0.000),R20 recompute (Round 15/18/19 values reproduced)
first day,partial participation,beta 1,post hoc reference,Correction + best fixed w on the evaluation seeds (w = 0.55),beta 1,64.86 (0.26),+0.038 (0.133),1/3,1.000 (0.000),Round 19 cache (chosen with evaluation labels)
first day,partial participation,beta 0.5,required,Device only,none (device only),61.75 (0.24),-2.594 (0.308),0/3,0.000 (0.000),R20 recompute (Round 15/18/19 values reproduced)
first day,partial participation,beta 0.5,required,Raw edge only,beta 0.5,60.11 (0.26),-4.241 (0.121),0/3,0.499 (0.000),R20 recompute (Round 15/18/19 values reproduced)
first day,partial participation,beta 0.5,required,Probability average,beta 0.5,63.03 (0.37),-1.320 (0.223),0/3,0.499 (0.000),R20 recompute (Round 15/18/19 values reproduced)
first day,partial participation,beta 0.5,required,Logit sum,beta 0.5,63.23 (0.41),-1.114 (0.286),0/3,0.499 (0.000),R20 recompute (Round 15/18/19 values reproduced)
first day,partial participation,beta 0.5,required,No correction + adaptive w,beta 0.5,62.77 (0.41),-1.574 (0.229),0/3,0.499 (0.000),R20 recompute (Round 15/18/19 values reproduced)
first day,partial participation,beta 0.5,required,Correction + w 0.5,beta 0.5,64.33 (0.23),-0.019 (0.034),1/3,0.499 (0.000),R20 recompute (Round 15/18/19 values reproduced)
first day,partial participation,beta 0.5,required,Correction + w 0.2,beta 0.5,64.06 (0.33),-0.287 (0.079),0/3,0.499 (0.000),R20 recompute (Round 15/18/19 values reproduced)
first day,partial participation,beta 0.5,required,Correction + w 0.45,beta 0.5,64.31 (0.25),-0.033 (0.017),0/3,0.499 (0.000),R20 recompute (Round 15/18/19 values reproduced)
first day,partial participation,beta 0.5,required,Corrected edge only,beta 0.5,63.81 (0.39),-0.535 (0.129),0/3,0.499 (0.000),R20 recompute (Round 15/18/19 values reproduced)
first day,partial participation,beta 0.5,required,Correction + product,beta 0.5,64.29 (0.17),-0.060 (0.096),1/3,0.499 (0.000),R20 recompute (Round 15/18/19 values reproduced)
first day,partial participation,beta 0.5,required,DriftGate,beta 0.5,64.35 (0.27),,,0.499 (0.000),R20 recompute (Round 15/18/19 values reproduced)
first day,partial participation,beta 0.5,appendix,Lower-entropy exit,beta 0.5,60.69 (0.29),-3.653 (0.040),0/3,0.499 (0.000),R20 recompute (Round 15/18/19 values reproduced)
first day,partial participation,beta 0.5,post hoc reference,Correction + best fixed w on the evaluation seeds (w = 0.50),beta 0.5,64.33 (0.23),-0.019 (0.034),1/3,0.499 (0.000),Round 19 cache (chosen with evaluation labels)
round > 30,partial participation,beta 1,required,Device only,none (device only),60.37 (0.39),-3.543 (0.722),0/3,0.000 (0.000),R20 recompute (Round 15/18/19 values reproduced)
round > 30,partial participation,beta 1,required,Raw edge only,beta 1,58.41 (1.44),-5.495 (1.083),0/3,1.000 (0.000),R20 recompute (Round 15/18/19 values reproduced)
round > 30,partial participation,beta 1,required,Confidence-based offloading,own threshold (0.8 nats),58.42 (1.44),-5.493 (1.077),0/3,0.947 (0.012),R20 recompute (Round 15/18/19 values reproduced)
round > 30,partial participation,beta 1,required,Probability average,beta 1,62.78 (0.99),-1.124 (0.630),0/3,1.000 (0.000),R20 recompute (Round 15/18/19 values reproduced)
round > 30,partial participation,beta 1,required,Logit sum [strongest main-table rule],beta 1,62.98 (0.98),-0.929 (0.630),0/3,1.000 (0.000),R20 recompute (Round 15/18/19 values reproduced)
round > 30,partial participation,beta 1,required,No correction + adaptive w,beta 1,62.28 (1.18),-1.627 (0.818),0/3,1.000 (0.000),R20 recompute (Round 15/18/19 values reproduced)
round > 30,partial participation,beta 1,required,Correction + w 0.5,beta 1,63.85 (0.26),-0.060 (0.103),1/3,1.000 (0.000),R20 recompute (Round 15/18/19 values reproduced)
round > 30,partial participation,beta 1,required,Correction + w 0.2,beta 1,63.89 (0.61),-0.018 (0.256),2/3,1.000 (0.000),R20 recompute (Round 15/18/19 values reproduced)
round > 30,partial participation,beta 1,required,Correction + w 0.45,beta 1,63.91 (0.32),+0.005 (0.038),1/3,1.000 (0.000),R20 recompute (Round 15/18/19 values reproduced)
round > 30,partial participation,beta 1,required,Corrected edge only,beta 1,63.68 (0.78),-0.228 (0.434),1/3,1.000 (0.000),R20 recompute (Round 15/18/19 values reproduced)
round > 30,partial participation,beta 1,required,Correction + product,beta 1,63.69 (0.14),-0.217 (0.254),1/3,1.000 (0.000),R20 recompute (Round 15/18/19 values reproduced)
round > 30,partial participation,beta 1,required,DriftGate,beta 1,63.91 (0.36),,,1.000 (0.000),R20 recompute (Round 15/18/19 values reproduced)
round > 30,partial participation,beta 1,appendix,Lower-entropy exit,beta 1,59.31 (1.23),-4.599 (0.868),0/3,1.000 (0.000),R20 recompute (Round 15/18/19 values reproduced)
round > 30,partial participation,beta 1,appendix,Logit-entropy weighting,beta 1,59.31 (1.23),-4.596 (0.871),0/3,1.000 (0.000),R20 recompute (Round 15/18/19 values reproduced)
round > 30,partial participation,beta 1,appendix,Geometric ensemble with early exit,same share as confidence-based,62.98 (0.98),-0.930 (0.630),0/3,NA,Round 15 cache
round > 30,partial participation,beta 1,appendix,Label-shift EM,beta 1,61.25 (0.96),-2.663 (0.599),0/3,1.000 (0.000),R20 recompute (Round 15/18/19 values reproduced)
round > 30,partial participation,beta 1,appendix,Learned weight,beta 1,62.00 (1.16),-1.913 (0.808),0/3,1.000 (0.000),R20 recompute (Round 15/18/19 values reproduced)
round > 30,partial participation,beta 1,appendix,Correction + learned weight,beta 1,63.59 (0.43),-0.314 (0.071),0/3,1.000 (0.000),R20 recompute (Round 15/18/19 values reproduced)
round > 30,partial participation,beta 1,post hoc reference,Correction + best fixed w on the evaluation seeds (w = 0.35),beta 1,63.95 (0.45),+0.047 (0.093),2/3,1.000 (0.000),Round 19 cache (chosen with evaluation labels)
round > 30,partial participation,beta 0.5,required,Device only,none (device only),60.37 (0.39),-3.065 (0.446),0/3,0.000 (0.000),R20 recompute (Round 15/18/19 values reproduced)
round > 30,partial participation,beta 0.5,required,Raw edge only,beta 0.5,60.58 (0.69),-2.852 (0.552),0/3,0.499 (0.000),R20 recompute (Round 15/18/19 values reproduced)
round > 30,partial participation,beta 0.5,required,Probability average,beta 0.5,62.70 (0.45),-0.727 (0.343),0/3,0.499 (0.000),R20 recompute (Round 15/18/19 values reproduced)
round > 30,partial participation,beta 0.5,required,Logit sum,beta 0.5,62.83 (0.44),-0.603 (0.347),0/3,0.499 (0.000),R20 recompute (Round 15/18/19 values reproduced)
round > 30,partial participation,beta 0.5,required,No correction + adaptive w,beta 0.5,62.49 (0.52),-0.937 (0.405),0/3,0.499 (0.000),R20 recompute (Round 15/18/19 values reproduced)
round > 30,partial participation,beta 0.5,required,Correction + w 0.5,beta 0.5,63.36 (0.11),-0.069 (0.042),0/3,0.499 (0.000),R20 recompute (Round 15/18/19 values reproduced)
round > 30,partial participation,beta 0.5,required,Correction + w 0.2,beta 0.5,63.43 (0.29),-0.004 (0.144),2/3,0.499 (0.000),R20 recompute (Round 15/18/19 values reproduced)
round > 30,partial participation,beta 0.5,required,Correction + w 0.45,beta 0.5,63.41 (0.14),-0.019 (0.007),0/3,0.499 (0.000),R20 recompute (Round 15/18/19 values reproduced)
round > 30,partial participation,beta 0.5,required,Corrected edge only,beta 0.5,63.32 (0.38),-0.107 (0.241),1/3,0.499 (0.000),R20 recompute (Round 15/18/19 values reproduced)
round > 30,partial participation,beta 0.5,required,Correction + product,beta 0.5,63.22 (0.05),-0.206 (0.154),0/3,0.499 (0.000),R20 recompute (Round 15/18/19 values reproduced)
round > 30,partial participation,beta 0.5,required,DriftGate,beta 0.5,63.43 (0.15),,,0.499 (0.000),R20 recompute (Round 15/18/19 values reproduced)
round > 30,partial participation,beta 0.5,appendix,Lower-entropy exit,beta 0.5,60.95 (0.58),-2.482 (0.447),0/3,0.499 (0.000),R20 recompute (Round 15/18/19 values reproduced)
round > 30,partial participation,beta 0.5,post hoc reference,Correction + best fixed w on the evaluation seeds (w = 0.30),beta 0.5,63.45 (0.23),+0.021 (0.090),2/3,0.499 (0.000),Round 19 cache (chosen with evaluation labels)
first day,stepwise change,beta 1,required,Device only,none (device only),68.93 (1.45),-3.429 (0.911),0/5,0.000 (0.000),R20 recompute (Round 15/18/19 values reproduced)
first day,stepwise change,beta 1,required,Raw edge only,beta 1,65.20 (2.09),-7.152 (0.773),0/5,1.000 (0.000),R20 recompute (Round 15/18/19 values reproduced)
first day,stepwise change,beta 1,required,Confidence-based offloading,own threshold (0.8 nats),65.17 (2.09),-7.183 (0.771),0/5,0.905 (0.015),R20 recompute (Round 15/18/19 values reproduced)
first day,stepwise change,beta 1,required,Probability average [strongest main-table rule],beta 1,71.44 (2.32),-0.920 (0.256),0/5,1.000 (0.000),R20 recompute (Round 15/18/19 values reproduced)
first day,stepwise change,beta 1,required,Logit sum,beta 1,71.39 (2.37),-0.970 (0.316),0/5,1.000 (0.000),R20 recompute (Round 15/18/19 values reproduced)
first day,stepwise change,beta 1,required,No correction + adaptive w,beta 1,71.25 (2.40),-1.104 (0.296),0/5,1.000 (0.000),R20 recompute (Round 15/18/19 values reproduced)
first day,stepwise change,beta 1,required,Correction + w 0.5,beta 1,72.21 (2.11),-0.142 (0.093),0/5,1.000 (0.000),R20 recompute (Round 15/18/19 values reproduced)
first day,stepwise change,beta 1,required,Correction + w 0.2,beta 1,71.78 (2.41),-0.577 (0.264),0/5,1.000 (0.000),R20 recompute (Round 15/18/19 values reproduced)
first day,stepwise change,beta 1,required,Correction + w 0.45,beta 1,72.22 (2.18),-0.137 (0.032),0/5,1.000 (0.000),R20 recompute (Round 15/18/19 values reproduced)
first day,stepwise change,beta 1,required,Corrected edge only,beta 1,71.24 (2.38),-1.118 (0.299),0/5,1.000 (0.000),R20 recompute (Round 15/18/19 values reproduced)
first day,stepwise change,beta 1,required,Correction + product,beta 1,72.08 (2.08),-0.274 (0.179),0/5,1.000 (0.000),R20 recompute (Round 15/18/19 values reproduced)
first day,stepwise change,beta 1,required,DriftGate,beta 1,72.36 (2.20),,,1.000 (0.000),R20 recompute (Round 15/18/19 values reproduced)
first day,stepwise change,beta 1,appendix,Lower-entropy exit,beta 1,68.42 (2.21),-3.938 (0.185),0/5,1.000 (0.000),R20 recompute (Round 15/18/19 values reproduced)
first day,stepwise change,beta 1,appendix,Logit-entropy weighting,beta 1,68.42 (2.21),-3.935 (0.182),0/5,1.000 (0.000),R20 recompute (Round 15/18/19 values reproduced)
first day,stepwise change,beta 1,appendix,Geometric ensemble with early exit,same share as confidence-based,71.38 (2.37),-0.973 (0.314),0/5,NA,Round 15 cache
first day,stepwise change,beta 1,appendix,Label-shift EM,beta 1,67.59 (1.87),-4.762 (0.728),0/5,1.000 (0.000),R20 recompute (Round 15/18/19 values reproduced)
first day,stepwise change,beta 1,appendix,Learned weight,beta 1,70.69 (2.37),-1.663 (0.246),0/5,1.000 (0.000),R20 recompute (Round 15/18/19 values reproduced)
first day,stepwise change,beta 1,appendix,Correction + learned weight,beta 1,71.68 (2.38),-0.680 (0.229),0/5,1.000 (0.000),R20 recompute (Round 15/18/19 values reproduced)
first day,stepwise change,beta 1,post hoc reference,Correction + best fixed w on the evaluation seeds (w = 0.45),beta 1,72.22 (2.18),-0.137 (0.032),0/5,1.000 (0.000),Round 19 cache (chosen with evaluation labels)
first day,stepwise change,beta 0.5,required,Device only,none (device only),68.93 (1.45),-3.066 (0.654),0/5,0.000 (0.000),R20 recompute (Round 15/18/19 values reproduced)
first day,stepwise change,beta 0.5,required,Raw edge only,beta 0.5,68.13 (1.96),-3.867 (0.483),0/5,0.498 (0.000),R20 recompute (Round 15/18/19 values reproduced)
first day,stepwise change,beta 0.5,required,Probability average,beta 0.5,71.30 (2.06),-0.692 (0.138),0/5,0.498 (0.000),R20 recompute (Round 15/18/19 values reproduced)
first day,stepwise change,beta 0.5,required,Logit sum,beta 0.5,71.28 (2.09),-0.712 (0.201),0/5,0.498 (0.000),R20 recompute (Round 15/18/19 values reproduced)
first day,stepwise change,beta 0.5,required,No correction + adaptive w,beta 0.5,71.22 (2.09),-0.775 (0.147),0/5,0.498 (0.000),R20 recompute (Round 15/18/19 values reproduced)
first day,stepwise change,beta 0.5,required,Correction + w 0.5,beta 0.5,71.88 (1.93),-0.109 (0.062),0/5,0.498 (0.000),R20 recompute (Round 15/18/19 values reproduced)
first day,stepwise change,beta 0.5,required,Correction + w 0.2,beta 0.5,71.76 (2.09),-0.230 (0.164),0/5,0.498 (0.000),R20 recompute (Round 15/18/19 values reproduced)
first day,stepwise change,beta 0.5,required,Correction + w 0.45,beta 0.5,71.90 (1.97),-0.090 (0.018),0/5,0.498 (0.000),R20 recompute (Round 15/18/19 values reproduced)
first day,stepwise change,beta 0.5,required,Corrected edge only,beta 0.5,71.57 (2.10),-0.429 (0.209),0/5,0.498 (0.000),R20 recompute (Round 15/18/19 values reproduced)
first day,stepwise change,beta 0.5,required,Correction + product,beta 0.5,71.75 (1.90),-0.243 (0.154),0/5,0.498 (0.000),R20 recompute (Round 15/18/19 values reproduced)
first day,stepwise change,beta 0.5,required,DriftGate,beta 0.5,71.99 (1.97),,,0.498 (0.000),R20 recompute (Round 15/18/19 values reproduced)
first day,stepwise change,beta 0.5,appendix,Lower-entropy exit,beta 0.5,69.47 (2.00),-2.520 (0.105),0/5,0.498 (0.000),R20 recompute (Round 15/18/19 values reproduced)
first day,stepwise change,beta 0.5,post hoc reference,Correction + best fixed w on the evaluation seeds (w = 0.45),beta 0.5,71.90 (1.97),-0.090 (0.018),0/5,0.498 (0.000),Round 19 cache (chosen with evaluation labels)
round > 30,stepwise change,beta 1,required,Device only,none (device only),64.17 (1.29),-4.901 (0.952),0/5,0.000 (0.000),R20 recompute (Round 15/18/19 values reproduced)
round > 30,stepwise change,beta 1,required,Raw edge only,beta 1,67.90 (2.24),-1.168 (0.442),0/5,1.000 (0.000),R20 recompute (Round 15/18/19 values reproduced)
round > 30,stepwise change,beta 1,required,Confidence-based offloading,own threshold (0.8 nats),67.86 (2.24),-1.209 (0.447),0/5,0.886 (0.017),R20 recompute (Round 15/18/19 values reproduced)
round > 30,stepwise change,beta 1,required,Probability average [strongest main-table rule],beta 1,69.09 (2.23),+0.021 (0.215),2/5,1.000 (0.000),R20 recompute (Round 15/18/19 values reproduced)
round > 30,stepwise change,beta 1,required,Logit sum,beta 1,69.01 (2.26),-0.065 (0.258),2/5,1.000 (0.000),R20 recompute (Round 15/18/19 values reproduced)
round > 30,stepwise change,beta 1,required,No correction + adaptive w,beta 1,69.13 (2.34),+0.058 (0.331),3/5,1.000 (0.000),R20 recompute (Round 15/18/19 values reproduced)
round > 30,stepwise change,beta 1,required,Correction + w 0.5,beta 1,68.81 (1.93),-0.257 (0.115),0/5,1.000 (0.000),R20 recompute (Round 15/18/19 values reproduced)
round > 30,stepwise change,beta 1,required,Correction + w 0.2,beta 1,69.47 (2.20),+0.404 (0.231),5/5,1.000 (0.000),R20 recompute (Round 15/18/19 values reproduced)
round > 30,stepwise change,beta 1,required,Correction + w 0.45,beta 1,69.01 (1.99),-0.066 (0.045),0/5,1.000 (0.000),R20 recompute (Round 15/18/19 values reproduced)
round > 30,stepwise change,beta 1,required,Corrected edge only,beta 1,69.55 (2.29),+0.479 (0.360),4/5,1.000 (0.000),R20 recompute (Round 15/18/19 values reproduced)
round > 30,stepwise change,beta 1,required,Correction + product,beta 1,68.52 (1.89),-0.555 (0.230),0/5,1.000 (0.000),R20 recompute (Round 15/18/19 values reproduced)
round > 30,stepwise change,beta 1,required,DriftGate,beta 1,69.07 (2.04),,,1.000 (0.000),R20 recompute (Round 15/18/19 values reproduced)
round > 30,stepwise change,beta 1,appendix,Lower-entropy exit,beta 1,68.13 (2.19),-0.943 (0.378),0/5,1.000 (0.000),R20 recompute (Round 15/18/19 values reproduced)
round > 30,stepwise change,beta 1,appendix,Logit-entropy weighting,beta 1,68.13 (2.19),-0.939 (0.377),0/5,1.000 (0.000),R20 recompute (Round 15/18/19 values reproduced)
round > 30,stepwise change,beta 1,appendix,Geometric ensemble with early exit,same share as confidence-based,69.00 (2.26),-0.069 (0.255),2/5,NA,Round 15 cache
round > 30,stepwise change,beta 1,appendix,Label-shift EM,beta 1,66.50 (1.92),-2.568 (0.474),0/5,1.000 (0.000),R20 recompute (Round 15/18/19 values reproduced)
round > 30,stepwise change,beta 1,appendix,Learned weight,beta 1,68.60 (2.43),-0.470 (0.421),0/5,1.000 (0.000),R20 recompute (Round 15/18/19 values reproduced)
round > 30,stepwise change,beta 1,appendix,Correction + learned weight,beta 1,68.74 (2.23),-0.327 (0.227),0/5,1.000 (0.000),R20 recompute (Round 15/18/19 values reproduced)
round > 30,stepwise change,beta 1,post hoc reference,Correction + best fixed w on the evaluation seeds (w = 0.00),beta 1,69.55 (2.29),+0.479 (0.360),4/5,1.000 (0.000),Round 19 cache (chosen with evaluation labels)
round > 30,stepwise change,beta 0.5,required,Device only,none (device only),64.17 (1.29),-4.151 (0.646),0/5,0.000 (0.000),R20 recompute (Round 15/18/19 values reproduced)
round > 30,stepwise change,beta 0.5,required,Raw edge only,beta 0.5,67.59 (1.94),-0.733 (0.310),0/5,0.499 (0.000),R20 recompute (Round 15/18/19 values reproduced)
round > 30,stepwise change,beta 0.5,required,Probability average,beta 0.5,68.35 (1.92),+0.032 (0.150),3/5,0.499 (0.000),R20 recompute (Round 15/18/19 values reproduced)
round > 30,stepwise change,beta 0.5,required,Logit sum,beta 0.5,68.28 (1.93),-0.046 (0.173),2/5,0.499 (0.000),R20 recompute (Round 15/18/19 values reproduced)
round > 30,stepwise change,beta 0.5,required,No correction + adaptive w,beta 0.5,68.38 (1.96),+0.056 (0.215),3/5,0.499 (0.000),R20 recompute (Round 15/18/19 values reproduced)
round > 30,stepwise change,beta 0.5,required,Correction + w 0.5,beta 0.5,68.14 (1.73),-0.177 (0.076),0/5,0.499 (0.000),R20 recompute (Round 15/18/19 values reproduced)
round > 30,stepwise change,beta 0.5,required,Correction + w 0.2,beta 0.5,68.55 (1.91),+0.229 (0.189),4/5,0.499 (0.000),R20 recompute (Round 15/18/19 values reproduced)
round > 30,stepwise change,beta 0.5,required,Correction + w 0.45,beta 0.5,68.27 (1.77),-0.050 (0.023),0/5,0.499 (0.000),R20 recompute (Round 15/18/19 values reproduced)
round > 30,stepwise change,beta 0.5,required,Corrected edge only,beta 0.5,68.58 (1.97),+0.258 (0.285),4/5,0.499 (0.000),R20 recompute (Round 15/18/19 values reproduced)
round > 30,stepwise change,beta 0.5,required,Correction + product,beta 0.5,67.90 (1.69),-0.425 (0.195),0/5,0.499 (0.000),R20 recompute (Round 15/18/19 values reproduced)
round > 30,stepwise change,beta 0.5,required,DriftGate,beta 0.5,68.32 (1.78),,,0.499 (0.000),R20 recompute (Round 15/18/19 values reproduced)
round > 30,stepwise change,beta 0.5,appendix,Lower-entropy exit,beta 0.5,67.71 (1.91),-0.607 (0.287),0/5,0.499 (0.000),R20 recompute (Round 15/18/19 values reproduced)
round > 30,stepwise change,beta 0.5,post hoc reference,Correction + best fixed w on the evaluation seeds (w = 0.00),beta 0.5,68.58 (1.97),+0.258 (0.285),4/5,0.499 (0.000),Round 19 cache (chosen with evaluation labels)
first day,random mobility,beta 1,required,Device only,none (device only),67.71 (0.54),-3.387 (0.444),0/3,0.000 (0.000),R20 recompute (Round 15/18/19 values reproduced)
first day,random mobility,beta 1,required,Raw edge only,beta 1,58.61 (0.42),-12.483 (1.074),0/3,1.000 (0.000),R20 recompute (Round 15/18/19 values reproduced)
first day,random mobility,beta 1,required,Confidence-based offloading,own threshold (0.8 nats),58.56 (0.43),-12.530 (1.082),0/3,0.946 (0.003),R20 recompute (Round 15/18/19 values reproduced)
first day,random mobility,beta 1,required,Probability average [strongest main-table rule],beta 1,69.58 (0.45),-1.517 (0.534),0/3,1.000 (0.000),R20 recompute (Round 15/18/19 values reproduced)
first day,random mobility,beta 1,required,Logit sum,beta 1,69.23 (0.55),-1.866 (0.396),0/3,1.000 (0.000),R20 recompute (Round 15/18/19 values reproduced)
first day,random mobility,beta 1,required,No correction + adaptive w,beta 1,69.33 (0.42),-1.768 (0.511),0/3,1.000 (0.000),R20 recompute (Round 15/18/19 values reproduced)
first day,random mobility,beta 1,required,Correction + w 0.5,beta 1,70.96 (0.82),-0.138 (0.056),0/3,1.000 (0.000),R20 recompute (Round 15/18/19 values reproduced)
first day,random mobility,beta 1,required,Correction + w 0.2,beta 1,70.51 (0.80),-0.582 (0.060),0/3,1.000 (0.000),R20 recompute (Round 15/18/19 values reproduced)
first day,random mobility,beta 1,required,Correction + w 0.45,beta 1,70.98 (0.82),-0.119 (0.050),0/3,1.000 (0.000),R20 recompute (Round 15/18/19 values reproduced)
first day,random mobility,beta 1,required,Corrected edge only,beta 1,69.89 (0.81),-1.207 (0.181),0/3,1.000 (0.000),R20 recompute (Round 15/18/19 values reproduced)
first day,random mobility,beta 1,required,Correction + product,beta 1,70.78 (0.78),-0.310 (0.091),0/3,1.000 (0.000),R20 recompute (Round 15/18/19 values reproduced)
first day,random mobility,beta 1,required,DriftGate,beta 1,71.09 (0.86),,,1.000 (0.000),R20 recompute (Round 15/18/19 values reproduced)
first day,random mobility,beta 1,appendix,Lower-entropy exit,beta 1,64.22 (0.35),-6.876 (0.648),0/3,1.000 (0.000),R20 recompute (Round 15/18/19 values reproduced)
first day,random mobility,beta 1,appendix,Logit-entropy weighting,beta 1,64.22 (0.35),-6.876 (0.648),0/3,1.000 (0.000),R20 recompute (Round 15/18/19 values reproduced)
first day,random mobility,beta 1,appendix,Geometric ensemble with early exit,same share as confidence-based,69.22 (0.55),-1.870 (0.394),0/3,NA,Round 15 cache
first day,random mobility,beta 1,appendix,Label-shift EM,beta 1,65.42 (0.52),-5.671 (0.552),0/3,1.000 (0.000),R20 recompute (Round 15/18/19 values reproduced)
first day,random mobility,beta 1,appendix,Learned weight,beta 1,68.55 (0.35),-2.543 (0.512),0/3,1.000 (0.000),R20 recompute (Round 15/18/19 values reproduced)
first day,random mobility,beta 1,appendix,Correction + learned weight,beta 1,70.64 (0.82),-0.454 (0.134),0/3,1.000 (0.000),R20 recompute (Round 15/18/19 values reproduced)
first day,random mobility,beta 1,post hoc reference,Correction + best fixed w on the evaluation seeds (w = 0.45),beta 1,70.98 (0.82),-0.119 (0.050),0/3,1.000 (0.000),Round 19 cache (chosen with evaluation labels)
first day,random mobility,beta 0.5,required,Device only,none (device only),67.71 (0.54),-2.976 (0.195),0/3,0.000 (0.000),R20 recompute (Round 15/18/19 values reproduced)
first day,random mobility,beta 0.5,required,Raw edge only,beta 0.5,63.89 (0.19),-6.792 (0.653),0/3,0.498 (0.000),R20 recompute (Round 15/18/19 values reproduced)
first day,random mobility,beta 0.5,required,Probability average,beta 0.5,69.62 (0.41),-1.062 (0.319),0/3,0.498 (0.000),R20 recompute (Round 15/18/19 values reproduced)
first day,random mobility,beta 0.5,required,Logit sum,beta 0.5,69.43 (0.42),-1.252 (0.341),0/3,0.498 (0.000),R20 recompute (Round 15/18/19 values reproduced)
first day,random mobility,beta 0.5,required,No correction + adaptive w,beta 0.5,69.56 (0.40),-1.125 (0.310),0/3,0.498 (0.000),R20 recompute (Round 15/18/19 values reproduced)
first day,random mobility,beta 0.5,required,Correction + w 0.5,beta 0.5,70.56 (0.69),-0.119 (0.019),0/3,0.498 (0.000),R20 recompute (Round 15/18/19 values reproduced)
first day,random mobility,beta 0.5,required,Correction + w 0.2,beta 0.5,70.45 (0.65),-0.233 (0.090),0/3,0.498 (0.000),R20 recompute (Round 15/18/19 values reproduced)
first day,random mobility,beta 0.5,required,Correction + w 0.45,beta 0.5,70.59 (0.69),-0.091 (0.025),0/3,0.498 (0.000),R20 recompute (Round 15/18/19 values reproduced)
first day,random mobility,beta 0.5,required,Corrected edge only,beta 0.5,70.23 (0.65),-0.456 (0.149),0/3,0.498 (0.000),R20 recompute (Round 15/18/19 values reproduced)
first day,random mobility,beta 0.5,required,Correction + product,beta 0.5,70.40 (0.64),-0.279 (0.082),0/3,0.498 (0.000),R20 recompute (Round 15/18/19 values reproduced)
first day,random mobility,beta 0.5,required,DriftGate,beta 0.5,70.68 (0.71),,,0.498 (0.000),R20 recompute (Round 15/18/19 values reproduced)
first day,random mobility,beta 0.5,appendix,Lower-entropy exit,beta 0.5,66.49 (0.40),-4.189 (0.308),0/3,0.498 (0.000),R20 recompute (Round 15/18/19 values reproduced)
first day,random mobility,beta 0.5,post hoc reference,Correction + best fixed w on the evaluation seeds (w = 0.45),beta 0.5,70.59 (0.69),-0.091 (0.025),0/3,0.498 (0.000),Round 19 cache (chosen with evaluation labels)
round > 30,random mobility,beta 1,required,Device only,none (device only),60.50 (0.64),-4.896 (0.680),0/3,0.000 (0.000),R20 recompute (Round 15/18/19 values reproduced)
round > 30,random mobility,beta 1,required,Raw edge only,beta 1,61.77 (1.31),-3.626 (0.952),0/3,1.000 (0.000),R20 recompute (Round 15/18/19 values reproduced)
round > 30,random mobility,beta 1,required,Confidence-based offloading,own threshold (0.8 nats),61.70 (1.32),-3.695 (0.970),0/3,0.934 (0.004),R20 recompute (Round 15/18/19 values reproduced)
round > 30,random mobility,beta 1,required,Probability average [strongest main-table rule],beta 1,65.29 (0.56),-0.110 (0.336),1/3,1.000 (0.000),R20 recompute (Round 15/18/19 values reproduced)
round > 30,random mobility,beta 1,required,Logit sum,beta 1,65.06 (0.59),-0.334 (0.339),1/3,1.000 (0.000),R20 recompute (Round 15/18/19 values reproduced)
round > 30,random mobility,beta 1,required,No correction + adaptive w,beta 1,65.28 (0.56),-0.115 (0.332),1/3,1.000 (0.000),R20 recompute (Round 15/18/19 values reproduced)
round > 30,random mobility,beta 1,required,Correction + w 0.5,beta 1,65.15 (0.84),-0.253 (0.085),0/3,1.000 (0.000),R20 recompute (Round 15/18/19 values reproduced)
round > 30,random mobility,beta 1,required,Correction + w 0.2,beta 1,65.93 (0.82),+0.530 (0.071),3/3,1.000 (0.000),R20 recompute (Round 15/18/19 values reproduced)
round > 30,random mobility,beta 1,required,Correction + w 0.45,beta 1,65.37 (0.84),-0.031 (0.059),2/3,1.000 (0.000),R20 recompute (Round 15/18/19 values reproduced)
round > 30,random mobility,beta 1,required,Corrected edge only,beta 1,66.05 (0.80),+0.648 (0.128),3/3,1.000 (0.000),R20 recompute (Round 15/18/19 values reproduced)
round > 30,random mobility,beta 1,required,Correction + product,beta 1,64.78 (0.76),-0.615 (0.133),0/3,1.000 (0.000),R20 recompute (Round 15/18/19 values reproduced)
round > 30,random mobility,beta 1,required,DriftGate,beta 1,65.40 (0.89),,,1.000 (0.000),R20 recompute (Round 15/18/19 values reproduced)
round > 30,random mobility,beta 1,appendix,Lower-entropy exit,beta 1,62.85 (0.67),-2.545 (0.648),0/3,1.000 (0.000),R20 recompute (Round 15/18/19 values reproduced)
round > 30,random mobility,beta 1,appendix,Logit-entropy weighting,beta 1,62.85 (0.67),-2.545 (0.648),0/3,1.000 (0.000),R20 recompute (Round 15/18/19 values reproduced)
round > 30,random mobility,beta 1,appendix,Geometric ensemble with early exit,same share as confidence-based,65.06 (0.59),-0.340 (0.337),1/3,NA,Round 15 cache
round > 30,random mobility,beta 1,appendix,Label-shift EM,beta 1,63.00 (1.08),-2.397 (0.391),0/3,1.000 (0.000),R20 recompute (Round 15/18/19 values reproduced)
round > 30,random mobility,beta 1,appendix,Learned weight,beta 1,64.89 (0.52),-0.509 (0.431),0/3,1.000 (0.000),R20 recompute (Round 15/18/19 values reproduced)
round > 30,random mobility,beta 1,appendix,Correction + learned weight,beta 1,65.41 (0.77),+0.010 (0.156),1/3,1.000 (0.000),R20 recompute (Round 15/18/19 values reproduced)
round > 30,random mobility,beta 1,post hoc reference,Correction + best fixed w on the evaluation seeds (w = 0.00),beta 1,66.05 (0.80),+0.648 (0.128),3/3,1.000 (0.000),Round 19 cache (chosen with evaluation labels)
round > 30,random mobility,beta 0.5,required,Device only,none (device only),60.50 (0.64),-4.025 (0.294),0/3,0.000 (0.000),R20 recompute (Round 15/18/19 values reproduced)
round > 30,random mobility,beta 0.5,required,Raw edge only,beta 0.5,62.26 (0.77),-2.265 (0.371),0/3,0.499 (0.000),R20 recompute (Round 15/18/19 values reproduced)
round > 30,random mobility,beta 0.5,required,Probability average,beta 0.5,64.45 (0.48),-0.080 (0.231),1/3,0.499 (0.000),R20 recompute (Round 15/18/19 values reproduced)
round > 30,random mobility,beta 0.5,required,Logit sum,beta 0.5,64.28 (0.41),-0.243 (0.295),1/3,0.499 (0.000),R20 recompute (Round 15/18/19 values reproduced)
round > 30,random mobility,beta 0.5,required,No correction + adaptive w,beta 0.5,64.50 (0.48),-0.028 (0.238),1/3,0.499 (0.000),R20 recompute (Round 15/18/19 values reproduced)
round > 30,random mobility,beta 0.5,required,Correction + w 0.5,beta 0.5,64.34 (0.68),-0.189 (0.027),0/3,0.499 (0.000),R20 recompute (Round 15/18/19 values reproduced)
round > 30,random mobility,beta 0.5,required,Correction + w 0.2,beta 0.5,64.81 (0.62),+0.285 (0.097),3/3,0.499 (0.000),R20 recompute (Round 15/18/19 values reproduced)
round > 30,random mobility,beta 0.5,required,Correction + w 0.45,beta 0.5,64.48 (0.67),-0.046 (0.033),0/3,0.499 (0.000),R20 recompute (Round 15/18/19 values reproduced)
round > 30,random mobility,beta 0.5,required,Corrected edge only,beta 0.5,64.85 (0.62),+0.325 (0.136),3/3,0.499 (0.000),R20 recompute (Round 15/18/19 values reproduced)
round > 30,random mobility,beta 0.5,required,Correction + product,beta 0.5,64.04 (0.60),-0.485 (0.101),0/3,0.499 (0.000),R20 recompute (Round 15/18/19 values reproduced)
round > 30,random mobility,beta 0.5,required,DriftGate,beta 0.5,64.53 (0.70),,,0.499 (0.000),R20 recompute (Round 15/18/19 values reproduced)
round > 30,random mobility,beta 0.5,appendix,Lower-entropy exit,beta 0.5,62.92 (0.61),-1.609 (0.326),0/3,0.499 (0.000),R20 recompute (Round 15/18/19 values reproduced)
round > 30,random mobility,beta 0.5,post hoc reference,Correction + best fixed w on the evaluation seeds (w = 0.00),beta 0.5,64.85 (0.62),+0.325 (0.136),3/3,0.499 (0.000),Round 19 cache (chosen with evaluation labels)
first day,CIFAR-100,beta 1,required,Device only,none (device only),33.93 (0.67),-7.360 (0.221),0/3,0.000 (0.000),R20 recompute (Round 15/18/19 values reproduced)
first day,CIFAR-100,beta 1,required,Raw edge only,beta 1,35.84 (1.03),-5.447 (0.670),0/3,1.000 (0.000),R20 recompute (Round 15/18/19 values reproduced)
first day,CIFAR-100,beta 1,required,Confidence-based offloading,own threshold (0.8 nats),35.84 (1.03),-5.446 (0.670),0/3,0.995 (0.001),R20 recompute (Round 15/18/19 values reproduced)
first day,CIFAR-100,beta 1,required,Probability average,beta 1,38.15 (0.92),-3.138 (0.491),0/3,1.000 (0.000),R20 recompute (Round 15/18/19 values reproduced)
first day,CIFAR-100,beta 1,required,Logit sum,beta 1,39.83 (0.87),-1.456 (0.373),0/3,1.000 (0.000),R20 recompute (Round 15/18/19 values reproduced)
first day,CIFAR-100,beta 1,required,No correction + adaptive w,beta 1,37.50 (0.95),-3.786 (0.525),0/3,1.000 (0.000),R20 recompute (Round 15/18/19 values reproduced)
first day,CIFAR-100,beta 1,required,Correction + w 0.5,beta 1,41.45 (0.60),+0.164 (0.026),3/3,1.000 (0.000),R20 recompute (Round 15/18/19 values reproduced)
first day,CIFAR-100,beta 1,required,Correction + w 0.2,beta 1,40.95 (0.64),-0.339 (0.019),0/3,1.000 (0.000),R20 recompute (Round 15/18/19 values reproduced)
first day,CIFAR-100,beta 1,required,Correction + w 0.45,beta 1,41.36 (0.61),+0.075 (0.017),3/3,1.000 (0.000),R20 recompute (Round 15/18/19 values reproduced)
first day,CIFAR-100,beta 1,required,Corrected edge only,beta 1,40.69 (0.66),-0.594 (0.033),0/3,1.000 (0.000),R20 recompute (Round 15/18/19 values reproduced)
first day,CIFAR-100,beta 1,required,Correction + product,beta 1,41.73 (0.59),+0.445 (0.076),3/3,1.000 (0.000),R20 recompute (Round 15/18/19 values reproduced)
first day,CIFAR-100,beta 1,required,DriftGate,beta 1,41.29 (0.62),,,1.000 (0.000),R20 recompute (Round 15/18/19 values reproduced)
first day,CIFAR-100,beta 1,appendix,Lower-entropy exit,beta 1,35.89 (1.02),-5.397 (0.653),0/3,1.000 (0.000),R20 recompute (Round 15/18/19 values reproduced)
first day,CIFAR-100,beta 1,appendix,Logit-entropy weighting,beta 1,35.90 (1.02),-5.385 (0.654),0/3,1.000 (0.000),R20 recompute (Round 15/18/19 values reproduced)
first day,CIFAR-100,beta 1,appendix,Geometric ensemble with early exit,same share as confidence-based,39.83 (0.87),-1.456 (0.373),0/3,NA,Round 15 cache
first day,CIFAR-100,beta 1,appendix,Label-shift EM [strongest main-table rule],beta 1,40.44 (0.52),-0.850 (0.313),0/3,1.000 (0.000),R20 recompute (Round 15/18/19 values reproduced)
first day,CIFAR-100,beta 1,appendix,Learned weight,beta 1,37.54 (0.76),-3.750 (0.295),0/3,1.000 (0.000),R20 recompute (Round 15/18/19 values reproduced)
first day,CIFAR-100,beta 1,appendix,Correction + learned weight,beta 1,40.55 (0.55),-0.743 (0.077),0/3,1.000 (0.000),R20 recompute (Round 15/18/19 values reproduced)
first day,CIFAR-100,beta 1,post hoc reference,Correction + best fixed w on the evaluation seeds (w = 0.65),beta 1,41.64 (0.56),+0.356 (0.079),3/3,1.000 (0.000),Round 19 cache (chosen with evaluation labels)
first day,CIFAR-100,beta 0.5,required,Device only,none (device only),33.93 (0.67),-4.705 (0.061),0/3,0.000 (0.000),R20 recompute (Round 15/18/19 values reproduced)
first day,CIFAR-100,beta 0.5,required,Raw edge only,beta 0.5,36.03 (0.77),-2.599 (0.264),0/3,0.498 (0.000),R20 recompute (Round 15/18/19 values reproduced)
first day,CIFAR-100,beta 0.5,required,Probability average,beta 0.5,36.75 (0.77),-1.878 (0.227),0/3,0.498 (0.000),R20 recompute (Round 15/18/19 values reproduced)
first day,CIFAR-100,beta 0.5,required,Logit sum,beta 0.5,37.71 (0.78),-0.926 (0.195),0/3,0.498 (0.000),R20 recompute (Round 15/18/19 values reproduced)
first day,CIFAR-100,beta 0.5,required,No correction + adaptive w,beta 0.5,36.52 (0.77),-2.114 (0.234),0/3,0.498 (0.000),R20 recompute (Round 15/18/19 values reproduced)
first day,CIFAR-100,beta 0.5,required,Correction + w 0.5,beta 0.5,38.72 (0.61),+0.083 (0.002),3/3,0.498 (0.000),R20 recompute (Round 15/18/19 values reproduced)
first day,CIFAR-100,beta 0.5,required,Correction + w 0.2,beta 0.5,38.52 (0.61),-0.110 (0.006),0/3,0.498 (0.000),R20 recompute (Round 15/18/19 values reproduced)
first day,CIFAR-100,beta 0.5,required,Correction + w 0.45,beta 0.5,38.68 (0.61),+0.043 (0.003),3/3,0.498 (0.000),R20 recompute (Round 15/18/19 values reproduced)
first day,CIFAR-100,beta 0.5,required,Corrected edge only,beta 0.5,38.44 (0.60),-0.188 (0.010),0/3,0.498 (0.000),R20 recompute (Round 15/18/19 values reproduced)
first day,CIFAR-100,beta 0.5,required,Correction + product,beta 0.5,38.90 (0.64),+0.268 (0.028),3/3,0.498 (0.000),R20 recompute (Round 15/18/19 values reproduced)
first day,CIFAR-100,beta 0.5,required,DriftGate,beta 0.5,38.63 (0.61),,,0.498 (0.000),R20 recompute (Round 15/18/19 values reproduced)
first day,CIFAR-100,beta 0.5,appendix,Lower-entropy exit,beta 0.5,36.03 (0.77),-2.599 (0.264),0/3,0.498 (0.000),R20 recompute (Round 15/18/19 values reproduced)
first day,CIFAR-100,beta 0.5,post hoc reference,Correction + best fixed w on the evaluation seeds (w = 0.70),beta 0.5,38.87 (0.62),+0.236 (0.007),3/3,0.498 (0.000),Round 19 cache (chosen with evaluation labels)
round > 30,CIFAR-100,beta 1,required,Device only,none (device only),36.83 (0.77),-8.413 (0.232),0/3,0.000 (0.000),R20 recompute (Round 15/18/19 values reproduced)
round > 30,CIFAR-100,beta 1,required,Raw edge only,beta 1,40.21 (1.09),-5.028 (0.636),0/3,1.000 (0.000),R20 recompute (Round 15/18/19 values reproduced)
round > 30,CIFAR-100,beta 1,required,Confidence-based offloading,own threshold (0.8 nats),40.22 (1.08),-5.026 (0.636),0/3,0.994 (0.001),R20 recompute (Round 15/18/19 values reproduced)
round > 30,CIFAR-100,beta 1,required,Probability average,beta 1,42.30 (1.00),-2.937 (0.480),0/3,1.000 (0.000),R20 recompute (Round 15/18/19 values reproduced)
round > 30,CIFAR-100,beta 1,required,Logit sum,beta 1,43.85 (0.96),-1.396 (0.358),0/3,1.000 (0.000),R20 recompute (Round 15/18/19 values reproduced)
round > 30,CIFAR-100,beta 1,required,No correction + adaptive w,beta 1,41.56 (1.04),-3.678 (0.528),0/3,1.000 (0.000),R20 recompute (Round 15/18/19 values reproduced)
round > 30,CIFAR-100,beta 1,required,Correction + w 0.5,beta 1,45.42 (0.72),+0.176 (0.031),3/3,1.000 (0.000),R20 recompute (Round 15/18/19 values reproduced)
round > 30,CIFAR-100,beta 1,required,Correction + w 0.2,beta 1,45.05 (0.77),-0.189 (0.016),0/3,1.000 (0.000),R20 recompute (Round 15/18/19 values reproduced)
round > 30,CIFAR-100,beta 1,required,Correction + w 0.45,beta 1,45.36 (0.73),+0.122 (0.024),3/3,1.000 (0.000),R20 recompute (Round 15/18/19 values reproduced)
round > 30,CIFAR-100,beta 1,required,Corrected edge only,beta 1,44.84 (0.78),-0.406 (0.031),0/3,1.000 (0.000),R20 recompute (Round 15/18/19 values reproduced)
round > 30,CIFAR-100,beta 1,required,Correction + product,beta 1,45.49 (0.73),+0.250 (0.060),3/3,1.000 (0.000),R20 recompute (Round 15/18/19 values reproduced)
round > 30,CIFAR-100,beta 1,required,DriftGate,beta 1,45.24 (0.75),,,1.000 (0.000),R20 recompute (Round 15/18/19 values reproduced)
round > 30,CIFAR-100,beta 1,appendix,Lower-entropy exit,beta 1,40.24 (1.08),-5.001 (0.630),0/3,1.000 (0.000),R20 recompute (Round 15/18/19 values reproduced)
round > 30,CIFAR-100,beta 1,appendix,Logit-entropy weighting,beta 1,40.26 (1.08),-4.984 (0.630),0/3,1.000 (0.000),R20 recompute (Round 15/18/19 values reproduced)
round > 30,CIFAR-100,beta 1,appendix,Geometric ensemble with early exit,same share as confidence-based,43.85 (0.96),-1.396 (0.358),0/3,NA,Round 15 cache
round > 30,CIFAR-100,beta 1,appendix,Label-shift EM [strongest main-table rule],beta 1,44.72 (0.70),-0.520 (0.416),0/3,1.000 (0.000),R20 recompute (Round 15/18/19 values reproduced)
round > 30,CIFAR-100,beta 1,appendix,Learned weight,beta 1,40.84 (0.87),-4.406 (0.316),0/3,1.000 (0.000),R20 recompute (Round 15/18/19 values reproduced)
round > 30,CIFAR-100,beta 1,appendix,Correction + learned weight,beta 1,44.38 (0.67),-0.864 (0.085),0/3,1.000 (0.000),R20 recompute (Round 15/18/19 values reproduced)
round > 30,CIFAR-100,beta 1,post hoc reference,Correction + best fixed w on the evaluation seeds (w = 0.60),beta 1,45.47 (0.70),+0.226 (0.055),3/3,1.000 (0.000),Round 19 cache (chosen with evaluation labels)
round > 30,CIFAR-100,beta 0.5,required,Device only,none (device only),36.83 (0.77),-5.240 (0.104),0/3,0.000 (0.000),R20 recompute (Round 15/18/19 values reproduced)
round > 30,CIFAR-100,beta 0.5,required,Raw edge only,beta 0.5,39.52 (0.88),-2.547 (0.247),0/3,0.499 (0.000),R20 recompute (Round 15/18/19 values reproduced)
round > 30,CIFAR-100,beta 0.5,required,Probability average,beta 0.5,40.25 (0.88),-1.819 (0.210),0/3,0.499 (0.000),R20 recompute (Round 15/18/19 values reproduced)
round > 30,CIFAR-100,beta 0.5,required,Logit sum,beta 0.5,41.20 (0.91),-0.871 (0.186),0/3,0.499 (0.000),R20 recompute (Round 15/18/19 values reproduced)
round > 30,CIFAR-100,beta 0.5,required,No correction + adaptive w,beta 0.5,39.97 (0.88),-2.099 (0.219),0/3,0.499 (0.000),R20 recompute (Round 15/18/19 values reproduced)
round > 30,CIFAR-100,beta 0.5,required,Correction + w 0.5,beta 0.5,42.17 (0.77),+0.100 (0.002),3/3,0.499 (0.000),R20 recompute (Round 15/18/19 values reproduced)
round > 30,CIFAR-100,beta 0.5,required,Correction + w 0.2,beta 0.5,41.98 (0.77),-0.093 (0.003),0/3,0.499 (0.000),R20 recompute (Round 15/18/19 values reproduced)
round > 30,CIFAR-100,beta 0.5,required,Correction + w 0.45,beta 0.5,42.13 (0.77),+0.062 (0.003),3/3,0.499 (0.000),R20 recompute (Round 15/18/19 values reproduced)
round > 30,CIFAR-100,beta 0.5,required,Corrected edge only,beta 0.5,41.89 (0.77),-0.175 (0.006),0/3,0.499 (0.000),R20 recompute (Round 15/18/19 values reproduced)
round > 30,CIFAR-100,beta 0.5,required,Correction + product,beta 0.5,42.31 (0.80),+0.238 (0.037),3/3,0.499 (0.000),R20 recompute (Round 15/18/19 values reproduced)
round > 30,CIFAR-100,beta 0.5,required,DriftGate,beta 0.5,42.07 (0.77),,,0.499 (0.000),R20 recompute (Round 15/18/19 values reproduced)
round > 30,CIFAR-100,beta 0.5,appendix,Lower-entropy exit,beta 0.5,39.52 (0.88),-2.547 (0.247),0/3,0.499 (0.000),R20 recompute (Round 15/18/19 values reproduced)
round > 30,CIFAR-100,beta 0.5,post hoc reference,Correction + best fixed w on the evaluation seeds (w = 0.70),beta 0.5,42.28 (0.77),+0.216 (0.008),3/3,0.499 (0.000),Round 19 cache (chosen with evaluation labels)
first day,ResNet-18,beta 1,required,Device only,none (device only),66.39 (2.87),-0.254 (0.347),1/3,0.000 (0.000),R20 recompute (Round 15/18/19 values reproduced)
first day,ResNet-18,beta 1,required,Raw edge only,beta 1,57.04 (3.19),-9.600 (3.261),0/3,1.000 (0.000),R20 recompute (Round 15/18/19 values reproduced)
first day,ResNet-18,beta 1,required,Confidence-based offloading,own threshold (0.8 nats),59.21 (2.80),-7.426 (2.170),0/3,0.517 (0.032),R20 recompute (Round 15/18/19 values reproduced)
first day,ResNet-18,beta 1,required,Probability average,beta 1,66.39 (3.15),-0.252 (0.344),1/3,1.000 (0.000),R20 recompute (Round 15/18/19 values reproduced)
first day,ResNet-18,beta 1,required,Logit sum,beta 1,66.00 (3.28),-0.641 (0.309),0/3,1.000 (0.000),R20 recompute (Round 15/18/19 values reproduced)
first day,ResNet-18,beta 1,required,No correction + adaptive w,beta 1,66.46 (3.14),-0.175 (0.290),1/3,1.000 (0.000),R20 recompute (Round 15/18/19 values reproduced)
first day,ResNet-18,beta 1,required,Correction + w 0.5,beta 1,66.71 (3.19),+0.067 (0.093),2/3,1.000 (0.000),R20 recompute (Round 15/18/19 values reproduced)
first day,ResNet-18,beta 1,required,Correction + w 0.2,beta 1,64.02 (2.67),-2.615 (0.922),0/3,1.000 (0.000),R20 recompute (Round 15/18/19 values reproduced)
first day,ResNet-18,beta 1,required,Correction + w 0.45,beta 1,66.49 (3.22),-0.147 (0.089),0/3,1.000 (0.000),R20 recompute (Round 15/18/19 values reproduced)
first day,ResNet-18,beta 1,required,Corrected edge only,beta 1,61.72 (2.53),-4.915 (1.688),0/3,1.000 (0.000),R20 recompute (Round 15/18/19 values reproduced)
first day,ResNet-18,beta 1,required,Correction + product,beta 1,66.59 (3.37),-0.050 (0.296),1/3,1.000 (0.000),R20 recompute (Round 15/18/19 values reproduced)
first day,ResNet-18,beta 1,required,DriftGate,beta 1,66.64 (3.14),,,1.000 (0.000),R20 recompute (Round 15/18/19 values reproduced)
first day,ResNet-18,beta 1,appendix,Lower-entropy exit,beta 1,66.54 (2.80),-0.099 (0.614),1/3,1.000 (0.000),R20 recompute (Round 15/18/19 values reproduced)
first day,ResNet-18,beta 1,appendix,Logit-entropy weighting [strongest main-table rule],beta 1,66.54 (2.80),-0.099 (0.615),1/3,1.000 (0.000),R20 recompute (Round 15/18/19 values reproduced)
first day,ResNet-18,beta 1,appendix,Geometric ensemble with early exit,same share as confidence-based,65.99 (3.28),-0.648 (0.310),0/3,NA,Round 15 cache
first day,ResNet-18,beta 1,appendix,Label-shift EM,beta 1,61.73 (2.80),-4.910 (1.120),0/3,1.000 (0.000),R20 recompute (Round 15/18/19 values reproduced)
first day,ResNet-18,beta 1,appendix,Learned weight,beta 1,63.61 (2.88),-3.035 (1.901),0/3,1.000 (0.000),R20 recompute (Round 15/18/19 values reproduced)
first day,ResNet-18,beta 1,appendix,Correction + learned weight,beta 1,64.36 (2.59),-2.276 (1.073),0/3,1.000 (0.000),R20 recompute (Round 15/18/19 values reproduced)
first day,ResNet-18,beta 1,post hoc reference,Correction + best fixed w on the evaluation seeds (w = 0.60),beta 1,66.84 (3.07),+0.200 (0.090),3/3,1.000 (0.000),Round 19 cache (chosen with evaluation labels)
first day,ResNet-18,beta 0.5,required,Device only,none (device only),66.39 (2.87),-0.355 (0.403),1/3,0.000 (0.000),R20 recompute (Round 15/18/19 values reproduced)
first day,ResNet-18,beta 0.5,required,Raw edge only,beta 0.5,61.40 (2.23),-5.337 (1.846),0/3,0.499 (0.000),R20 recompute (Round 15/18/19 values reproduced)
first day,ResNet-18,beta 0.5,required,Probability average,beta 0.5,66.55 (3.10),-0.188 (0.295),1/3,0.499 (0.000),R20 recompute (Round 15/18/19 values reproduced)
first day,ResNet-18,beta 0.5,required,Logit sum,beta 0.5,66.29 (3.22),-0.448 (0.218),0/3,0.499 (0.000),R20 recompute (Round 15/18/19 values reproduced)
first day,ResNet-18,beta 0.5,required,No correction + adaptive w,beta 0.5,66.56 (3.10),-0.178 (0.285),1/3,0.499 (0.000),R20 recompute (Round 15/18/19 values reproduced)
first day,ResNet-18,beta 0.5,required,Correction + w 0.5,beta 0.5,66.77 (3.16),+0.033 (0.043),2/3,0.499 (0.000),R20 recompute (Round 15/18/19 values reproduced)
first day,ResNet-18,beta 0.5,required,Correction + w 0.2,beta 0.5,65.07 (2.70),-1.670 (0.572),0/3,0.499 (0.000),R20 recompute (Round 15/18/19 values reproduced)
first day,ResNet-18,beta 0.5,required,Correction + w 0.45,beta 0.5,66.62 (3.17),-0.118 (0.050),0/3,0.499 (0.000),R20 recompute (Round 15/18/19 values reproduced)
first day,ResNet-18,beta 0.5,required,Corrected edge only,beta 0.5,63.85 (2.51),-2.889 (0.966),0/3,0.499 (0.000),R20 recompute (Round 15/18/19 values reproduced)
first day,ResNet-18,beta 0.5,required,Correction + product,beta 0.5,66.67 (3.30),-0.066 (0.221),1/3,0.499 (0.000),R20 recompute (Round 15/18/19 values reproduced)
first day,ResNet-18,beta 0.5,required,DriftGate,beta 0.5,66.74 (3.12),,,0.499 (0.000),R20 recompute (Round 15/18/19 values reproduced)
first day,ResNet-18,beta 0.5,appendix,Lower-entropy exit,beta 0.5,66.62 (2.79),-0.120 (0.626),1/3,0.499 (0.000),R20 recompute (Round 15/18/19 values reproduced)
first day,ResNet-18,beta 0.5,post hoc reference,Correction + best fixed w on the evaluation seeds (w = 0.60),beta 0.5,66.85 (3.07),+0.110 (0.063),3/3,0.499 (0.000),Round 19 cache (chosen with evaluation labels)
round > 30,ResNet-18,beta 1,required,Device only,none (device only),61.77 (2.75),-0.956 (0.402),0/3,0.000 (0.000),R20 recompute (Round 15/18/19 values reproduced)
round > 30,ResNet-18,beta 1,required,Raw edge only,beta 1,56.58 (2.98),-6.151 (2.876),0/3,1.000 (0.000),R20 recompute (Round 15/18/19 values reproduced)
round > 30,ResNet-18,beta 1,required,Confidence-based offloading,own threshold (0.8 nats),58.79 (2.31),-3.938 (1.814),0/3,0.480 (0.029),R20 recompute (Round 15/18/19 values reproduced)
round > 30,ResNet-18,beta 1,required,Probability average [strongest main-table rule],beta 1,62.93 (2.49),+0.206 (0.187),3/3,1.000 (0.000),R20 recompute (Round 15/18/19 values reproduced)
round > 30,ResNet-18,beta 1,required,Logit sum,beta 1,62.80 (2.44),+0.075 (0.107),3/3,1.000 (0.000),R20 recompute (Round 15/18/19 values reproduced)
round > 30,ResNet-18,beta 1,required,No correction + adaptive w,beta 1,62.74 (2.57),+0.015 (0.190),2/3,1.000 (0.000),R20 recompute (Round 15/18/19 values reproduced)
round > 30,ResNet-18,beta 1,required,Correction + w 0.5,beta 1,63.00 (2.44),+0.277 (0.097),3/3,1.000 (0.000),R20 recompute (Round 15/18/19 values reproduced)
round > 30,ResNet-18,beta 1,required,Correction + w 0.2,beta 1,61.54 (1.50),-1.191 (1.093),0/3,1.000 (0.000),R20 recompute (Round 15/18/19 values reproduced)
round > 30,ResNet-18,beta 1,required,Correction + w 0.45,beta 1,63.00 (2.40),+0.278 (0.149),3/3,1.000 (0.000),R20 recompute (Round 15/18/19 values reproduced)
round > 30,ResNet-18,beta 1,required,Corrected edge only,beta 1,59.81 (1.50),-2.912 (1.822),0/3,1.000 (0.000),R20 recompute (Round 15/18/19 values reproduced)
round > 30,ResNet-18,beta 1,required,Correction + product,beta 1,62.98 (2.54),+0.252 (0.181),3/3,1.000 (0.000),R20 recompute (Round 15/18/19 values reproduced)
round > 30,ResNet-18,beta 1,required,DriftGate,beta 1,62.73 (2.48),,,1.000 (0.000),R20 recompute (Round 15/18/19 values reproduced)
round > 30,ResNet-18,beta 1,appendix,Lower-entropy exit,beta 1,62.82 (2.49),+0.093 (0.325),2/3,1.000 (0.000),R20 recompute (Round 15/18/19 values reproduced)
round > 30,ResNet-18,beta 1,appendix,Logit-entropy weighting,beta 1,62.82 (2.49),+0.093 (0.325),2/3,1.000 (0.000),R20 recompute (Round 15/18/19 values reproduced)
round > 30,ResNet-18,beta 1,appendix,Geometric ensemble with early exit,same share as confidence-based,62.79 (2.44),+0.060 (0.117),1/3,NA,Round 15 cache
round > 30,ResNet-18,beta 1,appendix,Label-shift EM,beta 1,59.48 (1.60),-3.246 (1.266),0/3,1.000 (0.000),R20 recompute (Round 15/18/19 values reproduced)
round > 30,ResNet-18,beta 1,appendix,Learned weight,beta 1,60.33 (2.47),-2.398 (1.668),0/3,1.000 (0.000),R20 recompute (Round 15/18/19 values reproduced)
round > 30,ResNet-18,beta 1,appendix,Correction + learned weight,beta 1,61.10 (1.81),-1.630 (1.008),0/3,1.000 (0.000),R20 recompute (Round 15/18/19 values reproduced)
round > 30,ResNet-18,beta 1,post hoc reference,Correction + best fixed w on the evaluation seeds (w = 0.45),beta 1,63.00 (2.40),+0.278 (0.149),3/3,1.000 (0.000),Round 19 cache (chosen with evaluation labels)
round > 30,ResNet-18,beta 0.5,required,Device only,none (device only),61.77 (2.75),-1.081 (0.498),0/3,0.000 (0.000),R20 recompute (Round 15/18/19 values reproduced)
round > 30,ResNet-18,beta 0.5,required,Raw edge only,beta 0.5,59.82 (1.75),-3.027 (1.534),0/3,0.500 (0.000),R20 recompute (Round 15/18/19 values reproduced)
round > 30,ResNet-18,beta 0.5,required,Probability average,beta 0.5,62.97 (2.44),+0.120 (0.182),2/3,0.500 (0.000),R20 recompute (Round 15/18/19 values reproduced)
round > 30,ResNet-18,beta 0.5,required,Logit sum,beta 0.5,62.91 (2.40),+0.061 (0.076),3/3,0.500 (0.000),R20 recompute (Round 15/18/19 values reproduced)
round > 30,ResNet-18,beta 0.5,required,No correction + adaptive w,beta 0.5,62.88 (2.50),+0.030 (0.180),2/3,0.500 (0.000),R20 recompute (Round 15/18/19 values reproduced)
round > 30,ResNet-18,beta 0.5,required,Correction + w 0.5,beta 0.5,62.97 (2.41),+0.115 (0.027),3/3,0.500 (0.000),R20 recompute (Round 15/18/19 values reproduced)
round > 30,ResNet-18,beta 0.5,required,Correction + w 0.2,beta 0.5,62.15 (1.66),-0.698 (0.795),0/3,0.500 (0.000),R20 recompute (Round 15/18/19 values reproduced)
round > 30,ResNet-18,beta 0.5,required,Correction + w 0.45,beta 0.5,62.98 (2.36),+0.126 (0.092),3/3,0.500 (0.000),R20 recompute (Round 15/18/19 values reproduced)
round > 30,ResNet-18,beta 0.5,required,Corrected edge only,beta 0.5,61.29 (1.43),-1.558 (1.166),0/3,0.500 (0.000),R20 recompute (Round 15/18/19 values reproduced)
round > 30,ResNet-18,beta 0.5,required,Correction + product,beta 0.5,62.93 (2.48),+0.078 (0.110),2/3,0.500 (0.000),R20 recompute (Round 15/18/19 values reproduced)
round > 30,ResNet-18,beta 0.5,required,DriftGate,beta 0.5,62.85 (2.43),,,0.500 (0.000),R20 recompute (Round 15/18/19 values reproduced)
round > 30,ResNet-18,beta 0.5,appendix,Lower-entropy exit,beta 0.5,62.81 (2.47),-0.043 (0.360),1/3,0.500 (0.000),R20 recompute (Round 15/18/19 values reproduced)
round > 30,ResNet-18,beta 0.5,post hoc reference,Correction + best fixed w on the evaluation seeds (w = 0.45),beta 0.5,62.98 (2.36),+0.126 (0.092),3/3,0.500 (0.000),Round 19 cache (chosen with evaluation labels)
first day,K=200,beta 1,required,Device only,none (device only),62.63 (0.79),-6.370 (0.657),0/3,0.000 (0.000),R20 recompute (Round 15/18/19 values reproduced)
first day,K=200,beta 1,required,Raw edge only,beta 1,65.30 (1.64),-3.694 (0.299),0/3,1.000 (0.000),R20 recompute (Round 15/18/19 values reproduced)
first day,K=200,beta 1,required,Confidence-based offloading,own threshold (0.8 nats),65.26 (1.63),-3.732 (0.288),0/3,0.949 (0.004),R20 recompute (Round 15/18/19 values reproduced)
first day,K=200,beta 1,required,Probability average [strongest main-table rule],beta 1,68.90 (1.50),-0.098 (0.068),0/3,1.000 (0.000),R20 recompute (Round 15/18/19 values reproduced)
first day,K=200,beta 1,required,Logit sum,beta 1,68.86 (1.47),-0.133 (0.041),0/3,1.000 (0.000),R20 recompute (Round 15/18/19 values reproduced)
first day,K=200,beta 1,required,No correction + adaptive w,beta 1,69.00 (1.58),+0.004 (0.159),2/3,1.000 (0.000),R20 recompute (Round 15/18/19 values reproduced)
first day,K=200,beta 1,required,Correction + w 0.5,beta 1,68.58 (1.34),-0.414 (0.092),0/3,1.000 (0.000),R20 recompute (Round 15/18/19 values reproduced)
first day,K=200,beta 1,required,Correction + w 0.2,beta 1,69.23 (1.47),+0.231 (0.042),3/3,1.000 (0.000),R20 recompute (Round 15/18/19 values reproduced)
first day,K=200,beta 1,required,Correction + w 0.45,beta 1,68.80 (1.37),-0.194 (0.057),0/3,1.000 (0.000),R20 recompute (Round 15/18/19 values reproduced)
first day,K=200,beta 1,required,Corrected edge only,beta 1,69.15 (1.49),+0.156 (0.061),3/3,1.000 (0.000),R20 recompute (Round 15/18/19 values reproduced)
first day,K=200,beta 1,required,Correction + product,beta 1,68.15 (1.30),-0.843 (0.138),0/3,1.000 (0.000),R20 recompute (Round 15/18/19 values reproduced)
first day,K=200,beta 1,required,DriftGate,beta 1,69.00 (1.43),,,1.000 (0.000),R20 recompute (Round 15/18/19 values reproduced)
first day,K=200,beta 1,appendix,Lower-entropy exit,beta 1,66.68 (1.68),-2.319 (0.305),0/3,1.000 (0.000),R20 recompute (Round 15/18/19 values reproduced)
first day,K=200,beta 1,appendix,Logit-entropy weighting,beta 1,66.68 (1.68),-2.319 (0.304),0/3,1.000 (0.000),R20 recompute (Round 15/18/19 values reproduced)
first day,K=200,beta 1,appendix,Geometric ensemble with early exit,same share as confidence-based,68.86 (1.47),-0.137 (0.039),0/3,NA,Round 15 cache
first day,K=200,beta 1,appendix,Label-shift EM,beta 1,64.96 (1.40),-4.031 (0.391),0/3,1.000 (0.000),R20 recompute (Round 15/18/19 values reproduced)
first day,K=200,beta 1,appendix,Learned weight,beta 1,68.54 (1.51),-0.453 (0.078),0/3,1.000 (0.000),R20 recompute (Round 15/18/19 values reproduced)
first day,K=200,beta 1,appendix,Correction + learned weight,beta 1,68.65 (1.38),-0.347 (0.056),0/3,1.000 (0.000),R20 recompute (Round 15/18/19 values reproduced)
first day,K=200,beta 1,post hoc reference,Correction + best fixed w on the evaluation seeds (w = 0.20),beta 1,69.23 (1.47),+0.231 (0.042),3/3,1.000 (0.000),Round 19 cache (chosen with evaluation labels)
first day,K=200,beta 0.5,required,Device only,none (device only),62.63 (0.79),-5.328 (0.581),0/3,0.000 (0.000),R20 recompute (Round 15/18/19 values reproduced)
first day,K=200,beta 0.5,required,Raw edge only,beta 0.5,66.08 (1.42),-1.875 (0.116),0/3,0.499 (0.000),R20 recompute (Round 15/18/19 values reproduced)
first day,K=200,beta 0.5,required,Probability average,beta 0.5,67.84 (1.36),-0.113 (0.061),0/3,0.499 (0.000),R20 recompute (Round 15/18/19 values reproduced)
first day,K=200,beta 0.5,required,Logit sum,beta 0.5,67.82 (1.35),-0.129 (0.046),0/3,0.499 (0.000),R20 recompute (Round 15/18/19 values reproduced)
first day,K=200,beta 0.5,required,No correction + adaptive w,beta 0.5,67.88 (1.40),-0.074 (0.096),0/3,0.499 (0.000),R20 recompute (Round 15/18/19 values reproduced)
first day,K=200,beta 0.5,required,Correction + w 0.5,beta 0.5,67.70 (1.25),-0.258 (0.053),0/3,0.499 (0.000),R20 recompute (Round 15/18/19 values reproduced)
first day,K=200,beta 0.5,required,Correction + w 0.2,beta 0.5,68.14 (1.32),+0.190 (0.018),3/3,0.499 (0.000),R20 recompute (Round 15/18/19 values reproduced)
first day,K=200,beta 0.5,required,Correction + w 0.45,beta 0.5,67.84 (1.27),-0.113 (0.030),0/3,0.499 (0.000),R20 recompute (Round 15/18/19 values reproduced)
first day,K=200,beta 0.5,required,Corrected edge only,beta 0.5,68.16 (1.33),+0.205 (0.030),3/3,0.499 (0.000),R20 recompute (Round 15/18/19 values reproduced)
first day,K=200,beta 0.5,required,Correction + product,beta 0.5,67.35 (1.23),-0.601 (0.078),0/3,0.499 (0.000),R20 recompute (Round 15/18/19 values reproduced)
first day,K=200,beta 0.5,required,DriftGate,beta 0.5,67.95 (1.30),,,0.499 (0.000),R20 recompute (Round 15/18/19 values reproduced)
first day,K=200,beta 0.5,appendix,Lower-entropy exit,beta 0.5,66.56 (1.41),-1.396 (0.111),0/3,0.499 (0.000),R20 recompute (Round 15/18/19 values reproduced)
first day,K=200,beta 0.5,post hoc reference,Correction + best fixed w on the evaluation seeds (w = 0.05),beta 0.5,68.16 (1.33),+0.210 (0.026),3/3,0.499 (0.000),Round 19 cache (chosen with evaluation labels)
round > 30,K=200,beta 1,required,Device only,none (device only),60.26 (0.92),-7.719 (0.884),0/3,0.000 (0.000),R20 recompute (Round 15/18/19 values reproduced)
round > 30,K=200,beta 1,required,Raw edge only,beta 1,67.73 (2.39),-0.249 (0.660),1/3,1.000 (0.000),R20 recompute (Round 15/18/19 values reproduced)
round > 30,K=200,beta 1,required,Confidence-based offloading,own threshold (0.8 nats),67.68 (2.38),-0.299 (0.645),1/3,0.938 (0.005),R20 recompute (Round 15/18/19 values reproduced)
round > 30,K=200,beta 1,required,Probability average [strongest main-table rule],beta 1,68.56 (1.91),+0.579 (0.117),3/3,1.000 (0.000),R20 recompute (Round 15/18/19 values reproduced)
round > 30,K=200,beta 1,required,Logit sum,beta 1,68.38 (1.87),+0.404 (0.077),3/3,1.000 (0.000),R20 recompute (Round 15/18/19 values reproduced)
round > 30,K=200,beta 1,required,No correction + adaptive w,beta 1,68.84 (2.02),+0.862 (0.225),3/3,1.000 (0.000),R20 recompute (Round 15/18/19 values reproduced)
round > 30,K=200,beta 1,required,Correction + w 0.5,beta 1,67.43 (1.69),-0.550 (0.111),0/3,1.000 (0.000),R20 recompute (Round 15/18/19 values reproduced)
round > 30,K=200,beta 1,required,Correction + w 0.2,beta 1,68.73 (1.86),+0.753 (0.062),3/3,1.000 (0.000),R20 recompute (Round 15/18/19 values reproduced)
round > 30,K=200,beta 1,required,Correction + w 0.45,beta 1,67.76 (1.73),-0.213 (0.069),0/3,1.000 (0.000),R20 recompute (Round 15/18/19 values reproduced)
round > 30,K=200,beta 1,required,Corrected edge only,beta 1,69.04 (1.90),+1.064 (0.110),3/3,1.000 (0.000),R20 recompute (Round 15/18/19 values reproduced)
round > 30,K=200,beta 1,required,Correction + product,beta 1,66.84 (1.63),-1.142 (0.181),0/3,1.000 (0.000),R20 recompute (Round 15/18/19 values reproduced)
round > 30,K=200,beta 1,required,DriftGate,beta 1,67.98 (1.80),,,1.000 (0.000),R20 recompute (Round 15/18/19 values reproduced)
round > 30,K=200,beta 1,appendix,Lower-entropy exit,beta 1,67.77 (2.29),-0.208 (0.540),1/3,1.000 (0.000),R20 recompute (Round 15/18/19 values reproduced)
round > 30,K=200,beta 1,appendix,Logit-entropy weighting,beta 1,67.77 (2.29),-0.208 (0.538),1/3,1.000 (0.000),R20 recompute (Round 15/18/19 values reproduced)
round > 30,K=200,beta 1,appendix,Geometric ensemble with early exit,same share as confidence-based,68.38 (1.86),+0.399 (0.075),3/3,NA,Round 15 cache
round > 30,K=200,beta 1,appendix,Label-shift EM,beta 1,65.07 (1.88),-2.909 (0.249),0/3,1.000 (0.000),R20 recompute (Round 15/18/19 values reproduced)
round > 30,K=200,beta 1,appendix,Learned weight,beta 1,68.25 (1.93),+0.277 (0.131),3/3,1.000 (0.000),R20 recompute (Round 15/18/19 values reproduced)
round > 30,K=200,beta 1,appendix,Correction + learned weight,beta 1,67.71 (1.73),-0.268 (0.082),0/3,1.000 (0.000),R20 recompute (Round 15/18/19 values reproduced)
round > 30,K=200,beta 1,post hoc reference,Correction + best fixed w on the evaluation seeds (w = 0.00),beta 1,69.04 (1.90),+1.064 (0.110),3/3,1.000 (0.000),Round 19 cache (chosen with evaluation labels)
round > 30,K=200,beta 0.5,required,Device only,none (device only),60.26 (0.92),-6.342 (0.766),0/3,0.000 (0.000),R20 recompute (Round 15/18/19 values reproduced)
round > 30,K=200,beta 0.5,required,Raw edge only,beta 0.5,66.42 (1.96),-0.179 (0.309),1/3,0.499 (0.000),R20 recompute (Round 15/18/19 values reproduced)
round > 30,K=200,beta 0.5,required,Probability average,beta 0.5,66.98 (1.76),+0.378 (0.108),3/3,0.499 (0.000),R20 recompute (Round 15/18/19 values reproduced)
round > 30,K=200,beta 0.5,required,Logit sum,beta 0.5,66.85 (1.73),+0.252 (0.082),3/3,0.499 (0.000),R20 recompute (Round 15/18/19 values reproduced)
round > 30,K=200,beta 0.5,required,No correction + adaptive w,beta 0.5,67.10 (1.81),+0.502 (0.161),3/3,0.499 (0.000),R20 recompute (Round 15/18/19 values reproduced)
round > 30,K=200,beta 0.5,required,Correction + w 0.5,beta 0.5,66.27 (1.59),-0.336 (0.063),0/3,0.499 (0.000),R20 recompute (Round 15/18/19 values reproduced)
round > 30,K=200,beta 0.5,required,Correction + w 0.2,beta 0.5,67.02 (1.68),+0.422 (0.030),3/3,0.499 (0.000),R20 recompute (Round 15/18/19 values reproduced)
round > 30,K=200,beta 0.5,required,Correction + w 0.45,beta 0.5,66.47 (1.61),-0.127 (0.038),0/3,0.499 (0.000),R20 recompute (Round 15/18/19 values reproduced)
round > 30,K=200,beta 0.5,required,Corrected edge only,beta 0.5,67.18 (1.70),+0.577 (0.052),3/3,0.499 (0.000),R20 recompute (Round 15/18/19 values reproduced)
round > 30,K=200,beta 0.5,required,Correction + product,beta 0.5,65.81 (1.54),-0.792 (0.106),0/3,0.499 (0.000),R20 recompute (Round 15/18/19 values reproduced)
round > 30,K=200,beta 0.5,required,DriftGate,beta 0.5,66.60 (1.65),,,0.499 (0.000),R20 recompute (Round 15/18/19 values reproduced)
round > 30,K=200,beta 0.5,appendix,Lower-entropy exit,beta 0.5,66.45 (1.94),-0.147 (0.289),1/3,0.499 (0.000),R20 recompute (Round 15/18/19 values reproduced)
round > 30,K=200,beta 0.5,post hoc reference,Correction + best fixed w on the evaluation seeds (w = 0.00),beta 0.5,67.18 (1.70),+0.577 (0.052),3/3,0.499 (0.000),Round 19 cache (chosen with evaluation labels)
first day,K=500,beta 1,required,Device only,none (device only),63.12 (0.19),-6.995 (0.171),0/3,0.000 (0.000),R20 recompute (Round 15/18/19 values reproduced)
first day,K=500,beta 1,required,Raw edge only,beta 1,67.07 (0.40),-3.039 (0.338),0/3,1.000 (0.000),R20 recompute (Round 15/18/19 values reproduced)
first day,K=500,beta 1,required,Confidence-based offloading,own threshold (0.8 nats),67.03 (0.40),-3.077 (0.338),0/3,0.955 (0.004),R20 recompute (Round 15/18/19 values reproduced)
first day,K=500,beta 1,required,Probability average [strongest main-table rule],beta 1,70.38 (0.16),+0.268 (0.189),3/3,1.000 (0.000),R20 recompute (Round 15/18/19 values reproduced)
first day,K=500,beta 1,required,Logit sum,beta 1,70.29 (0.15),+0.183 (0.203),2/3,1.000 (0.000),R20 recompute (Round 15/18/19 values reproduced)
first day,K=500,beta 1,required,No correction + adaptive w,beta 1,70.60 (0.22),+0.487 (0.217),3/3,1.000 (0.000),R20 recompute (Round 15/18/19 values reproduced)
first day,K=500,beta 1,required,Correction + w 0.5,beta 1,69.62 (0.19),-0.491 (0.021),0/3,1.000 (0.000),R20 recompute (Round 15/18/19 values reproduced)
first day,K=500,beta 1,required,Correction + w 0.2,beta 1,70.53 (0.18),+0.415 (0.099),3/3,1.000 (0.000),R20 recompute (Round 15/18/19 values reproduced)
first day,K=500,beta 1,required,Correction + w 0.45,beta 1,69.90 (0.19),-0.215 (0.031),0/3,1.000 (0.000),R20 recompute (Round 15/18/19 values reproduced)
first day,K=500,beta 1,required,Corrected edge only,beta 1,70.53 (0.16),+0.422 (0.121),3/3,1.000 (0.000),R20 recompute (Round 15/18/19 values reproduced)
first day,K=500,beta 1,required,Correction + product,beta 1,69.11 (0.20),-0.996 (0.011),0/3,1.000 (0.000),R20 recompute (Round 15/18/19 values reproduced)
first day,K=500,beta 1,required,DriftGate,beta 1,70.11 (0.22),,,1.000 (0.000),R20 recompute (Round 15/18/19 values reproduced)
first day,K=500,beta 1,appendix,Lower-entropy exit,beta 1,68.41 (0.41),-1.699 (0.367),0/3,1.000 (0.000),R20 recompute (Round 15/18/19 values reproduced)
first day,K=500,beta 1,appendix,Logit-entropy weighting,beta 1,68.41 (0.41),-1.700 (0.367),0/3,1.000 (0.000),R20 recompute (Round 15/18/19 values reproduced)
first day,K=500,beta 1,appendix,Geometric ensemble with early exit,same share as confidence-based,70.29 (0.15),+0.179 (0.203),2/3,NA,Round 15 cache
first day,K=500,beta 1,appendix,Label-shift EM,beta 1,66.18 (0.26),-3.928 (0.150),0/3,1.000 (0.000),R20 recompute (Round 15/18/19 values reproduced)
first day,K=500,beta 1,appendix,Learned weight,beta 1,70.05 (0.16),-0.058 (0.167),1/3,1.000 (0.000),R20 recompute (Round 15/18/19 values reproduced)
first day,K=500,beta 1,appendix,Correction + learned weight,beta 1,69.84 (0.17),-0.276 (0.046),0/3,1.000 (0.000),R20 recompute (Round 15/18/19 values reproduced)
first day,K=500,beta 1,post hoc reference,Correction + best fixed w on the evaluation seeds (w = 0.10),beta 1,70.56 (0.17),+0.451 (0.112),3/3,1.000 (0.000),Round 19 cache (chosen with evaluation labels)
first day,K=500,beta 0.5,required,Device only,none (device only),63.12 (0.19),-5.894 (0.265),0/3,0.000 (0.000),R20 recompute (Round 15/18/19 values reproduced)
first day,K=500,beta 0.5,required,Raw edge only,beta 0.5,67.55 (0.36),-1.459 (0.226),0/3,0.499 (0.000),R20 recompute (Round 15/18/19 values reproduced)
first day,K=500,beta 0.5,required,Probability average,beta 0.5,69.16 (0.24),+0.155 (0.131),3/3,0.499 (0.000),R20 recompute (Round 15/18/19 values reproduced)
first day,K=500,beta 0.5,required,Logit sum,beta 0.5,69.13 (0.23),+0.122 (0.136),2/3,0.499 (0.000),R20 recompute (Round 15/18/19 values reproduced)
first day,K=500,beta 0.5,required,No correction + adaptive w,beta 0.5,69.25 (0.28),+0.245 (0.161),3/3,0.499 (0.000),R20 recompute (Round 15/18/19 values reproduced)
first day,K=500,beta 0.5,required,Correction + w 0.5,beta 0.5,68.70 (0.20),-0.305 (0.018),0/3,0.499 (0.000),R20 recompute (Round 15/18/19 values reproduced)
first day,K=500,beta 0.5,required,Correction + w 0.2,beta 0.5,69.31 (0.23),+0.303 (0.073),3/3,0.499 (0.000),R20 recompute (Round 15/18/19 values reproduced)
first day,K=500,beta 0.5,required,Correction + w 0.45,beta 0.5,68.89 (0.21),-0.121 (0.013),0/3,0.499 (0.000),R20 recompute (Round 15/18/19 values reproduced)
first day,K=500,beta 0.5,required,Corrected edge only,beta 0.5,69.37 (0.24),+0.362 (0.092),3/3,0.499 (0.000),R20 recompute (Round 15/18/19 values reproduced)
first day,K=500,beta 0.5,required,Correction + product,beta 0.5,68.30 (0.20),-0.707 (0.035),0/3,0.499 (0.000),R20 recompute (Round 15/18/19 values reproduced)
first day,K=500,beta 0.5,required,DriftGate,beta 0.5,69.01 (0.22),,,0.499 (0.000),R20 recompute (Round 15/18/19 values reproduced)
first day,K=500,beta 0.5,appendix,Lower-entropy exit,beta 0.5,67.99 (0.36),-1.023 (0.228),0/3,0.499 (0.000),R20 recompute (Round 15/18/19 values reproduced)
first day,K=500,beta 0.5,post hoc reference,Correction + best fixed w on the evaluation seeds (w = 0.00),beta 0.5,69.37 (0.24),+0.362 (0.092),3/3,0.499 (0.000),Round 19 cache (chosen with evaluation labels)
round > 30,K=500,beta 1,required,Device only,none (device only),60.90 (0.17),-8.376 (0.174),0/3,0.000 (0.000),R20 recompute (Round 15/18/19 values reproduced)
round > 30,K=500,beta 1,required,Raw edge only,beta 1,69.67 (0.64),+0.391 (0.437),2/3,1.000 (0.000),R20 recompute (Round 15/18/19 values reproduced)
round > 30,K=500,beta 1,required,Confidence-based offloading,own threshold (0.8 nats),69.62 (0.64),+0.342 (0.437),2/3,0.946 (0.005),R20 recompute (Round 15/18/19 values reproduced)
round > 30,K=500,beta 1,required,Probability average [strongest main-table rule],beta 1,70.29 (0.32),+1.016 (0.201),3/3,1.000 (0.000),R20 recompute (Round 15/18/19 values reproduced)
round > 30,K=500,beta 1,required,Logit sum,beta 1,70.06 (0.30),+0.781 (0.214),3/3,1.000 (0.000),R20 recompute (Round 15/18/19 values reproduced)
round > 30,K=500,beta 1,required,No correction + adaptive w,beta 1,70.71 (0.39),+1.436 (0.238),3/3,1.000 (0.000),R20 recompute (Round 15/18/19 values reproduced)
round > 30,K=500,beta 1,required,Correction + w 0.5,beta 1,68.63 (0.30),-0.645 (0.031),0/3,1.000 (0.000),R20 recompute (Round 15/18/19 values reproduced)
round > 30,K=500,beta 1,required,Correction + w 0.2,beta 1,70.19 (0.35),+0.916 (0.094),3/3,1.000 (0.000),R20 recompute (Round 15/18/19 values reproduced)
round > 30,K=500,beta 1,required,Correction + w 0.45,beta 1,69.03 (0.31),-0.250 (0.035),0/3,1.000 (0.000),R20 recompute (Round 15/18/19 values reproduced)
round > 30,K=500,beta 1,required,Corrected edge only,beta 1,70.59 (0.37),+1.313 (0.124),3/3,1.000 (0.000),R20 recompute (Round 15/18/19 values reproduced)
round > 30,K=500,beta 1,required,Correction + product,beta 1,67.95 (0.30),-1.323 (0.032),0/3,1.000 (0.000),R20 recompute (Round 15/18/19 values reproduced)
round > 30,K=500,beta 1,required,DriftGate,beta 1,69.28 (0.33),,,1.000 (0.000),R20 recompute (Round 15/18/19 values reproduced)
round > 30,K=500,beta 1,appendix,Lower-entropy exit,beta 1,69.75 (0.60),+0.473 (0.405),3/3,1.000 (0.000),R20 recompute (Round 15/18/19 values reproduced)
round > 30,K=500,beta 1,appendix,Logit-entropy weighting,beta 1,69.75 (0.60),+0.471 (0.405),3/3,1.000 (0.000),R20 recompute (Round 15/18/19 values reproduced)
round > 30,K=500,beta 1,appendix,Geometric ensemble with early exit,same share as confidence-based,70.05 (0.30),+0.776 (0.215),3/3,NA,Round 15 cache
round > 30,K=500,beta 1,appendix,Label-shift EM,beta 1,66.30 (0.45),-2.980 (0.126),0/3,1.000 (0.000),R20 recompute (Round 15/18/19 values reproduced)
round > 30,K=500,beta 1,appendix,Learned weight,beta 1,70.05 (0.32),+0.779 (0.190),3/3,1.000 (0.000),R20 recompute (Round 15/18/19 values reproduced)
round > 30,K=500,beta 1,appendix,Correction + learned weight,beta 1,69.06 (0.29),-0.215 (0.041),0/3,1.000 (0.000),R20 recompute (Round 15/18/19 values reproduced)
round > 30,K=500,beta 1,post hoc reference,Correction + best fixed w on the evaluation seeds (w = 0.00),beta 1,70.59 (0.37),+1.313 (0.124),3/3,1.000 (0.000),Round 19 cache (chosen with evaluation labels)
round > 30,K=500,beta 0.5,required,Device only,none (device only),60.90 (0.17),-6.940 (0.255),0/3,0.000 (0.000),R20 recompute (Round 15/18/19 values reproduced)
round > 30,K=500,beta 0.5,required,Raw edge only,beta 0.5,68.05 (0.54),+0.210 (0.236),2/3,0.499 (0.000),R20 recompute (Round 15/18/19 values reproduced)
round > 30,K=500,beta 0.5,required,Probability average,beta 0.5,68.54 (0.40),+0.695 (0.142),3/3,0.499 (0.000),R20 recompute (Round 15/18/19 values reproduced)
round > 30,K=500,beta 0.5,required,Logit sum,beta 0.5,68.38 (0.38),+0.542 (0.149),3/3,0.499 (0.000),R20 recompute (Round 15/18/19 values reproduced)
round > 30,K=500,beta 0.5,required,No correction + adaptive w,beta 0.5,68.72 (0.45),+0.879 (0.176),3/3,0.499 (0.000),R20 recompute (Round 15/18/19 values reproduced)
round > 30,K=500,beta 0.5,required,Correction + w 0.5,beta 0.5,67.45 (0.34),-0.393 (0.021),0/3,0.499 (0.000),R20 recompute (Round 15/18/19 values reproduced)
round > 30,K=500,beta 0.5,required,Correction + w 0.2,beta 0.5,68.36 (0.39),+0.518 (0.059),3/3,0.499 (0.000),R20 recompute (Round 15/18/19 values reproduced)
round > 30,K=500,beta 0.5,required,Correction + w 0.45,beta 0.5,67.69 (0.35),-0.146 (0.014),0/3,0.499 (0.000),R20 recompute (Round 15/18/19 values reproduced)
round > 30,K=500,beta 0.5,required,Corrected edge only,beta 0.5,68.56 (0.40),+0.717 (0.075),3/3,0.499 (0.000),R20 recompute (Round 15/18/19 values reproduced)
round > 30,K=500,beta 0.5,required,Correction + product,beta 0.5,66.92 (0.33),-0.915 (0.038),0/3,0.499 (0.000),R20 recompute (Round 15/18/19 values reproduced)
round > 30,K=500,beta 0.5,required,DriftGate,beta 0.5,67.84 (0.36),,,0.499 (0.000),R20 recompute (Round 15/18/19 values reproduced)
round > 30,K=500,beta 0.5,appendix,Lower-entropy exit,beta 0.5,68.10 (0.54),+0.259 (0.240),2/3,0.499 (0.000),R20 recompute (Round 15/18/19 values reproduced)
round > 30,K=500,beta 0.5,post hoc reference,Correction + best fixed w on the evaluation seeds (w = 0.00),beta 0.5,68.56 (0.40),+0.717 (0.075),3/3,0.499 (0.000),Round 19 cache (chosen with evaluation labels)
frozen replay,S1 replay,beta 1,required,Device only,none (device only),66.38 (1.28),-5.571 (1.207),0/5,0.000 (0.000),R20 recompute (Round 15/18/19 values reproduced)
frozen replay,S1 replay,beta 1,required,Raw edge only,beta 1,71.74 (1.99),-0.202 (0.583),1/5,1.000 (0.000),R20 recompute (Round 15/18/19 values reproduced)
frozen replay,S1 replay,beta 1,required,Confidence-based offloading,own threshold (0.8 nats),71.47 (1.98),-0.479 (0.587),1/5,0.773 (0.022),R20 recompute (Round 15/18/19 values reproduced)
frozen replay,S1 replay,beta 1,required,Probability average [strongest main-table rule],beta 1,72.27 (1.75),+0.325 (0.315),4/5,1.000 (0.000),R20 recompute (Round 15/18/19 values reproduced)
frozen replay,S1 replay,beta 1,required,Logit sum,beta 1,72.08 (1.74),+0.132 (0.349),3/5,1.000 (0.000),R20 recompute (Round 15/18/19 values reproduced)
frozen replay,S1 replay,beta 1,required,No correction + adaptive w,beta 1,72.46 (1.91),+0.517 (0.472),4/5,1.000 (0.000),R20 recompute (Round 15/18/19 values reproduced)
frozen replay,S1 replay,beta 1,required,Correction + w 0.5,beta 1,71.53 (1.44),-0.414 (0.194),0/5,1.000 (0.000),R20 recompute (Round 15/18/19 values reproduced)
frozen replay,S1 replay,beta 1,required,Correction + w 0.2,beta 1,72.58 (1.77),+0.629 (0.267),5/5,1.000 (0.000),R20 recompute (Round 15/18/19 values reproduced)
frozen replay,S1 replay,beta 1,required,Correction + w 0.45,beta 1,71.83 (1.52),-0.119 (0.116),1/5,1.000 (0.000),R20 recompute (Round 15/18/19 values reproduced)
frozen replay,S1 replay,beta 1,required,Corrected edge only,beta 1,72.74 (1.91),+0.791 (0.413),5/5,1.000 (0.000),R20 recompute (Round 15/18/19 values reproduced)
frozen replay,S1 replay,beta 1,required,Correction + product,beta 1,71.12 (1.38),-0.827 (0.368),0/5,1.000 (0.000),R20 recompute (Round 15/18/19 values reproduced)
frozen replay,S1 replay,beta 1,required,DriftGate,beta 1,71.95 (1.56),,,1.000 (0.000),R20 recompute (Round 15/18/19 values reproduced)
frozen replay,S1 replay,beta 1,appendix,Lower-entropy exit,beta 1,71.71 (1.85),-0.241 (0.451),1/5,1.000 (0.000),R20 recompute (Round 15/18/19 values reproduced)
frozen replay,S1 replay,beta 1,appendix,Logit-entropy weighting,beta 1,71.72 (1.86),-0.229 (0.457),1/5,1.000 (0.000),R20 recompute (Round 15/18/19 values reproduced)
frozen replay,S1 replay,beta 1,appendix,Geometric ensemble with early exit,same share as confidence-based,72.03 (1.72),+0.087 (0.338),3/5,NA,Round 15 cache
frozen replay,S1 replay,beta 1,appendix,Label-shift EM,beta 1,70.17 (1.63),-1.777 (0.345),0/5,1.000 (0.000),R20 recompute (Round 15/18/19 values reproduced)
frozen replay,S1 replay,beta 1,appendix,Learned weight,beta 1,72.13 (1.88),+0.179 (0.432),3/5,1.000 (0.000),R20 recompute (Round 15/18/19 values reproduced)
frozen replay,S1 replay,beta 1,appendix,Correction + learned weight,beta 1,71.71 (1.62),-0.233 (0.284),1/5,1.000 (0.000),R20 recompute (Round 15/18/19 values reproduced)
frozen replay,S1 replay,beta 1,post hoc reference,Correction + best fixed w on the evaluation seeds (w = 0.00),beta 1,72.74 (1.91),+0.791 (0.413),5/5,1.000 (0.000),Round 19 cache (chosen with evaluation labels)
frozen replay,S1 replay,beta 0.5,required,Device only,none (device only),66.38 (1.28),-4.830 (0.994),0/5,0.000 (0.000),R20 recompute (Round 15/18/19 values reproduced)
frozen replay,S1 replay,beta 0.5,required,Raw edge only,beta 0.5,70.90 (1.76),-0.302 (0.433),1/5,0.500 (0.000),R20 recompute (Round 15/18/19 values reproduced)
frozen replay,S1 replay,beta 0.5,required,Probability average,beta 0.5,71.42 (1.56),+0.213 (0.206),4/5,0.500 (0.000),R20 recompute (Round 15/18/19 values reproduced)
frozen replay,S1 replay,beta 0.5,required,Logit sum,beta 0.5,71.26 (1.54),+0.059 (0.236),3/5,0.500 (0.000),R20 recompute (Round 15/18/19 values reproduced)
frozen replay,S1 replay,beta 0.5,required,No correction + adaptive w,beta 0.5,71.52 (1.68),+0.312 (0.337),4/5,0.500 (0.000),R20 recompute (Round 15/18/19 values reproduced)
frozen replay,S1 replay,beta 0.5,required,Correction + w 0.5,beta 0.5,70.91 (1.38),-0.298 (0.134),0/5,0.500 (0.000),R20 recompute (Round 15/18/19 values reproduced)
frozen replay,S1 replay,beta 0.5,required,Correction + w 0.2,beta 0.5,71.49 (1.60),+0.287 (0.180),4/5,0.500 (0.000),R20 recompute (Round 15/18/19 values reproduced)
frozen replay,S1 replay,beta 0.5,required,Correction + w 0.45,beta 0.5,71.09 (1.43),-0.114 (0.076),0/5,0.500 (0.000),R20 recompute (Round 15/18/19 values reproduced)
frozen replay,S1 replay,beta 0.5,required,Corrected edge only,beta 0.5,71.55 (1.68),+0.347 (0.271),4/5,0.500 (0.000),R20 recompute (Round 15/18/19 values reproduced)
frozen replay,S1 replay,beta 0.5,required,Correction + product,beta 0.5,70.56 (1.33),-0.644 (0.293),0/5,0.500 (0.000),R20 recompute (Round 15/18/19 values reproduced)
frozen replay,S1 replay,beta 0.5,required,DriftGate,beta 0.5,71.21 (1.47),,,0.500 (0.000),R20 recompute (Round 15/18/19 values reproduced)
frozen replay,S1 replay,beta 0.5,appendix,Lower-entropy exit,beta 0.5,70.95 (1.69),-0.252 (0.358),1/5,0.500 (0.000),R20 recompute (Round 15/18/19 values reproduced)
frozen replay,S1 replay,beta 0.5,post hoc reference,Correction + best fixed w on the evaluation seeds (w = 0.00),beta 0.5,71.55 (1.68),+0.347 (0.271),4/5,0.500 (0.000),Round 19 cache (chosen with evaluation labels)
frozen replay,S2 replay,beta 1,required,Device only,none (device only),71.12 (3.13),-5.413 (1.216),0/3,0.000 (0.000),R20 recompute (Round 15/18/19 values reproduced)
frozen replay,S2 replay,beta 1,required,Raw edge only,beta 1,74.94 (4.18),-1.598 (1.656),0/3,1.000 (0.000),R20 recompute (Round 15/18/19 values reproduced)
frozen replay,S2 replay,beta 1,required,Confidence-based offloading,own threshold (0.8 nats),74.76 (4.03),-1.772 (1.509),0/3,0.723 (0.112),R20 recompute (Round 15/18/19 values reproduced)
frozen replay,S2 replay,beta 1,required,Probability average [strongest main-table rule],beta 1,75.90 (3.29),-0.637 (0.806),1/3,1.000 (0.000),R20 recompute (Round 15/18/19 values reproduced)
frozen replay,S2 replay,beta 1,required,Logit sum,beta 1,75.86 (3.08),-0.675 (0.680),1/3,1.000 (0.000),R20 recompute (Round 15/18/19 values reproduced)
frozen replay,S2 replay,beta 1,required,No correction + adaptive w,beta 1,75.88 (3.54),-0.651 (1.034),1/3,1.000 (0.000),R20 recompute (Round 15/18/19 values reproduced)
frozen replay,S2 replay,beta 1,required,Correction + w 0.5,beta 1,76.23 (2.45),-0.306 (0.139),0/3,1.000 (0.000),R20 recompute (Round 15/18/19 values reproduced)
frozen replay,S2 replay,beta 1,required,Correction + w 0.2,beta 1,76.66 (2.56),+0.128 (0.148),3/3,1.000 (0.000),R20 recompute (Round 15/18/19 values reproduced)
frozen replay,S2 replay,beta 1,required,Correction + w 0.45,beta 1,76.40 (2.47),-0.138 (0.071),0/3,1.000 (0.000),R20 recompute (Round 15/18/19 values reproduced)
frozen replay,S2 replay,beta 1,required,Corrected edge only,beta 1,76.59 (2.67),+0.054 (0.259),2/3,1.000 (0.000),R20 recompute (Round 15/18/19 values reproduced)
frozen replay,S2 replay,beta 1,required,Correction + product,beta 1,76.00 (2.40),-0.539 (0.319),0/3,1.000 (0.000),R20 recompute (Round 15/18/19 values reproduced)
frozen replay,S2 replay,beta 1,required,DriftGate,beta 1,76.54 (2.52),,,1.000 (0.000),R20 recompute (Round 15/18/19 values reproduced)
frozen replay,S2 replay,beta 1,appendix,Lower-entropy exit,beta 1,75.08 (4.03),-1.454 (1.512),0/3,1.000 (0.000),R20 recompute (Round 15/18/19 values reproduced)
frozen replay,S2 replay,beta 1,appendix,Logit-entropy weighting,beta 1,75.09 (4.03),-1.447 (1.509),0/3,1.000 (0.000),R20 recompute (Round 15/18/19 values reproduced)
frozen replay,S2 replay,beta 1,appendix,Geometric ensemble with early exit,same share as confidence-based,75.82 (3.06),-0.717 (0.654),1/3,NA,Round 15 cache
frozen replay,S2 replay,beta 1,appendix,Label-shift EM,beta 1,74.77 (1.96),-1.768 (0.566),0/3,1.000 (0.000),R20 recompute (Round 15/18/19 values reproduced)
frozen replay,S2 replay,beta 1,appendix,Learned weight,beta 1,74.53 (3.62),-2.003 (1.274),0/3,1.000 (0.000),R20 recompute (Round 15/18/19 values reproduced)
frozen replay,S2 replay,beta 1,appendix,Correction + learned weight,beta 1,75.26 (2.61),-1.276 (0.483),0/3,1.000 (0.000),R20 recompute (Round 15/18/19 values reproduced)
frozen replay,S2 replay,beta 1,post hoc reference,Correction + best fixed w on the evaluation seeds (w = 0.20),beta 1,76.66 (2.56),+0.128 (0.148),3/3,1.000 (0.000),Round 19 cache (chosen with evaluation labels)
frozen replay,S2 replay,beta 0.5,required,Device only,none (device only),71.12 (3.13),-4.885 (1.158),0/3,0.000 (0.000),R20 recompute (Round 15/18/19 values reproduced)
frozen replay,S2 replay,beta 0.5,required,Raw edge only,beta 0.5,74.91 (3.92),-1.093 (1.231),0/3,0.500 (0.000),R20 recompute (Round 15/18/19 values reproduced)
frozen replay,S2 replay,beta 0.5,required,Probability average,beta 0.5,75.54 (3.36),-0.469 (0.694),1/3,0.500 (0.000),R20 recompute (Round 15/18/19 values reproduced)
frozen replay,S2 replay,beta 0.5,required,Logit sum,beta 0.5,75.48 (3.18),-0.527 (0.571),1/3,0.500 (0.000),R20 recompute (Round 15/18/19 values reproduced)
frozen replay,S2 replay,beta 0.5,required,No correction + adaptive w,beta 0.5,75.58 (3.53),-0.429 (0.851),1/3,0.500 (0.000),R20 recompute (Round 15/18/19 values reproduced)
frozen replay,S2 replay,beta 0.5,required,Correction + w 0.5,beta 0.5,75.78 (2.60),-0.228 (0.141),0/3,0.500 (0.000),R20 recompute (Round 15/18/19 values reproduced)
frozen replay,S2 replay,beta 0.5,required,Correction + w 0.2,beta 0.5,76.04 (2.75),+0.037 (0.115),2/3,0.500 (0.000),R20 recompute (Round 15/18/19 values reproduced)
frozen replay,S2 replay,beta 0.5,required,Correction + w 0.45,beta 0.5,75.89 (2.64),-0.117 (0.069),0/3,0.500 (0.000),R20 recompute (Round 15/18/19 values reproduced)
frozen replay,S2 replay,beta 0.5,required,Corrected edge only,beta 0.5,75.99 (2.83),-0.015 (0.202),2/3,0.500 (0.000),R20 recompute (Round 15/18/19 values reproduced)
frozen replay,S2 replay,beta 0.5,required,Correction + product,beta 0.5,75.57 (2.55),-0.442 (0.305),0/3,0.500 (0.000),R20 recompute (Round 15/18/19 values reproduced)
frozen replay,S2 replay,beta 0.5,required,DriftGate,beta 0.5,76.01 (2.68),,,0.500 (0.000),R20 recompute (Round 15/18/19 values reproduced)
frozen replay,S2 replay,beta 0.5,appendix,Lower-entropy exit,beta 0.5,74.98 (3.86),-1.028 (1.178),1/3,0.500 (0.000),R20 recompute (Round 15/18/19 values reproduced)
frozen replay,S2 replay,beta 0.5,post hoc reference,Correction + best fixed w on the evaluation seeds (w = 0.20),beta 0.5,76.04 (2.75),+0.037 (0.115),2/3,0.500 (0.000),Round 19 cache (chosen with evaluation labels)
three-day frozen replay,S1 three-day,beta 1,required,Device only,none (device only),66.44 (1.04),-5.489 (1.160),0/5,0.000 (0.000),R20 recompute (Round 15/18/19 values reproduced)
three-day frozen replay,S1 three-day,beta 1,required,Raw edge only,beta 1,71.64 (2.22),-0.288 (0.482),2/5,1.000 (0.000),R20 recompute (Round 15/18/19 values reproduced)
three-day frozen replay,S1 three-day,beta 1,required,Confidence-based offloading,own threshold (0.8 nats),71.35 (2.22),-0.579 (0.473),0/5,0.770 (0.022),R20 recompute (Round 15/18/19 values reproduced)
three-day frozen replay,S1 three-day,beta 1,required,Probability average [strongest main-table rule],beta 1,72.19 (1.86),+0.268 (0.189),5/5,1.000 (0.000),R20 recompute (Round 15/18/19 values reproduced)
three-day frozen replay,S1 three-day,beta 1,required,Logit sum,beta 1,72.04 (1.79),+0.119 (0.255),4/5,1.000 (0.000),R20 recompute (Round 15/18/19 values reproduced)
three-day frozen replay,S1 three-day,beta 1,required,No correction + adaptive w,beta 1,72.36 (2.07),+0.436 (0.331),4/5,1.000 (0.000),R20 recompute (Round 15/18/19 values reproduced)
three-day frozen replay,S1 three-day,beta 1,required,Correction + w 0.5,beta 1,71.52 (1.58),-0.402 (0.203),0/5,1.000 (0.000),R20 recompute (Round 15/18/19 values reproduced)
three-day frozen replay,S1 three-day,beta 1,required,Correction + w 0.2,beta 1,72.52 (2.01),+0.599 (0.261),5/5,1.000 (0.000),R20 recompute (Round 15/18/19 values reproduced)
three-day frozen replay,S1 three-day,beta 1,required,Correction + w 0.45,beta 1,71.81 (1.67),-0.116 (0.117),1/5,1.000 (0.000),R20 recompute (Round 15/18/19 values reproduced)
three-day frozen replay,S1 three-day,beta 1,required,Corrected edge only,beta 1,72.67 (2.17),+0.745 (0.419),5/5,1.000 (0.000),R20 recompute (Round 15/18/19 values reproduced)
three-day frozen replay,S1 three-day,beta 1,required,Correction + product,beta 1,71.13 (1.46),-0.793 (0.355),0/5,1.000 (0.000),R20 recompute (Round 15/18/19 values reproduced)
three-day frozen replay,S1 three-day,beta 1,required,DriftGate,beta 1,71.93 (1.76),,,1.000 (0.000),R20 recompute (Round 15/18/19 values reproduced)
three-day frozen replay,S1 three-day,beta 1,appendix,Lower-entropy exit,beta 1,71.56 (2.11),-0.368 (0.356),0/5,1.000 (0.000),R20 recompute (Round 15/18/19 values reproduced)
three-day frozen replay,S1 three-day,beta 1,post hoc reference,Correction + best fixed w on the evaluation seeds (w = 0.00),beta 1,72.67 (2.17),+0.745 (0.419),5/5,1.000 (0.000),Round 19 cache (chosen with evaluation labels)
three-day frozen replay,S1 three-day,beta 0.5,required,Device only,none (device only),66.44 (1.04),-4.774 (0.893),0/5,0.000 (0.000),R20 recompute (Round 15/18/19 values reproduced)
three-day frozen replay,S1 three-day,beta 0.5,required,Raw edge only,beta 0.5,70.83 (1.87),-0.379 (0.365),0/5,0.500 (0.000),R20 recompute (Round 15/18/19 values reproduced)
three-day frozen replay,S1 three-day,beta 0.5,required,Probability average,beta 0.5,71.38 (1.61),+0.165 (0.134),5/5,0.500 (0.000),R20 recompute (Round 15/18/19 values reproduced)
three-day frozen replay,S1 three-day,beta 0.5,required,Logit sum,beta 0.5,71.25 (1.54),+0.035 (0.213),3/5,0.500 (0.000),R20 recompute (Round 15/18/19 values reproduced)
three-day frozen replay,S1 three-day,beta 0.5,required,No correction + adaptive w,beta 0.5,71.48 (1.75),+0.265 (0.215),4/5,0.500 (0.000),R20 recompute (Round 15/18/19 values reproduced)
three-day frozen replay,S1 three-day,beta 0.5,required,Correction + w 0.5,beta 0.5,70.92 (1.44),-0.292 (0.136),0/5,0.500 (0.000),R20 recompute (Round 15/18/19 values reproduced)
three-day frozen replay,S1 three-day,beta 0.5,required,Correction + w 0.2,beta 0.5,71.48 (1.73),+0.267 (0.169),4/5,0.500 (0.000),R20 recompute (Round 15/18/19 values reproduced)
three-day frozen replay,S1 three-day,beta 0.5,required,Correction + w 0.45,beta 0.5,71.10 (1.51),-0.114 (0.077),0/5,0.500 (0.000),R20 recompute (Round 15/18/19 values reproduced)
three-day frozen replay,S1 three-day,beta 0.5,required,Corrected edge only,beta 0.5,71.52 (1.84),+0.314 (0.272),4/5,0.500 (0.000),R20 recompute (Round 15/18/19 values reproduced)
three-day frozen replay,S1 three-day,beta 0.5,required,Correction + product,beta 0.5,70.58 (1.34),-0.626 (0.272),0/5,0.500 (0.000),R20 recompute (Round 15/18/19 values reproduced)
three-day frozen replay,S1 three-day,beta 0.5,required,DriftGate,beta 0.5,71.21 (1.57),,,0.500 (0.000),R20 recompute (Round 15/18/19 values reproduced)
three-day frozen replay,S1 three-day,beta 0.5,appendix,Lower-entropy exit,beta 0.5,70.87 (1.82),-0.343 (0.269),0/5,0.500 (0.000),R20 recompute (Round 15/18/19 values reproduced)
three-day frozen replay,S1 three-day,beta 0.5,post hoc reference,Correction + best fixed w on the evaluation seeds (w = 0.05),beta 0.5,71.53 (1.81),+0.316 (0.249),4/5,0.500 (0.000),Round 19 cache (chosen with evaluation labels)
three-day frozen replay,S2 three-day,beta 1,required,Device only,none (device only),70.62 (3.07),-5.705 (0.929),0/3,0.000 (0.000),R20 recompute (Round 15/18/19 values reproduced)
three-day frozen replay,S2 three-day,beta 1,required,Raw edge only,beta 1,74.76 (4.51),-1.569 (1.839),1/3,1.000 (0.000),R20 recompute (Round 15/18/19 values reproduced)
three-day frozen replay,S2 three-day,beta 1,required,Confidence-based offloading,own threshold (0.8 nats),74.58 (4.39),-1.744 (1.723),0/3,0.727 (0.107),R20 recompute (Round 15/18/19 values reproduced)
three-day frozen replay,S2 three-day,beta 1,required,Probability average [strongest main-table rule],beta 1,75.69 (3.56),-0.639 (0.902),1/3,1.000 (0.000),R20 recompute (Round 15/18/19 values reproduced)
three-day frozen replay,S2 three-day,beta 1,required,Logit sum,beta 1,75.64 (3.31),-0.689 (0.725),1/3,1.000 (0.000),R20 recompute (Round 15/18/19 values reproduced)
three-day frozen replay,S2 three-day,beta 1,required,No correction + adaptive w,beta 1,75.66 (3.86),-0.668 (1.193),1/3,1.000 (0.000),R20 recompute (Round 15/18/19 values reproduced)
three-day frozen replay,S2 three-day,beta 1,required,Correction + w 0.5,beta 1,75.99 (2.57),-0.343 (0.124),0/3,1.000 (0.000),R20 recompute (Round 15/18/19 values reproduced)
three-day frozen replay,S2 three-day,beta 1,required,Correction + w 0.2,beta 1,76.50 (2.75),+0.169 (0.153),3/3,1.000 (0.000),R20 recompute (Round 15/18/19 values reproduced)
three-day frozen replay,S2 three-day,beta 1,required,Correction + w 0.45,beta 1,76.18 (2.61),-0.150 (0.065),0/3,1.000 (0.000),R20 recompute (Round 15/18/19 values reproduced)
three-day frozen replay,S2 three-day,beta 1,required,Corrected edge only,beta 1,76.43 (2.88),+0.101 (0.280),2/3,1.000 (0.000),R20 recompute (Round 15/18/19 values reproduced)
three-day frozen replay,S2 three-day,beta 1,required,Correction + product,beta 1,75.71 (2.54),-0.617 (0.280),0/3,1.000 (0.000),R20 recompute (Round 15/18/19 values reproduced)
three-day frozen replay,S2 three-day,beta 1,required,DriftGate,beta 1,76.33 (2.67),,,1.000 (0.000),R20 recompute (Round 15/18/19 values reproduced)
three-day frozen replay,S2 three-day,beta 1,appendix,Lower-entropy exit,beta 1,74.85 (4.41),-1.475 (1.743),1/3,1.000 (0.000),R20 recompute (Round 15/18/19 values reproduced)
three-day frozen replay,S2 three-day,beta 1,post hoc reference,Correction + best fixed w on the evaluation seeds (w = 0.20),beta 1,76.50 (2.75),+0.169 (0.153),3/3,1.000 (0.000),Round 19 cache (chosen with evaluation labels)
three-day frozen replay,S2 three-day,beta 0.5,required,Device only,none (device only),70.62 (3.07),-5.103 (0.979),0/3,0.000 (0.000),R20 recompute (Round 15/18/19 values reproduced)
three-day frozen replay,S2 three-day,beta 0.5,required,Raw edge only,beta 0.5,74.69 (4.19),-1.033 (1.420),1/3,0.500 (0.000),R20 recompute (Round 15/18/19 values reproduced)
three-day frozen replay,S2 three-day,beta 0.5,required,Probability average,beta 0.5,75.26 (3.53),-0.468 (0.768),1/3,0.500 (0.000),R20 recompute (Round 15/18/19 values reproduced)
three-day frozen replay,S2 three-day,beta 0.5,required,Logit sum,beta 0.5,75.18 (3.31),-0.543 (0.606),1/3,0.500 (0.000),R20 recompute (Round 15/18/19 values reproduced)
three-day frozen replay,S2 three-day,beta 0.5,required,No correction + adaptive w,beta 0.5,75.30 (3.72),-0.424 (0.954),1/3,0.500 (0.000),R20 recompute (Round 15/18/19 values reproduced)
three-day frozen replay,S2 three-day,beta 0.5,required,Correction + w 0.5,beta 0.5,75.47 (2.67),-0.260 (0.130),0/3,0.500 (0.000),R20 recompute (Round 15/18/19 values reproduced)
three-day frozen replay,S2 three-day,beta 0.5,required,Correction + w 0.2,beta 0.5,75.79 (2.87),+0.059 (0.132),2/3,0.500 (0.000),R20 recompute (Round 15/18/19 values reproduced)
three-day frozen replay,S2 three-day,beta 0.5,required,Correction + w 0.45,beta 0.5,75.60 (2.72),-0.131 (0.059),0/3,0.500 (0.000),R20 recompute (Round 15/18/19 values reproduced)
three-day frozen replay,S2 three-day,beta 0.5,required,Corrected edge only,beta 0.5,75.74 (2.97),+0.012 (0.233),2/3,0.500 (0.000),R20 recompute (Round 15/18/19 values reproduced)
three-day frozen replay,S2 three-day,beta 0.5,required,Correction + product,beta 0.5,75.22 (2.63),-0.511 (0.285),0/3,0.500 (0.000),R20 recompute (Round 15/18/19 values reproduced)
three-day frozen replay,S2 three-day,beta 0.5,required,DriftGate,beta 0.5,75.73 (2.77),,,0.500 (0.000),R20 recompute (Round 15/18/19 values reproduced)
three-day frozen replay,S2 three-day,beta 0.5,appendix,Lower-entropy exit,beta 0.5,74.73 (4.12),-0.999 (1.353),1/3,0.500 (0.000),R20 recompute (Round 15/18/19 values reproduced)
three-day frozen replay,S2 three-day,beta 0.5,post hoc reference,Correction + best fixed w on the evaluation seeds (w = 0.20),beta 0.5,75.79 (2.87),+0.059 (0.132),2/3,0.500 (0.000),Round 19 cache (chosen with evaluation labels)
