condition,setting,block,rule,seed,accuracy pct,minus DriftGate pp
first day,S1,beta 1,Device only,0,63.8413,-5.5190
first day,S1,beta 1,Device only,1,64.5322,-4.5418
first day,S1,beta 1,Device only,2,64.6302,-3.5253
first day,S1,beta 1,Device only,3,61.2091,-3.0498
first day,S1,beta 1,Device only,4,66.5806,-4.1442
first day,S1,beta 1,Raw edge only,0,63.3495,-6.0108
first day,S1,beta 1,Raw edge only,1,63.5870,-5.4870
first day,S1,beta 1,Raw edge only,2,62.8651,-5.2903
first day,S1,beta 1,Raw edge only,3,58.7261,-5.5328
first day,S1,beta 1,Raw edge only,4,66.0180,-4.7068
first day,S1,beta 1,Confidence-based offloading,0,63.2900,-6.0704
first day,S1,beta 1,Confidence-based offloading,1,63.5606,-5.5133
first day,S1,beta 1,Confidence-based offloading,2,62.8428,-5.3126
first day,S1,beta 1,Confidence-based offloading,3,58.6727,-5.5862
first day,S1,beta 1,Confidence-based offloading,4,65.9639,-4.7608
first day,S1,beta 1,Probability average,0,68.6886,-0.6718
first day,S1,beta 1,Probability average,1,68.1725,-0.9015
first day,S1,beta 1,Probability average,2,66.9896,-1.1658
first day,S1,beta 1,Probability average,3,62.5305,-1.7284
first day,S1,beta 1,Probability average,4,70.2277,-0.4971
first day,S1,beta 1,Logit sum,0,68.7538,-0.6065
first day,S1,beta 1,Logit sum,1,68.1509,-0.9231
first day,S1,beta 1,Logit sum,2,67.1435,-1.0119
first day,S1,beta 1,Logit sum,3,62.4129,-1.8460
first day,S1,beta 1,Logit sum,4,70.3798,-0.3450
first day,S1,beta 1,No correction + adaptive w,0,68.5504,-0.8099
first day,S1,beta 1,No correction + adaptive w,1,68.0601,-1.0139
first day,S1,beta 1,No correction + adaptive w,2,66.5990,-1.5565
first day,S1,beta 1,No correction + adaptive w,3,62.2190,-2.0399
first day,S1,beta 1,No correction + adaptive w,4,70.1400,-0.5847
first day,S1,beta 1,Correction + w 0.5,0,69.0362,-0.3241
first day,S1,beta 1,Correction + w 0.5,1,68.8194,-0.2545
first day,S1,beta 1,Correction + w 0.5,2,68.0429,-0.1125
first day,S1,beta 1,Correction + w 0.5,3,64.1983,-0.0605
first day,S1,beta 1,Correction + w 0.5,4,70.5292,-0.1956
first day,S1,beta 1,Correction + w 0.2,0,69.2832,-0.0772
first day,S1,beta 1,Correction + w 0.2,1,69.0985,+0.0245
first day,S1,beta 1,Correction + w 0.2,2,68.0523,-0.1032
first day,S1,beta 1,Correction + w 0.2,3,63.8916,-0.3673
first day,S1,beta 1,Correction + w 0.2,4,70.4881,-0.2367
first day,S1,beta 1,Correction + w 0.45,0,69.1844,-0.1760
first day,S1,beta 1,Correction + w 0.45,1,68.9555,-0.1185
first day,S1,beta 1,Correction + w 0.45,2,68.1091,-0.0463
first day,S1,beta 1,Correction + w 0.45,3,64.1814,-0.0775
first day,S1,beta 1,Correction + w 0.45,4,70.6080,-0.1167
first day,S1,beta 1,Corrected edge only,0,68.9687,-0.3916
first day,S1,beta 1,Corrected edge only,1,68.8826,-0.1913
first day,S1,beta 1,Corrected edge only,2,67.7702,-0.3852
first day,S1,beta 1,Corrected edge only,3,63.5900,-0.6688
first day,S1,beta 1,Corrected edge only,4,70.1270,-0.5978
first day,S1,beta 1,Correction + product,0,68.7147,-0.6457
first day,S1,beta 1,Correction + product,1,68.4869,-0.5870
first day,S1,beta 1,Correction + product,2,67.9282,-0.2273
first day,S1,beta 1,Correction + product,3,63.9923,-0.2666
first day,S1,beta 1,Correction + product,4,70.4028,-0.3219
first day,S1,beta 1,DriftGate,0,69.3603,+0.0000
first day,S1,beta 1,DriftGate,1,69.0740,+0.0000
first day,S1,beta 1,DriftGate,2,68.1554,+0.0000
first day,S1,beta 1,DriftGate,3,64.2589,+0.0000
first day,S1,beta 1,DriftGate,4,70.7247,+0.0000
first day,S1,beta 1,Lower-entropy exit,0,65.2118,-4.1486
first day,S1,beta 1,Lower-entropy exit,1,65.1884,-3.8856
first day,S1,beta 1,Lower-entropy exit,2,63.9388,-4.2166
first day,S1,beta 1,Lower-entropy exit,3,60.0217,-4.2372
first day,S1,beta 1,Lower-entropy exit,4,67.3867,-3.3380
first day,S1,beta 1,Logit-entropy weighting,0,65.2155,-4.1449
first day,S1,beta 1,Logit-entropy weighting,1,65.1871,-3.8869
first day,S1,beta 1,Logit-entropy weighting,2,63.9399,-4.2155
first day,S1,beta 1,Logit-entropy weighting,3,60.0226,-4.2362
first day,S1,beta 1,Logit-entropy weighting,4,67.3881,-3.3367
first day,S1,beta 1,Geometric ensemble with early exit,0,68.7449,-0.6155
first day,S1,beta 1,Geometric ensemble with early exit,1,68.1470,-0.9270
first day,S1,beta 1,Geometric ensemble with early exit,2,67.1402,-1.0152
first day,S1,beta 1,Geometric ensemble with early exit,3,62.4097,-1.8492
first day,S1,beta 1,Geometric ensemble with early exit,4,70.3718,-0.3529
first day,S1,beta 1,Label-shift EM,0,65.3603,-4.0000
first day,S1,beta 1,Label-shift EM,1,65.4021,-3.6719
first day,S1,beta 1,Label-shift EM,2,65.4189,-2.7365
first day,S1,beta 1,Label-shift EM,3,61.1476,-3.1112
first day,S1,beta 1,Label-shift EM,4,66.8869,-3.8379
first day,S1,beta 1,Learned weight,0,68.1129,-1.2475
first day,S1,beta 1,Learned weight,1,67.7455,-1.3285
first day,S1,beta 1,Learned weight,2,66.4285,-1.7269
first day,S1,beta 1,Learned weight,3,61.9010,-2.3579
first day,S1,beta 1,Learned weight,4,69.8783,-0.8465
first day,S1,beta 1,Correction + learned weight,0,68.8854,-0.4749
first day,S1,beta 1,Correction + learned weight,1,68.6441,-0.4299
first day,S1,beta 1,Correction + learned weight,2,67.8804,-0.2750
first day,S1,beta 1,Correction + learned weight,3,63.6131,-0.6458
first day,S1,beta 1,Correction + learned weight,4,70.3976,-0.3272
first day,S1,beta 0.5,Device only,0,63.8413,-4.5892
first day,S1,beta 0.5,Device only,1,64.5322,-3.8938
first day,S1,beta 0.5,Device only,2,64.6302,-3.0891
first day,S1,beta 0.5,Device only,3,61.2091,-2.7515
first day,S1,beta 0.5,Device only,4,66.5806,-3.5314
first day,S1,beta 0.5,Raw edge only,0,65.1116,-3.3188
first day,S1,beta 0.5,Raw edge only,1,65.4305,-2.9955
first day,S1,beta 0.5,Raw edge only,2,64.9289,-2.7904
first day,S1,beta 0.5,Raw edge only,3,60.7424,-3.2183
first day,S1,beta 0.5,Raw edge only,4,67.4318,-2.6803
first day,S1,beta 0.5,Probability average,0,67.8981,-0.5324
first day,S1,beta 0.5,Probability average,1,67.7728,-0.6531
first day,S1,beta 0.5,Probability average,2,66.9926,-0.7267
first day,S1,beta 0.5,Probability average,3,62.7276,-1.2331
first day,S1,beta 0.5,Probability average,4,69.6875,-0.4246
first day,S1,beta 0.5,Logit sum,0,67.9641,-0.4664
first day,S1,beta 0.5,Logit sum,1,67.7471,-0.6789
first day,S1,beta 0.5,Logit sum,2,67.0708,-0.6485
first day,S1,beta 0.5,Logit sum,3,62.7255,-1.2352
first day,S1,beta 0.5,Logit sum,4,69.8188,-0.2932
first day,S1,beta 0.5,No correction + adaptive w,0,67.8265,-0.6040
first day,S1,beta 0.5,No correction + adaptive w,1,67.7146,-0.7113
first day,S1,beta 0.5,No correction + adaptive w,2,66.8444,-0.8749
first day,S1,beta 0.5,No correction + adaptive w,3,62.5549,-1.4058
first day,S1,beta 0.5,No correction + adaptive w,4,69.5829,-0.5292
first day,S1,beta 0.5,Correction + w 0.5,0,68.2193,-0.2112
first day,S1,beta 0.5,Correction + w 0.5,1,68.2460,-0.1800
first day,S1,beta 0.5,Correction + w 0.5,2,67.6213,-0.0980
first day,S1,beta 0.5,Correction + w 0.5,3,63.9186,-0.0421
first day,S1,beta 0.5,Correction + w 0.5,4,69.9847,-0.1274
first day,S1,beta 0.5,Correction + w 0.2,0,68.4391,+0.0086
first day,S1,beta 0.5,Correction + w 0.2,1,68.4624,+0.0364
first day,S1,beta 0.5,Correction + w 0.2,2,67.7054,-0.0139
first day,S1,beta 0.5,Correction + w 0.2,3,63.7796,-0.1811
first day,S1,beta 0.5,Correction + w 0.2,4,70.0127,-0.0993
first day,S1,beta 0.5,Correction + w 0.45,0,68.3257,-0.1048
first day,S1,beta 0.5,Correction + w 0.45,1,68.3419,-0.0841
first day,S1,beta 0.5,Correction + w 0.45,2,67.6804,-0.0389
first day,S1,beta 0.5,Correction + w 0.45,3,63.9105,-0.0502
first day,S1,beta 0.5,Correction + w 0.45,4,70.0367,-0.0753
first day,S1,beta 0.5,Corrected edge only,0,68.3260,-0.1045
first day,S1,beta 0.5,Corrected edge only,1,68.3711,-0.0548
first day,S1,beta 0.5,Corrected edge only,2,67.5934,-0.1259
first day,S1,beta 0.5,Corrected edge only,3,63.6121,-0.3486
first day,S1,beta 0.5,Corrected edge only,4,69.8637,-0.2483
first day,S1,beta 0.5,Correction + product,0,67.9402,-0.4903
first day,S1,beta 0.5,Correction + product,1,67.9711,-0.4548
first day,S1,beta 0.5,Correction + product,2,67.5081,-0.2112
first day,S1,beta 0.5,Correction + product,3,63.7893,-0.1714
first day,S1,beta 0.5,Correction + product,4,69.8566,-0.2554
first day,S1,beta 0.5,DriftGate,0,68.4305,+0.0000
first day,S1,beta 0.5,DriftGate,1,68.4259,+0.0000
first day,S1,beta 0.5,DriftGate,2,67.7193,+0.0000
first day,S1,beta 0.5,DriftGate,3,63.9607,+0.0000
first day,S1,beta 0.5,DriftGate,4,70.1120,+0.0000
first day,S1,beta 0.5,Lower-entropy exit,0,65.8945,-2.5360
first day,S1,beta 0.5,Lower-entropy exit,1,66.0047,-2.4213
first day,S1,beta 0.5,Lower-entropy exit,2,65.3668,-2.3525
first day,S1,beta 0.5,Lower-entropy exit,3,61.1650,-2.7957
first day,S1,beta 0.5,Lower-entropy exit,4,67.9081,-2.2040
round > 30,S1,beta 1,Device only,0,61.0986,-6.7925
round > 30,S1,beta 1,Device only,1,61.9165,-5.7025
round > 30,S1,beta 1,Device only,2,62.4957,-4.3929
round > 30,S1,beta 1,Device only,3,59.0020,-4.4797
round > 30,S1,beta 1,Device only,4,64.3424,-5.2929
round > 30,S1,beta 1,Raw edge only,0,65.7012,-2.1899
round > 30,S1,beta 1,Raw edge only,1,66.4608,-1.1582
round > 30,S1,beta 1,Raw edge only,2,63.5735,-3.3152
round > 30,S1,beta 1,Raw edge only,3,60.1671,-3.3146
round > 30,S1,beta 1,Raw edge only,4,68.3635,-1.2718
round > 30,S1,beta 1,Confidence-based offloading,0,65.6242,-2.2669
round > 30,S1,beta 1,Confidence-based offloading,1,66.4267,-1.1922
round > 30,S1,beta 1,Confidence-based offloading,2,63.5445,-3.3442
round > 30,S1,beta 1,Confidence-based offloading,3,60.0985,-3.3832
round > 30,S1,beta 1,Confidence-based offloading,4,68.2936,-1.3418
round > 30,S1,beta 1,Probability average,0,67.6472,-0.2438
round > 30,S1,beta 1,Probability average,1,67.9523,+0.3333
round > 30,S1,beta 1,Probability average,2,66.2176,-0.6711
round > 30,S1,beta 1,Probability average,3,61.9563,-1.5254
round > 30,S1,beta 1,Probability average,4,69.9315,+0.2962
round > 30,S1,beta 1,Logit sum,0,67.6507,-0.2403
round > 30,S1,beta 1,Logit sum,1,67.7060,+0.0870
round > 30,S1,beta 1,Logit sum,2,66.2527,-0.6360
round > 30,S1,beta 1,Logit sum,3,61.8285,-1.6532
round > 30,S1,beta 1,Logit sum,4,69.9651,+0.3298
round > 30,S1,beta 1,No correction + adaptive w,0,67.6988,-0.1922
round > 30,S1,beta 1,No correction + adaptive w,1,68.1086,+0.4896
round > 30,S1,beta 1,No correction + adaptive w,2,65.9811,-0.9076
round > 30,S1,beta 1,No correction + adaptive w,3,61.7078,-1.7739
round > 30,S1,beta 1,No correction + adaptive w,4,70.0301,+0.3948
round > 30,S1,beta 1,Correction + w 0.5,0,67.4403,-0.4508
round > 30,S1,beta 1,Correction + w 0.5,1,67.2596,-0.3594
round > 30,S1,beta 1,Correction + w 0.5,2,66.6719,-0.2168
round > 30,S1,beta 1,Correction + w 0.5,3,63.3592,-0.1225
round > 30,S1,beta 1,Correction + w 0.5,4,69.3429,-0.2924
round > 30,S1,beta 1,Correction + w 0.2,0,68.4633,+0.5723
round > 30,S1,beta 1,Correction + w 0.2,1,68.2723,+0.6533
round > 30,S1,beta 1,Correction + w 0.2,2,67.2082,+0.3195
round > 30,S1,beta 1,Correction + w 0.2,3,63.6364,+0.1547
round > 30,S1,beta 1,Correction + w 0.2,4,70.1732,+0.5379
round > 30,S1,beta 1,Correction + w 0.45,0,67.7297,-0.1613
round > 30,S1,beta 1,Correction + w 0.45,1,67.5097,-0.1093
round > 30,S1,beta 1,Correction + w 0.45,2,66.8413,-0.0474
round > 30,S1,beta 1,Correction + w 0.45,3,63.4595,-0.0222
round > 30,S1,beta 1,Correction + w 0.45,4,69.5561,-0.0792
round > 30,S1,beta 1,Corrected edge only,0,68.6251,+0.7341
round > 30,S1,beta 1,Corrected edge only,1,68.5673,+0.9484
round > 30,S1,beta 1,Corrected edge only,2,67.1953,+0.3066
round > 30,S1,beta 1,Corrected edge only,3,63.5603,+0.0786
round > 30,S1,beta 1,Corrected edge only,4,70.3283,+0.6930
round > 30,S1,beta 1,Correction + product,0,66.9666,-0.9244
round > 30,S1,beta 1,Correction + product,1,66.7706,-0.8484
round > 30,S1,beta 1,Correction + product,2,66.4925,-0.3962
round > 30,S1,beta 1,Correction + product,3,63.0738,-0.4079
round > 30,S1,beta 1,Correction + product,4,69.0748,-0.5606
round > 30,S1,beta 1,DriftGate,0,67.8911,+0.0000
round > 30,S1,beta 1,DriftGate,1,67.6190,+0.0000
round > 30,S1,beta 1,DriftGate,2,66.8887,+0.0000
round > 30,S1,beta 1,DriftGate,3,63.4817,+0.0000
round > 30,S1,beta 1,DriftGate,4,69.6353,+0.0000
round > 30,S1,beta 1,Lower-entropy exit,0,65.8481,-2.0430
round > 30,S1,beta 1,Lower-entropy exit,1,66.9019,-0.7171
round > 30,S1,beta 1,Lower-entropy exit,2,64.1280,-2.7607
round > 30,S1,beta 1,Lower-entropy exit,3,60.5274,-2.9544
round > 30,S1,beta 1,Lower-entropy exit,4,68.5419,-1.0934
round > 30,S1,beta 1,Logit-entropy weighting,0,65.8522,-2.0389
round > 30,S1,beta 1,Logit-entropy weighting,1,66.8997,-0.7192
round > 30,S1,beta 1,Logit-entropy weighting,2,64.1294,-2.7593
round > 30,S1,beta 1,Logit-entropy weighting,3,60.5286,-2.9531
round > 30,S1,beta 1,Logit-entropy weighting,4,68.5437,-1.0917
round > 30,S1,beta 1,Geometric ensemble with early exit,0,67.6390,-0.2520
round > 30,S1,beta 1,Geometric ensemble with early exit,1,67.7009,+0.0819
round > 30,S1,beta 1,Geometric ensemble with early exit,2,66.2484,-0.6403
round > 30,S1,beta 1,Geometric ensemble with early exit,3,61.8244,-1.6573
round > 30,S1,beta 1,Geometric ensemble with early exit,4,69.9548,+0.3195
round > 30,S1,beta 1,Label-shift EM,0,66.1316,-1.7595
round > 30,S1,beta 1,Label-shift EM,1,64.8784,-2.7406
round > 30,S1,beta 1,Label-shift EM,2,64.6710,-2.2176
round > 30,S1,beta 1,Label-shift EM,3,61.7377,-1.7440
round > 30,S1,beta 1,Label-shift EM,4,67.4767,-2.1586
round > 30,S1,beta 1,Learned weight,0,67.2144,-0.6766
round > 30,S1,beta 1,Learned weight,1,67.6856,+0.0666
round > 30,S1,beta 1,Learned weight,2,65.7186,-1.1701
round > 30,S1,beta 1,Learned weight,3,61.2258,-2.2559
round > 30,S1,beta 1,Learned weight,4,69.7606,+0.1253
round > 30,S1,beta 1,Correction + learned weight,0,67.6171,-0.2740
round > 30,S1,beta 1,Correction + learned weight,1,67.4094,-0.2096
round > 30,S1,beta 1,Correction + learned weight,2,66.7832,-0.1055
round > 30,S1,beta 1,Correction + learned weight,3,62.9602,-0.5215
round > 30,S1,beta 1,Correction + learned weight,4,69.6233,-0.0121
round > 30,S1,beta 0.5,Device only,0,61.0986,-5.4737
round > 30,S1,beta 0.5,Device only,1,61.9165,-4.7575
round > 30,S1,beta 0.5,Device only,2,62.4957,-3.7080
round > 30,S1,beta 0.5,Device only,3,59.0020,-3.7550
round > 30,S1,beta 0.5,Device only,4,64.3424,-4.4358
round > 30,S1,beta 0.5,Raw edge only,0,65.1417,-1.4306
round > 30,S1,beta 0.5,Raw edge only,1,65.8564,-0.8176
round > 30,S1,beta 0.5,Raw edge only,2,64.3453,-1.8585
round > 30,S1,beta 0.5,Raw edge only,3,60.6325,-2.1246
round > 30,S1,beta 0.5,Raw edge only,4,67.7849,-0.9934
round > 30,S1,beta 0.5,Probability average,0,66.3451,-0.2271
round > 30,S1,beta 0.5,Probability average,1,66.7654,+0.0914
round > 30,S1,beta 0.5,Probability average,2,65.7816,-0.4222
round > 30,S1,beta 0.5,Probability average,3,61.7569,-1.0001
round > 30,S1,beta 0.5,Probability average,4,68.9393,+0.1610
round > 30,S1,beta 0.5,Logit sum,0,66.3383,-0.2339
round > 30,S1,beta 0.5,Logit sum,1,66.5806,-0.0934
round > 30,S1,beta 0.5,Logit sum,2,65.8017,-0.4020
round > 30,S1,beta 0.5,Logit sum,3,61.7091,-1.0480
round > 30,S1,beta 0.5,Logit sum,4,68.9501,+0.1719
round > 30,S1,beta 0.5,No correction + adaptive w,0,66.3639,-0.2083
round > 30,S1,beta 0.5,No correction + adaptive w,1,66.8179,+0.1439
round > 30,S1,beta 0.5,No correction + adaptive w,2,65.6982,-0.5055
round > 30,S1,beta 0.5,No correction + adaptive w,3,61.6250,-1.1320
round > 30,S1,beta 0.5,No correction + adaptive w,4,68.9296,+0.1514
round > 30,S1,beta 0.5,Correction + w 0.5,0,66.2871,-0.2851
round > 30,S1,beta 0.5,Correction + w 0.5,1,66.4339,-0.2401
round > 30,S1,beta 0.5,Correction + w 0.5,2,66.0481,-0.1556
round > 30,S1,beta 0.5,Correction + w 0.5,3,62.6781,-0.0789
round > 30,S1,beta 0.5,Correction + w 0.5,4,68.5870,-0.1912
round > 30,S1,beta 0.5,Correction + w 0.2,0,66.8963,+0.3241
round > 30,S1,beta 0.5,Correction + w 0.2,1,67.0073,+0.3333
round > 30,S1,beta 0.5,Correction + w 0.2,2,66.3767,+0.1729
round > 30,S1,beta 0.5,Correction + w 0.2,3,62.7836,+0.0266
round > 30,S1,beta 0.5,Correction + w 0.2,4,69.0554,+0.2771
round > 30,S1,beta 0.5,Correction + w 0.45,0,66.4717,-0.1006
round > 30,S1,beta 0.5,Correction + w 0.45,1,66.5909,-0.0831
round > 30,S1,beta 0.5,Correction + w 0.45,2,66.1622,-0.0415
round > 30,S1,beta 0.5,Correction + w 0.45,3,62.7327,-0.0243
round > 30,S1,beta 0.5,Correction + w 0.45,4,68.7193,-0.0589
round > 30,S1,beta 0.5,Corrected edge only,0,66.9824,+0.4101
round > 30,S1,beta 0.5,Corrected edge only,1,67.1277,+0.4537
round > 30,S1,beta 0.5,Corrected edge only,2,66.3691,+0.1654
round > 30,S1,beta 0.5,Corrected edge only,3,62.7005,-0.0566
round > 30,S1,beta 0.5,Corrected edge only,4,69.1051,+0.3268
round > 30,S1,beta 0.5,Correction + product,0,65.9085,-0.6638
round > 30,S1,beta 0.5,Correction + product,1,66.0482,-0.6258
round > 30,S1,beta 0.5,Correction + product,2,65.8928,-0.3110
round > 30,S1,beta 0.5,Correction + product,3,62.5051,-0.2520
round > 30,S1,beta 0.5,Correction + product,4,68.3543,-0.4239
round > 30,S1,beta 0.5,DriftGate,0,66.5722,+0.0000
round > 30,S1,beta 0.5,DriftGate,1,66.6740,+0.0000
round > 30,S1,beta 0.5,DriftGate,2,66.2037,+0.0000
round > 30,S1,beta 0.5,DriftGate,3,62.7571,+0.0000
round > 30,S1,beta 0.5,DriftGate,4,68.7782,+0.0000
round > 30,S1,beta 0.5,Lower-entropy exit,0,65.2477,-1.3245
round > 30,S1,beta 0.5,Lower-entropy exit,1,66.0420,-0.6320
round > 30,S1,beta 0.5,Lower-entropy exit,2,64.6180,-1.5857
round > 30,S1,beta 0.5,Lower-entropy exit,3,60.8175,-1.9395
round > 30,S1,beta 0.5,Lower-entropy exit,4,67.9291,-0.8491
first day,S2,beta 1,Device only,0,66.4209,-4.2237
first day,S2,beta 1,Device only,1,68.7001,-3.2087
first day,S2,beta 1,Device only,2,71.9956,-0.5515
first day,S2,beta 1,Raw edge only,0,61.2048,-9.4398
first day,S2,beta 1,Raw edge only,1,65.8716,-6.0372
first day,S2,beta 1,Raw edge only,2,68.6412,-3.9059
first day,S2,beta 1,Confidence-based offloading,0,61.1738,-9.4708
first day,S2,beta 1,Confidence-based offloading,1,65.8066,-6.1022
first day,S2,beta 1,Confidence-based offloading,2,68.5645,-3.9825
first day,S2,beta 1,Probability average,0,67.8778,-2.7668
first day,S2,beta 1,Probability average,1,69.8554,-2.0534
first day,S2,beta 1,Probability average,2,71.9210,-0.6261
first day,S2,beta 1,Logit sum,0,68.1149,-2.5297
first day,S2,beta 1,Logit sum,1,70.0421,-1.8666
first day,S2,beta 1,Logit sum,2,72.0477,-0.4993
first day,S2,beta 1,No correction + adaptive w,0,67.1676,-3.4770
first day,S2,beta 1,No correction + adaptive w,1,69.3305,-2.5783
first day,S2,beta 1,No correction + adaptive w,2,71.3806,-1.1664
first day,S2,beta 1,Correction + w 0.5,0,70.6102,-0.0344
first day,S2,beta 1,Correction + w 0.5,1,71.9419,+0.0331
first day,S2,beta 1,Correction + w 0.5,2,72.7664,+0.2194
first day,S2,beta 1,Correction + w 0.2,0,70.0814,-0.5632
first day,S2,beta 1,Correction + w 0.2,1,71.3870,-0.5218
first day,S2,beta 1,Correction + w 0.2,2,71.6162,-0.9309
first day,S2,beta 1,Correction + w 0.45,0,70.5970,-0.0476
first day,S2,beta 1,Correction + w 0.45,1,71.8911,-0.0177
first day,S2,beta 1,Correction + w 0.45,2,72.5642,+0.0172
first day,S2,beta 1,Corrected edge only,0,69.5435,-1.1011
first day,S2,beta 1,Corrected edge only,1,70.8971,-1.0117
first day,S2,beta 1,Corrected edge only,2,71.0248,-1.5222
first day,S2,beta 1,Correction + product,0,70.5487,-0.0958
first day,S2,beta 1,Correction + product,1,71.8623,-0.0465
first day,S2,beta 1,Correction + product,2,72.8597,+0.3126
first day,S2,beta 1,DriftGate,0,70.6446,+0.0000
first day,S2,beta 1,DriftGate,1,71.9088,+0.0000
first day,S2,beta 1,DriftGate,2,72.5470,+0.0000
first day,S2,beta 1,Lower-entropy exit,0,63.2587,-7.3859
first day,S2,beta 1,Lower-entropy exit,1,66.8269,-5.0818
first day,S2,beta 1,Lower-entropy exit,2,69.8559,-2.6911
first day,S2,beta 1,Logit-entropy weighting,0,63.2617,-7.3829
first day,S2,beta 1,Logit-entropy weighting,1,66.8291,-5.0797
first day,S2,beta 1,Logit-entropy weighting,2,69.8627,-2.6843
first day,S2,beta 1,Geometric ensemble with early exit,0,68.1084,-2.5362
first day,S2,beta 1,Geometric ensemble with early exit,1,70.0325,-1.8762
first day,S2,beta 1,Geometric ensemble with early exit,2,72.0374,-0.5096
first day,S2,beta 1,Label-shift EM,0,68.0880,-2.5566
first day,S2,beta 1,Label-shift EM,1,68.6975,-3.2113
first day,S2,beta 1,Label-shift EM,2,69.1175,-3.4296
first day,S2,beta 1,Learned weight,0,66.2756,-4.3690
first day,S2,beta 1,Learned weight,1,68.6166,-3.2922
first day,S2,beta 1,Learned weight,2,70.8716,-1.6755
first day,S2,beta 1,Correction + learned weight,0,69.6218,-1.0228
first day,S2,beta 1,Correction + learned weight,1,70.7738,-1.1350
first day,S2,beta 1,Correction + learned weight,2,71.5803,-0.9667
first day,S2,beta 0.5,Device only,0,66.4209,-3.7877
first day,S2,beta 0.5,Device only,1,68.7001,-3.2568
first day,S2,beta 0.5,Device only,2,71.9956,-1.1515
first day,S2,beta 0.5,Raw edge only,0,64.8259,-5.3827
first day,S2,beta 0.5,Raw edge only,1,68.7275,-3.2294
first day,S2,beta 0.5,Raw edge only,2,71.0421,-2.1049
first day,S2,beta 0.5,Probability average,0,68.1500,-2.0585
first day,S2,beta 0.5,Probability average,1,70.4979,-1.4590
first day,S2,beta 0.5,Probability average,2,72.6738,-0.4732
first day,S2,beta 0.5,Logit sum,0,68.3453,-1.8633
first day,S2,beta 0.5,Logit sum,1,70.6381,-1.3188
first day,S2,beta 0.5,Logit sum,2,72.8035,-0.3436
first day,S2,beta 0.5,No correction + adaptive w,0,67.8044,-2.4042
first day,S2,beta 0.5,No correction + adaptive w,1,70.2983,-1.6586
first day,S2,beta 0.5,No correction + adaptive w,2,72.4141,-0.7330
first day,S2,beta 0.5,Correction + w 0.5,0,70.1616,-0.0470
first day,S2,beta 0.5,Correction + w 0.5,1,71.9178,-0.0391
first day,S2,beta 0.5,Correction + w 0.5,2,73.2159,+0.0689
first day,S2,beta 0.5,Correction + w 0.2,0,69.9272,-0.2814
first day,S2,beta 0.5,Correction + w 0.2,1,71.7243,-0.2326
first day,S2,beta 0.5,Correction + w 0.2,2,72.7114,-0.4356
first day,S2,beta 0.5,Correction + w 0.45,0,70.1661,-0.0425
first day,S2,beta 0.5,Correction + w 0.45,1,71.9121,-0.0448
first day,S2,beta 0.5,Correction + w 0.45,2,73.1257,-0.0213
first day,S2,beta 0.5,Corrected edge only,0,69.6844,-0.5242
first day,S2,beta 0.5,Corrected edge only,1,71.5589,-0.3980
first day,S2,beta 0.5,Corrected edge only,2,72.4594,-0.6876
first day,S2,beta 0.5,Correction + product,0,70.0914,-0.1172
first day,S2,beta 0.5,Correction + product,1,71.8062,-0.1507
first day,S2,beta 0.5,Correction + product,2,73.2749,+0.1279
first day,S2,beta 0.5,DriftGate,0,70.2086,+0.0000
first day,S2,beta 0.5,DriftGate,1,71.9569,+0.0000
first day,S2,beta 0.5,DriftGate,2,73.1470,+0.0000
first day,S2,beta 0.5,Lower-entropy exit,0,65.4509,-4.7577
first day,S2,beta 0.5,Lower-entropy exit,1,68.9271,-3.0297
first day,S2,beta 0.5,Lower-entropy exit,2,71.4519,-1.6951
round > 30,S2,beta 1,Device only,0,65.4025,-5.3152
round > 30,S2,beta 1,Device only,1,67.9722,-3.9085
round > 30,S2,beta 1,Device only,2,71.6285,-1.6434
round > 30,S2,beta 1,Raw edge only,0,64.5911,-6.1266
round > 30,S2,beta 1,Raw edge only,1,68.7939,-3.0868
round > 30,S2,beta 1,Raw edge only,2,70.9469,-2.3251
round > 30,S2,beta 1,Confidence-based offloading,0,64.5510,-6.1667
round > 30,S2,beta 1,Confidence-based offloading,1,68.7100,-3.1707
round > 30,S2,beta 1,Confidence-based offloading,2,70.8460,-2.4260
round > 30,S2,beta 1,Probability average,0,68.5952,-2.1225
round > 30,S2,beta 1,Probability average,1,70.6459,-1.2348
round > 30,S2,beta 1,Probability average,2,72.9253,-0.3467
round > 30,S2,beta 1,Logit sum,0,68.8620,-1.8557
round > 30,S2,beta 1,Logit sum,1,70.6397,-1.2410
round > 30,S2,beta 1,Logit sum,2,72.9449,-0.3271
round > 30,S2,beta 1,No correction + adaptive w,0,67.9268,-2.7909
round > 30,S2,beta 1,No correction + adaptive w,1,70.2517,-1.6290
round > 30,S2,beta 1,No correction + adaptive w,2,72.4494,-0.8226
round > 30,S2,beta 1,Correction + w 0.5,0,70.6329,-0.0849
round > 30,S2,beta 1,Correction + w 0.5,1,71.8705,-0.0102
round > 30,S2,beta 1,Correction + w 0.5,2,73.4128,+0.1408
round > 30,S2,beta 1,Correction + w 0.2,0,70.6124,-0.1053
round > 30,S2,beta 1,Correction + w 0.2,1,71.6932,-0.1876
round > 30,S2,beta 1,Correction + w 0.2,2,72.7965,-0.4754
round > 30,S2,beta 1,Correction + w 0.45,0,70.7095,-0.0082
round > 30,S2,beta 1,Correction + w 0.45,1,71.8898,+0.0091
round > 30,S2,beta 1,Correction + w 0.45,2,73.3181,+0.0461
round > 30,S2,beta 1,Corrected edge only,0,70.3419,-0.3758
round > 30,S2,beta 1,Corrected edge only,1,71.4873,-0.3934
round > 30,S2,beta 1,Corrected edge only,2,72.4406,-0.8314
round > 30,S2,beta 1,Correction + product,0,70.4301,-0.2876
round > 30,S2,beta 1,Correction + product,1,71.6661,-0.2146
round > 30,S2,beta 1,Correction + product,2,73.3630,+0.0911
round > 30,S2,beta 1,DriftGate,0,70.7177,+0.0000
round > 30,S2,beta 1,DriftGate,1,71.8807,+0.0000
round > 30,S2,beta 1,DriftGate,2,73.2720,+0.0000
round > 30,S2,beta 1,Lower-entropy exit,0,65.3570,-5.3607
round > 30,S2,beta 1,Lower-entropy exit,1,69.1508,-2.7299
round > 30,S2,beta 1,Lower-entropy exit,2,71.6671,-1.6048
round > 30,S2,beta 1,Logit-entropy weighting,0,65.3613,-5.3564
round > 30,S2,beta 1,Logit-entropy weighting,1,69.1538,-2.7270
round > 30,S2,beta 1,Logit-entropy weighting,2,71.6749,-1.5970
round > 30,S2,beta 1,Geometric ensemble with early exit,0,68.8535,-1.8642
round > 30,S2,beta 1,Geometric ensemble with early exit,1,70.6273,-1.2534
round > 30,S2,beta 1,Geometric ensemble with early exit,2,72.9314,-0.3405
round > 30,S2,beta 1,Label-shift EM,0,69.8890,-0.8287
round > 30,S2,beta 1,Label-shift EM,1,69.7486,-2.1321
round > 30,S2,beta 1,Label-shift EM,2,71.2456,-2.0263
round > 30,S2,beta 1,Learned weight,0,66.8799,-3.8378
round > 30,S2,beta 1,Learned weight,1,69.0944,-2.7863
round > 30,S2,beta 1,Learned weight,2,71.7835,-1.4885
round > 30,S2,beta 1,Correction + learned weight,0,69.6766,-1.0411
round > 30,S2,beta 1,Correction + learned weight,1,70.6491,-1.2316
round > 30,S2,beta 1,Correction + learned weight,2,72.3743,-0.8977
round > 30,S2,beta 0.5,Device only,0,65.4025,-4.5973
round > 30,S2,beta 0.5,Device only,1,67.9722,-3.7472
round > 30,S2,beta 0.5,Device only,2,71.6285,-1.8002
round > 30,S2,beta 0.5,Raw edge only,0,66.2195,-3.7803
round > 30,S2,beta 0.5,Raw edge only,1,69.9276,-1.7918
round > 30,S2,beta 0.5,Raw edge only,2,71.9935,-1.4353
round > 30,S2,beta 0.5,Probability average,0,68.3323,-1.6675
round > 30,S2,beta 0.5,Probability average,1,70.8938,-0.8255
round > 30,S2,beta 0.5,Probability average,2,73.1603,-0.2685
round > 30,S2,beta 0.5,Logit sum,0,68.5247,-1.4751
round > 30,S2,beta 0.5,Logit sum,1,70.8447,-0.8747
round > 30,S2,beta 0.5,Logit sum,2,73.1850,-0.2437
round > 30,S2,beta 0.5,No correction + adaptive w,0,68.0053,-1.9945
round > 30,S2,beta 0.5,No correction + adaptive w,1,70.7683,-0.9510
round > 30,S2,beta 0.5,No correction + adaptive w,2,72.9357,-0.4930
round > 30,S2,beta 0.5,Correction + w 0.5,0,69.9225,-0.0773
round > 30,S2,beta 0.5,Correction + w 0.5,1,71.6464,-0.0730
round > 30,S2,beta 0.5,Correction + w 0.5,2,73.4489,+0.0201
round > 30,S2,beta 0.5,Correction + w 0.2,0,69.9088,-0.0909
round > 30,S2,beta 0.5,Correction + w 0.2,1,71.6067,-0.1127
round > 30,S2,beta 0.5,Correction + w 0.2,2,73.1394,-0.2893
round > 30,S2,beta 0.5,Correction + w 0.45,0,69.9702,-0.0296
round > 30,S2,beta 0.5,Correction + w 0.45,1,71.6752,-0.0442
round > 30,S2,beta 0.5,Correction + w 0.45,2,73.4089,-0.0198
round > 30,S2,beta 0.5,Corrected edge only,0,69.7729,-0.2269
round > 30,S2,beta 0.5,Corrected edge only,1,71.5136,-0.2058
round > 30,S2,beta 0.5,Corrected edge only,2,72.9421,-0.4866
round > 30,S2,beta 0.5,Correction + product,0,69.7579,-0.2419
round > 30,S2,beta 0.5,Correction + product,1,71.4431,-0.2763
round > 30,S2,beta 0.5,Correction + product,2,73.4090,-0.0197
round > 30,S2,beta 0.5,DriftGate,0,69.9998,+0.0000
round > 30,S2,beta 0.5,DriftGate,1,71.7194,+0.0000
round > 30,S2,beta 0.5,DriftGate,2,73.4287,+0.0000
round > 30,S2,beta 0.5,Lower-entropy exit,0,66.4808,-3.5190
round > 30,S2,beta 0.5,Lower-entropy exit,1,70.0716,-1.6478
round > 30,S2,beta 0.5,Lower-entropy exit,2,72.3733,-1.0554
first day,S1-fast,beta 1,Device only,0,64.1349,-5.4386
first day,S1-fast,beta 1,Device only,1,64.5931,-4.6141
first day,S1-fast,beta 1,Device only,2,64.4568,-3.6539
first day,S1-fast,beta 1,Raw edge only,0,63.5663,-6.0072
first day,S1-fast,beta 1,Raw edge only,1,63.8015,-5.4057
first day,S1-fast,beta 1,Raw edge only,2,62.7594,-5.3513
first day,S1-fast,beta 1,Confidence-based offloading,0,63.5098,-6.0637
first day,S1-fast,beta 1,Confidence-based offloading,1,63.7689,-5.4383
first day,S1-fast,beta 1,Confidence-based offloading,2,62.7224,-5.3883
first day,S1-fast,beta 1,Probability average,0,68.9144,-0.6591
first day,S1-fast,beta 1,Probability average,1,68.3720,-0.8352
first day,S1-fast,beta 1,Probability average,2,66.8985,-1.2122
first day,S1-fast,beta 1,Logit sum,0,68.9942,-0.5792
first day,S1-fast,beta 1,Logit sum,1,68.3320,-0.8752
first day,S1-fast,beta 1,Logit sum,2,67.0359,-1.0748
first day,S1-fast,beta 1,No correction + adaptive w,0,68.7562,-0.8173
first day,S1-fast,beta 1,No correction + adaptive w,1,68.2669,-0.9403
first day,S1-fast,beta 1,No correction + adaptive w,2,66.4923,-1.6183
first day,S1-fast,beta 1,Correction + w 0.5,0,69.2642,-0.3093
first day,S1-fast,beta 1,Correction + w 0.5,1,68.9591,-0.2481
first day,S1-fast,beta 1,Correction + w 0.5,2,67.9837,-0.1270
first day,S1-fast,beta 1,Correction + w 0.2,0,69.5110,-0.0625
first day,S1-fast,beta 1,Correction + w 0.2,1,69.2571,+0.0499
first day,S1-fast,beta 1,Correction + w 0.2,2,68.0252,-0.0855
first day,S1-fast,beta 1,Correction + w 0.45,0,69.4110,-0.1625
first day,S1-fast,beta 1,Correction + w 0.45,1,69.1015,-0.1057
first day,S1-fast,beta 1,Correction + w 0.45,2,68.0673,-0.0434
first day,S1-fast,beta 1,Corrected edge only,0,69.1978,-0.3757
first day,S1-fast,beta 1,Corrected edge only,1,69.0339,-0.1733
first day,S1-fast,beta 1,Corrected edge only,2,67.7368,-0.3739
first day,S1-fast,beta 1,Correction + product,0,68.9650,-0.6084
first day,S1-fast,beta 1,Correction + product,1,68.6198,-0.5874
first day,S1-fast,beta 1,Correction + product,2,67.8497,-0.2609
first day,S1-fast,beta 1,DriftGate,0,69.5735,+0.0000
first day,S1-fast,beta 1,DriftGate,1,69.2072,+0.0000
first day,S1-fast,beta 1,DriftGate,2,68.1107,+0.0000
first day,S1-fast,beta 1,Lower-entropy exit,0,65.4623,-4.1112
first day,S1-fast,beta 1,Lower-entropy exit,1,65.4243,-3.7830
first day,S1-fast,beta 1,Lower-entropy exit,2,63.8260,-4.2847
first day,S1-fast,beta 1,Logit-entropy weighting,0,65.4655,-4.1080
first day,S1-fast,beta 1,Logit-entropy weighting,1,65.4238,-3.7834
first day,S1-fast,beta 1,Logit-entropy weighting,2,63.8268,-4.2839
first day,S1-fast,beta 1,Geometric ensemble with early exit,0,68.9867,-0.5868
first day,S1-fast,beta 1,Geometric ensemble with early exit,1,68.3278,-0.8794
first day,S1-fast,beta 1,Geometric ensemble with early exit,2,67.0278,-1.0829
first day,S1-fast,beta 1,Label-shift EM,0,65.5593,-4.0142
first day,S1-fast,beta 1,Label-shift EM,1,65.5462,-3.6610
first day,S1-fast,beta 1,Label-shift EM,2,65.1198,-2.9909
first day,S1-fast,beta 1,Learned weight,0,68.3652,-1.2083
first day,S1-fast,beta 1,Learned weight,1,67.9261,-1.2811
first day,S1-fast,beta 1,Learned weight,2,66.2714,-1.8393
first day,S1-fast,beta 1,Correction + learned weight,0,69.1693,-0.4042
first day,S1-fast,beta 1,Correction + learned weight,1,68.7665,-0.4407
first day,S1-fast,beta 1,Correction + learned weight,2,67.7797,-0.3309
first day,S1-fast,beta 0.5,Device only,0,64.1349,-4.5293
first day,S1-fast,beta 0.5,Device only,1,64.5931,-4.0093
first day,S1-fast,beta 0.5,Device only,2,64.4568,-3.2075
first day,S1-fast,beta 0.5,Raw edge only,0,65.3612,-3.3030
first day,S1-fast,beta 0.5,Raw edge only,1,65.7011,-2.9013
first day,S1-fast,beta 0.5,Raw edge only,2,64.8434,-2.8209
first day,S1-fast,beta 0.5,Probability average,0,68.1423,-0.5220
first day,S1-fast,beta 0.5,Probability average,1,68.0076,-0.5948
first day,S1-fast,beta 0.5,Probability average,2,66.8983,-0.7661
first day,S1-fast,beta 0.5,Logit sum,0,68.2194,-0.4448
first day,S1-fast,beta 0.5,Logit sum,1,67.9610,-0.6414
first day,S1-fast,beta 0.5,Logit sum,2,66.9632,-0.7011
first day,S1-fast,beta 0.5,No correction + adaptive w,0,68.0528,-0.6114
first day,S1-fast,beta 0.5,No correction + adaptive w,1,67.9614,-0.6410
first day,S1-fast,beta 0.5,No correction + adaptive w,2,66.7523,-0.9120
first day,S1-fast,beta 0.5,Correction + w 0.5,0,68.4644,-0.1998
first day,S1-fast,beta 0.5,Correction + w 0.5,1,68.4185,-0.1839
first day,S1-fast,beta 0.5,Correction + w 0.5,2,67.5525,-0.1118
first day,S1-fast,beta 0.5,Correction + w 0.2,0,68.6931,+0.0289
first day,S1-fast,beta 0.5,Correction + w 0.2,1,68.6533,+0.0509
first day,S1-fast,beta 0.5,Correction + w 0.2,2,67.6675,+0.0032
first day,S1-fast,beta 0.5,Correction + w 0.45,0,68.5715,-0.0928
first day,S1-fast,beta 0.5,Correction + w 0.45,1,68.5213,-0.0811
first day,S1-fast,beta 0.5,Correction + w 0.45,2,67.6226,-0.0418
first day,S1-fast,beta 0.5,Corrected edge only,0,68.5816,-0.0827
first day,S1-fast,beta 0.5,Corrected edge only,1,68.5593,-0.0431
first day,S1-fast,beta 0.5,Corrected edge only,2,67.5526,-0.1117
first day,S1-fast,beta 0.5,Correction + product,0,68.2100,-0.4543
first day,S1-fast,beta 0.5,Correction + product,1,68.1332,-0.4692
first day,S1-fast,beta 0.5,Correction + product,2,67.4190,-0.2453
first day,S1-fast,beta 0.5,DriftGate,0,68.6642,+0.0000
first day,S1-fast,beta 0.5,DriftGate,1,68.6024,+0.0000
first day,S1-fast,beta 0.5,DriftGate,2,67.6643,+0.0000
first day,S1-fast,beta 0.5,Lower-entropy exit,0,66.1557,-2.5085
first day,S1-fast,beta 0.5,Lower-entropy exit,1,66.2724,-2.3300
first day,S1-fast,beta 0.5,Lower-entropy exit,2,65.2741,-2.3902
round > 30,S1-fast,beta 1,Device only,0,61.6116,-6.5964
round > 30,S1-fast,beta 1,Device only,1,62.0751,-5.7678
round > 30,S1-fast,beta 1,Device only,2,62.5105,-4.5027
round > 30,S1-fast,beta 1,Raw edge only,0,66.0184,-2.1896
round > 30,S1-fast,beta 1,Raw edge only,1,66.7404,-1.1025
round > 30,S1-fast,beta 1,Raw edge only,2,63.6994,-3.3138
round > 30,S1-fast,beta 1,Confidence-based offloading,0,65.9452,-2.2628
round > 30,S1-fast,beta 1,Confidence-based offloading,1,66.6983,-1.1446
round > 30,S1-fast,beta 1,Confidence-based offloading,2,63.6513,-3.3619
round > 30,S1-fast,beta 1,Probability average,0,67.9760,-0.2320
round > 30,S1-fast,beta 1,Probability average,1,68.2371,+0.3942
round > 30,S1-fast,beta 1,Probability average,2,66.3022,-0.7110
round > 30,S1-fast,beta 1,Logit sum,0,68.0007,-0.2073
round > 30,S1-fast,beta 1,Logit sum,1,67.9780,+0.1351
round > 30,S1-fast,beta 1,Logit sum,2,66.3186,-0.6946
round > 30,S1-fast,beta 1,No correction + adaptive w,0,67.9915,-0.2165
round > 30,S1-fast,beta 1,No correction + adaptive w,1,68.3947,+0.5518
round > 30,S1-fast,beta 1,No correction + adaptive w,2,66.0618,-0.9514
round > 30,S1-fast,beta 1,Correction + w 0.5,0,67.7837,-0.4243
round > 30,S1-fast,beta 1,Correction + w 0.5,1,67.4934,-0.3495
round > 30,S1-fast,beta 1,Correction + w 0.5,2,66.7850,-0.2281
round > 30,S1-fast,beta 1,Correction + w 0.2,0,68.7879,+0.5799
round > 30,S1-fast,beta 1,Correction + w 0.2,1,68.5130,+0.6701
round > 30,S1-fast,beta 1,Correction + w 0.2,2,67.3571,+0.3439
round > 30,S1-fast,beta 1,Correction + w 0.45,0,68.0679,-0.1401
round > 30,S1-fast,beta 1,Correction + w 0.45,1,67.7497,-0.0932
round > 30,S1-fast,beta 1,Correction + w 0.45,2,66.9732,-0.0400
round > 30,S1-fast,beta 1,Corrected edge only,0,68.9439,+0.7359
round > 30,S1-fast,beta 1,Corrected edge only,1,68.7975,+0.9546
round > 30,S1-fast,beta 1,Corrected edge only,2,67.3379,+0.3247
round > 30,S1-fast,beta 1,Correction + product,0,67.3455,-0.8625
round > 30,S1-fast,beta 1,Correction + product,1,66.9989,-0.8440
round > 30,S1-fast,beta 1,Correction + product,2,66.5798,-0.4334
round > 30,S1-fast,beta 1,DriftGate,0,68.2080,+0.0000
round > 30,S1-fast,beta 1,DriftGate,1,67.8429,+0.0000
round > 30,S1-fast,beta 1,DriftGate,2,67.0132,+0.0000
round > 30,S1-fast,beta 1,Lower-entropy exit,0,66.1999,-2.0081
round > 30,S1-fast,beta 1,Lower-entropy exit,1,67.2093,-0.6336
round > 30,S1-fast,beta 1,Lower-entropy exit,2,64.2137,-2.7995
round > 30,S1-fast,beta 1,Logit-entropy weighting,0,66.2039,-2.0041
round > 30,S1-fast,beta 1,Logit-entropy weighting,1,67.2080,-0.6349
round > 30,S1-fast,beta 1,Logit-entropy weighting,2,64.2147,-2.7985
round > 30,S1-fast,beta 1,Geometric ensemble with early exit,0,67.9910,-0.2170
round > 30,S1-fast,beta 1,Geometric ensemble with early exit,1,67.9725,+0.1296
round > 30,S1-fast,beta 1,Geometric ensemble with early exit,2,66.3080,-0.7051
round > 30,S1-fast,beta 1,Label-shift EM,0,66.4196,-1.7884
round > 30,S1-fast,beta 1,Label-shift EM,1,65.1083,-2.7346
round > 30,S1-fast,beta 1,Label-shift EM,2,64.6216,-2.3916
round > 30,S1-fast,beta 1,Learned weight,0,67.5899,-0.6181
round > 30,S1-fast,beta 1,Learned weight,1,67.9440,+0.1011
round > 30,S1-fast,beta 1,Learned weight,2,65.7327,-1.2805
round > 30,S1-fast,beta 1,Correction + learned weight,0,68.0309,-0.1771
round > 30,S1-fast,beta 1,Correction + learned weight,1,67.6162,-0.2267
round > 30,S1-fast,beta 1,Correction + learned weight,2,66.8424,-0.1708
round > 30,S1-fast,beta 0.5,Device only,0,61.6116,-5.3256
round > 30,S1-fast,beta 0.5,Device only,1,62.0751,-4.8801
round > 30,S1-fast,beta 0.5,Device only,2,62.5105,-3.8099
round > 30,S1-fast,beta 0.5,Raw edge only,0,65.5099,-1.4273
round > 30,S1-fast,beta 0.5,Raw edge only,1,66.2280,-0.7271
round > 30,S1-fast,beta 0.5,Raw edge only,2,64.4439,-1.8765
round > 30,S1-fast,beta 0.5,Probability average,0,66.7239,-0.2133
round > 30,S1-fast,beta 0.5,Probability average,1,67.1045,+0.1493
round > 30,S1-fast,beta 0.5,Probability average,2,65.8604,-0.4600
round > 30,S1-fast,beta 0.5,Logit sum,0,66.7335,-0.2036
round > 30,S1-fast,beta 0.5,Logit sum,1,66.9039,-0.0512
round > 30,S1-fast,beta 0.5,Logit sum,2,65.8634,-0.4570
round > 30,S1-fast,beta 0.5,No correction + adaptive w,0,66.7139,-0.2233
round > 30,S1-fast,beta 0.5,No correction + adaptive w,1,67.1629,+0.2077
round > 30,S1-fast,beta 0.5,No correction + adaptive w,2,65.7803,-0.5401
round > 30,S1-fast,beta 0.5,Correction + w 0.5,0,66.6704,-0.2668
round > 30,S1-fast,beta 0.5,Correction + w 0.5,1,66.7132,-0.2420
round > 30,S1-fast,beta 0.5,Correction + w 0.5,2,66.1558,-0.1646
round > 30,S1-fast,beta 0.5,Correction + w 0.2,0,67.2788,+0.3416
round > 30,S1-fast,beta 0.5,Correction + w 0.2,1,67.3000,+0.3448
round > 30,S1-fast,beta 0.5,Correction + w 0.2,2,66.5152,+0.1948
round > 30,S1-fast,beta 0.5,Correction + w 0.45,0,66.8531,-0.0841
round > 30,S1-fast,beta 0.5,Correction + w 0.45,1,66.8769,-0.0783
round > 30,S1-fast,beta 0.5,Correction + w 0.45,2,66.2784,-0.0421
round > 30,S1-fast,beta 0.5,Corrected edge only,0,67.3632,+0.4260
round > 30,S1-fast,beta 0.5,Corrected edge only,1,67.4182,+0.4631
round > 30,S1-fast,beta 0.5,Corrected edge only,2,66.4979,+0.1775
round > 30,S1-fast,beta 0.5,Correction + product,0,66.3269,-0.6103
round > 30,S1-fast,beta 0.5,Correction + product,1,66.3174,-0.6377
round > 30,S1-fast,beta 0.5,Correction + product,2,65.9739,-0.3465
round > 30,S1-fast,beta 0.5,DriftGate,0,66.9372,+0.0000
round > 30,S1-fast,beta 0.5,DriftGate,1,66.9552,+0.0000
round > 30,S1-fast,beta 0.5,DriftGate,2,66.3204,+0.0000
round > 30,S1-fast,beta 0.5,Lower-entropy exit,0,65.6289,-1.3083
round > 30,S1-fast,beta 0.5,Lower-entropy exit,1,66.4100,-0.5452
round > 30,S1-fast,beta 0.5,Lower-entropy exit,2,64.7029,-1.6175
first day,partial participation,beta 1,Device only,0,61.4891,-3.4807
first day,partial participation,beta 1,Device only,1,61.9603,-3.1576
first day,partial participation,beta 1,Device only,2,61.8107,-2.5579
first day,partial participation,beta 1,Raw edge only,0,56.7194,-8.2504
first day,partial participation,beta 1,Raw edge only,1,56.5778,-8.5401
first day,partial participation,beta 1,Raw edge only,2,56.0350,-8.3337
first day,partial participation,beta 1,Confidence-based offloading,0,56.7151,-8.2547
first day,partial participation,beta 1,Confidence-based offloading,1,56.5821,-8.5358
first day,partial participation,beta 1,Confidence-based offloading,2,56.0421,-8.3265
first day,partial participation,beta 1,Probability average,0,63.3918,-1.5780
first day,partial participation,beta 1,Probability average,1,62.6448,-2.4731
first day,partial participation,beta 1,Probability average,2,61.8818,-2.4868
first day,partial participation,beta 1,Logit sum,0,63.7759,-1.1938
first day,partial participation,beta 1,Logit sum,1,62.8914,-2.2265
first day,partial participation,beta 1,Logit sum,2,62.1518,-2.2169
first day,partial participation,beta 1,No correction + adaptive w,0,62.8896,-2.0802
first day,partial participation,beta 1,No correction + adaptive w,1,62.1452,-2.9727
first day,partial participation,beta 1,No correction + adaptive w,2,61.1386,-3.2300
first day,partial participation,beta 1,Correction + w 0.5,0,64.9556,-0.0141
first day,partial participation,beta 1,Correction + w 0.5,1,65.0881,-0.0298
first day,partial participation,beta 1,Correction + w 0.5,2,64.4917,+0.1231
first day,partial participation,beta 1,Correction + w 0.2,0,64.2993,-0.6704
first day,partial participation,beta 1,Correction + w 0.2,1,64.6665,-0.4514
first day,partial participation,beta 1,Correction + w 0.2,2,63.6970,-0.6717
first day,partial participation,beta 1,Correction + w 0.45,0,64.9090,-0.0608
first day,partial participation,beta 1,Correction + w 0.45,1,65.0810,-0.0369
first day,partial participation,beta 1,Correction + w 0.45,2,64.3978,+0.0292
first day,partial participation,beta 1,Corrected edge only,0,63.6668,-1.3029
first day,partial participation,beta 1,Corrected edge only,1,64.1880,-0.9299
first day,partial participation,beta 1,Corrected edge only,2,63.0770,-1.2917
first day,partial participation,beta 1,Correction + product,0,64.9489,-0.0209
first day,partial participation,beta 1,Correction + product,1,64.9623,-0.1556
first day,partial participation,beta 1,Correction + product,2,64.5641,+0.1954
first day,partial participation,beta 1,DriftGate,0,64.9698,+0.0000
first day,partial participation,beta 1,DriftGate,1,65.1179,+0.0000
first day,partial participation,beta 1,DriftGate,2,64.3686,+0.0000
first day,partial participation,beta 1,Lower-entropy exit,0,58.6496,-6.3202
first day,partial participation,beta 1,Lower-entropy exit,1,58.2697,-6.8482
first day,partial participation,beta 1,Lower-entropy exit,2,57.3864,-6.9822
first day,partial participation,beta 1,Logit-entropy weighting,0,58.6563,-6.3134
first day,partial participation,beta 1,Logit-entropy weighting,1,58.2722,-6.8457
first day,partial participation,beta 1,Logit-entropy weighting,2,57.3643,-7.0043
first day,partial participation,beta 1,Geometric ensemble with early exit,0,63.7752,-1.1945
first day,partial participation,beta 1,Geometric ensemble with early exit,1,62.8908,-2.2271
first day,partial participation,beta 1,Geometric ensemble with early exit,2,62.1507,-2.2180
first day,partial participation,beta 1,Label-shift EM,0,60.0878,-4.8820
first day,partial participation,beta 1,Label-shift EM,1,61.3041,-3.8138
first day,partial participation,beta 1,Label-shift EM,2,59.9634,-4.4053
first day,partial participation,beta 1,Learned weight,0,62.9310,-2.0388
first day,partial participation,beta 1,Learned weight,1,62.0221,-3.0958
first day,partial participation,beta 1,Learned weight,2,61.0955,-3.2732
first day,partial participation,beta 1,Correction + learned weight,0,64.6806,-0.2891
first day,partial participation,beta 1,Correction + learned weight,1,64.6825,-0.4354
first day,partial participation,beta 1,Correction + learned weight,2,63.9836,-0.3851
first day,partial participation,beta 0.5,Device only,0,61.4891,-2.8713
first day,partial participation,beta 0.5,Device only,1,61.9603,-2.6479
first day,partial participation,beta 0.5,Device only,2,61.8107,-2.2633
first day,partial participation,beta 0.5,Raw edge only,0,59.9842,-4.3763
first day,partial participation,beta 0.5,Raw edge only,1,60.4042,-4.2040
first day,partial participation,beta 0.5,Raw edge only,2,59.9307,-4.1433
first day,partial participation,beta 0.5,Probability average,0,63.2962,-1.0642
first day,partial participation,beta 0.5,Probability average,1,63.1807,-1.4275
first day,partial participation,beta 0.5,Probability average,2,62.6048,-1.4693
first day,partial participation,beta 0.5,Logit sum,0,63.5763,-0.7841
first day,partial participation,beta 0.5,Logit sum,1,63.3420,-1.2661
first day,partial participation,beta 0.5,Logit sum,2,62.7822,-1.2918
first day,partial participation,beta 0.5,No correction + adaptive w,0,63.0377,-1.3227
first day,partial participation,beta 0.5,No correction + adaptive w,1,62.9802,-1.6280
first day,partial participation,beta 0.5,No correction + adaptive w,2,62.3027,-1.7713
first day,partial participation,beta 0.5,Correction + w 0.5,0,64.3342,-0.0262
first day,partial participation,beta 0.5,Correction + w 0.5,1,64.5603,-0.0479
first day,partial participation,beta 0.5,Correction + w 0.5,2,64.0923,+0.0183
first day,partial participation,beta 0.5,Correction + w 0.2,0,64.0230,-0.3374
first day,partial participation,beta 0.5,Correction + w 0.2,1,64.4123,-0.1959
first day,partial participation,beta 0.5,Correction + w 0.2,2,63.7463,-0.3277
first day,partial participation,beta 0.5,Correction + w 0.45,0,64.3134,-0.0470
first day,partial participation,beta 0.5,Correction + w 0.45,1,64.5701,-0.0381
first day,partial participation,beta 0.5,Correction + w 0.45,2,64.0605,-0.0135
first day,partial participation,beta 0.5,Corrected edge only,0,63.7618,-0.5987
first day,partial participation,beta 0.5,Corrected edge only,1,64.2218,-0.3864
first day,partial participation,beta 0.5,Corrected edge only,2,63.4537,-0.6203
first day,partial participation,beta 0.5,Correction + product,0,64.2962,-0.0642
first day,partial participation,beta 0.5,Correction + product,1,64.4537,-0.1545
first day,partial participation,beta 0.5,Correction + product,2,64.1113,+0.0372
first day,partial participation,beta 0.5,DriftGate,0,64.3604,+0.0000
first day,partial participation,beta 0.5,DriftGate,1,64.6082,+0.0000
first day,partial participation,beta 0.5,DriftGate,2,64.0740,+0.0000
first day,partial participation,beta 0.5,Lower-entropy exit,0,60.7512,-3.6092
first day,partial participation,beta 0.5,Lower-entropy exit,1,60.9476,-3.6606
first day,partial participation,beta 0.5,Lower-entropy exit,2,60.3852,-3.6888
round > 30,partial participation,beta 1,Device only,0,59.9577,-4.1967
round > 30,partial participation,beta 1,Device only,1,60.4125,-3.6635
round > 30,partial participation,beta 1,Device only,2,60.7252,-2.7687
round > 30,partial participation,beta 1,Raw edge only,0,59.4273,-4.7271
round > 30,partial participation,beta 1,Raw edge only,1,59.0517,-5.0243
round > 30,partial participation,beta 1,Raw edge only,2,56.7595,-6.7344
round > 30,partial participation,beta 1,Confidence-based offloading,0,59.4209,-4.7335
round > 30,partial participation,beta 1,Confidence-based offloading,1,59.0561,-5.0198
round > 30,partial participation,beta 1,Confidence-based offloading,2,56.7687,-6.7252
round > 30,partial participation,beta 1,Probability average,0,63.5777,-0.5768
round > 30,partial participation,beta 1,Probability average,1,63.0946,-0.9813
round > 30,partial participation,beta 1,Probability average,2,61.6813,-1.8127
round > 30,partial participation,beta 1,Logit sum,0,63.8202,-0.3342
round > 30,partial participation,beta 1,Logit sum,1,63.2126,-0.8634
round > 30,partial participation,beta 1,Logit sum,2,61.9053,-1.5886
round > 30,partial participation,beta 1,No correction + adaptive w,0,63.1960,-0.9584
round > 30,partial participation,beta 1,No correction + adaptive w,1,62.6920,-1.3840
round > 30,partial participation,beta 1,No correction + adaptive w,2,60.9546,-2.5393
round > 30,partial participation,beta 1,Correction + w 0.5,0,64.0339,-0.1205
round > 30,partial participation,beta 1,Correction + w 0.5,1,63.9576,-0.1184
round > 30,partial participation,beta 1,Correction + w 0.5,2,63.5523,+0.0583
round > 30,partial participation,beta 1,Correction + w 0.2,0,64.2143,+0.0599
round > 30,partial participation,beta 1,Correction + w 0.2,1,64.2652,+0.1893
round > 30,partial participation,beta 1,Correction + w 0.2,2,63.1893,-0.3046
round > 30,partial participation,beta 1,Correction + w 0.45,0,64.1310,-0.0235
round > 30,partial participation,beta 1,Correction + w 0.45,1,64.0654,-0.0106
round > 30,partial participation,beta 1,Correction + w 0.45,2,63.5418,+0.0479
round > 30,partial participation,beta 1,Corrected edge only,0,64.0491,-0.1053
round > 30,partial participation,beta 1,Corrected edge only,1,64.2078,+0.1319
round > 30,partial participation,beta 1,Corrected edge only,2,62.7844,-0.7096
round > 30,partial participation,beta 1,Correction + product,0,63.8370,-0.3174
round > 30,partial participation,beta 1,Correction + product,1,63.6710,-0.4050
round > 30,partial participation,beta 1,Correction + product,2,63.5659,+0.0720
round > 30,partial participation,beta 1,DriftGate,0,64.1544,+0.0000
round > 30,partial participation,beta 1,DriftGate,1,64.0760,+0.0000
round > 30,partial participation,beta 1,DriftGate,2,63.4939,+0.0000
round > 30,partial participation,beta 1,Lower-entropy exit,0,60.1668,-3.9876
round > 30,partial participation,beta 1,Lower-entropy exit,1,59.8580,-4.2180
round > 30,partial participation,beta 1,Lower-entropy exit,2,57.9011,-5.5928
round > 30,partial participation,beta 1,Logit-entropy weighting,0,60.1748,-3.9796
round > 30,partial participation,beta 1,Logit-entropy weighting,1,59.8604,-4.2155
round > 30,partial participation,beta 1,Logit-entropy weighting,2,57.9011,-5.5928
round > 30,partial participation,beta 1,Geometric ensemble with early exit,0,63.8193,-0.3351
round > 30,partial participation,beta 1,Geometric ensemble with early exit,1,63.2117,-0.8642
round > 30,partial participation,beta 1,Geometric ensemble with early exit,2,61.9039,-1.5901
round > 30,partial participation,beta 1,Label-shift EM,0,61.8393,-2.3152
round > 30,partial participation,beta 1,Label-shift EM,1,61.7572,-2.3188
round > 30,partial participation,beta 1,Label-shift EM,2,60.1392,-3.3547
round > 30,partial participation,beta 1,Learned weight,0,62.9256,-1.2288
round > 30,partial participation,beta 1,Learned weight,1,62.3701,-1.7059
round > 30,partial participation,beta 1,Learned weight,2,60.6894,-2.8045
round > 30,partial participation,beta 1,Correction + learned weight,0,63.9141,-0.2403
round > 30,partial participation,beta 1,Correction + learned weight,1,63.7555,-0.3204
round > 30,partial participation,beta 1,Correction + learned weight,2,63.1116,-0.3823
round > 30,partial participation,beta 0.5,Device only,0,59.9577,-3.4439
round > 30,partial participation,beta 0.5,Device only,1,60.4125,-3.1786
round > 30,partial participation,beta 0.5,Device only,2,60.7252,-2.5731
round > 30,partial participation,beta 0.5,Raw edge only,0,60.6846,-2.7170
round > 30,partial participation,beta 0.5,Raw edge only,1,61.2115,-2.3796
round > 30,partial participation,beta 0.5,Raw edge only,2,59.8399,-3.4585
round > 30,partial participation,beta 0.5,Probability average,0,62.9312,-0.4704
round > 30,partial participation,beta 0.5,Probability average,1,62.9975,-0.5936
round > 30,partial participation,beta 0.5,Probability average,2,62.1814,-1.1169
round > 30,partial participation,beta 0.5,Logit sum,0,63.1087,-0.2930
round > 30,partial participation,beta 0.5,Logit sum,1,63.0529,-0.5382
round > 30,partial participation,beta 0.5,Logit sum,2,62.3210,-0.9773
round > 30,partial participation,beta 0.5,No correction + adaptive w,0,62.7308,-0.6709
round > 30,partial participation,beta 0.5,No correction + adaptive w,1,62.8533,-0.7378
round > 30,partial participation,beta 0.5,No correction + adaptive w,2,61.8949,-1.4034
round > 30,partial participation,beta 0.5,Correction + w 0.5,0,63.3166,-0.0850
round > 30,partial participation,beta 0.5,Correction + w 0.5,1,63.4909,-0.1002
round > 30,partial participation,beta 0.5,Correction + w 0.5,2,63.2775,-0.0208
round > 30,partial participation,beta 0.5,Correction + w 0.2,0,63.4349,+0.0333
round > 30,partial participation,beta 0.5,Correction + w 0.2,1,63.7093,+0.1182
round > 30,partial participation,beta 0.5,Correction + w 0.2,2,63.1354,-0.1629
round > 30,partial participation,beta 0.5,Correction + w 0.45,0,63.3813,-0.0204
round > 30,partial participation,beta 0.5,Correction + w 0.45,1,63.5667,-0.0244
round > 30,partial participation,beta 0.5,Correction + w 0.45,2,63.2876,-0.0108
round > 30,partial participation,beta 0.5,Corrected edge only,0,63.3451,-0.0566
round > 30,partial participation,beta 0.5,Corrected edge only,1,63.6956,+0.1045
round > 30,partial participation,beta 0.5,Corrected edge only,2,62.9292,-0.3692
round > 30,partial participation,beta 0.5,Correction + product,0,63.1623,-0.2393
round > 30,partial participation,beta 0.5,Correction + product,1,63.2493,-0.3418
round > 30,partial participation,beta 0.5,Correction + product,2,63.2601,-0.0382
round > 30,partial participation,beta 0.5,DriftGate,0,63.4017,+0.0000
round > 30,partial participation,beta 0.5,DriftGate,1,63.5911,+0.0000
round > 30,partial participation,beta 0.5,DriftGate,2,63.2983,+0.0000
round > 30,partial participation,beta 0.5,Lower-entropy exit,0,61.0615,-2.3402
round > 30,partial participation,beta 0.5,Lower-entropy exit,1,61.4691,-2.1220
round > 30,partial participation,beta 0.5,Lower-entropy exit,2,60.3158,-2.9825
first day,stepwise change,beta 1,Device only,0,69.3226,-4.6517
first day,stepwise change,beta 1,Device only,1,68.7090,-3.4703
first day,stepwise change,beta 1,Device only,2,69.0188,-2.9418
first day,stepwise change,beta 1,Device only,3,66.7700,-2.2397
first day,stepwise change,beta 1,Device only,4,70.8175,-3.8403
first day,stepwise change,beta 1,Raw edge only,0,65.6381,-8.3362
first day,stepwise change,beta 1,Raw edge only,1,64.6624,-7.5169
first day,stepwise change,beta 1,Raw edge only,2,65.1584,-6.8022
first day,stepwise change,beta 1,Raw edge only,3,62.3739,-6.6359
first day,stepwise change,beta 1,Raw edge only,4,68.1880,-6.4699
first day,stepwise change,beta 1,Confidence-based offloading,0,65.6014,-8.3729
first day,stepwise change,beta 1,Confidence-based offloading,1,64.6446,-7.5347
first day,stepwise change,beta 1,Confidence-based offloading,2,65.1433,-6.8173
first day,stepwise change,beta 1,Confidence-based offloading,3,62.3277,-6.6821
first day,stepwise change,beta 1,Confidence-based offloading,4,68.1501,-6.5077
first day,stepwise change,beta 1,Probability average,0,73.2114,-0.7629
first day,stepwise change,beta 1,Probability average,1,70.9442,-1.2351
first day,stepwise change,beta 1,Probability average,2,70.8493,-1.1114
first day,stepwise change,beta 1,Probability average,3,68.1221,-0.8876
first day,stepwise change,beta 1,Probability average,4,74.0550,-0.6028
first day,stepwise change,beta 1,Logit sum,0,73.1811,-0.7933
first day,stepwise change,beta 1,Logit sum,1,70.7594,-1.4199
first day,stepwise change,beta 1,Logit sum,2,70.8891,-1.0715
first day,stepwise change,beta 1,Logit sum,3,68.0202,-0.9896
first day,stepwise change,beta 1,Logit sum,4,74.0822,-0.5757
first day,stepwise change,beta 1,No correction + adaptive w,0,73.0650,-0.9093
first day,stepwise change,beta 1,No correction + adaptive w,1,70.8529,-1.3264
first day,stepwise change,beta 1,No correction + adaptive w,2,70.5676,-1.3930
first day,stepwise change,beta 1,No correction + adaptive w,3,67.8121,-1.1976
first day,stepwise change,beta 1,No correction + adaptive w,4,73.9664,-0.6915
first day,stepwise change,beta 1,Correction + w 0.5,0,73.7617,-0.2126
first day,stepwise change,beta 1,Correction + w 0.5,1,71.9800,-0.1993
first day,stepwise change,beta 1,Correction + w 0.5,2,71.8688,-0.0918
first day,stepwise change,beta 1,Correction + w 0.5,3,69.0088,-0.0010
first day,stepwise change,beta 1,Correction + w 0.5,4,74.4531,-0.2048
first day,stepwise change,beta 1,Correction + w 0.2,0,73.5221,-0.4522
first day,stepwise change,beta 1,Correction + w 0.2,1,71.8347,-0.3447
first day,stepwise change,beta 1,Correction + w 0.2,2,71.4218,-0.5388
first day,stepwise change,beta 1,Correction + w 0.2,3,67.9808,-1.0290
first day,stepwise change,beta 1,Correction + w 0.2,4,74.1353,-0.5226
first day,stepwise change,beta 1,Correction + w 0.45,0,73.8094,-0.1650
first day,stepwise change,beta 1,Correction + w 0.45,1,72.0629,-0.1164
first day,stepwise change,beta 1,Correction + w 0.45,2,71.8646,-0.0960
first day,stepwise change,beta 1,Correction + w 0.45,3,68.8727,-0.1371
first day,stepwise change,beta 1,Correction + w 0.45,4,74.4867,-0.1712
first day,stepwise change,beta 1,Corrected edge only,0,72.9551,-1.0192
first day,stepwise change,beta 1,Corrected edge only,1,71.4612,-0.7181
first day,stepwise change,beta 1,Corrected edge only,2,70.8074,-1.1532
first day,stepwise change,beta 1,Corrected edge only,3,67.4605,-1.5493
first day,stepwise change,beta 1,Corrected edge only,4,73.5081,-1.1498
first day,stepwise change,beta 1,Correction + product,0,73.5613,-0.4130
first day,stepwise change,beta 1,Correction + product,1,71.7027,-0.4766
first day,stepwise change,beta 1,Correction + product,2,71.8159,-0.1448
first day,stepwise change,beta 1,Correction + product,3,68.9607,-0.0490
first day,stepwise change,beta 1,Correction + product,4,74.3711,-0.2868
first day,stepwise change,beta 1,DriftGate,0,73.9743,+0.0000
first day,stepwise change,beta 1,DriftGate,1,72.1793,+0.0000
first day,stepwise change,beta 1,DriftGate,2,71.9606,+0.0000
first day,stepwise change,beta 1,DriftGate,3,69.0098,+0.0000
first day,stepwise change,beta 1,DriftGate,4,74.6579,+0.0000
first day,stepwise change,beta 1,Lower-entropy exit,0,69.8624,-4.1119
first day,stepwise change,beta 1,Lower-entropy exit,1,68.2669,-3.9124
first day,stepwise change,beta 1,Lower-entropy exit,2,67.8350,-4.1256
first day,stepwise change,beta 1,Lower-entropy exit,3,65.1566,-3.8532
first day,stepwise change,beta 1,Lower-entropy exit,4,70.9722,-3.6857
first day,stepwise change,beta 1,Logit-entropy weighting,0,69.8715,-4.1028
first day,stepwise change,beta 1,Logit-entropy weighting,1,68.2690,-3.9103
first day,stepwise change,beta 1,Logit-entropy weighting,2,67.8374,-4.1232
first day,stepwise change,beta 1,Logit-entropy weighting,3,65.1580,-3.8517
first day,stepwise change,beta 1,Logit-entropy weighting,4,70.9713,-3.6866
first day,stepwise change,beta 1,Geometric ensemble with early exit,0,73.1757,-0.7986
first day,stepwise change,beta 1,Geometric ensemble with early exit,1,70.7583,-1.4210
first day,stepwise change,beta 1,Geometric ensemble with early exit,2,70.8865,-1.0741
first day,stepwise change,beta 1,Geometric ensemble with early exit,3,68.0183,-0.9915
first day,stepwise change,beta 1,Geometric ensemble with early exit,4,74.0756,-0.5822
first day,stepwise change,beta 1,Label-shift EM,0,68.7461,-5.2282
first day,stepwise change,beta 1,Label-shift EM,1,68.2624,-3.9169
first day,stepwise change,beta 1,Label-shift EM,2,67.6740,-4.2866
first day,stepwise change,beta 1,Label-shift EM,3,64.3659,-4.6438
first day,stepwise change,beta 1,Label-shift EM,4,68.9217,-5.7361
first day,stepwise change,beta 1,Learned weight,0,72.4337,-1.5406
first day,stepwise change,beta 1,Learned weight,1,70.2577,-1.9216
first day,stepwise change,beta 1,Learned weight,2,70.1758,-1.7848
first day,stepwise change,beta 1,Learned weight,3,67.2399,-1.7698
first day,stepwise change,beta 1,Learned weight,4,73.3618,-1.2960
first day,stepwise change,beta 1,Correction + learned weight,0,73.4635,-0.5108
first day,stepwise change,beta 1,Correction + learned weight,1,71.4970,-0.6823
first day,stepwise change,beta 1,Correction + learned weight,2,71.4562,-0.5044
first day,stepwise change,beta 1,Correction + learned weight,3,67.9434,-1.0663
first day,stepwise change,beta 1,Correction + learned weight,4,74.0209,-0.6370
first day,stepwise change,beta 0.5,Device only,0,69.3226,-3.8913
first day,stepwise change,beta 0.5,Device only,1,68.7090,-3.2291
first day,stepwise change,beta 0.5,Device only,2,69.0188,-2.7695
first day,stepwise change,beta 0.5,Device only,3,66.7700,-2.1385
first day,stepwise change,beta 0.5,Device only,4,70.8175,-3.3031
first day,stepwise change,beta 0.5,Raw edge only,0,68.6284,-4.5855
first day,stepwise change,beta 0.5,Raw edge only,1,67.8663,-4.0719
first day,stepwise change,beta 0.5,Raw edge only,2,68.4344,-3.3540
first day,stepwise change,beta 0.5,Raw edge only,3,65.1314,-3.7771
first day,stepwise change,beta 0.5,Raw edge only,4,70.5759,-3.5447
first day,stepwise change,beta 0.5,Probability average,0,72.6172,-0.5967
first day,stepwise change,beta 0.5,Probability average,1,71.1160,-0.8221
first day,stepwise change,beta 0.5,Probability average,2,70.9734,-0.8149
first day,stepwise change,beta 0.5,Probability average,3,68.1879,-0.7207
first day,stepwise change,beta 0.5,Probability average,4,73.6131,-0.5076
first day,stepwise change,beta 0.5,Logit sum,0,72.6008,-0.6131
first day,stepwise change,beta 0.5,Logit sum,1,70.9553,-0.9828
first day,stepwise change,beta 0.5,Logit sum,2,71.0296,-0.7588
first day,stepwise change,beta 0.5,Logit sum,3,68.1425,-0.7660
first day,stepwise change,beta 0.5,Logit sum,4,73.6805,-0.4401
first day,stepwise change,beta 0.5,No correction + adaptive w,0,72.5588,-0.6551
first day,stepwise change,beta 0.5,No correction + adaptive w,1,71.1409,-0.7972
first day,stepwise change,beta 0.5,No correction + adaptive w,2,70.8481,-0.9403
first day,stepwise change,beta 0.5,No correction + adaptive w,3,68.0230,-0.8856
first day,stepwise change,beta 0.5,No correction + adaptive w,4,73.5245,-0.5962
first day,stepwise change,beta 0.5,Correction + w 0.5,0,73.0723,-0.1416
first day,stepwise change,beta 0.5,Correction + w 0.5,1,71.7555,-0.1826
first day,stepwise change,beta 0.5,Correction + w 0.5,2,71.7106,-0.0778
first day,stepwise change,beta 0.5,Correction + w 0.5,3,68.8884,-0.0202
first day,stepwise change,beta 0.5,Correction + w 0.5,4,73.9955,-0.1252
first day,stepwise change,beta 0.5,Correction + w 0.2,0,73.0205,-0.1934
first day,stepwise change,beta 0.5,Correction + w 0.2,1,71.8775,-0.0606
first day,stepwise change,beta 0.5,Correction + w 0.2,2,71.6078,-0.1806
first day,stepwise change,beta 0.5,Correction + w 0.2,3,68.4042,-0.5044
first day,stepwise change,beta 0.5,Correction + w 0.2,4,73.9086,-0.2120
first day,stepwise change,beta 0.5,Correction + w 0.45,0,73.1121,-0.1018
first day,stepwise change,beta 0.5,Correction + w 0.45,1,71.8319,-0.1062
first day,stepwise change,beta 0.5,Correction + w 0.45,2,71.7273,-0.0611
first day,stepwise change,beta 0.5,Correction + w 0.45,3,68.8151,-0.0935
first day,stepwise change,beta 0.5,Correction + w 0.45,4,74.0339,-0.0868
first day,stepwise change,beta 0.5,Corrected edge only,0,72.8015,-0.4124
first day,stepwise change,beta 0.5,Corrected edge only,1,71.7628,-0.1753
first day,stepwise change,beta 0.5,Corrected edge only,2,71.4255,-0.3629
first day,stepwise change,beta 0.5,Corrected edge only,3,68.1546,-0.7540
first day,stepwise change,beta 0.5,Corrected edge only,4,73.6810,-0.4397
first day,stepwise change,beta 0.5,Correction + product,0,72.8741,-0.3398
first day,stepwise change,beta 0.5,Correction + product,1,71.4891,-0.4490
first day,stepwise change,beta 0.5,Correction + product,2,71.6254,-0.1630
first day,stepwise change,beta 0.5,Correction + product,3,68.8540,-0.0546
first day,stepwise change,beta 0.5,Correction + product,4,73.9138,-0.2069
first day,stepwise change,beta 0.5,DriftGate,0,73.2139,+0.0000
first day,stepwise change,beta 0.5,DriftGate,1,71.9382,+0.0000
first day,stepwise change,beta 0.5,DriftGate,2,71.7883,+0.0000
first day,stepwise change,beta 0.5,DriftGate,3,68.9086,+0.0000
first day,stepwise change,beta 0.5,DriftGate,4,74.1207,+0.0000
first day,stepwise change,beta 0.5,Lower-entropy exit,0,70.5432,-2.6707
first day,stepwise change,beta 0.5,Lower-entropy exit,1,69.4592,-2.4789
first day,stepwise change,beta 0.5,Lower-entropy exit,2,69.3448,-2.4435
first day,stepwise change,beta 0.5,Lower-entropy exit,3,66.3255,-2.5831
first day,stepwise change,beta 0.5,Lower-entropy exit,4,71.6980,-2.4227
round > 30,stepwise change,beta 1,Device only,0,64.3267,-6.2134
round > 30,stepwise change,beta 1,Device only,1,63.7097,-4.7095
round > 30,stepwise change,beta 1,Device only,2,64.4082,-4.4005
round > 30,stepwise change,beta 1,Device only,3,62.4194,-3.7486
round > 30,stepwise change,beta 1,Device only,4,65.9868,-5.4343
round > 30,stepwise change,beta 1,Raw edge only,0,69.2267,-1.3133
round > 30,stepwise change,beta 1,Raw edge only,1,67.8562,-0.5630
round > 30,stepwise change,beta 1,Raw edge only,2,67.2405,-1.5682
round > 30,stepwise change,beta 1,Raw edge only,3,64.6298,-1.5382
round > 30,stepwise change,beta 1,Raw edge only,4,70.5649,-0.8563
round > 30,stepwise change,beta 1,Confidence-based offloading,0,69.1778,-1.3622
round > 30,stepwise change,beta 1,Confidence-based offloading,1,67.8323,-0.5868
round > 30,stepwise change,beta 1,Confidence-based offloading,2,67.2201,-1.5886
round > 30,stepwise change,beta 1,Confidence-based offloading,3,64.5677,-1.6003
round > 30,stepwise change,beta 1,Confidence-based offloading,4,70.5137,-0.9074
round > 30,stepwise change,beta 1,Probability average,0,70.7042,+0.1641
round > 30,stepwise change,beta 1,Probability average,1,68.3770,-0.0422
round > 30,stepwise change,beta 1,Probability average,2,68.6494,-0.1593
round > 30,stepwise change,beta 1,Probability average,3,65.9907,-0.1774
round > 30,stepwise change,beta 1,Probability average,4,71.7410,+0.3199
round > 30,stepwise change,beta 1,Logit sum,0,70.5940,+0.0540
round > 30,stepwise change,beta 1,Logit sum,1,68.1113,-0.3079
round > 30,stepwise change,beta 1,Logit sum,2,68.6635,-0.1453
round > 30,stepwise change,beta 1,Logit sum,3,65.9184,-0.2497
round > 30,stepwise change,beta 1,Logit sum,4,71.7472,+0.3261
round > 30,stepwise change,beta 1,No correction + adaptive w,0,70.7952,+0.2552
round > 30,stepwise change,beta 1,No correction + adaptive w,1,68.5366,+0.1175
round > 30,stepwise change,beta 1,No correction + adaptive w,2,68.6047,-0.2040
round > 30,stepwise change,beta 1,No correction + adaptive w,3,65.8235,-0.3446
round > 30,stepwise change,beta 1,No correction + adaptive w,4,71.8865,+0.4654
round > 30,stepwise change,beta 1,Correction + w 0.5,0,70.1863,-0.3538
round > 30,stepwise change,beta 1,Correction + w 0.5,1,68.1172,-0.3020
round > 30,stepwise change,beta 1,Correction + w 0.5,2,68.5916,-0.2171
round > 30,stepwise change,beta 1,Correction + w 0.5,3,66.0929,-0.0751
round > 30,stepwise change,beta 1,Correction + w 0.5,4,71.0831,-0.3380
round > 30,stepwise change,beta 1,Correction + w 0.2,0,71.0062,+0.4661
round > 30,stepwise change,beta 1,Correction + w 0.2,1,69.0560,+0.6368
round > 30,stepwise change,beta 1,Correction + w 0.2,2,69.1768,+0.3681
round > 30,stepwise change,beta 1,Correction + w 0.2,3,66.1973,+0.0292
round > 30,stepwise change,beta 1,Correction + w 0.2,4,71.9384,+0.5173
round > 30,stepwise change,beta 1,Correction + w 0.45,0,70.4283,-0.1117
round > 30,stepwise change,beta 1,Correction + w 0.45,1,68.3525,-0.0667
round > 30,stepwise change,beta 1,Correction + w 0.45,2,68.7648,-0.0439
round > 30,stepwise change,beta 1,Correction + w 0.45,3,66.1657,-0.0023
round > 30,stepwise change,beta 1,Correction + w 0.45,4,71.3168,-0.1043
round > 30,stepwise change,beta 1,Corrected edge only,0,71.0915,+0.5515
round > 30,stepwise change,beta 1,Corrected edge only,1,69.2856,+0.8665
round > 30,stepwise change,beta 1,Corrected edge only,2,69.2335,+0.4247
round > 30,stepwise change,beta 1,Corrected edge only,3,66.0707,-0.0973
round > 30,stepwise change,beta 1,Corrected edge only,4,72.0693,+0.6482
round > 30,stepwise change,beta 1,Correction + product,0,69.7914,-0.7487
round > 30,stepwise change,beta 1,Correction + product,1,67.6493,-0.7699
round > 30,stepwise change,beta 1,Correction + product,2,68.3923,-0.4164
round > 30,stepwise change,beta 1,Correction + product,3,65.9387,-0.2293
round > 30,stepwise change,beta 1,Correction + product,4,70.8081,-0.6130
round > 30,stepwise change,beta 1,DriftGate,0,70.5400,+0.0000
round > 30,stepwise change,beta 1,DriftGate,1,68.4192,+0.0000
round > 30,stepwise change,beta 1,DriftGate,2,68.8087,+0.0000
round > 30,stepwise change,beta 1,DriftGate,3,66.1680,+0.0000
round > 30,stepwise change,beta 1,DriftGate,4,71.4211,+0.0000
round > 30,stepwise change,beta 1,Lower-entropy exit,0,69.4997,-1.0403
round > 30,stepwise change,beta 1,Lower-entropy exit,1,68.0063,-0.4129
round > 30,stepwise change,beta 1,Lower-entropy exit,2,67.4977,-1.3110
round > 30,stepwise change,beta 1,Lower-entropy exit,3,64.9247,-1.2433
round > 30,stepwise change,beta 1,Lower-entropy exit,4,70.7150,-0.7062
round > 30,stepwise change,beta 1,Logit-entropy weighting,0,69.5109,-1.0291
round > 30,stepwise change,beta 1,Logit-entropy weighting,1,68.0083,-0.4109
round > 30,stepwise change,beta 1,Logit-entropy weighting,2,67.5010,-1.3078
round > 30,stepwise change,beta 1,Logit-entropy weighting,3,64.9263,-1.2418
round > 30,stepwise change,beta 1,Logit-entropy weighting,4,70.7137,-0.7074
round > 30,stepwise change,beta 1,Geometric ensemble with early exit,0,70.5869,+0.0468
round > 30,stepwise change,beta 1,Geometric ensemble with early exit,1,68.1098,-0.3093
round > 30,stepwise change,beta 1,Geometric ensemble with early exit,2,68.6600,-0.1488
round > 30,stepwise change,beta 1,Geometric ensemble with early exit,3,65.9158,-0.2522
round > 30,stepwise change,beta 1,Geometric ensemble with early exit,4,71.7385,+0.3173
round > 30,stepwise change,beta 1,Label-shift EM,0,67.9834,-2.5567
round > 30,stepwise change,beta 1,Label-shift EM,1,66.1247,-2.2944
round > 30,stepwise change,beta 1,Label-shift EM,2,66.8183,-1.9905
round > 30,stepwise change,beta 1,Label-shift EM,3,63.4098,-2.7583
round > 30,stepwise change,beta 1,Label-shift EM,4,68.1788,-3.2424
round > 30,stepwise change,beta 1,Learned weight,0,70.3604,-0.1796
round > 30,stepwise change,beta 1,Learned weight,1,68.0950,-0.3242
round > 30,stepwise change,beta 1,Learned weight,2,68.1473,-0.6614
round > 30,stepwise change,beta 1,Learned weight,3,65.0587,-1.1093
round > 30,stepwise change,beta 1,Learned weight,4,71.3475,-0.0737
round > 30,stepwise change,beta 1,Correction + learned weight,0,70.3472,-0.1929
round > 30,stepwise change,beta 1,Correction + learned weight,1,68.1124,-0.3068
round > 30,stepwise change,beta 1,Correction + learned weight,2,68.6162,-0.1925
round > 30,stepwise change,beta 1,Correction + learned weight,3,65.4438,-0.7242
round > 30,stepwise change,beta 1,Correction + learned weight,4,71.2029,-0.2182
round > 30,stepwise change,beta 0.5,Device only,0,64.3267,-4.9648
round > 30,stepwise change,beta 0.5,Device only,1,63.7097,-4.1961
round > 30,stepwise change,beta 0.5,Device only,2,64.4082,-3.7761
round > 30,stepwise change,beta 0.5,Device only,3,62.4194,-3.2985
round > 30,stepwise change,beta 0.5,Device only,4,65.9868,-4.5198
round > 30,stepwise change,beta 0.5,Raw edge only,0,68.4232,-0.8682
round > 30,stepwise change,beta 0.5,Raw edge only,1,67.6080,-0.2978
round > 30,stepwise change,beta 0.5,Raw edge only,2,67.4278,-0.7566
round > 30,stepwise change,beta 0.5,Raw edge only,3,64.5837,-1.1342
round > 30,stepwise change,beta 0.5,Raw edge only,4,69.8961,-0.6106
round > 30,stepwise change,beta 0.5,Probability average,0,69.4206,+0.1291
round > 30,stepwise change,beta 0.5,Probability average,1,67.9520,+0.0462
round > 30,stepwise change,beta 0.5,Probability average,2,68.0852,-0.0992
round > 30,stepwise change,beta 0.5,Probability average,3,65.5830,-0.1349
round > 30,stepwise change,beta 0.5,Probability average,4,70.7270,+0.2204
round > 30,stepwise change,beta 0.5,Logit sum,0,69.3185,+0.0271
round > 30,stepwise change,beta 0.5,Logit sum,1,67.7070,-0.1988
round > 30,stepwise change,beta 0.5,Logit sum,2,68.0705,-0.1139
round > 30,stepwise change,beta 0.5,Logit sum,3,65.5523,-0.1656
round > 30,stepwise change,beta 0.5,Logit sum,4,70.7293,+0.2226
round > 30,stepwise change,beta 0.5,No correction + adaptive w,0,69.4808,+0.1894
round > 30,stepwise change,beta 0.5,No correction + adaptive w,1,68.0964,+0.1907
round > 30,stepwise change,beta 0.5,No correction + adaptive w,2,68.0773,-0.1070
round > 30,stepwise change,beta 0.5,No correction + adaptive w,3,65.4795,-0.2384
round > 30,stepwise change,beta 0.5,No correction + adaptive w,4,70.7506,+0.2439
round > 30,stepwise change,beta 0.5,Correction + w 0.5,0,69.0671,-0.2244
round > 30,stepwise change,beta 0.5,Correction + w 0.5,1,67.6533,-0.2525
round > 30,stepwise change,beta 0.5,Correction + w 0.5,2,68.0358,-0.1486
round > 30,stepwise change,beta 0.5,Correction + w 0.5,3,65.6577,-0.0602
round > 30,stepwise change,beta 0.5,Correction + w 0.5,4,70.3076,-0.1990
round > 30,stepwise change,beta 0.5,Correction + w 0.2,0,69.5596,+0.2681
round > 30,stepwise change,beta 0.5,Correction + w 0.2,1,68.3425,+0.4367
round > 30,stepwise change,beta 0.5,Correction + w 0.2,2,68.4297,+0.2454
round > 30,stepwise change,beta 0.5,Correction + w 0.2,3,65.6382,-0.0797
round > 30,stepwise change,beta 0.5,Correction + w 0.2,4,70.7789,+0.2723
round > 30,stepwise change,beta 0.5,Correction + w 0.45,0,69.2231,-0.0683
round > 30,stepwise change,beta 0.5,Correction + w 0.45,1,67.8324,-0.0734
round > 30,stepwise change,beta 0.5,Correction + w 0.45,2,68.1546,-0.0297
round > 30,stepwise change,beta 0.5,Correction + w 0.45,3,65.6953,-0.0227
round > 30,stepwise change,beta 0.5,Correction + w 0.45,4,70.4516,-0.0550
round > 30,stepwise change,beta 0.5,Corrected edge only,0,69.5968,+0.3054
round > 30,stepwise change,beta 0.5,Corrected edge only,1,68.4808,+0.5751
round > 30,stepwise change,beta 0.5,Corrected edge only,2,68.4802,+0.2958
round > 30,stepwise change,beta 0.5,Corrected edge only,3,65.5109,-0.2070
round > 30,stepwise change,beta 0.5,Corrected edge only,4,70.8252,+0.3186
round > 30,stepwise change,beta 0.5,Correction + product,0,68.7433,-0.5482
round > 30,stepwise change,beta 0.5,Correction + product,1,67.2399,-0.6659
round > 30,stepwise change,beta 0.5,Correction + product,2,67.8536,-0.3308
round > 30,stepwise change,beta 0.5,Correction + product,3,65.5576,-0.1603
round > 30,stepwise change,beta 0.5,Correction + product,4,70.0872,-0.4195
round > 30,stepwise change,beta 0.5,DriftGate,0,69.2914,+0.0000
round > 30,stepwise change,beta 0.5,DriftGate,1,67.9058,+0.0000
round > 30,stepwise change,beta 0.5,DriftGate,2,68.1844,+0.0000
round > 30,stepwise change,beta 0.5,DriftGate,3,65.7179,+0.0000
round > 30,stepwise change,beta 0.5,DriftGate,4,70.5066,+0.0000
round > 30,stepwise change,beta 0.5,Lower-entropy exit,0,68.5862,-0.7053
round > 30,stepwise change,beta 0.5,Lower-entropy exit,1,67.7370,-0.1688
round > 30,stepwise change,beta 0.5,Lower-entropy exit,2,67.4853,-0.6991
round > 30,stepwise change,beta 0.5,Lower-entropy exit,3,64.7758,-0.9421
round > 30,stepwise change,beta 0.5,Lower-entropy exit,4,69.9879,-0.5188
first day,random mobility,beta 1,Device only,0,67.9949,-3.8985
first day,random mobility,beta 1,Device only,1,68.0425,-3.1627
first day,random mobility,beta 1,Device only,2,67.0826,-3.1001
first day,random mobility,beta 1,Raw edge only,0,58.2106,-13.6828
first day,random mobility,beta 1,Raw edge only,1,59.0494,-12.1557
first day,random mobility,beta 1,Raw edge only,2,58.5728,-11.6099
first day,random mobility,beta 1,Confidence-based offloading,0,58.1523,-13.7410
first day,random mobility,beta 1,Confidence-based offloading,1,59.0151,-12.1901
first day,random mobility,beta 1,Confidence-based offloading,2,58.5229,-11.6597
first day,random mobility,beta 1,Probability average,0,70.0930,-1.8004
first day,random mobility,beta 1,Probability average,1,69.3553,-1.8499
first day,random mobility,beta 1,Probability average,2,69.2816,-0.9011
first day,random mobility,beta 1,Logit sum,0,69.8340,-2.0594
first day,random mobility,beta 1,Logit sum,1,69.0776,-2.1275
first day,random mobility,beta 1,Logit sum,2,68.7724,-1.4103
first day,random mobility,beta 1,No correction + adaptive w,0,69.7992,-2.0942
first day,random mobility,beta 1,No correction + adaptive w,1,69.1741,-2.0311
first day,random mobility,beta 1,No correction + adaptive w,2,69.0031,-1.1796
first day,random mobility,beta 1,Correction + w 0.5,0,71.6911,-0.2023
first day,random mobility,beta 1,Correction + w 0.5,1,71.1099,-0.0952
first day,random mobility,beta 1,Correction + w 0.5,2,70.0651,-0.1176
first day,random mobility,beta 1,Correction + w 0.2,0,71.2471,-0.6463
first day,random mobility,beta 1,Correction + w 0.2,1,70.6311,-0.5741
first day,random mobility,beta 1,Correction + w 0.2,2,69.6565,-0.5262
first day,random mobility,beta 1,Correction + w 0.45,0,71.7172,-0.1762
first day,random mobility,beta 1,Correction + w 0.45,1,71.1183,-0.0869
first day,random mobility,beta 1,Correction + w 0.45,2,70.0896,-0.0931
first day,random mobility,beta 1,Corrected edge only,0,70.5095,-1.3839
first day,random mobility,beta 1,Corrected edge only,1,70.1831,-1.0220
first day,random mobility,beta 1,Corrected edge only,2,68.9687,-1.2140
first day,random mobility,beta 1,Correction + product,0,71.5287,-0.3647
first day,random mobility,beta 1,Correction + product,1,70.8449,-0.3603
first day,random mobility,beta 1,Correction + product,2,69.9769,-0.2057
first day,random mobility,beta 1,DriftGate,0,71.8934,+0.0000
first day,random mobility,beta 1,DriftGate,1,71.2052,+0.0000
first day,random mobility,beta 1,DriftGate,2,70.1827,+0.0000
first day,random mobility,beta 1,Lower-entropy exit,0,64.2934,-7.6000
first day,random mobility,beta 1,Lower-entropy exit,1,64.5281,-6.6771
first day,random mobility,beta 1,Lower-entropy exit,2,63.8324,-6.3503
first day,random mobility,beta 1,Logit-entropy weighting,0,64.2936,-7.5998
first day,random mobility,beta 1,Logit-entropy weighting,1,64.5274,-6.6778
first day,random mobility,beta 1,Logit-entropy weighting,2,63.8324,-6.3503
first day,random mobility,beta 1,Geometric ensemble with early exit,0,69.8280,-2.0654
first day,random mobility,beta 1,Geometric ensemble with early exit,1,69.0770,-2.1281
first day,random mobility,beta 1,Geometric ensemble with early exit,2,68.7668,-1.4159
first day,random mobility,beta 1,Label-shift EM,0,65.5846,-6.3087
first day,random mobility,beta 1,Label-shift EM,1,65.8458,-5.3593
first day,random mobility,beta 1,Label-shift EM,2,64.8365,-5.3462
first day,random mobility,beta 1,Learned weight,0,68.8724,-3.0210
first day,random mobility,beta 1,Learned weight,1,68.6000,-2.6052
first day,random mobility,beta 1,Learned weight,2,68.1804,-2.0023
first day,random mobility,beta 1,Correction + learned weight,0,71.4725,-0.4208
first day,random mobility,beta 1,Correction + learned weight,1,70.6034,-0.6017
first day,random mobility,beta 1,Correction + learned weight,2,69.8433,-0.3394
first day,random mobility,beta 0.5,Device only,0,67.9949,-3.1788
first day,random mobility,beta 0.5,Device only,1,68.0425,-2.9615
first day,random mobility,beta 0.5,Device only,2,67.0826,-2.7888
first day,random mobility,beta 0.5,Raw edge only,0,63.7838,-7.3899
first day,random mobility,beta 0.5,Raw edge only,1,64.1123,-6.8917
first day,random mobility,beta 0.5,Raw edge only,2,63.7760,-6.0954
first day,random mobility,beta 0.5,Probability average,0,69.9673,-1.2064
first day,random mobility,beta 0.5,Probability average,1,69.7210,-1.2830
first day,random mobility,beta 0.5,Probability average,2,69.1750,-0.6964
first day,random mobility,beta 0.5,Logit sum,0,69.8277,-1.3460
first day,random mobility,beta 0.5,Logit sum,1,69.4682,-1.5358
first day,random mobility,beta 0.5,Logit sum,2,68.9969,-0.8744
first day,random mobility,beta 0.5,No correction + adaptive w,0,69.8766,-1.2971
first day,random mobility,beta 0.5,No correction + adaptive w,1,69.6932,-1.3107
first day,random mobility,beta 0.5,No correction + adaptive w,2,69.1037,-0.7676
first day,random mobility,beta 0.5,Correction + w 0.5,0,71.0379,-0.1358
first day,random mobility,beta 0.5,Correction + w 0.5,1,70.8805,-0.1235
first day,random mobility,beta 0.5,Correction + w 0.5,2,69.7733,-0.0980
first day,random mobility,beta 0.5,Correction + w 0.2,0,70.8381,-0.3355
first day,random mobility,beta 0.5,Correction + w 0.2,1,70.8069,-0.1971
first day,random mobility,beta 0.5,Correction + w 0.2,2,69.7051,-0.1663
first day,random mobility,beta 0.5,Correction + w 0.45,0,71.0576,-0.1161
first day,random mobility,beta 0.5,Correction + w 0.45,1,70.9126,-0.0914
first day,random mobility,beta 0.5,Correction + w 0.45,2,69.8045,-0.0668
first day,random mobility,beta 0.5,Corrected edge only,0,70.5477,-0.6260
first day,random mobility,beta 0.5,Corrected edge only,1,70.6581,-0.3459
first day,random mobility,beta 0.5,Corrected edge only,2,69.4743,-0.3970
first day,random mobility,beta 0.5,Correction + product,0,70.8948,-0.2789
first day,random mobility,beta 0.5,Correction + product,1,70.6432,-0.3608
first day,random mobility,beta 0.5,Correction + product,2,69.6736,-0.1977
first day,random mobility,beta 0.5,DriftGate,0,71.1737,+0.0000
first day,random mobility,beta 0.5,DriftGate,1,71.0040,+0.0000
first day,random mobility,beta 0.5,DriftGate,2,69.8713,+0.0000
first day,random mobility,beta 0.5,Lower-entropy exit,0,66.7838,-4.3899
first day,random mobility,beta 0.5,Lower-entropy exit,1,66.6621,-4.3419
first day,random mobility,beta 0.5,Lower-entropy exit,2,66.0376,-3.8337
round > 30,random mobility,beta 1,Device only,0,60.6205,-5.6567
round > 30,random mobility,beta 1,Device only,1,61.0720,-4.3489
round > 30,random mobility,beta 1,Device only,2,59.8154,-4.6810
round > 30,random mobility,beta 1,Raw edge only,0,62.0941,-4.1831
round > 30,random mobility,beta 1,Raw edge only,1,62.8948,-2.5262
round > 30,random mobility,beta 1,Raw edge only,2,60.3283,-4.1681
round > 30,random mobility,beta 1,Confidence-based offloading,0,62.0076,-4.2697
round > 30,random mobility,beta 1,Confidence-based offloading,1,62.8451,-2.5758
round > 30,random mobility,beta 1,Confidence-based offloading,2,60.2563,-4.2400
round > 30,random mobility,beta 1,Probability average,0,65.8704,-0.4068
round > 30,random mobility,beta 1,Probability average,1,65.2435,-0.1774
round > 30,random mobility,beta 1,Probability average,2,64.7515,+0.2551
round > 30,random mobility,beta 1,Logit sum,0,65.7051,-0.5721
round > 30,random mobility,beta 1,Logit sum,1,64.9377,-0.4833
round > 30,random mobility,beta 1,Logit sum,2,64.5502,+0.0539
round > 30,random mobility,beta 1,No correction + adaptive w,0,65.8561,-0.4212
round > 30,random mobility,beta 1,No correction + adaptive w,1,65.2577,-0.1632
round > 30,random mobility,beta 1,No correction + adaptive w,2,64.7346,+0.2383
round > 30,random mobility,beta 1,Correction + w 0.5,0,65.9313,-0.3459
round > 30,random mobility,beta 1,Correction + w 0.5,1,65.2414,-0.1795
round > 30,random mobility,beta 1,Correction + w 0.5,2,64.2637,-0.2327
round > 30,random mobility,beta 1,Correction + w 0.2,0,66.7300,+0.4527
round > 30,random mobility,beta 1,Correction + w 0.2,1,65.9650,+0.5441
round > 30,random mobility,beta 1,Correction + w 0.2,2,65.0896,+0.5932
round > 30,random mobility,beta 1,Correction + w 0.45,0,66.1779,-0.0993
round > 30,random mobility,beta 1,Correction + w 0.45,1,65.4264,+0.0055
round > 30,random mobility,beta 1,Correction + w 0.45,2,64.4968,+0.0004
round > 30,random mobility,beta 1,Corrected edge only,0,66.7812,+0.5039
round > 30,random mobility,beta 1,Corrected edge only,1,66.1698,+0.7489
round > 30,random mobility,beta 1,Corrected edge only,2,65.1877,+0.6913
round > 30,random mobility,beta 1,Correction + product,0,65.5308,-0.7464
round > 30,random mobility,beta 1,Correction + product,1,64.8031,-0.6179
round > 30,random mobility,beta 1,Correction + product,2,64.0157,-0.4806
round > 30,random mobility,beta 1,DriftGate,0,66.2772,+0.0000
round > 30,random mobility,beta 1,DriftGate,1,65.4209,+0.0000
round > 30,random mobility,beta 1,DriftGate,2,64.4964,+0.0000
round > 30,random mobility,beta 1,Lower-entropy exit,0,63.0173,-3.2600
round > 30,random mobility,beta 1,Lower-entropy exit,1,63.4248,-1.9961
round > 30,random mobility,beta 1,Lower-entropy exit,2,62.1187,-2.3777
round > 30,random mobility,beta 1,Logit-entropy weighting,0,63.0167,-3.2605
round > 30,random mobility,beta 1,Logit-entropy weighting,1,63.4227,-1.9982
round > 30,random mobility,beta 1,Logit-entropy weighting,2,62.1186,-2.3778
round > 30,random mobility,beta 1,Geometric ensemble with early exit,0,65.6964,-0.5809
round > 30,random mobility,beta 1,Geometric ensemble with early exit,1,64.9368,-0.4841
round > 30,random mobility,beta 1,Geometric ensemble with early exit,2,64.5421,+0.0457
round > 30,random mobility,beta 1,Label-shift EM,0,64.2228,-2.0544
round > 30,random mobility,beta 1,Label-shift EM,1,62.5980,-2.8229
round > 30,random mobility,beta 1,Label-shift EM,2,62.1827,-2.3136
round > 30,random mobility,beta 1,Learned weight,0,65.2766,-1.0006
round > 30,random mobility,beta 1,Learned weight,1,65.0882,-0.3327
round > 30,random mobility,beta 1,Learned weight,2,64.3029,-0.1934
round > 30,random mobility,beta 1,Correction + learned weight,0,66.2153,-0.0619
round > 30,random mobility,beta 1,Correction + learned weight,1,65.3238,-0.0971
round > 30,random mobility,beta 1,Correction + learned weight,2,64.6861,+0.1897
round > 30,random mobility,beta 0.5,Device only,0,60.6205,-4.3600
round > 30,random mobility,beta 0.5,Device only,1,61.0720,-3.8081
round > 30,random mobility,beta 0.5,Device only,2,59.8154,-3.9060
round > 30,random mobility,beta 0.5,Raw edge only,0,62.3450,-2.6355
round > 30,random mobility,beta 0.5,Raw edge only,1,62.9873,-1.8928
round > 30,random mobility,beta 0.5,Raw edge only,2,61.4535,-2.2679
round > 30,random mobility,beta 0.5,Probability average,0,64.7038,-0.2767
round > 30,random mobility,beta 0.5,Probability average,1,64.7419,-0.1383
round > 30,random mobility,beta 0.5,Probability average,2,63.8958,+0.1744
round > 30,random mobility,beta 0.5,Logit sum,0,64.5665,-0.4140
round > 30,random mobility,beta 0.5,Logit sum,1,64.4683,-0.4119
round > 30,random mobility,beta 0.5,Logit sum,2,63.8186,+0.0972
round > 30,random mobility,beta 0.5,No correction + adaptive w,0,64.7308,-0.2496
round > 30,random mobility,beta 0.5,No correction + adaptive w,1,64.8222,-0.0580
round > 30,random mobility,beta 0.5,No correction + adaptive w,2,63.9443,+0.2229
round > 30,random mobility,beta 0.5,Correction + w 0.5,0,64.7604,-0.2201
round > 30,random mobility,beta 0.5,Correction + w 0.5,1,64.7008,-0.1794
round > 30,random mobility,beta 0.5,Correction + w 0.5,2,63.5528,-0.1686
round > 30,random mobility,beta 0.5,Correction + w 0.2,0,65.1622,+0.1817
round > 30,random mobility,beta 0.5,Correction + w 0.2,1,65.1803,+0.3002
round > 30,random mobility,beta 0.5,Correction + w 0.2,2,64.0953,+0.3739
round > 30,random mobility,beta 0.5,Correction + w 0.45,0,64.9016,-0.0788
round > 30,random mobility,beta 0.5,Correction + w 0.45,1,64.8327,-0.0475
round > 30,random mobility,beta 0.5,Correction + w 0.45,2,63.7087,-0.0127
round > 30,random mobility,beta 0.5,Corrected edge only,0,65.1491,+0.1687
round > 30,random mobility,beta 0.5,Corrected edge only,1,65.2667,+0.3865
round > 30,random mobility,beta 0.5,Corrected edge only,2,64.1400,+0.4186
round > 30,random mobility,beta 0.5,Correction + product,0,64.4566,-0.5239
round > 30,random mobility,beta 0.5,Correction + product,1,64.3200,-0.5602
round > 30,random mobility,beta 0.5,Correction + product,2,63.3515,-0.3699
round > 30,random mobility,beta 0.5,DriftGate,0,64.9805,+0.0000
round > 30,random mobility,beta 0.5,DriftGate,1,64.8802,+0.0000
round > 30,random mobility,beta 0.5,DriftGate,2,63.7214,+0.0000
round > 30,random mobility,beta 0.5,Lower-entropy exit,0,62.9967,-1.9837
round > 30,random mobility,beta 0.5,Lower-entropy exit,1,63.4876,-1.3926
round > 30,random mobility,beta 0.5,Lower-entropy exit,2,62.2701,-1.4513
first day,CIFAR-100,beta 1,Device only,0,34.6940,-7.2484
first day,CIFAR-100,beta 1,Device only,1,33.4847,-7.2175
first day,CIFAR-100,beta 1,Device only,2,33.6051,-7.6153
first day,CIFAR-100,beta 1,Raw edge only,0,36.9938,-4.9485
first day,CIFAR-100,beta 1,Raw edge only,1,35.5172,-5.1850
first day,CIFAR-100,beta 1,Raw edge only,2,35.0114,-6.2090
first day,CIFAR-100,beta 1,Confidence-based offloading,0,36.9946,-4.9477
first day,CIFAR-100,beta 1,Confidence-based offloading,1,35.5199,-5.1823
first day,CIFAR-100,beta 1,Confidence-based offloading,2,35.0127,-6.2077
first day,CIFAR-100,beta 1,Probability average,0,39.2094,-2.7330
first day,CIFAR-100,beta 1,Probability average,1,37.7061,-2.9962
first day,CIFAR-100,beta 1,Probability average,2,37.5364,-3.6840
first day,CIFAR-100,beta 1,Logit sum,0,40.8405,-1.1018
first day,CIFAR-100,beta 1,Logit sum,1,39.2827,-1.4195
first day,CIFAR-100,beta 1,Logit sum,2,39.3744,-1.8460
first day,CIFAR-100,beta 1,No correction + adaptive w,0,38.5909,-3.3514
first day,CIFAR-100,beta 1,No correction + adaptive w,1,37.0643,-3.6379
first day,CIFAR-100,beta 1,No correction + adaptive w,2,36.8508,-4.3696
first day,CIFAR-100,beta 1,Correction + w 0.5,0,42.0907,+0.1484
first day,CIFAR-100,beta 1,Correction + w 0.5,1,40.8966,+0.1944
first day,CIFAR-100,beta 1,Correction + w 0.5,2,41.3695,+0.1491
first day,CIFAR-100,beta 1,Correction + w 0.2,0,41.6183,-0.3240
first day,CIFAR-100,beta 1,Correction + w 0.2,1,40.3419,-0.3603
first day,CIFAR-100,beta 1,Correction + w 0.2,2,40.8886,-0.3318
first day,CIFAR-100,beta 1,Correction + w 0.45,0,42.0014,+0.0591
first day,CIFAR-100,beta 1,Correction + w 0.45,1,40.7952,+0.0930
first day,CIFAR-100,beta 1,Correction + w 0.45,2,41.2923,+0.0719
first day,CIFAR-100,beta 1,Corrected edge only,0,41.3796,-0.5628
first day,CIFAR-100,beta 1,Corrected edge only,1,40.0730,-0.6292
first day,CIFAR-100,beta 1,Corrected edge only,2,40.6293,-0.5911
first day,CIFAR-100,beta 1,Correction + product,0,42.3774,+0.4351
first day,CIFAR-100,beta 1,Correction + product,1,41.2273,+0.5251
first day,CIFAR-100,beta 1,Correction + product,2,41.5949,+0.3745
first day,CIFAR-100,beta 1,DriftGate,0,41.9423,+0.0000
first day,CIFAR-100,beta 1,DriftGate,1,40.7022,+0.0000
first day,CIFAR-100,beta 1,DriftGate,2,41.2204,+0.0000
first day,CIFAR-100,beta 1,Lower-entropy exit,0,37.0329,-4.9094
first day,CIFAR-100,beta 1,Lower-entropy exit,1,35.5590,-5.1432
first day,CIFAR-100,beta 1,Lower-entropy exit,2,35.0806,-6.1398
first day,CIFAR-100,beta 1,Logit-entropy weighting,0,37.0456,-4.8967
first day,CIFAR-100,beta 1,Logit-entropy weighting,1,35.5728,-5.1294
first day,CIFAR-100,beta 1,Logit-entropy weighting,2,35.0930,-6.1274
first day,CIFAR-100,beta 1,Geometric ensemble with early exit,0,40.8403,-1.1020
first day,CIFAR-100,beta 1,Geometric ensemble with early exit,1,39.2826,-1.4196
first day,CIFAR-100,beta 1,Geometric ensemble with early exit,2,39.3744,-1.8460
first day,CIFAR-100,beta 1,Label-shift EM,0,40.7846,-1.1577
first day,CIFAR-100,beta 1,Label-shift EM,1,39.8418,-0.8604
first day,CIFAR-100,beta 1,Label-shift EM,2,40.6877,-0.5327
first day,CIFAR-100,beta 1,Learned weight,0,38.4110,-3.5313
first day,CIFAR-100,beta 1,Learned weight,1,37.0684,-3.6338
first day,CIFAR-100,beta 1,Learned weight,2,37.1347,-4.0857
first day,CIFAR-100,beta 1,Correction + learned weight,0,41.1360,-0.8063
first day,CIFAR-100,beta 1,Correction + learned weight,1,40.0454,-0.6568
first day,CIFAR-100,beta 1,Correction + learned weight,2,40.4541,-0.7663
first day,CIFAR-100,beta 0.5,Device only,0,34.6940,-4.6383
first day,CIFAR-100,beta 0.5,Device only,1,33.4847,-4.7163
first day,CIFAR-100,beta 0.5,Device only,2,33.6051,-4.7589
first day,CIFAR-100,beta 0.5,Raw edge only,0,36.9085,-2.4237
first day,CIFAR-100,beta 0.5,Raw edge only,1,35.7296,-2.4715
first day,CIFAR-100,beta 0.5,Raw edge only,2,35.4617,-2.9023
first day,CIFAR-100,beta 0.5,Probability average,0,37.6416,-1.6907
first day,CIFAR-100,beta 0.5,Probability average,1,36.3891,-1.8120
first day,CIFAR-100,beta 0.5,Probability average,2,36.2329,-2.1311
first day,CIFAR-100,beta 0.5,Logit sum,0,38.6034,-0.7289
first day,CIFAR-100,beta 0.5,Logit sum,1,37.2705,-0.9306
first day,CIFAR-100,beta 0.5,Logit sum,2,37.2450,-1.1190
first day,CIFAR-100,beta 0.5,No correction + adaptive w,0,37.4035,-1.9288
first day,CIFAR-100,beta 0.5,No correction + adaptive w,1,36.1661,-2.0350
first day,CIFAR-100,beta 0.5,No correction + adaptive w,2,35.9872,-2.3768
first day,CIFAR-100,beta 0.5,Correction + w 0.5,0,39.4167,+0.0845
first day,CIFAR-100,beta 0.5,Correction + w 0.5,1,38.2858,+0.0847
first day,CIFAR-100,beta 0.5,Correction + w 0.5,2,38.4452,+0.0812
first day,CIFAR-100,beta 0.5,Correction + w 0.2,0,39.2157,-0.1166
first day,CIFAR-100,beta 0.5,Correction + w 0.2,1,38.0972,-0.1038
first day,CIFAR-100,beta 0.5,Correction + w 0.2,2,38.2545,-0.1095
first day,CIFAR-100,beta 0.5,Correction + w 0.45,0,39.3726,+0.0404
first day,CIFAR-100,beta 0.5,Correction + w 0.45,1,38.2474,+0.0464
first day,CIFAR-100,beta 0.5,Correction + w 0.45,2,38.4065,+0.0425
first day,CIFAR-100,beta 0.5,Corrected edge only,0,39.1348,-0.1975
first day,CIFAR-100,beta 0.5,Corrected edge only,1,38.0237,-0.1774
first day,CIFAR-100,beta 0.5,Corrected edge only,2,38.1758,-0.1882
first day,CIFAR-100,beta 0.5,Correction + product,0,39.6321,+0.2998
first day,CIFAR-100,beta 0.5,Correction + product,1,38.4591,+0.2581
first day,CIFAR-100,beta 0.5,Correction + product,2,38.6097,+0.2457
first day,CIFAR-100,beta 0.5,DriftGate,0,39.3323,+0.0000
first day,CIFAR-100,beta 0.5,DriftGate,1,38.2011,+0.0000
first day,CIFAR-100,beta 0.5,DriftGate,2,38.3640,+0.0000
first day,CIFAR-100,beta 0.5,Lower-entropy exit,0,36.9089,-2.4234
first day,CIFAR-100,beta 0.5,Lower-entropy exit,1,35.7303,-2.4708
first day,CIFAR-100,beta 0.5,Lower-entropy exit,2,35.4619,-2.9021
round > 30,CIFAR-100,beta 1,Device only,0,37.7096,-8.3010
round > 30,CIFAR-100,beta 1,Device only,1,36.2551,-8.2587
round > 30,CIFAR-100,beta 1,Device only,2,36.5219,-8.6792
round > 30,CIFAR-100,beta 1,Raw edge only,0,41.4565,-4.5542
round > 30,CIFAR-100,beta 1,Raw edge only,1,39.7362,-4.7776
round > 30,CIFAR-100,beta 1,Raw edge only,2,39.4500,-5.7511
round > 30,CIFAR-100,beta 1,Confidence-based offloading,0,41.4574,-4.5532
round > 30,CIFAR-100,beta 1,Confidence-based offloading,1,39.7397,-4.7741
round > 30,CIFAR-100,beta 1,Confidence-based offloading,2,39.4517,-5.7493
round > 30,CIFAR-100,beta 1,Probability average,0,43.4590,-2.5517
round > 30,CIFAR-100,beta 1,Probability average,1,41.7284,-2.7854
round > 30,CIFAR-100,beta 1,Probability average,2,41.7266,-3.4745
round > 30,CIFAR-100,beta 1,Logit sum,0,44.9418,-1.0688
round > 30,CIFAR-100,beta 1,Logit sum,1,43.1741,-1.3397
round > 30,CIFAR-100,beta 1,Logit sum,2,43.4219,-1.7792
round > 30,CIFAR-100,beta 1,No correction + adaptive w,0,42.7632,-3.2474
round > 30,CIFAR-100,beta 1,No correction + adaptive w,1,40.9948,-3.5190
round > 30,CIFAR-100,beta 1,No correction + adaptive w,2,40.9344,-4.2666
round > 30,CIFAR-100,beta 1,Correction + w 0.5,0,46.1637,+0.1530
round > 30,CIFAR-100,beta 1,Correction + w 0.5,1,44.7252,+0.2114
round > 30,CIFAR-100,beta 1,Correction + w 0.5,2,45.3651,+0.1641
round > 30,CIFAR-100,beta 1,Correction + w 0.2,0,45.8375,-0.1731
round > 30,CIFAR-100,beta 1,Correction + w 0.2,1,44.3083,-0.2055
round > 30,CIFAR-100,beta 1,Correction + w 0.2,2,45.0112,-0.1898
round > 30,CIFAR-100,beta 1,Correction + w 0.45,0,46.1109,+0.1003
round > 30,CIFAR-100,beta 1,Correction + w 0.45,1,44.6610,+0.1472
round > 30,CIFAR-100,beta 1,Correction + w 0.45,2,45.3187,+0.1177
round > 30,CIFAR-100,beta 1,Corrected edge only,0,45.6366,-0.3740
round > 30,CIFAR-100,beta 1,Corrected edge only,1,44.0770,-0.4368
round > 30,CIFAR-100,beta 1,Corrected edge only,2,44.7933,-0.4077
round > 30,CIFAR-100,beta 1,Correction + product,0,46.2632,+0.2526
round > 30,CIFAR-100,beta 1,Correction + product,1,44.8226,+0.3088
round > 30,CIFAR-100,beta 1,Correction + product,2,45.3907,+0.1897
round > 30,CIFAR-100,beta 1,DriftGate,0,46.0106,+0.0000
round > 30,CIFAR-100,beta 1,DriftGate,1,44.5138,+0.0000
round > 30,CIFAR-100,beta 1,DriftGate,2,45.2010,+0.0000
round > 30,CIFAR-100,beta 1,Lower-entropy exit,0,41.4782,-4.5325
round > 30,CIFAR-100,beta 1,Lower-entropy exit,1,39.7615,-4.7523
round > 30,CIFAR-100,beta 1,Lower-entropy exit,2,39.4838,-5.7173
round > 30,CIFAR-100,beta 1,Logit-entropy weighting,0,41.4939,-4.5168
round > 30,CIFAR-100,beta 1,Logit-entropy weighting,1,39.7788,-4.7350
round > 30,CIFAR-100,beta 1,Logit-entropy weighting,2,39.5000,-5.7010
round > 30,CIFAR-100,beta 1,Geometric ensemble with early exit,0,44.9416,-1.0691
round > 30,CIFAR-100,beta 1,Geometric ensemble with early exit,1,43.1739,-1.3399
round > 30,CIFAR-100,beta 1,Geometric ensemble with early exit,2,43.4219,-1.7792
round > 30,CIFAR-100,beta 1,Label-shift EM,0,45.1233,-0.8874
round > 30,CIFAR-100,beta 1,Label-shift EM,1,43.9099,-0.6039
round > 30,CIFAR-100,beta 1,Label-shift EM,2,45.1336,-0.0675
round > 30,CIFAR-100,beta 1,Learned weight,0,41.8322,-4.1785
round > 30,CIFAR-100,beta 1,Learned weight,1,40.2411,-4.2727
round > 30,CIFAR-100,beta 1,Learned weight,2,40.4350,-4.7660
round > 30,CIFAR-100,beta 1,Correction + learned weight,0,45.0773,-0.9333
round > 30,CIFAR-100,beta 1,Correction + learned weight,1,43.7441,-0.7697
round > 30,CIFAR-100,beta 1,Correction + learned weight,2,44.3118,-0.8893
round > 30,CIFAR-100,beta 0.5,Device only,0,37.7096,-5.2069
round > 30,CIFAR-100,beta 0.5,Device only,1,36.2551,-5.1561
round > 30,CIFAR-100,beta 0.5,Device only,2,36.5219,-5.3557
round > 30,CIFAR-100,beta 0.5,Raw edge only,0,40.5344,-2.3822
round > 30,CIFAR-100,beta 0.5,Raw edge only,1,38.9832,-2.4280
round > 30,CIFAR-100,beta 0.5,Raw edge only,2,39.0474,-2.8302
round > 30,CIFAR-100,beta 0.5,Probability average,0,41.2625,-1.6540
round > 30,CIFAR-100,beta 0.5,Probability average,1,39.6632,-1.7479
round > 30,CIFAR-100,beta 0.5,Probability average,2,39.8226,-2.0550
round > 30,CIFAR-100,beta 0.5,Logit sum,0,42.2320,-0.6846
round > 30,CIFAR-100,beta 0.5,Logit sum,1,40.5384,-0.8727
round > 30,CIFAR-100,beta 0.5,Logit sum,2,40.8219,-1.0557
round > 30,CIFAR-100,beta 0.5,No correction + adaptive w,0,40.9829,-1.9337
round > 30,CIFAR-100,beta 0.5,No correction + adaptive w,1,39.3949,-2.0162
round > 30,CIFAR-100,beta 0.5,No correction + adaptive w,2,39.5295,-2.3481
round > 30,CIFAR-100,beta 0.5,Correction + w 0.5,0,43.0162,+0.0996
round > 30,CIFAR-100,beta 0.5,Correction + w 0.5,1,41.5132,+0.1020
round > 30,CIFAR-100,beta 0.5,Correction + w 0.5,2,41.9767,+0.0990
round > 30,CIFAR-100,beta 0.5,Correction + w 0.2,0,42.8227,-0.0939
round > 30,CIFAR-100,beta 0.5,Correction + w 0.2,1,41.3211,-0.0900
round > 30,CIFAR-100,beta 0.5,Correction + w 0.2,2,41.7816,-0.0960
round > 30,CIFAR-100,beta 0.5,Correction + w 0.45,0,42.9759,+0.0593
round > 30,CIFAR-100,beta 0.5,Correction + w 0.45,1,41.4763,+0.0651
round > 30,CIFAR-100,beta 0.5,Correction + w 0.45,2,41.9384,+0.0608
round > 30,CIFAR-100,beta 0.5,Corrected edge only,0,42.7399,-0.1766
round > 30,CIFAR-100,beta 0.5,Corrected edge only,1,41.2426,-0.1686
round > 30,CIFAR-100,beta 0.5,Corrected edge only,2,41.6978,-0.1798
round > 30,CIFAR-100,beta 0.5,Correction + product,0,43.1967,+0.2801
round > 30,CIFAR-100,beta 0.5,Correction + product,1,41.6348,+0.2237
round > 30,CIFAR-100,beta 0.5,Correction + product,2,42.0879,+0.2102
round > 30,CIFAR-100,beta 0.5,DriftGate,0,42.9166,+0.0000
round > 30,CIFAR-100,beta 0.5,DriftGate,1,41.4111,+0.0000
round > 30,CIFAR-100,beta 0.5,DriftGate,2,41.8776,+0.0000
round > 30,CIFAR-100,beta 0.5,Lower-entropy exit,0,40.5346,-2.3820
round > 30,CIFAR-100,beta 0.5,Lower-entropy exit,1,38.9837,-2.4274
round > 30,CIFAR-100,beta 0.5,Lower-entropy exit,2,39.0472,-2.8304
first day,ResNet-18,beta 1,Device only,0,65.2417,+0.0997
first day,ResNet-18,beta 1,Device only,1,64.2592,-0.2678
first day,ResNet-18,beta 1,Device only,2,69.6567,-0.5933
first day,ResNet-18,beta 1,Raw edge only,0,59.2884,-5.8535
first day,ResNet-18,beta 1,Raw edge only,1,53.3835,-11.1434
first day,ResNet-18,beta 1,Raw edge only,2,58.4480,-11.8020
first day,ResNet-18,beta 1,Confidence-based offloading,0,60.2115,-4.9305
first day,ResNet-18,beta 1,Confidence-based offloading,1,56.0502,-8.4768
first day,ResNet-18,beta 1,Confidence-based offloading,2,61.3790,-8.8709
first day,ResNet-18,beta 1,Probability average,0,65.2583,+0.1163
first day,ResNet-18,beta 1,Probability average,1,63.9612,-0.5658
first day,ResNet-18,beta 1,Probability average,2,69.9428,-0.3072
first day,ResNet-18,beta 1,Logit sum,0,64.7344,-0.4076
first day,ResNet-18,beta 1,Logit sum,1,63.5353,-0.9917
first day,ResNet-18,beta 1,Logit sum,2,69.7270,-0.5229
first day,ResNet-18,beta 1,No correction + adaptive w,0,65.2799,+0.1379
first day,ResNet-18,beta 1,No correction + adaptive w,1,64.0923,-0.4346
first day,ResNet-18,beta 1,No correction + adaptive w,2,70.0215,-0.2285
first day,ResNet-18,beta 1,Correction + w 0.5,0,65.1022,-0.0398
first day,ResNet-18,beta 1,Correction + w 0.5,1,64.6341,+0.1071
first day,ResNet-18,beta 1,Correction + w 0.5,2,70.3822,+0.1322
first day,ResNet-18,beta 1,Correction + w 0.2,0,63.5605,-1.5815
first day,ResNet-18,beta 1,Correction + w 0.2,1,61.6157,-2.9113
first day,ResNet-18,beta 1,Correction + w 0.2,2,66.8980,-3.3519
first day,ResNet-18,beta 1,Correction + w 0.45,0,64.9116,-0.2303
first day,ResNet-18,beta 1,Correction + w 0.45,1,64.3693,-0.1576
first day,ResNet-18,beta 1,Correction + w 0.45,2,70.1959,-0.0541
first day,ResNet-18,beta 1,Corrected edge only,0,62.1322,-3.0098
first day,ResNet-18,beta 1,Corrected edge only,1,59.0191,-5.5079
first day,ResNet-18,beta 1,Corrected edge only,2,64.0234,-6.2265
first day,ResNet-18,beta 1,Correction + product,0,64.7802,-0.3617
first day,ResNet-18,beta 1,Correction + product,1,64.5117,-0.0153
first day,ResNet-18,beta 1,Correction + product,2,70.4774,+0.2274
first day,ResNet-18,beta 1,DriftGate,0,65.1420,+0.0000
first day,ResNet-18,beta 1,DriftGate,1,64.5270,+0.0000
first day,ResNet-18,beta 1,DriftGate,2,70.2499,+0.0000
first day,ResNet-18,beta 1,Lower-entropy exit,0,65.7301,+0.5881
first day,ResNet-18,beta 1,Lower-entropy exit,1,64.2320,-0.2950
first day,ResNet-18,beta 1,Lower-entropy exit,2,69.6588,-0.5911
first day,ResNet-18,beta 1,Logit-entropy weighting,0,65.7316,+0.5897
first day,ResNet-18,beta 1,Logit-entropy weighting,1,64.2327,-0.2943
first day,ResNet-18,beta 1,Logit-entropy weighting,2,69.6575,-0.5924
first day,ResNet-18,beta 1,Geometric ensemble with early exit,0,64.7324,-0.4096
first day,ResNet-18,beta 1,Geometric ensemble with early exit,1,63.5284,-0.9986
first day,ResNet-18,beta 1,Geometric ensemble with early exit,2,69.7148,-0.5351
first day,ResNet-18,beta 1,Label-shift EM,0,61.5230,-3.6189
first day,ResNet-18,beta 1,Label-shift EM,1,59.0360,-5.4910
first day,ResNet-18,beta 1,Label-shift EM,2,64.6292,-5.6208
first day,ResNet-18,beta 1,Learned weight,0,64.3025,-0.8395
first day,ResNet-18,beta 1,Learned weight,1,60.4385,-4.0884
first day,ResNet-18,beta 1,Learned weight,2,66.0743,-4.1757
first day,ResNet-18,beta 1,Correction + learned weight,0,64.0607,-1.0812
first day,ResNet-18,beta 1,Correction + learned weight,1,61.9369,-2.5901
first day,ResNet-18,beta 1,Correction + learned weight,2,67.0929,-3.1571
first day,ResNet-18,beta 0.5,Device only,0,65.2417,+0.0962
first day,ResNet-18,beta 0.5,Device only,1,64.2592,-0.4833
first day,ResNet-18,beta 0.5,Device only,2,69.6567,-0.6777
first day,ResNet-18,beta 0.5,Raw edge only,0,61.8248,-3.3207
first day,ResNet-18,beta 0.5,Raw edge only,1,58.9966,-5.7459
first day,ResNet-18,beta 0.5,Raw edge only,2,63.3905,-6.9439
first day,ResNet-18,beta 0.5,Probability average,0,65.2776,+0.1321
first day,ResNet-18,beta 0.5,Probability average,1,64.2948,-0.4477
first day,ResNet-18,beta 0.5,Probability average,2,70.0847,-0.2497
first day,ResNet-18,beta 0.5,Logit sum,0,64.8509,-0.2946
first day,ResNet-18,beta 0.5,Logit sum,1,64.0459,-0.6966
first day,ResNet-18,beta 0.5,Logit sum,2,69.9831,-0.3513
first day,ResNet-18,beta 0.5,No correction + adaptive w,0,65.2782,+0.1327
first day,ResNet-18,beta 0.5,No correction + adaptive w,1,64.3136,-0.4289
first day,ResNet-18,beta 0.5,No correction + adaptive w,2,70.0973,-0.2371
first day,ResNet-18,beta 0.5,Correction + w 0.5,0,65.1402,-0.0053
first day,ResNet-18,beta 0.5,Correction + w 0.5,1,64.7673,+0.0248
first day,ResNet-18,beta 0.5,Correction + w 0.5,2,70.4131,+0.0787
first day,ResNet-18,beta 0.5,Correction + w 0.2,0,64.0758,-1.0697
first day,ResNet-18,beta 0.5,Correction + w 0.2,1,63.0107,-1.7318
first day,ResNet-18,beta 0.5,Correction + w 0.2,2,68.1250,-2.2094
first day,ResNet-18,beta 0.5,Correction + w 0.45,0,64.9890,-0.1565
first day,ResNet-18,beta 0.5,Correction + w 0.45,1,64.6059,-0.1366
first day,ResNet-18,beta 0.5,Correction + w 0.45,2,70.2733,-0.0611
first day,ResNet-18,beta 0.5,Corrected edge only,0,63.3049,-1.8406
first day,ResNet-18,beta 0.5,Corrected edge only,1,61.6602,-3.0823
first day,ResNet-18,beta 0.5,Corrected edge only,2,66.5905,-3.7439
first day,ResNet-18,beta 0.5,Correction + product,0,64.8522,-0.2933
first day,ResNet-18,beta 0.5,Correction + product,1,64.6887,-0.0538
first day,ResNet-18,beta 0.5,Correction + product,2,70.4832,+0.1489
first day,ResNet-18,beta 0.5,DriftGate,0,65.1455,+0.0000
first day,ResNet-18,beta 0.5,DriftGate,1,64.7425,+0.0000
first day,ResNet-18,beta 0.5,DriftGate,2,70.3344,+0.0000
first day,ResNet-18,beta 0.5,Lower-entropy exit,0,65.7363,+0.5908
first day,ResNet-18,beta 0.5,Lower-entropy exit,1,64.3799,-0.3626
first day,ResNet-18,beta 0.5,Lower-entropy exit,2,69.7465,-0.5879
round > 30,ResNet-18,beta 1,Device only,0,61.0791,-0.7088
round > 30,ResNet-18,beta 1,Device only,1,59.4322,-1.4192
round > 30,ResNet-18,beta 1,Device only,2,64.8004,-0.7393
round > 30,ResNet-18,beta 1,Raw edge only,0,58.9503,-2.8376
round > 30,ResNet-18,beta 1,Raw edge only,1,53.2340,-7.6174
round > 30,ResNet-18,beta 1,Raw edge only,2,57.5413,-7.9983
round > 30,ResNet-18,beta 1,Confidence-based offloading,0,59.9246,-1.8633
round > 30,ResNet-18,beta 1,Confidence-based offloading,1,56.1269,-4.7245
round > 30,ResNet-18,beta 1,Confidence-based offloading,2,60.3126,-5.2270
round > 30,ResNet-18,beta 1,Probability average,0,62.1972,+0.4093
round > 30,ResNet-18,beta 1,Probability average,1,60.8929,+0.0415
round > 30,ResNet-18,beta 1,Probability average,2,65.7059,+0.1663
round > 30,ResNet-18,beta 1,Logit sum,0,61.9853,+0.1974
round > 30,ResNet-18,beta 1,Logit sum,1,60.8716,+0.0202
round > 30,ResNet-18,beta 1,Logit sum,2,65.5458,+0.0062
round > 30,ResNet-18,beta 1,No correction + adaptive w,0,61.9614,+0.1735
round > 30,ResNet-18,beta 1,No correction + adaptive w,1,60.6563,-0.1951
round > 30,ResNet-18,beta 1,No correction + adaptive w,2,65.6064,+0.0668
round > 30,ResNet-18,beta 1,Correction + w 0.5,0,61.9888,+0.2009
round > 30,ResNet-18,beta 1,Correction + w 0.5,1,61.2380,+0.3866
round > 30,ResNet-18,beta 1,Correction + w 0.5,2,65.7843,+0.2447
round > 30,ResNet-18,beta 1,Correction + w 0.2,0,61.3957,-0.3922
round > 30,ResNet-18,beta 1,Correction + w 0.2,1,60.1081,-0.7433
round > 30,ResNet-18,beta 1,Correction + w 0.2,2,63.1036,-2.4361
round > 30,ResNet-18,beta 1,Correction + w 0.45,0,61.9655,+0.1776
round > 30,ResNet-18,beta 1,Correction + w 0.45,1,61.3004,+0.4490
round > 30,ResNet-18,beta 1,Correction + w 0.45,2,65.7459,+0.2063
round > 30,ResNet-18,beta 1,Corrected edge only,0,60.6228,-1.1651
round > 30,ResNet-18,beta 1,Corrected edge only,1,58.0811,-2.7703
round > 30,ResNet-18,beta 1,Corrected edge only,2,60.7386,-4.8010
round > 30,ResNet-18,beta 1,Correction + product,0,61.8313,+0.0434
round > 30,ResNet-18,beta 1,Correction + product,1,61.2177,+0.3663
round > 30,ResNet-18,beta 1,Correction + product,2,65.8875,+0.3478
round > 30,ResNet-18,beta 1,DriftGate,0,61.7879,+0.0000
round > 30,ResNet-18,beta 1,DriftGate,1,60.8514,+0.0000
round > 30,ResNet-18,beta 1,DriftGate,2,65.5396,+0.0000
round > 30,ResNet-18,beta 1,Lower-entropy exit,0,62.2394,+0.4515
round > 30,ResNet-18,beta 1,Lower-entropy exit,1,60.6703,-0.1811
round > 30,ResNet-18,beta 1,Lower-entropy exit,2,65.5480,+0.0084
round > 30,ResNet-18,beta 1,Logit-entropy weighting,0,62.2402,+0.4523
round > 30,ResNet-18,beta 1,Logit-entropy weighting,1,60.6709,-0.1805
round > 30,ResNet-18,beta 1,Logit-entropy weighting,2,65.5470,+0.0073
round > 30,ResNet-18,beta 1,Geometric ensemble with early exit,0,61.9829,+0.1950
round > 30,ResNet-18,beta 1,Geometric ensemble with early exit,1,60.8513,-0.0001
round > 30,ResNet-18,beta 1,Geometric ensemble with early exit,2,65.5243,-0.0153
round > 30,ResNet-18,beta 1,Label-shift EM,0,59.7107,-2.0772
round > 30,ResNet-18,beta 1,Label-shift EM,1,57.7830,-3.0684
round > 30,ResNet-18,beta 1,Label-shift EM,2,60.9486,-4.5910
round > 30,ResNet-18,beta 1,Learned weight,0,61.3154,-0.4725
round > 30,ResNet-18,beta 1,Learned weight,1,57.5170,-3.3344
round > 30,ResNet-18,beta 1,Learned weight,2,62.1521,-3.3876
round > 30,ResNet-18,beta 1,Correction + learned weight,0,61.1451,-0.6428
round > 30,ResNet-18,beta 1,Correction + learned weight,1,59.2613,-1.5901
round > 30,ResNet-18,beta 1,Correction + learned weight,2,62.8816,-2.6580
round > 30,ResNet-18,beta 0.5,Device only,0,61.0791,-0.7611
round > 30,ResNet-18,beta 0.5,Device only,1,59.4322,-1.6548
round > 30,ResNet-18,beta 0.5,Device only,2,64.8004,-0.8271
round > 30,ResNet-18,beta 0.5,Raw edge only,0,60.4402,-1.4000
round > 30,ResNet-18,beta 0.5,Raw edge only,1,57.8541,-3.2329
round > 30,ResNet-18,beta 0.5,Raw edge only,2,61.1802,-4.4473
round > 30,ResNet-18,beta 0.5,Probability average,0,62.1560,+0.3158
round > 30,ResNet-18,beta 0.5,Probability average,1,61.0428,-0.0442
round > 30,ResNet-18,beta 0.5,Probability average,2,65.7155,+0.0880
round > 30,ResNet-18,beta 0.5,Logit sum,0,61.9878,+0.1476
round > 30,ResNet-18,beta 0.5,Logit sum,1,61.1152,+0.0282
round > 30,ResNet-18,beta 0.5,Logit sum,2,65.6340,+0.0065
round > 30,ResNet-18,beta 0.5,No correction + adaptive w,0,62.0304,+0.1902
round > 30,ResNet-18,beta 0.5,No correction + adaptive w,1,60.9227,-0.1644
round > 30,ResNet-18,beta 0.5,No correction + adaptive w,2,65.6910,+0.0635
round > 30,ResNet-18,beta 0.5,Correction + w 0.5,0,61.9464,+0.1062
round > 30,ResNet-18,beta 0.5,Correction + w 0.5,1,61.2317,+0.1447
round > 30,ResNet-18,beta 0.5,Correction + w 0.5,2,65.7207,+0.0932
round > 30,ResNet-18,beta 0.5,Correction + w 0.2,0,61.6262,-0.2140
round > 30,ResNet-18,beta 0.5,Correction + w 0.2,1,60.8229,-0.2641
round > 30,ResNet-18,beta 0.5,Correction + w 0.2,2,64.0130,-1.6145
round > 30,ResNet-18,beta 0.5,Correction + w 0.45,0,61.9342,+0.0940
round > 30,ResNet-18,beta 0.5,Correction + w 0.45,1,61.3163,+0.2293
round > 30,ResNet-18,beta 0.5,Correction + w 0.45,2,65.6818,+0.0543
round > 30,ResNet-18,beta 0.5,Corrected edge only,0,61.2152,-0.6250
round > 30,ResNet-18,beta 0.5,Corrected edge only,1,59.9030,-1.1840
round > 30,ResNet-18,beta 0.5,Corrected edge only,2,62.7629,-2.8646
round > 30,ResNet-18,beta 0.5,Correction + product,0,61.7912,-0.0490
round > 30,ResNet-18,beta 0.5,Correction + product,1,61.2227,+0.1357
round > 30,ResNet-18,beta 0.5,Correction + product,2,65.7745,+0.1471
round > 30,ResNet-18,beta 0.5,DriftGate,0,61.8402,+0.0000
round > 30,ResNet-18,beta 0.5,DriftGate,1,61.0870,+0.0000
round > 30,ResNet-18,beta 0.5,DriftGate,2,65.6275,+0.0000
round > 30,ResNet-18,beta 0.5,Lower-entropy exit,0,62.1816,+0.3415
round > 30,ResNet-18,beta 0.5,Lower-entropy exit,1,60.7152,-0.3718
round > 30,ResNet-18,beta 0.5,Lower-entropy exit,2,65.5298,-0.0977
first day,K=200,beta 1,Device only,0,63.2226,-6.6529
first day,K=200,beta 1,Device only,1,62.9274,-6.8388
first day,K=200,beta 1,Device only,2,61.7251,-5.6192
first day,K=200,beta 1,Raw edge only,0,66.0770,-3.7986
first day,K=200,beta 1,Raw edge only,1,66.4093,-3.3569
first day,K=200,beta 1,Raw edge only,2,63.4179,-3.9265
first day,K=200,beta 1,Confidence-based offloading,0,66.0382,-3.8374
first day,K=200,beta 1,Confidence-based offloading,1,66.3602,-3.4060
first day,K=200,beta 1,Confidence-based offloading,2,63.3910,-3.9533
first day,K=200,beta 1,Probability average,0,69.8174,-0.0582
first day,K=200,beta 1,Probability average,1,69.7064,-0.0599
first day,K=200,beta 1,Probability average,2,67.1680,-0.1763
first day,K=200,beta 1,Logit sum,0,69.7485,-0.1271
first day,K=200,beta 1,Logit sum,1,69.6717,-0.0945
first day,K=200,beta 1,Logit sum,2,67.1682,-0.1761
first day,K=200,beta 1,No correction + adaptive w,0,69.9281,+0.0526
first day,K=200,beta 1,No correction + adaptive w,1,69.8990,+0.1328
first day,K=200,beta 1,No correction + adaptive w,2,67.1706,-0.1738
first day,K=200,beta 1,Correction + w 0.5,0,69.4026,-0.4730
first day,K=200,beta 1,Correction + w 0.5,1,69.3054,-0.4608
first day,K=200,beta 1,Correction + w 0.5,2,67.0357,-0.3087
first day,K=200,beta 1,Correction + w 0.2,0,70.1333,+0.2578
first day,K=200,beta 1,Correction + w 0.2,1,70.0198,+0.2536
first day,K=200,beta 1,Correction + w 0.2,2,67.5272,+0.1828
first day,K=200,beta 1,Correction + w 0.45,0,69.6404,-0.2351
first day,K=200,beta 1,Correction + w 0.45,1,69.5486,-0.2176
first day,K=200,beta 1,Correction + w 0.45,2,67.2161,-0.1282
first day,K=200,beta 1,Corrected edge only,0,70.0916,+0.2160
first day,K=200,beta 1,Corrected edge only,1,69.9244,+0.1582
first day,K=200,beta 1,Corrected edge only,2,67.4377,+0.0934
first day,K=200,beta 1,Correction + product,0,68.9156,-0.9599
first day,K=200,beta 1,Correction + product,1,68.8873,-0.8789
first day,K=200,beta 1,Correction + product,2,66.6531,-0.6913
first day,K=200,beta 1,DriftGate,0,69.8756,+0.0000
first day,K=200,beta 1,DriftGate,1,69.7662,+0.0000
first day,K=200,beta 1,DriftGate,2,67.3444,+0.0000
first day,K=200,beta 1,Lower-entropy exit,0,67.5182,-2.3573
first day,K=200,beta 1,Lower-entropy exit,1,67.7700,-1.9963
first day,K=200,beta 1,Lower-entropy exit,2,64.7415,-2.6028
first day,K=200,beta 1,Logit-entropy weighting,0,67.5176,-2.3579
first day,K=200,beta 1,Logit-entropy weighting,1,67.7686,-1.9976
first day,K=200,beta 1,Logit-entropy weighting,2,64.7428,-2.6016
first day,K=200,beta 1,Geometric ensemble with early exit,0,69.7435,-0.1320
first day,K=200,beta 1,Geometric ensemble with early exit,1,69.6662,-0.1000
first day,K=200,beta 1,Geometric ensemble with early exit,2,67.1664,-0.1780
first day,K=200,beta 1,Label-shift EM,0,66.1628,-3.7128
first day,K=200,beta 1,Label-shift EM,1,65.2983,-4.4679
first day,K=200,beta 1,Label-shift EM,2,63.4312,-3.9131
first day,K=200,beta 1,Learned weight,0,69.4603,-0.4152
first day,K=200,beta 1,Learned weight,1,69.3653,-0.4009
first day,K=200,beta 1,Learned weight,2,66.8015,-0.5428
first day,K=200,beta 1,Correction + learned weight,0,69.5167,-0.3588
first day,K=200,beta 1,Correction + learned weight,1,69.3709,-0.3953
first day,K=200,beta 1,Correction + learned weight,2,67.0587,-0.2856
first day,K=200,beta 0.5,Device only,0,63.2226,-5.3656
first day,K=200,beta 0.5,Device only,1,62.9274,-5.8902
first day,K=200,beta 0.5,Device only,2,61.7251,-4.7291
first day,K=200,beta 0.5,Raw edge only,0,66.7464,-1.8418
first day,K=200,beta 0.5,Raw edge only,1,67.0379,-1.7798
first day,K=200,beta 0.5,Raw edge only,2,64.4505,-2.0037
first day,K=200,beta 0.5,Probability average,0,68.5263,-0.0619
first day,K=200,beta 0.5,Probability average,1,68.7205,-0.0971
first day,K=200,beta 0.5,Probability average,2,66.2741,-0.1802
first day,K=200,beta 0.5,Logit sum,0,68.4831,-0.1051
first day,K=200,beta 0.5,Logit sum,1,68.7188,-0.0988
first day,K=200,beta 0.5,Logit sum,2,66.2725,-0.1817
first day,K=200,beta 0.5,No correction + adaptive w,0,68.5741,-0.0141
first day,K=200,beta 0.5,No correction + adaptive w,1,68.7940,-0.0237
first day,K=200,beta 0.5,No correction + adaptive w,2,66.2689,-0.1853
first day,K=200,beta 0.5,Correction + w 0.5,0,68.3130,-0.2752
first day,K=200,beta 0.5,Correction + w 0.5,1,68.5185,-0.2991
first day,K=200,beta 0.5,Correction + w 0.5,2,66.2556,-0.1986
first day,K=200,beta 0.5,Correction + w 0.2,0,68.7899,+0.2017
first day,K=200,beta 0.5,Correction + w 0.2,1,69.0178,+0.2002
first day,K=200,beta 0.5,Correction + w 0.2,2,66.6236,+0.1694
first day,K=200,beta 0.5,Correction + w 0.45,0,68.4620,-0.1263
first day,K=200,beta 0.5,Correction + w 0.45,1,68.6831,-0.1345
first day,K=200,beta 0.5,Correction + w 0.45,2,66.3761,-0.0781
first day,K=200,beta 0.5,Corrected edge only,0,68.8214,+0.2331
first day,K=200,beta 0.5,Corrected edge only,1,69.0264,+0.2088
first day,K=200,beta 0.5,Corrected edge only,2,66.6275,+0.1733
first day,K=200,beta 0.5,Correction + product,0,67.9421,-0.6461
first day,K=200,beta 0.5,Correction + product,1,68.1706,-0.6471
first day,K=200,beta 0.5,Correction + product,2,65.9433,-0.5110
first day,K=200,beta 0.5,DriftGate,0,68.5882,+0.0000
first day,K=200,beta 0.5,DriftGate,1,68.8176,+0.0000
first day,K=200,beta 0.5,DriftGate,2,66.4542,+0.0000
first day,K=200,beta 0.5,Lower-entropy exit,0,67.2667,-1.3216
first day,K=200,beta 0.5,Lower-entropy exit,1,67.4740,-1.3436
first day,K=200,beta 0.5,Lower-entropy exit,2,64.9306,-1.5237
round > 30,K=200,beta 1,Device only,0,60.8063,-8.1369
round > 30,K=200,beta 1,Device only,1,60.7733,-8.3159
round > 30,K=200,beta 1,Device only,2,59.1969,-6.7030
round > 30,K=200,beta 1,Raw edge only,0,68.6484,-0.2949
round > 30,K=200,beta 1,Raw edge only,1,69.5209,+0.4318
round > 30,K=200,beta 1,Raw edge only,2,65.0148,-0.8851
round > 30,K=200,beta 1,Confidence-based offloading,0,68.5980,-0.3453
round > 30,K=200,beta 1,Confidence-based offloading,1,69.4576,+0.3684
round > 30,K=200,beta 1,Confidence-based offloading,2,64.9801,-0.9198
round > 30,K=200,beta 1,Probability average,0,69.5534,+0.6101
round > 30,K=200,beta 1,Probability average,1,69.7662,+0.6770
round > 30,K=200,beta 1,Probability average,2,66.3495,+0.4496
round > 30,K=200,beta 1,Logit sum,0,69.3388,+0.3955
round > 30,K=200,beta 1,Logit sum,1,69.5748,+0.4857
round > 30,K=200,beta 1,Logit sum,2,66.2315,+0.3316
round > 30,K=200,beta 1,No correction + adaptive w,0,69.8472,+0.9039
round > 30,K=200,beta 1,No correction + adaptive w,1,70.1521,+1.0629
round > 30,K=200,beta 1,No correction + adaptive w,2,66.5182,+0.6183
round > 30,K=200,beta 1,Correction + w 0.5,0,68.3164,-0.6269
round > 30,K=200,beta 1,Correction + w 0.5,1,68.4878,-0.6014
round > 30,K=200,beta 1,Correction + w 0.5,2,65.4768,-0.4231
round > 30,K=200,beta 1,Correction + w 0.2,0,69.6959,+0.7527
round > 30,K=200,beta 1,Correction + w 0.2,1,69.9041,+0.8149
round > 30,K=200,beta 1,Correction + w 0.2,2,66.5913,+0.6913
round > 30,K=200,beta 1,Correction + w 0.45,0,68.6775,-0.2658
round > 30,K=200,beta 1,Correction + w 0.45,1,68.8515,-0.2377
round > 30,K=200,beta 1,Correction + w 0.45,2,65.7655,-0.1345
round > 30,K=200,beta 1,Corrected edge only,0,70.0157,+1.0724
round > 30,K=200,beta 1,Corrected edge only,1,70.2587,+1.1695
round > 30,K=200,beta 1,Corrected edge only,2,66.8504,+0.9505
round > 30,K=200,beta 1,Correction + product,0,67.6590,-1.2843
round > 30,K=200,beta 1,Correction + product,1,67.8867,-1.2025
round > 30,K=200,beta 1,Correction + product,2,64.9616,-0.9384
round > 30,K=200,beta 1,DriftGate,0,68.9433,+0.0000
round > 30,K=200,beta 1,DriftGate,1,69.0892,+0.0000
round > 30,K=200,beta 1,DriftGate,2,65.9000,+0.0000
round > 30,K=200,beta 1,Lower-entropy exit,0,68.7263,-0.2170
round > 30,K=200,beta 1,Lower-entropy exit,1,69.4258,+0.3366
round > 30,K=200,beta 1,Lower-entropy exit,2,65.1569,-0.7431
round > 30,K=200,beta 1,Logit-entropy weighting,0,68.7253,-0.2180
round > 30,K=200,beta 1,Logit-entropy weighting,1,69.4244,+0.3352
round > 30,K=200,beta 1,Logit-entropy weighting,2,65.1584,-0.7415
round > 30,K=200,beta 1,Geometric ensemble with early exit,0,69.3324,+0.3891
round > 30,K=200,beta 1,Geometric ensemble with early exit,1,69.5677,+0.4785
round > 30,K=200,beta 1,Geometric ensemble with early exit,2,66.2291,+0.3291
round > 30,K=200,beta 1,Label-shift EM,0,66.3149,-2.6284
round > 30,K=200,beta 1,Label-shift EM,1,65.9850,-3.1042
round > 30,K=200,beta 1,Label-shift EM,2,62.9045,-2.9954
round > 30,K=200,beta 1,Learned weight,0,69.2662,+0.3229
round > 30,K=200,beta 1,Learned weight,1,69.4686,+0.3794
round > 30,K=200,beta 1,Learned weight,2,66.0299,+0.1299
round > 30,K=200,beta 1,Correction + learned weight,0,68.6678,-0.2755
round > 30,K=200,beta 1,Correction + learned weight,1,68.7430,-0.3462
round > 30,K=200,beta 1,Correction + learned weight,2,65.7167,-0.1832
round > 30,K=200,beta 0.5,Device only,0,60.8063,-6.4438
round > 30,K=200,beta 0.5,Device only,1,60.7733,-7.0516
round > 30,K=200,beta 0.5,Device only,2,59.1969,-5.5299
round > 30,K=200,beta 0.5,Raw edge only,0,67.2039,-0.0462
round > 30,K=200,beta 0.5,Raw edge only,1,67.8673,+0.0424
round > 30,K=200,beta 0.5,Raw edge only,2,64.1947,-0.5322
round > 30,K=200,beta 0.5,Probability average,0,67.6707,+0.4206
round > 30,K=200,beta 0.5,Probability average,1,68.2837,+0.4588
round > 30,K=200,beta 0.5,Probability average,2,64.9824,+0.2555
round > 30,K=200,beta 0.5,Logit sum,0,67.5196,+0.2695
round > 30,K=200,beta 0.5,Logit sum,1,68.1494,+0.3245
round > 30,K=200,beta 0.5,Logit sum,2,64.8894,+0.1625
round > 30,K=200,beta 0.5,No correction + adaptive w,0,67.8050,+0.5549
round > 30,K=200,beta 0.5,No correction + adaptive w,1,68.4547,+0.6298
round > 30,K=200,beta 0.5,No correction + adaptive w,2,65.0478,+0.3209
round > 30,K=200,beta 0.5,Correction + w 0.5,0,66.8906,-0.3595
round > 30,K=200,beta 0.5,Correction + w 0.5,1,67.4418,-0.3831
round > 30,K=200,beta 0.5,Correction + w 0.5,2,64.4625,-0.2643
round > 30,K=200,beta 0.5,Correction + w 0.2,0,67.6802,+0.4301
round > 30,K=200,beta 0.5,Correction + w 0.2,1,68.2715,+0.4466
round > 30,K=200,beta 0.5,Correction + w 0.2,2,65.1147,+0.3878
round > 30,K=200,beta 0.5,Correction + w 0.45,0,67.1049,-0.1452
round > 30,K=200,beta 0.5,Correction + w 0.45,1,67.6715,-0.1534
round > 30,K=200,beta 0.5,Correction + w 0.45,2,64.6433,-0.0836
round > 30,K=200,beta 0.5,Corrected edge only,0,67.8511,+0.6010
round > 30,K=200,beta 0.5,Corrected edge only,1,68.4375,+0.6126
round > 30,K=200,beta 0.5,Corrected edge only,2,65.2447,+0.5179
round > 30,K=200,beta 0.5,Correction + product,0,66.4051,-0.8450
round > 30,K=200,beta 0.5,Correction + product,1,66.9644,-0.8605
round > 30,K=200,beta 0.5,Correction + product,2,64.0571,-0.6697
round > 30,K=200,beta 0.5,DriftGate,0,67.2501,+0.0000
round > 30,K=200,beta 0.5,DriftGate,1,67.8249,+0.0000
round > 30,K=200,beta 0.5,DriftGate,2,64.7269,+0.0000
round > 30,K=200,beta 0.5,Lower-entropy exit,0,67.2125,-0.0376
round > 30,K=200,beta 0.5,Lower-entropy exit,1,67.8973,+0.0725
round > 30,K=200,beta 0.5,Lower-entropy exit,2,64.2523,-0.4745
first day,K=500,beta 1,Device only,0,63.3204,-6.8692
first day,K=500,beta 1,Device only,1,63.0866,-7.1898
first day,K=500,beta 1,Device only,2,62.9400,-6.9272
first day,K=500,beta 1,Raw edge only,0,66.7833,-3.4063
first day,K=500,beta 1,Raw edge only,1,67.5339,-2.7425
first day,K=500,beta 1,Raw edge only,2,66.8985,-2.9687
first day,K=500,beta 1,Confidence-based offloading,0,66.7431,-3.4466
first day,K=500,beta 1,Confidence-based offloading,1,67.4928,-2.7836
first day,K=500,beta 1,Confidence-based offloading,2,66.8675,-2.9997
first day,K=500,beta 1,Probability average,0,70.2627,+0.0731
first day,K=500,beta 1,Probability average,1,70.5583,+0.2819
first day,K=500,beta 1,Probability average,2,70.3175,+0.4503
first day,K=500,beta 1,Logit sum,0,70.1684,-0.0213
first day,K=500,beta 1,Logit sum,1,70.4624,+0.1860
first day,K=500,beta 1,Logit sum,2,70.2510,+0.3838
first day,K=500,beta 1,No correction + adaptive w,0,70.4304,+0.2408
first day,K=500,beta 1,No correction + adaptive w,1,70.8432,+0.5668
first day,K=500,beta 1,No correction + adaptive w,2,70.5198,+0.6526
first day,K=500,beta 1,Correction + w 0.5,0,69.6885,-0.5012
first day,K=500,beta 1,Correction + w 0.5,1,69.7710,-0.5054
first day,K=500,beta 1,Correction + w 0.5,2,69.4001,-0.4672
first day,K=500,beta 1,Correction + w 0.2,0,70.4957,+0.3060
first day,K=500,beta 1,Correction + w 0.2,1,70.7161,+0.4397
first day,K=500,beta 1,Correction + w 0.2,2,70.3657,+0.4985
first day,K=500,beta 1,Correction + w 0.45,0,69.9447,-0.2449
first day,K=500,beta 1,Correction + w 0.45,1,70.0594,-0.2170
first day,K=500,beta 1,Correction + w 0.45,2,69.6851,-0.1821
first day,K=500,beta 1,Corrected edge only,0,70.4848,+0.2952
first day,K=500,beta 1,Corrected edge only,1,70.7113,+0.4349
first day,K=500,beta 1,Corrected edge only,2,70.4037,+0.5365
first day,K=500,beta 1,Correction + product,0,69.1893,-1.0003
first day,K=500,beta 1,Correction + product,1,69.2711,-1.0053
first day,K=500,beta 1,Correction + product,2,68.8833,-0.9839
first day,K=500,beta 1,DriftGate,0,70.1897,+0.0000
first day,K=500,beta 1,DriftGate,1,70.2764,+0.0000
first day,K=500,beta 1,DriftGate,2,69.8672,+0.0000
first day,K=500,beta 1,Lower-entropy exit,0,68.0805,-2.1092
first day,K=500,beta 1,Lower-entropy exit,1,68.8741,-1.4023
first day,K=500,beta 1,Lower-entropy exit,2,68.2818,-1.5854
first day,K=500,beta 1,Logit-entropy weighting,0,68.0787,-2.1110
first day,K=500,beta 1,Logit-entropy weighting,1,68.8715,-1.4049
first day,K=500,beta 1,Logit-entropy weighting,2,68.2820,-1.5852
first day,K=500,beta 1,Geometric ensemble with early exit,0,70.1642,-0.0255
first day,K=500,beta 1,Geometric ensemble with early exit,1,70.4570,+0.1806
first day,K=500,beta 1,Geometric ensemble with early exit,2,70.2482,+0.3810
first day,K=500,beta 1,Label-shift EM,0,66.4253,-3.7644
first day,K=500,beta 1,Label-shift EM,1,66.2182,-4.0582
first day,K=500,beta 1,Label-shift EM,2,65.9055,-3.9617
first day,K=500,beta 1,Learned weight,0,69.9577,-0.2319
first day,K=500,beta 1,Learned weight,1,70.2347,-0.0417
first day,K=500,beta 1,Learned weight,2,69.9674,+0.1002
first day,K=500,beta 1,Correction + learned weight,0,69.8938,-0.2959
first day,K=500,beta 1,Correction + learned weight,1,69.9681,-0.3083
first day,K=500,beta 1,Correction + learned weight,2,69.6435,-0.2237
first day,K=500,beta 0.5,Device only,0,63.3204,-5.6320
first day,K=500,beta 0.5,Device only,1,63.0866,-6.1612
first day,K=500,beta 0.5,Device only,2,62.9400,-5.8879
first day,K=500,beta 0.5,Raw edge only,0,67.2339,-1.7185
first day,K=500,beta 0.5,Raw edge only,1,67.9463,-1.3015
first day,K=500,beta 0.5,Raw edge only,2,67.4695,-1.3584
first day,K=500,beta 0.5,Probability average,0,68.9642,+0.0117
first day,K=500,beta 0.5,Probability average,1,69.4317,+0.1838
first day,K=500,beta 0.5,Probability average,2,69.0970,+0.2691
first day,K=500,beta 0.5,Logit sum,0,68.9332,-0.0193
first day,K=500,beta 0.5,Logit sum,1,69.3829,+0.1351
first day,K=500,beta 0.5,Logit sum,2,69.0789,+0.2509
first day,K=500,beta 0.5,No correction + adaptive w,0,69.0131,+0.0606
first day,K=500,beta 0.5,No correction + adaptive w,1,69.5638,+0.3160
first day,K=500,beta 0.5,No correction + adaptive w,2,69.1875,+0.3596
first day,K=500,beta 0.5,Correction + w 0.5,0,68.6602,-0.2923
first day,K=500,beta 0.5,Correction + w 0.5,1,68.9230,-0.3248
first day,K=500,beta 0.5,Correction + w 0.5,2,68.5310,-0.2969
first day,K=500,beta 0.5,Correction + w 0.2,0,69.1715,+0.2190
first day,K=500,beta 0.5,Correction + w 0.2,1,69.5819,+0.3340
first day,K=500,beta 0.5,Correction + w 0.2,2,69.1826,+0.3547
first day,K=500,beta 0.5,Correction + w 0.45,0,68.8225,-0.1299
first day,K=500,beta 0.5,Correction + w 0.45,1,69.1198,-0.1280
first day,K=500,beta 0.5,Correction + w 0.45,2,68.7219,-0.1060
first day,K=500,beta 0.5,Corrected edge only,0,69.2097,+0.2573
first day,K=500,beta 0.5,Corrected edge only,1,69.6478,+0.4000
first day,K=500,beta 0.5,Corrected edge only,2,69.2571,+0.4291
first day,K=500,beta 0.5,Correction + product,0,68.2828,-0.6696
first day,K=500,beta 0.5,Correction + product,1,68.5094,-0.7384
first day,K=500,beta 0.5,Correction + product,2,68.1138,-0.7141
first day,K=500,beta 0.5,DriftGate,0,68.9525,+0.0000
first day,K=500,beta 0.5,DriftGate,1,69.2478,+0.0000
first day,K=500,beta 0.5,DriftGate,2,68.8279,+0.0000
first day,K=500,beta 0.5,Lower-entropy exit,0,67.6670,-1.2854
first day,K=500,beta 0.5,Lower-entropy exit,1,68.3776,-0.8703
first day,K=500,beta 0.5,Lower-entropy exit,2,67.9140,-0.9139
round > 30,K=500,beta 1,Device only,0,60.9516,-8.3200
round > 30,K=500,beta 1,Device only,1,61.0362,-8.5705
round > 30,K=500,beta 1,Device only,2,60.7122,-8.2369
round > 30,K=500,beta 1,Raw edge only,0,69.1972,-0.0743
round > 30,K=500,beta 1,Raw edge only,1,70.3999,+0.7931
round > 30,K=500,beta 1,Raw edge only,2,69.4026,+0.4535
round > 30,K=500,beta 1,Confidence-based offloading,0,69.1452,-0.1263
round > 30,K=500,beta 1,Confidence-based offloading,1,70.3467,+0.7400
round > 30,K=500,beta 1,Confidence-based offloading,2,69.3623,+0.4132
round > 30,K=500,beta 1,Probability average,0,70.0704,+0.7989
round > 30,K=500,beta 1,Probability average,1,70.6579,+1.0511
round > 30,K=500,beta 1,Probability average,2,70.1463,+1.1972
round > 30,K=500,beta 1,Logit sum,0,69.8327,+0.5612
round > 30,K=500,beta 1,Logit sum,1,70.4000,+0.7932
round > 30,K=500,beta 1,Logit sum,2,69.9386,+0.9895
round > 30,K=500,beta 1,No correction + adaptive w,0,70.4333,+1.1618
round > 30,K=500,beta 1,No correction + adaptive w,1,71.1611,+1.5544
round > 30,K=500,beta 1,No correction + adaptive w,2,70.5411,+1.5920
round > 30,K=500,beta 1,Correction + w 0.5,0,68.6102,-0.6613
round > 30,K=500,beta 1,Correction + w 0.5,1,68.9428,-0.6640
round > 30,K=500,beta 1,Correction + w 0.5,2,68.3396,-0.6094
round > 30,K=500,beta 1,Correction + w 0.2,0,70.0794,+0.8079
round > 30,K=500,beta 1,Correction + w 0.2,1,70.5807,+0.9739
round > 30,K=500,beta 1,Correction + w 0.2,2,69.9149,+0.9658
round > 30,K=500,beta 1,Correction + w 0.45,0,68.9895,-0.2820
round > 30,K=500,beta 1,Correction + w 0.45,1,69.3509,-0.2559
round > 30,K=500,beta 1,Correction + w 0.45,2,68.7355,-0.2136
round > 30,K=500,beta 1,Corrected edge only,0,70.4423,+1.1708
round > 30,K=500,beta 1,Corrected edge only,1,71.0074,+1.4006
round > 30,K=500,beta 1,Corrected edge only,2,70.3167,+1.3676
round > 30,K=500,beta 1,Correction + product,0,67.9321,-1.3394
round > 30,K=500,beta 1,Correction + product,1,68.2626,-1.3442
round > 30,K=500,beta 1,Correction + product,2,67.6625,-1.2866
round > 30,K=500,beta 1,DriftGate,0,69.2715,+0.0000
round > 30,K=500,beta 1,DriftGate,1,69.6068,+0.0000
round > 30,K=500,beta 1,DriftGate,2,68.9491,+0.0000
round > 30,K=500,beta 1,Lower-entropy exit,0,69.3021,+0.0306
round > 30,K=500,beta 1,Lower-entropy exit,1,70.4323,+0.8255
round > 30,K=500,beta 1,Lower-entropy exit,2,69.5113,+0.5623
round > 30,K=500,beta 1,Logit-entropy weighting,0,69.3000,+0.0285
round > 30,K=500,beta 1,Logit-entropy weighting,1,70.4292,+0.8225
round > 30,K=500,beta 1,Logit-entropy weighting,2,69.5117,+0.5627
round > 30,K=500,beta 1,Geometric ensemble with early exit,0,69.8273,+0.5558
round > 30,K=500,beta 1,Geometric ensemble with early exit,1,70.3930,+0.7862
round > 30,K=500,beta 1,Geometric ensemble with early exit,2,69.9350,+0.9859
round > 30,K=500,beta 1,Label-shift EM,0,66.3498,-2.9217
round > 30,K=500,beta 1,Label-shift EM,1,66.7137,-2.8931
round > 30,K=500,beta 1,Label-shift EM,2,65.8246,-3.1245
round > 30,K=500,beta 1,Learned weight,0,69.8441,+0.5726
round > 30,K=500,beta 1,Learned weight,1,70.4230,+0.8162
round > 30,K=500,beta 1,Learned weight,2,69.8968,+0.9477
round > 30,K=500,beta 1,Correction + learned weight,0,69.0459,-0.2256
round > 30,K=500,beta 1,Correction + learned weight,1,69.3576,-0.2492
round > 30,K=500,beta 1,Correction + learned weight,2,68.7791,-0.1700
round > 30,K=500,beta 0.5,Device only,0,60.9516,-6.7161
round > 30,K=500,beta 0.5,Device only,1,61.0362,-7.2168
round > 30,K=500,beta 0.5,Device only,2,60.7122,-6.8860
round > 30,K=500,beta 0.5,Raw edge only,0,67.6138,-0.0539
round > 30,K=500,beta 0.5,Raw edge only,1,68.6528,+0.3998
round > 30,K=500,beta 0.5,Raw edge only,2,67.8837,+0.2855
round > 30,K=500,beta 0.5,Probability average,0,68.2060,+0.5383
round > 30,K=500,beta 0.5,Probability average,1,68.9857,+0.7326
round > 30,K=500,beta 0.5,Probability average,2,68.4138,+0.8155
round > 30,K=500,beta 0.5,Logit sum,0,68.0575,+0.3898
round > 30,K=500,beta 0.5,Logit sum,1,68.8023,+0.5493
round > 30,K=500,beta 0.5,Logit sum,2,68.2851,+0.6868
round > 30,K=500,beta 0.5,No correction + adaptive w,0,68.3440,+0.6763
round > 30,K=500,beta 0.5,No correction + adaptive w,1,69.2198,+0.9668
round > 30,K=500,beta 0.5,No correction + adaptive w,2,68.5911,+0.9929
round > 30,K=500,beta 0.5,Correction + w 0.5,0,67.2871,-0.3806
round > 30,K=500,beta 0.5,Correction + w 0.5,1,67.8357,-0.4173
round > 30,K=500,beta 0.5,Correction + w 0.5,2,67.2183,-0.3800
round > 30,K=500,beta 0.5,Correction + w 0.2,0,68.1168,+0.4492
round > 30,K=500,beta 0.5,Correction + w 0.2,1,68.8074,+0.5544
round > 30,K=500,beta 0.5,Correction + w 0.2,2,68.1478,+0.5496
round > 30,K=500,beta 0.5,Correction + w 0.45,0,67.5161,-0.1516
round > 30,K=500,beta 0.5,Correction + w 0.45,1,68.0958,-0.1572
round > 30,K=500,beta 0.5,Correction + w 0.45,2,67.4684,-0.1299
round > 30,K=500,beta 0.5,Corrected edge only,0,68.2986,+0.6310
round > 30,K=500,beta 0.5,Corrected edge only,1,69.0201,+0.7671
round > 30,K=500,beta 0.5,Corrected edge only,2,68.3518,+0.7536
round > 30,K=500,beta 0.5,Correction + product,0,66.7862,-0.8815
round > 30,K=500,beta 0.5,Correction + product,1,67.2975,-0.9555
round > 30,K=500,beta 0.5,Correction + product,2,66.6911,-0.9072
round > 30,K=500,beta 0.5,DriftGate,0,67.6677,+0.0000
round > 30,K=500,beta 0.5,DriftGate,1,68.2530,+0.0000
round > 30,K=500,beta 0.5,DriftGate,2,67.5982,+0.0000
round > 30,K=500,beta 0.5,Lower-entropy exit,0,67.6578,-0.0099
round > 30,K=500,beta 0.5,Lower-entropy exit,1,68.7050,+0.4520
round > 30,K=500,beta 0.5,Lower-entropy exit,2,67.9344,+0.3362
frozen replay,S1 replay,beta 1,Device only,0,64.9882,-7.4505
frozen replay,S1 replay,beta 1,Device only,1,66.4273,-5.4512
frozen replay,S1 replay,beta 1,Device only,2,67.2502,-4.9009
frozen replay,S1 replay,beta 1,Device only,3,65.2418,-4.2395
frozen replay,S1 replay,beta 1,Device only,4,67.9687,-5.8153
frozen replay,S1 replay,beta 1,Raw edge only,0,73.0368,+0.5981
frozen replay,S1 replay,beta 1,Raw edge only,1,71.7958,-0.0827
frozen replay,S1 replay,beta 1,Raw edge only,2,71.9126,-0.2385
frozen replay,S1 replay,beta 1,Raw edge only,3,68.4430,-1.0384
frozen replay,S1 replay,beta 1,Raw edge only,4,73.5348,-0.2492
frozen replay,S1 replay,beta 1,Confidence-based offloading,0,72.7471,+0.3084
frozen replay,S1 replay,beta 1,Confidence-based offloading,1,71.5101,-0.3684
frozen replay,S1 replay,beta 1,Confidence-based offloading,2,71.7329,-0.4182
frozen replay,S1 replay,beta 1,Confidence-based offloading,3,68.1465,-1.3349
frozen replay,S1 replay,beta 1,Confidence-based offloading,4,73.2008,-0.5832
frozen replay,S1 replay,beta 1,Probability average,0,73.0918,+0.6531
frozen replay,S1 replay,beta 1,Probability average,1,72.0082,+0.1297
frozen replay,S1 replay,beta 1,Probability average,2,72.7969,+0.6458
frozen replay,S1 replay,beta 1,Probability average,3,69.4297,-0.0517
frozen replay,S1 replay,beta 1,Probability average,4,74.0321,+0.2481
frozen replay,S1 replay,beta 1,Logit sum,0,72.7513,+0.3126
frozen replay,S1 replay,beta 1,Logit sum,1,71.6537,-0.2248
frozen replay,S1 replay,beta 1,Logit sum,2,72.7702,+0.6190
frozen replay,S1 replay,beta 1,Logit sum,3,69.3114,-0.1700
frozen replay,S1 replay,beta 1,Logit sum,4,73.9083,+0.1244
frozen replay,S1 replay,beta 1,No correction + adaptive w,0,73.5911,+1.1524
frozen replay,S1 replay,beta 1,No correction + adaptive w,1,72.2899,+0.4115
frozen replay,S1 replay,beta 1,No correction + adaptive w,2,72.8304,+0.6793
frozen replay,S1 replay,beta 1,No correction + adaptive w,3,69.3287,-0.1527
frozen replay,S1 replay,beta 1,No correction + adaptive w,4,74.2784,+0.4944
frozen replay,S1 replay,beta 1,Correction + w 0.5,0,71.7824,-0.6563
frozen replay,S1 replay,beta 1,Correction + w 0.5,1,71.3711,-0.5074
frozen replay,S1 replay,beta 1,Correction + w 0.5,2,71.8486,-0.3025
frozen replay,S1 replay,beta 1,Correction + w 0.5,3,69.3309,-0.1505
frozen replay,S1 replay,beta 1,Correction + w 0.5,4,73.3317,-0.4523
frozen replay,S1 replay,beta 1,Correction + w 0.2,0,73.2122,+0.7735
frozen replay,S1 replay,beta 1,Correction + w 0.2,1,72.5867,+0.7083
frozen replay,S1 replay,beta 1,Correction + w 0.2,2,72.9965,+0.8454
frozen replay,S1 replay,beta 1,Correction + w 0.2,3,69.6504,+0.1691
frozen replay,S1 replay,beta 1,Correction + w 0.2,4,74.4321,+0.6481
frozen replay,S1 replay,beta 1,Correction + w 0.45,0,72.1770,-0.2617
frozen replay,S1 replay,beta 1,Correction + w 0.45,1,71.6809,-0.1976
frozen replay,S1 replay,beta 1,Correction + w 0.45,2,72.1637,+0.0126
frozen replay,S1 replay,beta 1,Correction + w 0.45,3,69.4595,-0.0219
frozen replay,S1 replay,beta 1,Correction + w 0.45,4,73.6566,-0.1274
frozen replay,S1 replay,beta 1,Corrected edge only,0,73.5152,+1.0765
frozen replay,S1 replay,beta 1,Corrected edge only,1,72.8458,+0.9673
frozen replay,S1 replay,beta 1,Corrected edge only,2,73.1366,+0.9855
frozen replay,S1 replay,beta 1,Corrected edge only,3,69.5461,+0.0647
frozen replay,S1 replay,beta 1,Corrected edge only,4,74.6473,+0.8633
frozen replay,S1 replay,beta 1,Correction + product,0,71.1011,-1.3376
frozen replay,S1 replay,beta 1,Correction + product,1,70.8961,-0.9823
frozen replay,S1 replay,beta 1,Correction + product,2,71.5887,-0.5624
frozen replay,S1 replay,beta 1,Correction + product,3,69.0856,-0.3958
frozen replay,S1 replay,beta 1,Correction + product,4,72.9254,-0.8586
frozen replay,S1 replay,beta 1,DriftGate,0,72.4387,+0.0000
frozen replay,S1 replay,beta 1,DriftGate,1,71.8785,+0.0000
frozen replay,S1 replay,beta 1,DriftGate,2,72.1511,+0.0000
frozen replay,S1 replay,beta 1,DriftGate,3,69.4814,+0.0000
frozen replay,S1 replay,beta 1,DriftGate,4,73.7840,+0.0000
frozen replay,S1 replay,beta 1,Lower-entropy exit,0,72.7913,+0.3526
frozen replay,S1 replay,beta 1,Lower-entropy exit,1,71.7490,-0.1295
frozen replay,S1 replay,beta 1,Lower-entropy exit,2,72.0086,-0.1425
frozen replay,S1 replay,beta 1,Lower-entropy exit,3,68.5960,-0.8854
frozen replay,S1 replay,beta 1,Lower-entropy exit,4,73.3852,-0.3988
frozen replay,S1 replay,beta 1,Logit-entropy weighting,0,72.8159,+0.3773
frozen replay,S1 replay,beta 1,Logit-entropy weighting,1,71.7460,-0.1325
frozen replay,S1 replay,beta 1,Logit-entropy weighting,2,72.0287,-0.1224
frozen replay,S1 replay,beta 1,Logit-entropy weighting,3,68.6029,-0.8784
frozen replay,S1 replay,beta 1,Logit-entropy weighting,4,73.3925,-0.3914
frozen replay,S1 replay,beta 1,Geometric ensemble with early exit,0,72.7012,+0.2625
frozen replay,S1 replay,beta 1,Geometric ensemble with early exit,1,71.6346,-0.2439
frozen replay,S1 replay,beta 1,Geometric ensemble with early exit,2,72.7218,+0.5707
frozen replay,S1 replay,beta 1,Geometric ensemble with early exit,3,69.2847,-0.1966
frozen replay,S1 replay,beta 1,Geometric ensemble with early exit,4,73.8243,+0.0403
frozen replay,S1 replay,beta 1,Label-shift EM,0,70.5650,-1.8737
frozen replay,S1 replay,beta 1,Label-shift EM,1,69.5429,-2.3355
frozen replay,S1 replay,beta 1,Label-shift EM,2,70.5668,-1.5843
frozen replay,S1 replay,beta 1,Label-shift EM,3,67.8684,-1.6129
frozen replay,S1 replay,beta 1,Label-shift EM,4,72.3060,-1.4780
frozen replay,S1 replay,beta 1,Learned weight,0,72.8609,+0.4222
frozen replay,S1 replay,beta 1,Learned weight,1,71.8713,-0.0072
frozen replay,S1 replay,beta 1,Learned weight,2,72.8585,+0.7074
frozen replay,S1 replay,beta 1,Learned weight,3,69.0486,-0.4327
frozen replay,S1 replay,beta 1,Learned weight,4,73.9909,+0.2069
frozen replay,S1 replay,beta 1,Correction + learned weight,0,71.8693,-0.5694
frozen replay,S1 replay,beta 1,Correction + learned weight,1,71.5631,-0.3154
frozen replay,S1 replay,beta 1,Correction + learned weight,2,72.3595,+0.2084
frozen replay,S1 replay,beta 1,Correction + learned weight,3,69.1733,-0.3080
frozen replay,S1 replay,beta 1,Correction + learned weight,4,73.6021,-0.1818
frozen replay,S1 replay,beta 0.5,Device only,0,64.9882,-6.3469
frozen replay,S1 replay,beta 0.5,Device only,1,66.4273,-4.7674
frozen replay,S1 replay,beta 0.5,Device only,2,67.2502,-4.2943
frozen replay,S1 replay,beta 0.5,Device only,3,65.2418,-3.6862
frozen replay,S1 replay,beta 0.5,Device only,4,67.9687,-5.0555
frozen replay,S1 replay,beta 0.5,Raw edge only,0,71.6086,+0.2735
frozen replay,S1 replay,beta 0.5,Raw edge only,1,70.7983,-0.3963
frozen replay,S1 replay,beta 0.5,Raw edge only,2,71.4009,-0.1436
frozen replay,S1 replay,beta 0.5,Raw edge only,3,68.0062,-0.9218
frozen replay,S1 replay,beta 0.5,Raw edge only,4,72.7022,-0.3220
frozen replay,S1 replay,beta 0.5,Probability average,0,71.7832,+0.4482
frozen replay,S1 replay,beta 0.5,Probability average,1,71.2931,+0.0984
frozen replay,S1 replay,beta 0.5,Probability average,2,71.9594,+0.4149
frozen replay,S1 replay,beta 0.5,Probability average,3,68.9160,-0.0119
frozen replay,S1 replay,beta 0.5,Probability average,4,73.1415,+0.1173
frozen replay,S1 replay,beta 0.5,Logit sum,0,71.4613,+0.1263
frozen replay,S1 replay,beta 0.5,Logit sum,1,71.0028,-0.1919
frozen replay,S1 replay,beta 0.5,Logit sum,2,71.9717,+0.4271
frozen replay,S1 replay,beta 0.5,Logit sum,3,68.8621,-0.0659
frozen replay,S1 replay,beta 0.5,Logit sum,4,73.0258,+0.0015
frozen replay,S1 replay,beta 0.5,No correction + adaptive w,0,72.0913,+0.7563
frozen replay,S1 replay,beta 0.5,No correction + adaptive w,1,71.4645,+0.2699
frozen replay,S1 replay,beta 0.5,No correction + adaptive w,2,71.9947,+0.4501
frozen replay,S1 replay,beta 0.5,No correction + adaptive w,3,68.7564,-0.1716
frozen replay,S1 replay,beta 0.5,No correction + adaptive w,4,73.2776,+0.2534
frozen replay,S1 replay,beta 0.5,Correction + w 0.5,0,70.8918,-0.4433
frozen replay,S1 replay,beta 0.5,Correction + w 0.5,1,70.8373,-0.3574
frozen replay,S1 replay,beta 0.5,Correction + w 0.5,2,71.2865,-0.2580
frozen replay,S1 replay,beta 0.5,Correction + w 0.5,3,68.8393,-0.0887
frozen replay,S1 replay,beta 0.5,Correction + w 0.5,4,72.6808,-0.3434
frozen replay,S1 replay,beta 0.5,Correction + w 0.2,0,71.7091,+0.3740
frozen replay,S1 replay,beta 0.5,Correction + w 0.2,1,71.5635,+0.3688
frozen replay,S1 replay,beta 0.5,Correction + w 0.2,2,71.9790,+0.4344
frozen replay,S1 replay,beta 0.5,Correction + w 0.2,3,68.9095,-0.0185
frozen replay,S1 replay,beta 0.5,Correction + w 0.2,4,73.3023,+0.2781
frozen replay,S1 replay,beta 0.5,Correction + w 0.45,0,71.1363,-0.1988
frozen replay,S1 replay,beta 0.5,Correction + w 0.45,1,71.0435,-0.1512
frozen replay,S1 replay,beta 0.5,Correction + w 0.45,2,71.5043,-0.0403
frozen replay,S1 replay,beta 0.5,Correction + w 0.45,3,68.9011,-0.0269
frozen replay,S1 replay,beta 0.5,Correction + w 0.45,4,72.8735,-0.1507
frozen replay,S1 replay,beta 0.5,Corrected edge only,0,71.8868,+0.5518
frozen replay,S1 replay,beta 0.5,Corrected edge only,1,71.6437,+0.4491
frozen replay,S1 replay,beta 0.5,Corrected edge only,2,72.0284,+0.4838
frozen replay,S1 replay,beta 0.5,Corrected edge only,3,68.8034,-0.1246
frozen replay,S1 replay,beta 0.5,Corrected edge only,4,73.3982,+0.3740
frozen replay,S1 replay,beta 0.5,Correction + product,0,70.3047,-1.0304
frozen replay,S1 replay,beta 0.5,Correction + product,1,70.4304,-0.7643
frozen replay,S1 replay,beta 0.5,Correction + product,2,71.0680,-0.4766
frozen replay,S1 replay,beta 0.5,Correction + product,3,68.6716,-0.2564
frozen replay,S1 replay,beta 0.5,Correction + product,4,72.3334,-0.6908
frozen replay,S1 replay,beta 0.5,DriftGate,0,71.3350,+0.0000
frozen replay,S1 replay,beta 0.5,DriftGate,1,71.1947,+0.0000
frozen replay,S1 replay,beta 0.5,DriftGate,2,71.5446,+0.0000
frozen replay,S1 replay,beta 0.5,DriftGate,3,68.9280,+0.0000
frozen replay,S1 replay,beta 0.5,DriftGate,4,73.0242,+0.0000
frozen replay,S1 replay,beta 0.5,Lower-entropy exit,0,71.5557,+0.2207
frozen replay,S1 replay,beta 0.5,Lower-entropy exit,1,70.9644,-0.2303
frozen replay,S1 replay,beta 0.5,Lower-entropy exit,2,71.4058,-0.1388
frozen replay,S1 replay,beta 0.5,Lower-entropy exit,3,68.1585,-0.7695
frozen replay,S1 replay,beta 0.5,Lower-entropy exit,4,72.6822,-0.3420
frozen replay,S2 replay,beta 1,Device only,0,68.4451,-5.3666
frozen replay,S2 replay,beta 1,Device only,1,70.3609,-6.6517
frozen replay,S2 replay,beta 1,Device only,2,74.5602,-4.2218
frozen replay,S2 replay,beta 1,Raw edge only,0,70.4311,-3.3806
frozen replay,S2 replay,beta 1,Raw edge only,1,75.7042,-1.3084
frozen replay,S2 replay,beta 1,Raw edge only,2,78.6762,-0.1059
frozen replay,S2 replay,beta 1,Confidence-based offloading,0,70.4230,-3.3887
frozen replay,S2 replay,beta 1,Confidence-based offloading,1,75.4849,-1.5277
frozen replay,S2 replay,beta 1,Confidence-based offloading,2,78.3819,-0.4001
frozen replay,S2 replay,beta 1,Probability average,0,72.4628,-1.3489
frozen replay,S2 replay,beta 1,Probability average,1,76.2125,-0.8000
frozen replay,S2 replay,beta 1,Probability average,2,79.0199,+0.2379
frozen replay,S2 replay,beta 1,Logit sum,0,72.7303,-1.0814
frozen replay,S2 replay,beta 1,Logit sum,1,75.9582,-1.0544
frozen replay,S2 replay,beta 1,Logit sum,2,78.8919,+0.1098
frozen replay,S2 replay,beta 1,No correction + adaptive w,0,72.1287,-1.6831
frozen replay,S2 replay,beta 1,No correction + adaptive w,1,76.3561,-0.6565
frozen replay,S2 replay,beta 1,No correction + adaptive w,2,79.1673,+0.3853
frozen replay,S2 replay,beta 1,Correction + w 0.5,0,73.6308,-0.1809
frozen replay,S2 replay,beta 1,Correction + w 0.5,1,76.5576,-0.4550
frozen replay,S2 replay,beta 1,Correction + w 0.5,2,78.4992,-0.2829
frozen replay,S2 replay,beta 1,Correction + w 0.2,0,73.8418,+0.0301
frozen replay,S2 replay,beta 1,Correction + w 0.2,1,77.3110,+0.2984
frozen replay,S2 replay,beta 1,Correction + w 0.2,2,78.8375,+0.0555
frozen replay,S2 replay,beta 1,Correction + w 0.45,0,73.7455,-0.0663
frozen replay,S2 replay,beta 1,Correction + w 0.45,1,76.8034,-0.2092
frozen replay,S2 replay,beta 1,Correction + w 0.45,2,78.6444,-0.1376
frozen replay,S2 replay,beta 1,Corrected edge only,0,73.6237,-0.1880
frozen replay,S2 replay,beta 1,Corrected edge only,1,77.3388,+0.3263
frozen replay,S2 replay,beta 1,Corrected edge only,2,78.8055,+0.0234
frozen replay,S2 replay,beta 1,Correction + product,0,73.5413,-0.2704
frozen replay,S2 replay,beta 1,Correction + product,1,76.1219,-0.8907
frozen replay,S2 replay,beta 1,Correction + product,2,78.3273,-0.4548
frozen replay,S2 replay,beta 1,DriftGate,0,73.8117,+0.0000
frozen replay,S2 replay,beta 1,DriftGate,1,77.0126,+0.0000
frozen replay,S2 replay,beta 1,DriftGate,2,78.7821,+0.0000
frozen replay,S2 replay,beta 1,Lower-entropy exit,0,70.7519,-3.0598
frozen replay,S2 replay,beta 1,Lower-entropy exit,1,75.7700,-1.2426
frozen replay,S2 replay,beta 1,Lower-entropy exit,2,78.7233,-0.0587
frozen replay,S2 replay,beta 1,Logit-entropy weighting,0,70.7609,-3.0509
frozen replay,S2 replay,beta 1,Logit-entropy weighting,1,75.7785,-1.2341
frozen replay,S2 replay,beta 1,Logit-entropy weighting,2,78.7264,-0.0556
frozen replay,S2 replay,beta 1,Geometric ensemble with early exit,0,72.7072,-1.1045
frozen replay,S2 replay,beta 1,Geometric ensemble with early exit,1,75.9289,-1.0837
frozen replay,S2 replay,beta 1,Geometric ensemble with early exit,2,78.8204,+0.0383
frozen replay,S2 replay,beta 1,Label-shift EM,0,72.6728,-1.1390
frozen replay,S2 replay,beta 1,Label-shift EM,1,75.0868,-1.9257
frozen replay,S2 replay,beta 1,Label-shift EM,2,76.5438,-2.2383
frozen replay,S2 replay,beta 1,Learned weight,0,71.0116,-2.8001
frozen replay,S2 replay,beta 1,Learned weight,1,74.3379,-2.6746
frozen replay,S2 replay,beta 1,Learned weight,2,78.2478,-0.5342
frozen replay,S2 replay,beta 1,Correction + learned weight,0,72.6768,-1.1349
frozen replay,S2 replay,beta 1,Correction + learned weight,1,75.1983,-1.8143
frozen replay,S2 replay,beta 1,Correction + learned weight,2,77.9033,-0.8788
frozen replay,S2 replay,beta 0.5,Device only,0,68.4451,-4.6659
frozen replay,S2 replay,beta 0.5,Device only,1,70.3609,-6.1373
frozen replay,S2 replay,beta 0.5,Device only,2,74.5602,-3.8519
frozen replay,S2 replay,beta 0.5,Raw edge only,0,70.6827,-2.4283
frozen replay,S2 replay,beta 0.5,Raw edge only,1,75.6495,-0.8487
frozen replay,S2 replay,beta 0.5,Raw edge only,2,78.4102,-0.0020
frozen replay,S2 replay,beta 0.5,Probability average,0,71.9802,-1.1308
frozen replay,S2 replay,beta 0.5,Probability average,1,75.9705,-0.5277
frozen replay,S2 replay,beta 0.5,Probability average,2,78.6647,+0.2525
frozen replay,S2 replay,beta 0.5,Logit sum,0,72.1868,-0.9242
frozen replay,S2 replay,beta 0.5,Logit sum,1,75.7150,-0.7832
frozen replay,S2 replay,beta 0.5,Logit sum,2,78.5397,+0.1275
frozen replay,S2 replay,beta 0.5,No correction + adaptive w,0,71.8023,-1.3088
frozen replay,S2 replay,beta 0.5,No correction + adaptive w,1,76.1298,-0.3684
frozen replay,S2 replay,beta 0.5,No correction + adaptive w,2,78.8013,+0.3891
frozen replay,S2 replay,beta 0.5,Correction + w 0.5,0,73.0201,-0.0910
frozen replay,S2 replay,beta 0.5,Correction + w 0.5,1,76.1262,-0.3720
frozen replay,S2 replay,beta 0.5,Correction + w 0.5,2,78.1897,-0.2225
frozen replay,S2 replay,beta 0.5,Correction + w 0.2,0,73.0429,-0.0682
frozen replay,S2 replay,beta 0.5,Correction + w 0.2,1,76.6586,+0.1604
frozen replay,S2 replay,beta 0.5,Correction + w 0.2,2,78.4321,+0.0200
frozen replay,S2 replay,beta 0.5,Correction + w 0.45,0,73.0675,-0.0435
frozen replay,S2 replay,beta 0.5,Correction + w 0.45,1,76.3186,-0.1796
frozen replay,S2 replay,beta 0.5,Correction + w 0.45,2,78.2857,-0.1265
frozen replay,S2 replay,beta 0.5,Corrected edge only,0,72.8835,-0.2276
frozen replay,S2 replay,beta 0.5,Corrected edge only,1,76.6723,+0.1741
frozen replay,S2 replay,beta 0.5,Corrected edge only,2,78.4219,+0.0098
frozen replay,S2 replay,beta 0.5,Correction + product,0,72.9417,-0.1693
frozen replay,S2 replay,beta 0.5,Correction + product,1,75.7272,-0.7710
frozen replay,S2 replay,beta 0.5,Correction + product,2,78.0266,-0.3856
frozen replay,S2 replay,beta 0.5,DriftGate,0,73.1110,+0.0000
frozen replay,S2 replay,beta 0.5,DriftGate,1,76.4982,+0.0000
frozen replay,S2 replay,beta 0.5,DriftGate,2,78.4121,+0.0000
frozen replay,S2 replay,beta 0.5,Lower-entropy exit,0,70.8044,-2.3066
frozen replay,S2 replay,beta 0.5,Lower-entropy exit,1,75.7076,-0.7906
frozen replay,S2 replay,beta 0.5,Lower-entropy exit,2,78.4257,+0.0136
three-day frozen replay,S1 three-day,beta 1,Device only,0,66.1168,-7.3196
three-day frozen replay,S1 three-day,beta 1,Device only,1,67.1613,-5.3143
three-day frozen replay,S1 three-day,beta 1,Device only,2,67.0777,-5.0394
three-day frozen replay,S1 three-day,beta 1,Device only,3,64.7426,-4.1550
three-day frozen replay,S1 three-day,beta 1,Device only,4,67.0822,-5.6165
three-day frozen replay,S1 three-day,beta 1,Raw edge only,0,73.5742,+0.1378
three-day frozen replay,S1 three-day,beta 1,Raw edge only,1,72.0384,-0.4371
three-day frozen replay,S1 three-day,beta 1,Raw edge only,2,71.9895,-0.1276
three-day frozen replay,S1 three-day,beta 1,Raw edge only,3,67.8406,-1.0570
three-day frozen replay,S1 three-day,beta 1,Raw edge only,4,72.7425,+0.0438
three-day frozen replay,S1 three-day,beta 1,Confidence-based offloading,0,73.2737,-0.1627
three-day frozen replay,S1 three-day,beta 1,Confidence-based offloading,1,71.8329,-0.6427
three-day frozen replay,S1 three-day,beta 1,Confidence-based offloading,2,71.7305,-0.3865
three-day frozen replay,S1 three-day,beta 1,Confidence-based offloading,3,67.5316,-1.3659
three-day frozen replay,S1 three-day,beta 1,Confidence-based offloading,4,72.3633,-0.3354
three-day frozen replay,S1 three-day,beta 1,Probability average,0,73.7765,+0.3402
three-day frozen replay,S1 three-day,beta 1,Probability average,1,72.5533,+0.0778
three-day frozen replay,S1 three-day,beta 1,Probability average,2,72.6457,+0.5287
three-day frozen replay,S1 three-day,beta 1,Probability average,3,68.9864,+0.0888
three-day frozen replay,S1 three-day,beta 1,Probability average,4,73.0028,+0.3041
three-day frozen replay,S1 three-day,beta 1,Logit sum,0,73.5536,+0.1172
three-day frozen replay,S1 three-day,beta 1,Logit sum,1,72.2549,-0.2207
three-day frozen replay,S1 three-day,beta 1,Logit sum,2,72.6094,+0.4924
three-day frozen replay,S1 three-day,beta 1,Logit sum,3,68.9518,+0.0542
three-day frozen replay,S1 three-day,beta 1,Logit sum,4,72.8510,+0.1523
three-day frozen replay,S1 three-day,beta 1,No correction + adaptive w,0,74.2254,+0.7890
three-day frozen replay,S1 three-day,beta 1,No correction + adaptive w,1,72.7853,+0.3098
three-day frozen replay,S1 three-day,beta 1,No correction + adaptive w,2,72.6791,+0.5621
three-day frozen replay,S1 three-day,beta 1,No correction + adaptive w,3,68.8265,-0.0711
three-day frozen replay,S1 three-day,beta 1,No correction + adaptive w,4,73.2896,+0.5909
three-day frozen replay,S1 three-day,beta 1,Correction + w 0.5,0,72.7743,-0.6621
three-day frozen replay,S1 three-day,beta 1,Correction + w 0.5,1,72.0033,-0.4723
three-day frozen replay,S1 three-day,beta 1,Correction + w 0.5,2,71.8072,-0.3098
three-day frozen replay,S1 three-day,beta 1,Correction + w 0.5,3,68.7805,-0.1170
three-day frozen replay,S1 three-day,beta 1,Correction + w 0.5,4,72.2509,-0.4478
three-day frozen replay,S1 three-day,beta 1,Correction + w 0.2,0,74.1624,+0.7261
three-day frozen replay,S1 three-day,beta 1,Correction + w 0.2,1,73.0895,+0.6140
three-day frozen replay,S1 three-day,beta 1,Correction + w 0.2,2,72.8740,+0.7570
three-day frozen replay,S1 three-day,beta 1,Correction + w 0.2,3,69.0409,+0.1433
three-day frozen replay,S1 three-day,beta 1,Correction + w 0.2,4,73.4533,+0.7546
three-day frozen replay,S1 three-day,beta 1,Correction + w 0.45,0,73.1633,-0.2730
three-day frozen replay,S1 three-day,beta 1,Correction + w 0.45,1,72.2961,-0.1794
three-day frozen replay,S1 three-day,beta 1,Correction + w 0.45,2,72.1007,-0.0164
three-day frozen replay,S1 three-day,beta 1,Correction + w 0.45,3,68.9098,+0.0122
three-day frozen replay,S1 three-day,beta 1,Correction + w 0.45,4,72.5751,-0.1236
three-day frozen replay,S1 three-day,beta 1,Corrected edge only,0,74.4249,+0.9886
three-day frozen replay,S1 three-day,beta 1,Corrected edge only,1,73.3384,+0.8628
three-day frozen replay,S1 three-day,beta 1,Corrected edge only,2,73.0031,+0.8860
three-day frozen replay,S1 three-day,beta 1,Corrected edge only,3,68.9003,+0.0027
three-day frozen replay,S1 three-day,beta 1,Corrected edge only,4,73.6835,+0.9847
three-day frozen replay,S1 three-day,beta 1,Correction + product,0,72.1545,-1.2819
three-day frozen replay,S1 three-day,beta 1,Correction + product,1,71.5477,-0.9278
three-day frozen replay,S1 three-day,beta 1,Correction + product,2,71.5115,-0.6055
three-day frozen replay,S1 three-day,beta 1,Correction + product,3,68.5645,-0.3331
three-day frozen replay,S1 three-day,beta 1,Correction + product,4,71.8802,-0.8186
three-day frozen replay,S1 three-day,beta 1,DriftGate,0,73.4364,+0.0000
three-day frozen replay,S1 three-day,beta 1,DriftGate,1,72.4755,+0.0000
three-day frozen replay,S1 three-day,beta 1,DriftGate,2,72.1170,+0.0000
three-day frozen replay,S1 three-day,beta 1,DriftGate,3,68.8976,+0.0000
three-day frozen replay,S1 three-day,beta 1,DriftGate,4,72.6987,+0.0000
three-day frozen replay,S1 three-day,beta 1,Lower-entropy exit,0,73.3857,-0.0506
three-day frozen replay,S1 three-day,beta 1,Lower-entropy exit,1,72.1598,-0.3157
three-day frozen replay,S1 three-day,beta 1,Lower-entropy exit,2,71.8642,-0.2528
three-day frozen replay,S1 three-day,beta 1,Lower-entropy exit,3,67.9190,-0.9786
three-day frozen replay,S1 three-day,beta 1,Lower-entropy exit,4,72.4580,-0.2407
three-day frozen replay,S1 three-day,beta 0.5,Device only,0,66.1168,-6.1496
three-day frozen replay,S1 three-day,beta 0.5,Device only,1,67.1613,-4.6445
three-day frozen replay,S1 three-day,beta 0.5,Device only,2,67.0777,-4.4457
three-day frozen replay,S1 three-day,beta 0.5,Device only,3,64.7426,-3.7026
three-day frozen replay,S1 three-day,beta 0.5,Device only,4,67.0822,-4.9294
three-day frozen replay,S1 three-day,beta 0.5,Raw edge only,0,72.1595,-0.1069
three-day frozen replay,S1 three-day,beta 0.5,Raw edge only,1,71.1905,-0.6153
three-day frozen replay,S1 three-day,beta 0.5,Raw edge only,2,71.4611,-0.0623
three-day frozen replay,S1 three-day,beta 0.5,Raw edge only,3,67.5438,-0.9013
three-day frozen replay,S1 three-day,beta 0.5,Raw edge only,4,71.8028,-0.2088
three-day frozen replay,S1 three-day,beta 0.5,Probability average,0,72.4447,+0.1783
three-day frozen replay,S1 three-day,beta 0.5,Probability average,1,71.8380,+0.0322
three-day frozen replay,S1 three-day,beta 0.5,Probability average,2,71.9064,+0.3830
three-day frozen replay,S1 three-day,beta 0.5,Probability average,3,68.5351,+0.0899
three-day frozen replay,S1 three-day,beta 0.5,Probability average,4,72.1534,+0.1419
three-day frozen replay,S1 three-day,beta 0.5,Logit sum,0,72.2114,-0.0549
three-day frozen replay,S1 three-day,beta 0.5,Logit sum,1,71.5901,-0.2158
three-day frozen replay,S1 three-day,beta 0.5,Logit sum,2,71.8871,+0.3637
three-day frozen replay,S1 three-day,beta 0.5,Logit sum,3,68.5206,+0.0754
three-day frozen replay,S1 three-day,beta 0.5,Logit sum,4,72.0168,+0.0053
three-day frozen replay,S1 three-day,beta 0.5,No correction + adaptive w,0,72.6985,+0.4321
three-day frozen replay,S1 three-day,beta 0.5,No correction + adaptive w,1,71.9718,+0.1660
three-day frozen replay,S1 three-day,beta 0.5,No correction + adaptive w,2,71.9838,+0.4604
three-day frozen replay,S1 three-day,beta 0.5,No correction + adaptive w,3,68.3861,-0.0591
three-day frozen replay,S1 three-day,beta 0.5,No correction + adaptive w,4,72.3350,+0.3234
three-day frozen replay,S1 three-day,beta 0.5,Correction + w 0.5,0,71.8298,-0.4365
three-day frozen replay,S1 three-day,beta 0.5,Correction + w 0.5,1,71.4629,-0.3429
three-day frozen replay,S1 three-day,beta 0.5,Correction + w 0.5,2,71.2689,-0.2545
three-day frozen replay,S1 three-day,beta 0.5,Correction + w 0.5,3,68.3678,-0.0774
three-day frozen replay,S1 three-day,beta 0.5,Correction + w 0.5,4,71.6618,-0.3497
three-day frozen replay,S1 three-day,beta 0.5,Correction + w 0.2,0,72.5927,+0.3264
three-day frozen replay,S1 three-day,beta 0.5,Correction + w 0.2,1,72.1066,+0.3008
three-day frozen replay,S1 three-day,beta 0.5,Correction + w 0.2,2,71.9168,+0.3934
three-day frozen replay,S1 three-day,beta 0.5,Correction + w 0.2,3,68.4156,-0.0296
three-day frozen replay,S1 three-day,beta 0.5,Correction + w 0.2,4,72.3570,+0.3454
three-day frozen replay,S1 three-day,beta 0.5,Correction + w 0.45,0,72.0590,-0.2074
three-day frozen replay,S1 three-day,beta 0.5,Correction + w 0.45,1,71.6614,-0.1444
three-day frozen replay,S1 three-day,beta 0.5,Correction + w 0.45,2,71.4704,-0.0530
three-day frozen replay,S1 three-day,beta 0.5,Correction + w 0.45,3,68.4282,-0.0170
three-day frozen replay,S1 three-day,beta 0.5,Correction + w 0.45,4,71.8630,-0.1486
three-day frozen replay,S1 three-day,beta 0.5,Corrected edge only,0,72.7338,+0.4674
three-day frozen replay,S1 three-day,beta 0.5,Corrected edge only,1,72.1819,+0.3761
three-day frozen replay,S1 three-day,beta 0.5,Corrected edge only,2,71.9781,+0.4547
three-day frozen replay,S1 three-day,beta 0.5,Corrected edge only,3,68.2757,-0.1695
three-day frozen replay,S1 three-day,beta 0.5,Corrected edge only,4,72.4514,+0.4399
three-day frozen replay,S1 three-day,beta 0.5,Correction + product,0,71.2965,-0.9699
three-day frozen replay,S1 three-day,beta 0.5,Correction + product,1,71.0683,-0.7375
three-day frozen replay,S1 three-day,beta 0.5,Correction + product,2,71.0153,-0.5080
three-day frozen replay,S1 three-day,beta 0.5,Correction + product,3,68.2050,-0.2402
three-day frozen replay,S1 three-day,beta 0.5,Correction + product,4,71.3347,-0.6769
three-day frozen replay,S1 three-day,beta 0.5,DriftGate,0,72.2664,+0.0000
three-day frozen replay,S1 three-day,beta 0.5,DriftGate,1,71.8058,+0.0000
three-day frozen replay,S1 three-day,beta 0.5,DriftGate,2,71.5234,+0.0000
three-day frozen replay,S1 three-day,beta 0.5,DriftGate,3,68.4452,+0.0000
three-day frozen replay,S1 three-day,beta 0.5,DriftGate,4,72.0115,+0.0000
three-day frozen replay,S1 three-day,beta 0.5,Lower-entropy exit,0,72.1507,-0.1156
three-day frozen replay,S1 three-day,beta 0.5,Lower-entropy exit,1,71.3936,-0.4122
three-day frozen replay,S1 three-day,beta 0.5,Lower-entropy exit,2,71.3758,-0.1475
three-day frozen replay,S1 three-day,beta 0.5,Lower-entropy exit,3,67.6681,-0.7771
three-day frozen replay,S1 three-day,beta 0.5,Lower-entropy exit,4,71.7475,-0.2640
three-day frozen replay,S2 three-day,beta 1,Device only,0,67.9435,-5.5725
three-day frozen replay,S2 three-day,beta 1,Device only,1,69.9522,-6.6928
three-day frozen replay,S2 three-day,beta 1,Device only,2,73.9746,-4.8499
three-day frozen replay,S2 three-day,beta 1,Raw edge only,0,69.9612,-3.5548
three-day frozen replay,S2 three-day,beta 1,Raw edge only,1,75.4172,-1.2278
three-day frozen replay,S2 three-day,beta 1,Raw edge only,2,78.9002,+0.0757
three-day frozen replay,S2 three-day,beta 1,Confidence-based offloading,0,69.9075,-3.6085
three-day frozen replay,S2 three-day,beta 1,Confidence-based offloading,1,75.2294,-1.4156
three-day frozen replay,S2 three-day,beta 1,Confidence-based offloading,2,78.6155,-0.2090
three-day frozen replay,S2 three-day,beta 1,Probability average,0,72.0368,-1.4792
three-day frozen replay,S2 three-day,beta 1,Probability average,1,75.8933,-0.7517
three-day frozen replay,S2 three-day,beta 1,Probability average,2,79.1384,+0.3140
three-day frozen replay,S2 three-day,beta 1,Logit sum,0,72.3517,-1.1644
three-day frozen replay,S2 three-day,beta 1,Logit sum,1,75.5970,-1.0479
three-day frozen replay,S2 three-day,beta 1,Logit sum,2,78.9697,+0.1452
three-day frozen replay,S2 three-day,beta 1,No correction + adaptive w,0,71.6591,-1.8569
three-day frozen replay,S2 three-day,beta 1,No correction + adaptive w,1,75.9681,-0.6769
three-day frozen replay,S2 three-day,beta 1,No correction + adaptive w,2,79.3532,+0.5287
three-day frozen replay,S2 three-day,beta 1,Correction + w 0.5,0,73.3127,-0.2033
three-day frozen replay,S2 three-day,beta 1,Correction + w 0.5,1,76.2030,-0.4420
three-day frozen replay,S2 three-day,beta 1,Correction + w 0.5,2,78.4410,-0.3835
three-day frozen replay,S2 three-day,beta 1,Correction + w 0.2,0,73.5387,+0.0227
three-day frozen replay,S2 three-day,beta 1,Correction + w 0.2,1,76.9729,+0.3280
three-day frozen replay,S2 three-day,beta 1,Correction + w 0.2,2,78.9812,+0.1567
three-day frozen replay,S2 three-day,beta 1,Correction + w 0.45,0,73.4398,-0.0762
three-day frozen replay,S2 three-day,beta 1,Correction + w 0.45,1,76.4510,-0.1940
three-day frozen replay,S2 three-day,beta 1,Correction + w 0.45,2,78.6436,-0.1809
three-day frozen replay,S2 three-day,beta 1,Corrected edge only,0,73.3110,-0.2051
three-day frozen replay,S2 three-day,beta 1,Corrected edge only,1,76.9881,+0.3431
three-day frozen replay,S2 three-day,beta 1,Corrected edge only,2,78.9907,+0.1662
three-day frozen replay,S2 three-day,beta 1,Correction + product,0,73.1580,-0.3580
three-day frozen replay,S2 three-day,beta 1,Correction + product,1,75.7301,-0.9149
three-day frozen replay,S2 three-day,beta 1,Correction + product,2,78.2469,-0.5776
three-day frozen replay,S2 three-day,beta 1,DriftGate,0,73.5160,+0.0000
three-day frozen replay,S2 three-day,beta 1,DriftGate,1,76.6450,+0.0000
three-day frozen replay,S2 three-day,beta 1,DriftGate,2,78.8245,+0.0000
three-day frozen replay,S2 three-day,beta 1,Lower-entropy exit,0,70.1672,-3.3488
three-day frozen replay,S2 three-day,beta 1,Lower-entropy exit,1,75.4707,-1.1743
three-day frozen replay,S2 three-day,beta 1,Lower-entropy exit,2,78.9228,+0.0983
three-day frozen replay,S2 three-day,beta 0.5,Device only,0,67.9435,-4.8320
three-day frozen replay,S2 three-day,beta 0.5,Device only,1,69.9522,-6.1894
three-day frozen replay,S2 three-day,beta 0.5,Device only,2,73.9746,-4.2884
three-day frozen replay,S2 three-day,beta 0.5,Raw edge only,0,70.1954,-2.5801
three-day frozen replay,S2 three-day,beta 0.5,Raw edge only,1,75.4113,-0.7303
three-day frozen replay,S2 three-day,beta 0.5,Raw edge only,2,78.4743,+0.2113
three-day frozen replay,S2 three-day,beta 0.5,Probability average,0,71.5508,-1.2248
three-day frozen replay,S2 three-day,beta 0.5,Probability average,1,75.6493,-0.4923
three-day frozen replay,S2 three-day,beta 0.5,Probability average,2,78.5747,+0.3117
three-day frozen replay,S2 three-day,beta 0.5,Logit sum,0,71.7952,-0.9804
three-day frozen replay,S2 three-day,beta 0.5,Logit sum,1,75.3451,-0.7965
three-day frozen replay,S2 three-day,beta 0.5,Logit sum,2,78.4112,+0.1482
three-day frozen replay,S2 three-day,beta 0.5,No correction + adaptive w,0,71.3604,-1.4151
three-day frozen replay,S2 three-day,beta 0.5,No correction + adaptive w,1,75.7970,-0.3446
three-day frozen replay,S2 three-day,beta 0.5,No correction + adaptive w,2,78.7506,+0.4876
three-day frozen replay,S2 three-day,beta 0.5,Correction + w 0.5,0,72.6575,-0.1181
three-day frozen replay,S2 three-day,beta 0.5,Correction + w 0.5,1,75.7668,-0.3748
three-day frozen replay,S2 three-day,beta 0.5,Correction + w 0.5,2,77.9759,-0.2871
three-day frozen replay,S2 three-day,beta 0.5,Correction + w 0.2,0,72.6912,-0.0844
three-day frozen replay,S2 three-day,beta 0.5,Correction + w 0.2,1,76.3181,+0.1765
three-day frozen replay,S2 three-day,beta 0.5,Correction + w 0.2,2,78.3487,+0.0857
three-day frozen replay,S2 three-day,beta 0.5,Correction + w 0.45,0,72.7112,-0.0644
three-day frozen replay,S2 three-day,beta 0.5,Correction + w 0.45,1,75.9639,-0.1777
three-day frozen replay,S2 three-day,beta 0.5,Correction + w 0.45,2,78.1121,-0.1509
three-day frozen replay,S2 three-day,beta 0.5,Corrected edge only,0,72.5220,-0.2535
three-day frozen replay,S2 three-day,beta 0.5,Corrected edge only,1,76.3199,+0.1783
three-day frozen replay,S2 three-day,beta 0.5,Corrected edge only,2,78.3752,+0.1122
three-day frozen replay,S2 three-day,beta 0.5,Correction + product,0,72.5288,-0.2468
three-day frozen replay,S2 three-day,beta 0.5,Correction + product,1,75.3285,-0.8131
three-day frozen replay,S2 three-day,beta 0.5,Correction + product,2,77.7895,-0.4735
three-day frozen replay,S2 three-day,beta 0.5,DriftGate,0,72.7756,+0.0000
three-day frozen replay,S2 three-day,beta 0.5,DriftGate,1,76.1416,+0.0000
three-day frozen replay,S2 three-day,beta 0.5,DriftGate,2,78.2630,+0.0000
three-day frozen replay,S2 three-day,beta 0.5,Lower-entropy exit,0,70.2895,-2.4861
three-day frozen replay,S2 three-day,beta 0.5,Lower-entropy exit,1,75.4715,-0.6701
three-day frozen replay,S2 three-day,beta 0.5,Lower-entropy exit,2,78.4220,+0.1590
