setting,beta,rule,run,accuracy pct,minus DriftGate-P pp
S1,0.25,Device only,r12_s1_fixed040_s0,63.8413,-3.0736
S1,0.25,Device only,r12_s1_fixed040_s1,64.5322,-2.6772
S1,0.25,Device only,r12_s1_fixed040_s2,64.6302,-2.2497
S1,0.25,Device only,r12_s1_fixed040_s3,61.2091,-1.7724
S1,0.25,Device only,r12_s1_fixed040_s4,66.5806,-2.4063
S1,0.25,Raw edge only,r12_s1_fixed040_s0,65.2243,-1.6906
S1,0.25,Raw edge only,r12_s1_fixed040_s1,65.7942,-1.4152
S1,0.25,Raw edge only,r12_s1_fixed040_s2,65.6649,-1.2150
S1,0.25,Raw edge only,r12_s1_fixed040_s3,61.4048,-1.5767
S1,0.25,Raw edge only,r12_s1_fixed040_s4,67.5857,-1.4012
S1,0.25,Probability average,r12_s1_fixed040_s0,66.5689,-0.3460
S1,0.25,Probability average,r12_s1_fixed040_s1,66.8481,-0.3613
S1,0.25,Probability average,r12_s1_fixed040_s2,66.5199,-0.3600
S1,0.25,Probability average,r12_s1_fixed040_s3,62.3391,-0.6424
S1,0.25,Probability average,r12_s1_fixed040_s4,68.6670,-0.3198
S1,0.25,Logit sum,r12_s1_fixed040_s0,66.5896,-0.3253
S1,0.25,Logit sum,r12_s1_fixed040_s1,66.8323,-0.3771
S1,0.25,Logit sum,r12_s1_fixed040_s2,66.5412,-0.3387
S1,0.25,Logit sum,r12_s1_fixed040_s3,62.3614,-0.6201
S1,0.25,Logit sum,r12_s1_fixed040_s4,68.7473,-0.2396
S1,0.25,Correction + fixed w 0.5,r12_s1_fixed040_s0,66.8168,-0.0981
S1,0.25,Correction + fixed w 0.5,r12_s1_fixed040_s1,67.1267,-0.0827
S1,0.25,Correction + fixed w 0.5,r12_s1_fixed040_s2,66.8273,-0.0525
S1,0.25,Correction + fixed w 0.5,r12_s1_fixed040_s3,62.9689,-0.0127
S1,0.25,Correction + fixed w 0.5,r12_s1_fixed040_s4,68.9367,-0.0501
S1,0.25,Correction + development w 0.2,r12_s1_fixed040_s0,66.9144,-0.0005
S1,0.25,Correction + development w 0.2,r12_s1_fixed040_s1,67.2273,0.0179
S1,0.25,Correction + development w 0.2,r12_s1_fixed040_s2,66.8824,0.0025
S1,0.25,Correction + development w 0.2,r12_s1_fixed040_s3,62.8919,-0.0897
S1,0.25,Correction + development w 0.2,r12_s1_fixed040_s4,68.9198,-0.0670
S1,0.25,Corrected edge only,r12_s1_fixed040_s0,66.8704,-0.0445
S1,0.25,Corrected edge only,r12_s1_fixed040_s1,67.1962,-0.0132
S1,0.25,Corrected edge only,r12_s1_fixed040_s2,66.8430,-0.0369
S1,0.25,Corrected edge only,r12_s1_fixed040_s3,62.8060,-0.1755
S1,0.25,Corrected edge only,r12_s1_fixed040_s4,68.8364,-0.1504
S1,0.25,Correction + product,r12_s1_fixed040_s0,66.6388,-0.2761
S1,0.25,Correction + product,r12_s1_fixed040_s1,66.9597,-0.2496
S1,0.25,Correction + product,r12_s1_fixed040_s2,66.7382,-0.1416
S1,0.25,Correction + product,r12_s1_fixed040_s3,62.9207,-0.0608
S1,0.25,Correction + product,r12_s1_fixed040_s4,68.8491,-0.1377
S1,0.25,Correction + learned weight,r12_s1_fixed040_s0,66.7486,-0.1663
S1,0.25,Correction + learned weight,r12_s1_fixed040_s1,67.0353,-0.1740
S1,0.25,Correction + learned weight,r12_s1_fixed040_s2,66.7500,-0.1299
S1,0.25,Correction + learned weight,r12_s1_fixed040_s3,62.7698,-0.2118
S1,0.25,Correction + learned weight,r12_s1_fixed040_s4,68.8361,-0.1508
S1,0.25,DriftGate-P,r12_s1_fixed040_s0,66.9149,0.0000
S1,0.25,DriftGate-P,r12_s1_fixed040_s1,67.2093,0.0000
S1,0.25,DriftGate-P,r12_s1_fixed040_s2,66.8799,0.0000
S1,0.25,DriftGate-P,r12_s1_fixed040_s3,62.9816,0.0000
S1,0.25,DriftGate-P,r12_s1_fixed040_s4,68.9869,0.0000
S1,0.25,No correction + adaptive w,r12_s1_fixed040_s0,66.5161,-0.3988
S1,0.25,No correction + adaptive w,r12_s1_fixed040_s1,66.8130,-0.3963
S1,0.25,No correction + adaptive w,r12_s1_fixed040_s2,66.4645,-0.4154
S1,0.25,No correction + adaptive w,r12_s1_fixed040_s3,62.2512,-0.7304
S1,0.25,No correction + adaptive w,r12_s1_fixed040_s4,68.5941,-0.3928
S1,0.25,conditional (adaptive w),r12_s1_fixed040_s0,66.9481,0.0332
S1,0.25,conditional (adaptive w),r12_s1_fixed040_s1,67.2869,0.0775
S1,0.25,conditional (adaptive w),r12_s1_fixed040_s2,66.9011,0.0212
S1,0.25,conditional (adaptive w),r12_s1_fixed040_s3,62.8862,-0.0954
S1,0.25,conditional (adaptive w),r12_s1_fixed040_s4,68.9226,-0.0643
S1,0.25,conditional (fixed w 0.5),r12_s1_fixed040_s0,66.9082,-0.0067
S1,0.25,conditional (fixed w 0.5),r12_s1_fixed040_s1,67.2435,0.0341
S1,0.25,conditional (fixed w 0.5),r12_s1_fixed040_s2,66.8709,-0.0090
S1,0.25,conditional (fixed w 0.5),r12_s1_fixed040_s3,62.8750,-0.1066
S1,0.25,conditional (fixed w 0.5),r12_s1_fixed040_s4,68.8945,-0.0923
S1,0.25,"conditional (raw edge, adaptive w)",r12_s1_fixed040_s0,64.9329,-1.9819
S1,0.25,"conditional (raw edge, adaptive w)",r12_s1_fixed040_s1,65.6007,-1.6087
S1,0.25,"conditional (raw edge, adaptive w)",r12_s1_fixed040_s2,65.5168,-1.3631
S1,0.25,"conditional (raw edge, adaptive w)",r12_s1_fixed040_s3,61.2354,-1.7462
S1,0.25,"conditional (raw edge, adaptive w)",r12_s1_fixed040_s4,67.3869,-1.5999
S1,0.5,Device only,r12_s1_fixed040_s0,63.8413,-4.5892
S1,0.5,Device only,r12_s1_fixed040_s1,64.5322,-3.8938
S1,0.5,Device only,r12_s1_fixed040_s2,64.6302,-3.0891
S1,0.5,Device only,r12_s1_fixed040_s3,61.2091,-2.7515
S1,0.5,Device only,r12_s1_fixed040_s4,66.5806,-3.5314
S1,0.5,Raw edge only,r12_s1_fixed040_s0,65.1116,-3.3188
S1,0.5,Raw edge only,r12_s1_fixed040_s1,65.4305,-2.9955
S1,0.5,Raw edge only,r12_s1_fixed040_s2,64.9289,-2.7904
S1,0.5,Raw edge only,r12_s1_fixed040_s3,60.7424,-3.2183
S1,0.5,Raw edge only,r12_s1_fixed040_s4,67.4318,-2.6803
S1,0.5,Probability average,r12_s1_fixed040_s0,67.8981,-0.5324
S1,0.5,Probability average,r12_s1_fixed040_s1,67.7728,-0.6531
S1,0.5,Probability average,r12_s1_fixed040_s2,66.9926,-0.7267
S1,0.5,Probability average,r12_s1_fixed040_s3,62.7276,-1.2331
S1,0.5,Probability average,r12_s1_fixed040_s4,69.6875,-0.4246
S1,0.5,Logit sum,r12_s1_fixed040_s0,67.9641,-0.4664
S1,0.5,Logit sum,r12_s1_fixed040_s1,67.7471,-0.6789
S1,0.5,Logit sum,r12_s1_fixed040_s2,67.0708,-0.6485
S1,0.5,Logit sum,r12_s1_fixed040_s3,62.7255,-1.2352
S1,0.5,Logit sum,r12_s1_fixed040_s4,69.8188,-0.2932
S1,0.5,Correction + fixed w 0.5,r12_s1_fixed040_s0,68.2193,-0.2112
S1,0.5,Correction + fixed w 0.5,r12_s1_fixed040_s1,68.2460,-0.1800
S1,0.5,Correction + fixed w 0.5,r12_s1_fixed040_s2,67.6213,-0.0980
S1,0.5,Correction + fixed w 0.5,r12_s1_fixed040_s3,63.9186,-0.0421
S1,0.5,Correction + fixed w 0.5,r12_s1_fixed040_s4,69.9847,-0.1274
S1,0.5,Correction + development w 0.2,r12_s1_fixed040_s0,68.4391,0.0086
S1,0.5,Correction + development w 0.2,r12_s1_fixed040_s1,68.4624,0.0364
S1,0.5,Correction + development w 0.2,r12_s1_fixed040_s2,67.7054,-0.0139
S1,0.5,Correction + development w 0.2,r12_s1_fixed040_s3,63.7796,-0.1811
S1,0.5,Correction + development w 0.2,r12_s1_fixed040_s4,70.0127,-0.0993
S1,0.5,Corrected edge only,r12_s1_fixed040_s0,68.3260,-0.1045
S1,0.5,Corrected edge only,r12_s1_fixed040_s1,68.3711,-0.0548
S1,0.5,Corrected edge only,r12_s1_fixed040_s2,67.5934,-0.1259
S1,0.5,Corrected edge only,r12_s1_fixed040_s3,63.6121,-0.3486
S1,0.5,Corrected edge only,r12_s1_fixed040_s4,69.8637,-0.2483
S1,0.5,Correction + product,r12_s1_fixed040_s0,67.9402,-0.4903
S1,0.5,Correction + product,r12_s1_fixed040_s1,67.9711,-0.4548
S1,0.5,Correction + product,r12_s1_fixed040_s2,67.5081,-0.2112
S1,0.5,Correction + product,r12_s1_fixed040_s3,63.7893,-0.1714
S1,0.5,Correction + product,r12_s1_fixed040_s4,69.8566,-0.2554
S1,0.5,Correction + learned weight,r12_s1_fixed040_s0,68.0507,-0.3798
S1,0.5,Correction + learned weight,r12_s1_fixed040_s1,68.0572,-0.3687
S1,0.5,Correction + learned weight,r12_s1_fixed040_s2,67.4870,-0.2323
S1,0.5,Correction + learned weight,r12_s1_fixed040_s3,63.4524,-0.5083
S1,0.5,Correction + learned weight,r12_s1_fixed040_s4,69.8302,-0.2819
S1,0.5,DriftGate-P,r12_s1_fixed040_s0,68.4305,0.0000
S1,0.5,DriftGate-P,r12_s1_fixed040_s1,68.4259,0.0000
S1,0.5,DriftGate-P,r12_s1_fixed040_s2,67.7193,0.0000
S1,0.5,DriftGate-P,r12_s1_fixed040_s3,63.9607,0.0000
S1,0.5,DriftGate-P,r12_s1_fixed040_s4,70.1120,0.0000
S1,0.5,No correction + adaptive w,r12_s1_fixed040_s0,67.8265,-0.6040
S1,0.5,No correction + adaptive w,r12_s1_fixed040_s1,67.7146,-0.7113
S1,0.5,No correction + adaptive w,r12_s1_fixed040_s2,66.8444,-0.8749
S1,0.5,No correction + adaptive w,r12_s1_fixed040_s3,62.5549,-1.4058
S1,0.5,No correction + adaptive w,r12_s1_fixed040_s4,69.5829,-0.5292
S1,0.5,conditional (adaptive w),r12_s1_fixed040_s0,68.4713,0.0408
S1,0.5,conditional (adaptive w),r12_s1_fixed040_s1,68.5007,0.0747
S1,0.5,conditional (adaptive w),r12_s1_fixed040_s2,67.7069,-0.0124
S1,0.5,conditional (adaptive w),r12_s1_fixed040_s3,63.7499,-0.2108
S1,0.5,conditional (adaptive w),r12_s1_fixed040_s4,70.0516,-0.0605
S1,0.5,conditional (fixed w 0.5),r12_s1_fixed040_s0,68.3793,-0.0511
S1,0.5,conditional (fixed w 0.5),r12_s1_fixed040_s1,68.4147,-0.0113
S1,0.5,conditional (fixed w 0.5),r12_s1_fixed040_s2,67.6543,-0.0650
S1,0.5,conditional (fixed w 0.5),r12_s1_fixed040_s3,63.7020,-0.2587
S1,0.5,conditional (fixed w 0.5),r12_s1_fixed040_s4,70.0004,-0.1117
S1,0.5,"conditional (raw edge, adaptive w)",r12_s1_fixed040_s0,64.6948,-3.7356
S1,0.5,"conditional (raw edge, adaptive w)",r12_s1_fixed040_s1,65.1244,-3.3015
S1,0.5,"conditional (raw edge, adaptive w)",r12_s1_fixed040_s2,64.7286,-2.9907
S1,0.5,"conditional (raw edge, adaptive w)",r12_s1_fixed040_s3,60.4852,-3.4755
S1,0.5,"conditional (raw edge, adaptive w)",r12_s1_fixed040_s4,67.1888,-2.9232
S1,0.75,Device only,r12_s1_fixed040_s0,63.8413,-5.2892
S1,0.75,Device only,r12_s1_fixed040_s1,64.5322,-4.4084
S1,0.75,Device only,r12_s1_fixed040_s2,64.6302,-3.4353
S1,0.75,Device only,r12_s1_fixed040_s3,61.2091,-3.0794
S1,0.75,Device only,r12_s1_fixed040_s4,66.5806,-4.0035
S1,0.75,Raw edge only,r12_s1_fixed040_s0,64.3101,-4.8205
S1,0.75,Raw edge only,r12_s1_fixed040_s1,64.5556,-4.3850
S1,0.75,Raw edge only,r12_s1_fixed040_s2,63.8000,-4.2655
S1,0.75,Raw edge only,r12_s1_fixed040_s3,59.7453,-4.5433
S1,0.75,Raw edge only,r12_s1_fixed040_s4,66.7574,-3.8268
S1,0.75,Probability average,r12_s1_fixed040_s0,68.5030,-0.6276
S1,0.75,Probability average,r12_s1_fixed040_s1,68.1581,-0.7825
S1,0.75,Probability average,r12_s1_fixed040_s2,67.0697,-0.9958
S1,0.75,Probability average,r12_s1_fixed040_s3,62.7128,-1.5758
S1,0.75,Probability average,r12_s1_fixed040_s4,70.1194,-0.4648
S1,0.75,Logit sum,r12_s1_fixed040_s0,68.5775,-0.5531
S1,0.75,Logit sum,r12_s1_fixed040_s1,68.1212,-0.8194
S1,0.75,Logit sum,r12_s1_fixed040_s2,67.1968,-0.8687
S1,0.75,Logit sum,r12_s1_fixed040_s3,62.6472,-1.6413
S1,0.75,Logit sum,r12_s1_fixed040_s4,70.2684,-0.3157
S1,0.75,Correction + fixed w 0.5,r12_s1_fixed040_s0,68.8433,-0.2873
S1,0.75,Correction + fixed w 0.5,r12_s1_fixed040_s1,68.7088,-0.2318
S1,0.75,Correction + fixed w 0.5,r12_s1_fixed040_s2,67.9534,-0.1121
S1,0.75,Correction + fixed w 0.5,r12_s1_fixed040_s3,64.2292,-0.0593
S1,0.75,Correction + fixed w 0.5,r12_s1_fixed040_s4,70.4165,-0.1676
S1,0.75,Correction + development w 0.2,r12_s1_fixed040_s0,69.1120,-0.0185
S1,0.75,Correction + development w 0.2,r12_s1_fixed040_s1,68.9807,0.0401
S1,0.75,Correction + development w 0.2,r12_s1_fixed040_s2,68.0308,-0.0347
S1,0.75,Correction + development w 0.2,r12_s1_fixed040_s3,64.0286,-0.2600
S1,0.75,Correction + development w 0.2,r12_s1_fixed040_s4,70.4176,-0.1665
S1,0.75,Corrected edge only,r12_s1_fixed040_s0,68.8994,-0.2312
S1,0.75,Corrected edge only,r12_s1_fixed040_s1,68.8256,-0.1150
S1,0.75,Corrected edge only,r12_s1_fixed040_s2,67.8306,-0.2349
S1,0.75,Corrected edge only,r12_s1_fixed040_s3,63.8030,-0.4856
S1,0.75,Corrected edge only,r12_s1_fixed040_s4,70.1718,-0.4124
S1,0.75,Correction + product,r12_s1_fixed040_s0,68.5292,-0.6013
S1,0.75,Correction + product,r12_s1_fixed040_s1,68.3878,-0.5528
S1,0.75,Correction + product,r12_s1_fixed040_s2,67.8392,-0.2264
S1,0.75,Correction + product,r12_s1_fixed040_s3,64.0433,-0.2453
S1,0.75,Correction + product,r12_s1_fixed040_s4,70.2841,-0.3000
S1,0.75,Correction + learned weight,r12_s1_fixed040_s0,68.6709,-0.4597
S1,0.75,Correction + learned weight,r12_s1_fixed040_s1,68.5108,-0.4297
S1,0.75,Correction + learned weight,r12_s1_fixed040_s2,67.8127,-0.2528
S1,0.75,Correction + learned weight,r12_s1_fixed040_s3,63.6581,-0.6305
S1,0.75,Correction + learned weight,r12_s1_fixed040_s4,70.2532,-0.3310
S1,0.75,DriftGate-P,r12_s1_fixed040_s0,69.1305,0.0000
S1,0.75,DriftGate-P,r12_s1_fixed040_s1,68.9406,0.0000
S1,0.75,DriftGate-P,r12_s1_fixed040_s2,68.0655,0.0000
S1,0.75,DriftGate-P,r12_s1_fixed040_s3,64.2886,0.0000
S1,0.75,DriftGate-P,r12_s1_fixed040_s4,70.5841,0.0000
S1,0.75,No correction + adaptive w,r12_s1_fixed040_s0,68.3969,-0.7336
S1,0.75,No correction + adaptive w,r12_s1_fixed040_s1,68.0732,-0.8673
S1,0.75,No correction + adaptive w,r12_s1_fixed040_s2,66.7999,-1.2656
S1,0.75,No correction + adaptive w,r12_s1_fixed040_s3,62.4638,-1.8248
S1,0.75,No correction + adaptive w,r12_s1_fixed040_s4,70.0096,-0.5745
S1,0.75,conditional (adaptive w),r12_s1_fixed040_s0,69.1588,0.0283
S1,0.75,conditional (adaptive w),r12_s1_fixed040_s1,69.0501,0.1095
S1,0.75,conditional (adaptive w),r12_s1_fixed040_s2,67.9988,-0.0667
S1,0.75,conditional (adaptive w),r12_s1_fixed040_s3,64.0274,-0.2612
S1,0.75,conditional (adaptive w),r12_s1_fixed040_s4,70.5254,-0.0588
S1,0.75,conditional (fixed w 0.5),r12_s1_fixed040_s0,69.0525,-0.0780
S1,0.75,conditional (fixed w 0.5),r12_s1_fixed040_s1,68.9530,0.0125
S1,0.75,conditional (fixed w 0.5),r12_s1_fixed040_s2,67.9524,-0.1131
S1,0.75,conditional (fixed w 0.5),r12_s1_fixed040_s3,63.9633,-0.3253
S1,0.75,conditional (fixed w 0.5),r12_s1_fixed040_s4,70.4701,-0.1140
S1,0.75,"conditional (raw edge, adaptive w)",r12_s1_fixed040_s0,63.8827,-5.2478
S1,0.75,"conditional (raw edge, adaptive w)",r12_s1_fixed040_s1,64.2430,-4.6976
S1,0.75,"conditional (raw edge, adaptive w)",r12_s1_fixed040_s2,63.6005,-4.4650
S1,0.75,"conditional (raw edge, adaptive w)",r12_s1_fixed040_s3,59.5024,-4.7861
S1,0.75,"conditional (raw edge, adaptive w)",r12_s1_fixed040_s4,66.5688,-4.0153
S1,1.0,Device only,r12_s1_fixed040_s0,63.8413,-5.5190
S1,1.0,Device only,r12_s1_fixed040_s1,64.5322,-4.5418
S1,1.0,Device only,r12_s1_fixed040_s2,64.6302,-3.5253
S1,1.0,Device only,r12_s1_fixed040_s3,61.2091,-3.0498
S1,1.0,Device only,r12_s1_fixed040_s4,66.5806,-4.1442
S1,1.0,Raw edge only,r12_s1_fixed040_s0,63.3495,-6.0108
S1,1.0,Raw edge only,r12_s1_fixed040_s1,63.5870,-5.4870
S1,1.0,Raw edge only,r12_s1_fixed040_s2,62.8651,-5.2903
S1,1.0,Raw edge only,r12_s1_fixed040_s3,58.7261,-5.5328
S1,1.0,Raw edge only,r12_s1_fixed040_s4,66.0180,-4.7068
S1,1.0,Probability average,r12_s1_fixed040_s0,68.6886,-0.6718
S1,1.0,Probability average,r12_s1_fixed040_s1,68.1725,-0.9015
S1,1.0,Probability average,r12_s1_fixed040_s2,66.9896,-1.1658
S1,1.0,Probability average,r12_s1_fixed040_s3,62.5305,-1.7284
S1,1.0,Probability average,r12_s1_fixed040_s4,70.2277,-0.4971
S1,1.0,Logit sum,r12_s1_fixed040_s0,68.7538,-0.6065
S1,1.0,Logit sum,r12_s1_fixed040_s1,68.1509,-0.9231
S1,1.0,Logit sum,r12_s1_fixed040_s2,67.1435,-1.0119
S1,1.0,Logit sum,r12_s1_fixed040_s3,62.4129,-1.8460
S1,1.0,Logit sum,r12_s1_fixed040_s4,70.3798,-0.3450
S1,1.0,Correction + fixed w 0.5,r12_s1_fixed040_s0,69.0362,-0.3241
S1,1.0,Correction + fixed w 0.5,r12_s1_fixed040_s1,68.8194,-0.2545
S1,1.0,Correction + fixed w 0.5,r12_s1_fixed040_s2,68.0429,-0.1125
S1,1.0,Correction + fixed w 0.5,r12_s1_fixed040_s3,64.1983,-0.0605
S1,1.0,Correction + fixed w 0.5,r12_s1_fixed040_s4,70.5292,-0.1956
S1,1.0,Correction + development w 0.2,r12_s1_fixed040_s0,69.2832,-0.0772
S1,1.0,Correction + development w 0.2,r12_s1_fixed040_s1,69.0985,0.0245
S1,1.0,Correction + development w 0.2,r12_s1_fixed040_s2,68.0523,-0.1032
S1,1.0,Correction + development w 0.2,r12_s1_fixed040_s3,63.8916,-0.3673
S1,1.0,Correction + development w 0.2,r12_s1_fixed040_s4,70.4881,-0.2367
S1,1.0,Corrected edge only,r12_s1_fixed040_s0,68.9687,-0.3916
S1,1.0,Corrected edge only,r12_s1_fixed040_s1,68.8826,-0.1913
S1,1.0,Corrected edge only,r12_s1_fixed040_s2,67.7702,-0.3852
S1,1.0,Corrected edge only,r12_s1_fixed040_s3,63.5900,-0.6688
S1,1.0,Corrected edge only,r12_s1_fixed040_s4,70.1270,-0.5978
S1,1.0,Correction + product,r12_s1_fixed040_s0,68.7147,-0.6457
S1,1.0,Correction + product,r12_s1_fixed040_s1,68.4869,-0.5870
S1,1.0,Correction + product,r12_s1_fixed040_s2,67.9282,-0.2273
S1,1.0,Correction + product,r12_s1_fixed040_s3,63.9923,-0.2666
S1,1.0,Correction + product,r12_s1_fixed040_s4,70.4028,-0.3219
S1,1.0,Correction + learned weight,r12_s1_fixed040_s0,68.8854,-0.4749
S1,1.0,Correction + learned weight,r12_s1_fixed040_s1,68.6441,-0.4299
S1,1.0,Correction + learned weight,r12_s1_fixed040_s2,67.8804,-0.2750
S1,1.0,Correction + learned weight,r12_s1_fixed040_s3,63.6131,-0.6458
S1,1.0,Correction + learned weight,r12_s1_fixed040_s4,70.3976,-0.3272
S1,1.0,DriftGate-P,r12_s1_fixed040_s0,69.3603,0.0000
S1,1.0,DriftGate-P,r12_s1_fixed040_s1,69.0740,0.0000
S1,1.0,DriftGate-P,r12_s1_fixed040_s2,68.1554,0.0000
S1,1.0,DriftGate-P,r12_s1_fixed040_s3,64.2589,0.0000
S1,1.0,DriftGate-P,r12_s1_fixed040_s4,70.7247,0.0000
S1,1.0,No correction + adaptive w,r12_s1_fixed040_s0,68.5504,-0.8099
S1,1.0,No correction + adaptive w,r12_s1_fixed040_s1,68.0601,-1.0139
S1,1.0,No correction + adaptive w,r12_s1_fixed040_s2,66.5990,-1.5565
S1,1.0,No correction + adaptive w,r12_s1_fixed040_s3,62.2190,-2.0399
S1,1.0,No correction + adaptive w,r12_s1_fixed040_s4,70.1400,-0.5847
S1,1.0,conditional (adaptive w),r12_s1_fixed040_s0,69.3653,0.0049
S1,1.0,conditional (adaptive w),r12_s1_fixed040_s1,69.2185,0.1445
S1,1.0,conditional (adaptive w),r12_s1_fixed040_s2,67.9786,-0.1768
S1,1.0,conditional (adaptive w),r12_s1_fixed040_s3,63.9622,-0.2967
S1,1.0,conditional (adaptive w),r12_s1_fixed040_s4,70.6322,-0.0926
S1,1.0,conditional (fixed w 0.5),r12_s1_fixed040_s0,69.2660,-0.0943
S1,1.0,conditional (fixed w 0.5),r12_s1_fixed040_s1,69.1255,0.0516
S1,1.0,conditional (fixed w 0.5),r12_s1_fixed040_s2,67.9443,-0.2112
S1,1.0,conditional (fixed w 0.5),r12_s1_fixed040_s3,63.9031,-0.3557
S1,1.0,conditional (fixed w 0.5),r12_s1_fixed040_s4,70.5802,-0.1445
S1,1.0,"conditional (raw edge, adaptive w)",r12_s1_fixed040_s0,63.0229,-6.3374
S1,1.0,"conditional (raw edge, adaptive w)",r12_s1_fixed040_s1,63.3083,-5.7657
S1,1.0,"conditional (raw edge, adaptive w)",r12_s1_fixed040_s2,62.6824,-5.4730
S1,1.0,"conditional (raw edge, adaptive w)",r12_s1_fixed040_s3,58.6015,-5.6574
S1,1.0,"conditional (raw edge, adaptive w)",r12_s1_fixed040_s4,65.9269,-4.7979
S2,0.25,Device only,r12_s2_fixed040_s0,66.4209,-2.7041
S2,0.25,Device only,r12_s2_fixed040_s1,68.7001,-2.5663
S2,0.25,Device only,r12_s2_fixed040_s2,71.9956,-1.1290
S2,0.25,Raw edge only,r12_s2_fixed040_s0,66.4743,-2.6507
S2,0.25,Raw edge only,r12_s2_fixed040_s1,69.7644,-1.5020
S2,0.25,Raw edge only,r12_s2_fixed040_s2,72.2104,-0.9142
S2,0.25,Probability average,r12_s2_fixed040_s0,67.8985,-1.2264
S2,0.25,Probability average,r12_s2_fixed040_s1,70.5045,-0.7619
S2,0.25,Probability average,r12_s2_fixed040_s2,72.9081,-0.2165
S2,0.25,Logit sum,r12_s2_fixed040_s0,68.0248,-1.1002
S2,0.25,Logit sum,r12_s2_fixed040_s1,70.5781,-0.6882
S2,0.25,Logit sum,r12_s2_fixed040_s2,73.0069,-0.1176
S2,0.25,Correction + fixed w 0.5,r12_s2_fixed040_s0,69.0991,-0.0258
S2,0.25,Correction + fixed w 0.5,r12_s2_fixed040_s1,71.2321,-0.0342
S2,0.25,Correction + fixed w 0.5,r12_s2_fixed040_s2,73.1536,0.0291
S2,0.25,Correction + development w 0.2,r12_s2_fixed040_s0,69.0049,-0.1201
S2,0.25,Correction + development w 0.2,r12_s2_fixed040_s1,71.1956,-0.0708
S2,0.25,Correction + development w 0.2,r12_s2_fixed040_s2,72.9458,-0.1787
S2,0.25,Corrected edge only,r12_s2_fixed040_s0,68.9116,-0.2134
S2,0.25,Corrected edge only,r12_s2_fixed040_s1,71.1317,-0.1347
S2,0.25,Corrected edge only,r12_s2_fixed040_s2,72.8404,-0.2841
S2,0.25,Correction + product,r12_s2_fixed040_s0,69.0507,-0.0743
S2,0.25,Correction + product,r12_s2_fixed040_s1,71.1459,-0.1205
S2,0.25,Correction + product,r12_s2_fixed040_s2,73.1880,0.0635
S2,0.25,Correction + learned weight,r12_s2_fixed040_s0,68.7336,-0.3914
S2,0.25,Correction + learned weight,r12_s2_fixed040_s1,70.7717,-0.4947
S2,0.25,Correction + learned weight,r12_s2_fixed040_s2,72.6662,-0.4583
S2,0.25,DriftGate-P,r12_s2_fixed040_s0,69.1249,0.0000
S2,0.25,DriftGate-P,r12_s2_fixed040_s1,71.2664,0.0000
S2,0.25,DriftGate-P,r12_s2_fixed040_s2,73.1245,0.0000
S2,0.25,No correction + adaptive w,r12_s2_fixed040_s0,67.7465,-1.3784
S2,0.25,No correction + adaptive w,r12_s2_fixed040_s1,70.4240,-0.8424
S2,0.25,No correction + adaptive w,r12_s2_fixed040_s2,72.7983,-0.3262
S2,0.25,conditional (adaptive w),r12_s2_fixed040_s0,68.9005,-0.2244
S2,0.25,conditional (adaptive w),r12_s2_fixed040_s1,71.1223,-0.1440
S2,0.25,conditional (adaptive w),r12_s2_fixed040_s2,72.8716,-0.2529
S2,0.25,conditional (fixed w 0.5),r12_s2_fixed040_s0,68.8320,-0.2930
S2,0.25,conditional (fixed w 0.5),r12_s2_fixed040_s1,71.0426,-0.2238
S2,0.25,conditional (fixed w 0.5),r12_s2_fixed040_s2,72.8175,-0.3070
S2,0.25,"conditional (raw edge, adaptive w)",r12_s2_fixed040_s0,66.1436,-2.9814
S2,0.25,"conditional (raw edge, adaptive w)",r12_s2_fixed040_s1,69.5816,-1.6848
S2,0.25,"conditional (raw edge, adaptive w)",r12_s2_fixed040_s2,72.1320,-0.9925
S2,0.5,Device only,r12_s2_fixed040_s0,66.4209,-3.7877
S2,0.5,Device only,r12_s2_fixed040_s1,68.7001,-3.2568
S2,0.5,Device only,r12_s2_fixed040_s2,71.9956,-1.1515
S2,0.5,Raw edge only,r12_s2_fixed040_s0,64.8259,-5.3827
S2,0.5,Raw edge only,r12_s2_fixed040_s1,68.7275,-3.2294
S2,0.5,Raw edge only,r12_s2_fixed040_s2,71.0421,-2.1049
S2,0.5,Probability average,r12_s2_fixed040_s0,68.1500,-2.0585
S2,0.5,Probability average,r12_s2_fixed040_s1,70.4979,-1.4590
S2,0.5,Probability average,r12_s2_fixed040_s2,72.6738,-0.4732
S2,0.5,Logit sum,r12_s2_fixed040_s0,68.3453,-1.8633
S2,0.5,Logit sum,r12_s2_fixed040_s1,70.6381,-1.3188
S2,0.5,Logit sum,r12_s2_fixed040_s2,72.8035,-0.3436
S2,0.5,Correction + fixed w 0.5,r12_s2_fixed040_s0,70.1616,-0.0470
S2,0.5,Correction + fixed w 0.5,r12_s2_fixed040_s1,71.9178,-0.0391
S2,0.5,Correction + fixed w 0.5,r12_s2_fixed040_s2,73.2159,0.0689
S2,0.5,Correction + development w 0.2,r12_s2_fixed040_s0,69.9272,-0.2814
S2,0.5,Correction + development w 0.2,r12_s2_fixed040_s1,71.7243,-0.2326
S2,0.5,Correction + development w 0.2,r12_s2_fixed040_s2,72.7114,-0.4356
S2,0.5,Corrected edge only,r12_s2_fixed040_s0,69.6844,-0.5242
S2,0.5,Corrected edge only,r12_s2_fixed040_s1,71.5589,-0.3980
S2,0.5,Corrected edge only,r12_s2_fixed040_s2,72.4594,-0.6876
S2,0.5,Correction + product,r12_s2_fixed040_s0,70.0914,-0.1172
S2,0.5,Correction + product,r12_s2_fixed040_s1,71.8062,-0.1507
S2,0.5,Correction + product,r12_s2_fixed040_s2,73.2749,0.1279
S2,0.5,Correction + learned weight,r12_s2_fixed040_s0,69.4002,-0.8083
S2,0.5,Correction + learned weight,r12_s2_fixed040_s1,71.0176,-0.9393
S2,0.5,Correction + learned weight,r12_s2_fixed040_s2,72.4301,-0.7169
S2,0.5,DriftGate-P,r12_s2_fixed040_s0,70.2086,0.0000
S2,0.5,DriftGate-P,r12_s2_fixed040_s1,71.9569,0.0000
S2,0.5,DriftGate-P,r12_s2_fixed040_s2,73.1470,0.0000
S2,0.5,No correction + adaptive w,r12_s2_fixed040_s0,67.8044,-2.4042
S2,0.5,No correction + adaptive w,r12_s2_fixed040_s1,70.2983,-1.6586
S2,0.5,No correction + adaptive w,r12_s2_fixed040_s2,72.4141,-0.7330
S2,0.5,conditional (adaptive w),r12_s2_fixed040_s0,69.7266,-0.4820
S2,0.5,conditional (adaptive w),r12_s2_fixed040_s1,71.5754,-0.3814
S2,0.5,conditional (adaptive w),r12_s2_fixed040_s2,72.5821,-0.5650
S2,0.5,conditional (fixed w 0.5),r12_s2_fixed040_s0,69.6037,-0.6049
S2,0.5,conditional (fixed w 0.5),r12_s2_fixed040_s1,71.4358,-0.5210
S2,0.5,conditional (fixed w 0.5),r12_s2_fixed040_s2,72.5005,-0.6465
S2,0.5,"conditional (raw edge, adaptive w)",r12_s2_fixed040_s0,64.3361,-5.8725
S2,0.5,"conditional (raw edge, adaptive w)",r12_s2_fixed040_s1,68.4557,-3.5012
S2,0.5,"conditional (raw edge, adaptive w)",r12_s2_fixed040_s2,70.9953,-2.1517
S2,0.75,Device only,r12_s2_fixed040_s0,66.4209,-4.1541
S2,0.75,Device only,r12_s2_fixed040_s1,68.7001,-3.2655
S2,0.75,Device only,r12_s2_fixed040_s2,71.9956,-0.8235
S2,0.75,Raw edge only,r12_s2_fixed040_s0,62.7194,-7.8555
S2,0.75,Raw edge only,r12_s2_fixed040_s1,67.1080,-4.8576
S2,0.75,Raw edge only,r12_s2_fixed040_s2,69.6309,-3.1882
S2,0.75,Probability average,r12_s2_fixed040_s0,68.0146,-2.5604
S2,0.75,Probability average,r12_s2_fixed040_s1,70.0727,-1.8929
S2,0.75,Probability average,r12_s2_fixed040_s2,72.2201,-0.5989
S2,0.75,Logit sum,r12_s2_fixed040_s0,68.2409,-2.3341
S2,0.75,Logit sum,r12_s2_fixed040_s1,70.2543,-1.7113
S2,0.75,Logit sum,r12_s2_fixed040_s2,72.3577,-0.4613
S2,0.75,Correction + fixed w 0.5,r12_s2_fixed040_s0,70.5255,-0.0495
S2,0.75,Correction + fixed w 0.5,r12_s2_fixed040_s1,71.9643,-0.0013
S2,0.75,Correction + fixed w 0.5,r12_s2_fixed040_s2,72.9649,0.1458
S2,0.75,Correction + development w 0.2,r12_s2_fixed040_s0,70.1275,-0.4475
S2,0.75,Correction + development w 0.2,r12_s2_fixed040_s1,71.5509,-0.4147
S2,0.75,Correction + development w 0.2,r12_s2_fixed040_s2,72.0966,-0.7224
S2,0.75,Corrected edge only,r12_s2_fixed040_s0,69.7109,-0.8641
S2,0.75,Corrected edge only,r12_s2_fixed040_s1,71.2218,-0.7438
S2,0.75,Corrected edge only,r12_s2_fixed040_s2,71.6753,-1.1437
S2,0.75,Correction + product,r12_s2_fixed040_s0,70.4568,-0.1182
S2,0.75,Correction + product,r12_s2_fixed040_s1,71.8790,-0.0866
S2,0.75,Correction + product,r12_s2_fixed040_s2,73.0493,0.2303
S2,0.75,Correction + learned weight,r12_s2_fixed040_s0,69.5970,-0.9780
S2,0.75,Correction + learned weight,r12_s2_fixed040_s1,70.8714,-1.0941
S2,0.75,Correction + learned weight,r12_s2_fixed040_s2,71.9629,-0.8561
S2,0.75,DriftGate-P,r12_s2_fixed040_s0,70.5750,0.0000
S2,0.75,DriftGate-P,r12_s2_fixed040_s1,71.9656,0.0000
S2,0.75,DriftGate-P,r12_s2_fixed040_s2,72.8190,0.0000
S2,0.75,No correction + adaptive w,r12_s2_fixed040_s0,67.4798,-3.0952
S2,0.75,No correction + adaptive w,r12_s2_fixed040_s1,69.6922,-2.2734
S2,0.75,No correction + adaptive w,r12_s2_fixed040_s2,71.7995,-1.0196
S2,0.75,conditional (adaptive w),r12_s2_fixed040_s0,69.8839,-0.6911
S2,0.75,conditional (adaptive w),r12_s2_fixed040_s1,71.3710,-0.5946
S2,0.75,conditional (adaptive w),r12_s2_fixed040_s2,71.9727,-0.8463
S2,0.75,conditional (fixed w 0.5),r12_s2_fixed040_s0,69.7454,-0.8296
S2,0.75,conditional (fixed w 0.5),r12_s2_fixed040_s1,71.2269,-0.7386
S2,0.75,conditional (fixed w 0.5),r12_s2_fixed040_s2,71.8996,-0.9194
S2,0.75,"conditional (raw edge, adaptive w)",r12_s2_fixed040_s0,62.2260,-8.3490
S2,0.75,"conditional (raw edge, adaptive w)",r12_s2_fixed040_s1,66.8612,-5.1043
S2,0.75,"conditional (raw edge, adaptive w)",r12_s2_fixed040_s2,69.7200,-3.0990
S2,1.0,Device only,r12_s2_fixed040_s0,66.4209,-4.2237
S2,1.0,Device only,r12_s2_fixed040_s1,68.7001,-3.2087
S2,1.0,Device only,r12_s2_fixed040_s2,71.9956,-0.5515
S2,1.0,Raw edge only,r12_s2_fixed040_s0,61.2048,-9.4398
S2,1.0,Raw edge only,r12_s2_fixed040_s1,65.8716,-6.0372
S2,1.0,Raw edge only,r12_s2_fixed040_s2,68.6412,-3.9059
S2,1.0,Probability average,r12_s2_fixed040_s0,67.8778,-2.7668
S2,1.0,Probability average,r12_s2_fixed040_s1,69.8554,-2.0534
S2,1.0,Probability average,r12_s2_fixed040_s2,71.9210,-0.6261
S2,1.0,Logit sum,r12_s2_fixed040_s0,68.1149,-2.5297
S2,1.0,Logit sum,r12_s2_fixed040_s1,70.0421,-1.8666
S2,1.0,Logit sum,r12_s2_fixed040_s2,72.0477,-0.4993
S2,1.0,Correction + fixed w 0.5,r12_s2_fixed040_s0,70.6102,-0.0344
S2,1.0,Correction + fixed w 0.5,r12_s2_fixed040_s1,71.9419,0.0331
S2,1.0,Correction + fixed w 0.5,r12_s2_fixed040_s2,72.7664,0.2194
S2,1.0,Correction + development w 0.2,r12_s2_fixed040_s0,70.0814,-0.5632
S2,1.0,Correction + development w 0.2,r12_s2_fixed040_s1,71.3870,-0.5218
S2,1.0,Correction + development w 0.2,r12_s2_fixed040_s2,71.6162,-0.9309
S2,1.0,Corrected edge only,r12_s2_fixed040_s0,69.5435,-1.1011
S2,1.0,Corrected edge only,r12_s2_fixed040_s1,70.8971,-1.0117
S2,1.0,Corrected edge only,r12_s2_fixed040_s2,71.0248,-1.5222
S2,1.0,Correction + product,r12_s2_fixed040_s0,70.5487,-0.0958
S2,1.0,Correction + product,r12_s2_fixed040_s1,71.8623,-0.0465
S2,1.0,Correction + product,r12_s2_fixed040_s2,72.8597,0.3126
S2,1.0,Correction + learned weight,r12_s2_fixed040_s0,69.6218,-1.0228
S2,1.0,Correction + learned weight,r12_s2_fixed040_s1,70.7738,-1.1350
S2,1.0,Correction + learned weight,r12_s2_fixed040_s2,71.5803,-0.9667
S2,1.0,DriftGate-P,r12_s2_fixed040_s0,70.6446,0.0000
S2,1.0,DriftGate-P,r12_s2_fixed040_s1,71.9088,0.0000
S2,1.0,DriftGate-P,r12_s2_fixed040_s2,72.5470,0.0000
S2,1.0,No correction + adaptive w,r12_s2_fixed040_s0,67.1676,-3.4770
S2,1.0,No correction + adaptive w,r12_s2_fixed040_s1,69.3305,-2.5783
S2,1.0,No correction + adaptive w,r12_s2_fixed040_s2,71.3806,-1.1664
S2,1.0,conditional (adaptive w),r12_s2_fixed040_s0,69.8502,-0.7944
S2,1.0,conditional (adaptive w),r12_s2_fixed040_s1,71.1770,-0.7318
S2,1.0,conditional (adaptive w),r12_s2_fixed040_s2,71.4763,-1.0707
S2,1.0,conditional (fixed w 0.5),r12_s2_fixed040_s0,69.7188,-0.9257
S2,1.0,conditional (fixed w 0.5),r12_s2_fixed040_s1,71.0425,-0.8663
S2,1.0,conditional (fixed w 0.5),r12_s2_fixed040_s2,71.4194,-1.1276
S2,1.0,"conditional (raw edge, adaptive w)",r12_s2_fixed040_s0,60.7958,-9.8488
S2,1.0,"conditional (raw edge, adaptive w)",r12_s2_fixed040_s1,65.7341,-6.1747
S2,1.0,"conditional (raw edge, adaptive w)",r12_s2_fixed040_s2,68.9004,-3.6466
S1-fast,0.25,Device only,r12_s1fast_fixed040_s0,64.1349,-3.0387
S1-fast,0.25,Device only,r12_s1fast_fixed040_s1,64.5931,-2.7693
S1-fast,0.25,Device only,r12_s1fast_fixed040_s2,64.4568,-2.3236
S1-fast,0.25,Raw edge only,r12_s1fast_fixed040_s0,65.4811,-1.6925
S1-fast,0.25,Raw edge only,r12_s1fast_fixed040_s1,66.0009,-1.3614
S1-fast,0.25,Raw edge only,r12_s1fast_fixed040_s2,65.5431,-1.2373
S1-fast,0.25,Probability average,r12_s1fast_fixed040_s0,66.8121,-0.3616
S1-fast,0.25,Probability average,r12_s1fast_fixed040_s1,67.0358,-0.3265
S1-fast,0.25,Probability average,r12_s1fast_fixed040_s2,66.3960,-0.3844
S1-fast,0.25,Logit sum,r12_s1fast_fixed040_s0,66.8505,-0.3232
S1-fast,0.25,Logit sum,r12_s1fast_fixed040_s1,67.0056,-0.3567
S1-fast,0.25,Logit sum,r12_s1fast_fixed040_s2,66.4046,-0.3758
S1-fast,0.25,Correction + fixed w 0.5,r12_s1fast_fixed040_s0,67.0855,-0.0881
S1-fast,0.25,Correction + fixed w 0.5,r12_s1fast_fixed040_s1,67.2787,-0.0836
S1-fast,0.25,Correction + fixed w 0.5,r12_s1fast_fixed040_s2,66.7200,-0.0604
S1-fast,0.25,Correction + development w 0.2,r12_s1fast_fixed040_s0,67.1846,0.0110
S1-fast,0.25,Correction + development w 0.2,r12_s1fast_fixed040_s1,67.3803,0.0179
S1-fast,0.25,Correction + development w 0.2,r12_s1fast_fixed040_s2,66.7832,0.0028
S1-fast,0.25,Corrected edge only,r12_s1fast_fixed040_s0,67.1389,-0.0347
S1-fast,0.25,Corrected edge only,r12_s1fast_fixed040_s1,67.3455,-0.0169
S1-fast,0.25,Corrected edge only,r12_s1fast_fixed040_s2,66.7389,-0.0415
S1-fast,0.25,Correction + product,r12_s1fast_fixed040_s0,66.9187,-0.2549
S1-fast,0.25,Correction + product,r12_s1fast_fixed040_s1,67.1055,-0.2568
S1-fast,0.25,Correction + product,r12_s1fast_fixed040_s2,66.6158,-0.1646
S1-fast,0.25,Correction + learned weight,r12_s1fast_fixed040_s0,67.0348,-0.1388
S1-fast,0.25,Correction + learned weight,r12_s1fast_fixed040_s1,67.1817,-0.1807
S1-fast,0.25,Correction + learned weight,r12_s1fast_fixed040_s2,66.6221,-0.1583
S1-fast,0.25,DriftGate-P,r12_s1fast_fixed040_s0,67.1736,0.0000
S1-fast,0.25,DriftGate-P,r12_s1fast_fixed040_s1,67.3623,0.0000
S1-fast,0.25,DriftGate-P,r12_s1fast_fixed040_s2,66.7804,0.0000
S1-fast,0.25,No correction + adaptive w,r12_s1fast_fixed040_s0,66.7525,-0.4211
S1-fast,0.25,No correction + adaptive w,r12_s1fast_fixed040_s1,67.0032,-0.3592
S1-fast,0.25,No correction + adaptive w,r12_s1fast_fixed040_s2,66.3454,-0.4351
S1-fast,0.25,conditional (adaptive w),r12_s1fast_fixed040_s0,67.2200,0.0464
S1-fast,0.25,conditional (adaptive w),r12_s1fast_fixed040_s1,67.4354,0.0731
S1-fast,0.25,conditional (adaptive w),r12_s1fast_fixed040_s2,66.7931,0.0127
S1-fast,0.25,conditional (fixed w 0.5),r12_s1fast_fixed040_s0,67.1802,0.0066
S1-fast,0.25,conditional (fixed w 0.5),r12_s1fast_fixed040_s1,67.3939,0.0315
S1-fast,0.25,conditional (fixed w 0.5),r12_s1fast_fixed040_s2,66.7535,-0.0269
S1-fast,0.25,"conditional (raw edge, adaptive w)",r12_s1fast_fixed040_s0,65.1907,-1.9829
S1-fast,0.25,"conditional (raw edge, adaptive w)",r12_s1fast_fixed040_s1,65.7893,-1.5731
S1-fast,0.25,"conditional (raw edge, adaptive w)",r12_s1fast_fixed040_s2,65.3862,-1.3943
S1-fast,0.5,Device only,r12_s1fast_fixed040_s0,64.1349,-4.5293
S1-fast,0.5,Device only,r12_s1fast_fixed040_s1,64.5931,-4.0093
S1-fast,0.5,Device only,r12_s1fast_fixed040_s2,64.4568,-3.2075
S1-fast,0.5,Raw edge only,r12_s1fast_fixed040_s0,65.3612,-3.3030
S1-fast,0.5,Raw edge only,r12_s1fast_fixed040_s1,65.7011,-2.9013
S1-fast,0.5,Raw edge only,r12_s1fast_fixed040_s2,64.8434,-2.8209
S1-fast,0.5,Probability average,r12_s1fast_fixed040_s0,68.1423,-0.5220
S1-fast,0.5,Probability average,r12_s1fast_fixed040_s1,68.0076,-0.5948
S1-fast,0.5,Probability average,r12_s1fast_fixed040_s2,66.8983,-0.7661
S1-fast,0.5,Logit sum,r12_s1fast_fixed040_s0,68.2194,-0.4448
S1-fast,0.5,Logit sum,r12_s1fast_fixed040_s1,67.9610,-0.6414
S1-fast,0.5,Logit sum,r12_s1fast_fixed040_s2,66.9632,-0.7011
S1-fast,0.5,Correction + fixed w 0.5,r12_s1fast_fixed040_s0,68.4644,-0.1998
S1-fast,0.5,Correction + fixed w 0.5,r12_s1fast_fixed040_s1,68.4185,-0.1839
S1-fast,0.5,Correction + fixed w 0.5,r12_s1fast_fixed040_s2,67.5525,-0.1118
S1-fast,0.5,Correction + development w 0.2,r12_s1fast_fixed040_s0,68.6931,0.0289
S1-fast,0.5,Correction + development w 0.2,r12_s1fast_fixed040_s1,68.6533,0.0509
S1-fast,0.5,Correction + development w 0.2,r12_s1fast_fixed040_s2,67.6675,0.0032
S1-fast,0.5,Corrected edge only,r12_s1fast_fixed040_s0,68.5816,-0.0827
S1-fast,0.5,Corrected edge only,r12_s1fast_fixed040_s1,68.5593,-0.0431
S1-fast,0.5,Corrected edge only,r12_s1fast_fixed040_s2,67.5526,-0.1117
S1-fast,0.5,Correction + product,r12_s1fast_fixed040_s0,68.2100,-0.4543
S1-fast,0.5,Correction + product,r12_s1fast_fixed040_s1,68.1332,-0.4692
S1-fast,0.5,Correction + product,r12_s1fast_fixed040_s2,67.4190,-0.2453
S1-fast,0.5,Correction + learned weight,r12_s1fast_fixed040_s0,68.3449,-0.3194
S1-fast,0.5,Correction + learned weight,r12_s1fast_fixed040_s1,68.2089,-0.3935
S1-fast,0.5,Correction + learned weight,r12_s1fast_fixed040_s2,67.3825,-0.2818
S1-fast,0.5,DriftGate-P,r12_s1fast_fixed040_s0,68.6642,0.0000
S1-fast,0.5,DriftGate-P,r12_s1fast_fixed040_s1,68.6024,0.0000
S1-fast,0.5,DriftGate-P,r12_s1fast_fixed040_s2,67.6643,0.0000
S1-fast,0.5,No correction + adaptive w,r12_s1fast_fixed040_s0,68.0528,-0.6114
S1-fast,0.5,No correction + adaptive w,r12_s1fast_fixed040_s1,67.9614,-0.6410
S1-fast,0.5,No correction + adaptive w,r12_s1fast_fixed040_s2,66.7523,-0.9120
S1-fast,0.5,conditional (adaptive w),r12_s1fast_fixed040_s0,68.7335,0.0693
S1-fast,0.5,conditional (adaptive w),r12_s1fast_fixed040_s1,68.6729,0.0705
S1-fast,0.5,conditional (adaptive w),r12_s1fast_fixed040_s2,67.6331,-0.0313
S1-fast,0.5,conditional (fixed w 0.5),r12_s1fast_fixed040_s0,68.6538,-0.0105
S1-fast,0.5,conditional (fixed w 0.5),r12_s1fast_fixed040_s1,68.5787,-0.0237
S1-fast,0.5,conditional (fixed w 0.5),r12_s1fast_fixed040_s2,67.5747,-0.0896
S1-fast,0.5,"conditional (raw edge, adaptive w)",r12_s1fast_fixed040_s0,64.9415,-3.7227
S1-fast,0.5,"conditional (raw edge, adaptive w)",r12_s1fast_fixed040_s1,65.3638,-3.2386
S1-fast,0.5,"conditional (raw edge, adaptive w)",r12_s1fast_fixed040_s2,64.6105,-3.0538
S1-fast,0.75,Device only,r12_s1fast_fixed040_s0,64.1349,-5.2173
S1-fast,0.75,Device only,r12_s1fast_fixed040_s1,64.5931,-4.4997
S1-fast,0.75,Device only,r12_s1fast_fixed040_s2,64.4568,-3.5658
S1-fast,0.75,Raw edge only,r12_s1fast_fixed040_s0,64.5542,-4.7980
S1-fast,0.75,Raw edge only,r12_s1fast_fixed040_s1,64.8184,-4.2743
S1-fast,0.75,Raw edge only,r12_s1fast_fixed040_s2,63.7372,-4.2854
S1-fast,0.75,Probability average,r12_s1fast_fixed040_s0,68.7368,-0.6154
S1-fast,0.75,Probability average,r12_s1fast_fixed040_s1,68.3761,-0.7166
S1-fast,0.75,Probability average,r12_s1fast_fixed040_s2,66.9927,-1.0298
S1-fast,0.75,Logit sum,r12_s1fast_fixed040_s0,68.8231,-0.5292
S1-fast,0.75,Logit sum,r12_s1fast_fixed040_s1,68.3209,-0.7718
S1-fast,0.75,Logit sum,r12_s1fast_fixed040_s2,67.1044,-0.9182
S1-fast,0.75,Correction + fixed w 0.5,r12_s1fast_fixed040_s0,69.0822,-0.2700
S1-fast,0.75,Correction + fixed w 0.5,r12_s1fast_fixed040_s1,68.8609,-0.2318
S1-fast,0.75,Correction + fixed w 0.5,r12_s1fast_fixed040_s2,67.8949,-0.1276
S1-fast,0.75,Correction + development w 0.2,r12_s1fast_fixed040_s0,69.3506,-0.0016
S1-fast,0.75,Correction + development w 0.2,r12_s1fast_fixed040_s1,69.1564,0.0637
S1-fast,0.75,Correction + development w 0.2,r12_s1fast_fixed040_s2,68.0105,-0.0120
S1-fast,0.75,Corrected edge only,r12_s1fast_fixed040_s0,69.1391,-0.2131
S1-fast,0.75,Corrected edge only,r12_s1fast_fixed040_s1,68.9950,-0.0977
S1-fast,0.75,Corrected edge only,r12_s1fast_fixed040_s2,67.8117,-0.2109
S1-fast,0.75,Correction + product,r12_s1fast_fixed040_s0,68.7887,-0.5635
S1-fast,0.75,Correction + product,r12_s1fast_fixed040_s1,68.5313,-0.5614
S1-fast,0.75,Correction + product,r12_s1fast_fixed040_s2,67.7610,-0.2615
S1-fast,0.75,Correction + learned weight,r12_s1fast_fixed040_s0,68.9626,-0.3896
S1-fast,0.75,Correction + learned weight,r12_s1fast_fixed040_s1,68.6457,-0.4470
S1-fast,0.75,Correction + learned weight,r12_s1fast_fixed040_s2,67.7159,-0.3066
S1-fast,0.75,DriftGate-P,r12_s1fast_fixed040_s0,69.3522,0.0000
S1-fast,0.75,DriftGate-P,r12_s1fast_fixed040_s1,69.0928,0.0000
S1-fast,0.75,DriftGate-P,r12_s1fast_fixed040_s2,68.0225,0.0000
S1-fast,0.75,No correction + adaptive w,r12_s1fast_fixed040_s0,68.6083,-0.7439
S1-fast,0.75,No correction + adaptive w,r12_s1fast_fixed040_s1,68.3033,-0.7895
S1-fast,0.75,No correction + adaptive w,r12_s1fast_fixed040_s2,66.7173,-1.3052
S1-fast,0.75,conditional (adaptive w),r12_s1fast_fixed040_s0,69.4165,0.0643
S1-fast,0.75,conditional (adaptive w),r12_s1fast_fixed040_s1,69.2023,0.1095
S1-fast,0.75,conditional (adaptive w),r12_s1fast_fixed040_s2,67.9355,-0.0870
S1-fast,0.75,conditional (fixed w 0.5),r12_s1fast_fixed040_s0,69.3261,-0.0261
S1-fast,0.75,conditional (fixed w 0.5),r12_s1fast_fixed040_s1,69.0999,0.0071
S1-fast,0.75,conditional (fixed w 0.5),r12_s1fast_fixed040_s2,67.8845,-0.1381
S1-fast,0.75,"conditional (raw edge, adaptive w)",r12_s1fast_fixed040_s0,64.1342,-5.2180
S1-fast,0.75,"conditional (raw edge, adaptive w)",r12_s1fast_fixed040_s1,64.4744,-4.6183
S1-fast,0.75,"conditional (raw edge, adaptive w)",r12_s1fast_fixed040_s2,63.4915,-4.5311
S1-fast,1.0,Device only,r12_s1fast_fixed040_s0,64.1349,-5.4386
S1-fast,1.0,Device only,r12_s1fast_fixed040_s1,64.5931,-4.6141
S1-fast,1.0,Device only,r12_s1fast_fixed040_s2,64.4568,-3.6539
S1-fast,1.0,Raw edge only,r12_s1fast_fixed040_s0,63.5663,-6.0072
S1-fast,1.0,Raw edge only,r12_s1fast_fixed040_s1,63.8015,-5.4057
S1-fast,1.0,Raw edge only,r12_s1fast_fixed040_s2,62.7594,-5.3513
S1-fast,1.0,Probability average,r12_s1fast_fixed040_s0,68.9144,-0.6591
S1-fast,1.0,Probability average,r12_s1fast_fixed040_s1,68.3720,-0.8352
S1-fast,1.0,Probability average,r12_s1fast_fixed040_s2,66.8985,-1.2122
S1-fast,1.0,Logit sum,r12_s1fast_fixed040_s0,68.9942,-0.5792
S1-fast,1.0,Logit sum,r12_s1fast_fixed040_s1,68.3320,-0.8752
S1-fast,1.0,Logit sum,r12_s1fast_fixed040_s2,67.0359,-1.0748
S1-fast,1.0,Correction + fixed w 0.5,r12_s1fast_fixed040_s0,69.2642,-0.3093
S1-fast,1.0,Correction + fixed w 0.5,r12_s1fast_fixed040_s1,68.9591,-0.2481
S1-fast,1.0,Correction + fixed w 0.5,r12_s1fast_fixed040_s2,67.9837,-0.1270
S1-fast,1.0,Correction + development w 0.2,r12_s1fast_fixed040_s0,69.5110,-0.0625
S1-fast,1.0,Correction + development w 0.2,r12_s1fast_fixed040_s1,69.2571,0.0499
S1-fast,1.0,Correction + development w 0.2,r12_s1fast_fixed040_s2,68.0252,-0.0855
S1-fast,1.0,Corrected edge only,r12_s1fast_fixed040_s0,69.1978,-0.3757
S1-fast,1.0,Corrected edge only,r12_s1fast_fixed040_s1,69.0339,-0.1733
S1-fast,1.0,Corrected edge only,r12_s1fast_fixed040_s2,67.7368,-0.3739
S1-fast,1.0,Correction + product,r12_s1fast_fixed040_s0,68.9650,-0.6084
S1-fast,1.0,Correction + product,r12_s1fast_fixed040_s1,68.6198,-0.5874
S1-fast,1.0,Correction + product,r12_s1fast_fixed040_s2,67.8497,-0.2609
S1-fast,1.0,Correction + learned weight,r12_s1fast_fixed040_s0,69.1693,-0.4042
S1-fast,1.0,Correction + learned weight,r12_s1fast_fixed040_s1,68.7665,-0.4407
S1-fast,1.0,Correction + learned weight,r12_s1fast_fixed040_s2,67.7797,-0.3309
S1-fast,1.0,DriftGate-P,r12_s1fast_fixed040_s0,69.5735,0.0000
S1-fast,1.0,DriftGate-P,r12_s1fast_fixed040_s1,69.2072,0.0000
S1-fast,1.0,DriftGate-P,r12_s1fast_fixed040_s2,68.1107,0.0000
S1-fast,1.0,No correction + adaptive w,r12_s1fast_fixed040_s0,68.7562,-0.8173
S1-fast,1.0,No correction + adaptive w,r12_s1fast_fixed040_s1,68.2669,-0.9403
S1-fast,1.0,No correction + adaptive w,r12_s1fast_fixed040_s2,66.4923,-1.6183
S1-fast,1.0,conditional (adaptive w),r12_s1fast_fixed040_s0,69.6167,0.0432
S1-fast,1.0,conditional (adaptive w),r12_s1fast_fixed040_s1,69.3527,0.1455
S1-fast,1.0,conditional (adaptive w),r12_s1fast_fixed040_s2,67.8980,-0.2127
S1-fast,1.0,conditional (fixed w 0.5),r12_s1fast_fixed040_s0,69.5335,-0.0400
S1-fast,1.0,conditional (fixed w 0.5),r12_s1fast_fixed040_s1,69.2564,0.0492
S1-fast,1.0,conditional (fixed w 0.5),r12_s1fast_fixed040_s2,67.8629,-0.2478
S1-fast,1.0,"conditional (raw edge, adaptive w)",r12_s1fast_fixed040_s0,63.2513,-6.3222
S1-fast,1.0,"conditional (raw edge, adaptive w)",r12_s1fast_fixed040_s1,63.4910,-5.7162
S1-fast,1.0,"conditional (raw edge, adaptive w)",r12_s1fast_fixed040_s2,62.5267,-5.5840
partial participation,0.25,Device only,r12_s4part05_fixed040_s0,61.4891,-2.0195
partial participation,0.25,Device only,r12_s4part05_fixed040_s1,61.9603,-1.9045
partial participation,0.25,Device only,r12_s4part05_fixed040_s2,61.8107,-1.7842
partial participation,0.25,Raw edge only,r12_s4part05_fixed040_s0,61.4247,-2.0840
partial participation,0.25,Raw edge only,r12_s4part05_fixed040_s1,62.0425,-1.8224
partial participation,0.25,Raw edge only,r12_s4part05_fixed040_s2,61.8848,-1.7101
partial participation,0.25,Probability average,r12_s4part05_fixed040_s0,62.8618,-0.6468
partial participation,0.25,Probability average,r12_s4part05_fixed040_s1,63.1904,-0.6744
partial participation,0.25,Probability average,r12_s4part05_fixed040_s2,62.8819,-0.7131
partial participation,0.25,Logit sum,r12_s4part05_fixed040_s0,63.0162,-0.4924
partial participation,0.25,Logit sum,r12_s4part05_fixed040_s1,63.2695,-0.5954
partial participation,0.25,Logit sum,r12_s4part05_fixed040_s2,62.9610,-0.6340
partial participation,0.25,Correction + fixed w 0.5,r12_s4part05_fixed040_s0,63.4936,-0.0150
partial participation,0.25,Correction + fixed w 0.5,r12_s4part05_fixed040_s1,63.8369,-0.0279
partial participation,0.25,Correction + fixed w 0.5,r12_s4part05_fixed040_s2,63.5875,-0.0074
partial participation,0.25,Correction + development w 0.2,r12_s4part05_fixed040_s0,63.3726,-0.1360
partial participation,0.25,Correction + development w 0.2,r12_s4part05_fixed040_s1,63.8041,-0.0607
partial participation,0.25,Correction + development w 0.2,r12_s4part05_fixed040_s2,63.4830,-0.1120
partial participation,0.25,Corrected edge only,r12_s4part05_fixed040_s0,63.2691,-0.2395
partial participation,0.25,Corrected edge only,r12_s4part05_fixed040_s1,63.7367,-0.1281
partial participation,0.25,Corrected edge only,r12_s4part05_fixed040_s2,63.3739,-0.2210
partial participation,0.25,Correction + product,r12_s4part05_fixed040_s0,63.4598,-0.0488
partial participation,0.25,Correction + product,r12_s4part05_fixed040_s1,63.7701,-0.0948
partial participation,0.25,Correction + product,r12_s4part05_fixed040_s2,63.5704,-0.0246
partial participation,0.25,Correction + learned weight,r12_s4part05_fixed040_s0,63.4025,-0.1062
partial participation,0.25,Correction + learned weight,r12_s4part05_fixed040_s1,63.7299,-0.1349
partial participation,0.25,Correction + learned weight,r12_s4part05_fixed040_s2,63.4371,-0.1578
partial participation,0.25,DriftGate-P,r12_s4part05_fixed040_s0,63.5086,0.0000
partial participation,0.25,DriftGate-P,r12_s4part05_fixed040_s1,63.8648,0.0000
partial participation,0.25,DriftGate-P,r12_s4part05_fixed040_s2,63.5949,0.0000
partial participation,0.25,No correction + adaptive w,r12_s4part05_fixed040_s0,62.7488,-0.7598
partial participation,0.25,No correction + adaptive w,r12_s4part05_fixed040_s1,63.1162,-0.7486
partial participation,0.25,No correction + adaptive w,r12_s4part05_fixed040_s2,62.7782,-0.8167
partial participation,0.25,conditional (adaptive w),r12_s4part05_fixed040_s0,63.4229,-0.0857
partial participation,0.25,conditional (adaptive w),r12_s4part05_fixed040_s1,63.8536,-0.0113
partial participation,0.25,conditional (adaptive w),r12_s4part05_fixed040_s2,63.4729,-0.1220
partial participation,0.25,conditional (fixed w 0.5),r12_s4part05_fixed040_s0,63.4087,-0.1000
partial participation,0.25,conditional (fixed w 0.5),r12_s4part05_fixed040_s1,63.8305,-0.0344
partial participation,0.25,conditional (fixed w 0.5),r12_s4part05_fixed040_s2,63.4432,-0.1517
partial participation,0.25,"conditional (raw edge, adaptive w)",r12_s4part05_fixed040_s0,61.2067,-2.3019
partial participation,0.25,"conditional (raw edge, adaptive w)",r12_s4part05_fixed040_s1,61.8459,-2.0189
partial participation,0.25,"conditional (raw edge, adaptive w)",r12_s4part05_fixed040_s2,61.7356,-1.8593
partial participation,0.5,Device only,r12_s4part05_fixed040_s0,61.4891,-2.8713
partial participation,0.5,Device only,r12_s4part05_fixed040_s1,61.9603,-2.6479
partial participation,0.5,Device only,r12_s4part05_fixed040_s2,61.8107,-2.2633
partial participation,0.5,Raw edge only,r12_s4part05_fixed040_s0,59.9842,-4.3763
partial participation,0.5,Raw edge only,r12_s4part05_fixed040_s1,60.4042,-4.2040
partial participation,0.5,Raw edge only,r12_s4part05_fixed040_s2,59.9307,-4.1433
partial participation,0.5,Probability average,r12_s4part05_fixed040_s0,63.2962,-1.0642
partial participation,0.5,Probability average,r12_s4part05_fixed040_s1,63.1807,-1.4275
partial participation,0.5,Probability average,r12_s4part05_fixed040_s2,62.6048,-1.4693
partial participation,0.5,Logit sum,r12_s4part05_fixed040_s0,63.5763,-0.7841
partial participation,0.5,Logit sum,r12_s4part05_fixed040_s1,63.3420,-1.2661
partial participation,0.5,Logit sum,r12_s4part05_fixed040_s2,62.7822,-1.2918
partial participation,0.5,Correction + fixed w 0.5,r12_s4part05_fixed040_s0,64.3342,-0.0262
partial participation,0.5,Correction + fixed w 0.5,r12_s4part05_fixed040_s1,64.5603,-0.0479
partial participation,0.5,Correction + fixed w 0.5,r12_s4part05_fixed040_s2,64.0923,0.0183
partial participation,0.5,Correction + development w 0.2,r12_s4part05_fixed040_s0,64.0230,-0.3374
partial participation,0.5,Correction + development w 0.2,r12_s4part05_fixed040_s1,64.4123,-0.1959
partial participation,0.5,Correction + development w 0.2,r12_s4part05_fixed040_s2,63.7463,-0.3277
partial participation,0.5,Corrected edge only,r12_s4part05_fixed040_s0,63.7618,-0.5987
partial participation,0.5,Corrected edge only,r12_s4part05_fixed040_s1,64.2218,-0.3864
partial participation,0.5,Corrected edge only,r12_s4part05_fixed040_s2,63.4537,-0.6203
partial participation,0.5,Correction + product,r12_s4part05_fixed040_s0,64.2962,-0.0642
partial participation,0.5,Correction + product,r12_s4part05_fixed040_s1,64.4537,-0.1545
partial participation,0.5,Correction + product,r12_s4part05_fixed040_s2,64.1113,0.0372
partial participation,0.5,Correction + learned weight,r12_s4part05_fixed040_s0,64.1217,-0.2387
partial participation,0.5,Correction + learned weight,r12_s4part05_fixed040_s1,64.2919,-0.3163
partial participation,0.5,Correction + learned weight,r12_s4part05_fixed040_s2,63.8001,-0.2739
partial participation,0.5,DriftGate-P,r12_s4part05_fixed040_s0,64.3604,0.0000
partial participation,0.5,DriftGate-P,r12_s4part05_fixed040_s1,64.6082,0.0000
partial participation,0.5,DriftGate-P,r12_s4part05_fixed040_s2,64.0740,0.0000
partial participation,0.5,No correction + adaptive w,r12_s4part05_fixed040_s0,63.0377,-1.3227
partial participation,0.5,No correction + adaptive w,r12_s4part05_fixed040_s1,62.9802,-1.6280
partial participation,0.5,No correction + adaptive w,r12_s4part05_fixed040_s2,62.3027,-1.7713
partial participation,0.5,conditional (adaptive w),r12_s4part05_fixed040_s0,64.1167,-0.2437
partial participation,0.5,conditional (adaptive w),r12_s4part05_fixed040_s1,64.4445,-0.1637
partial participation,0.5,conditional (adaptive w),r12_s4part05_fixed040_s2,63.7104,-0.3636
partial participation,0.5,conditional (fixed w 0.5),r12_s4part05_fixed040_s0,64.0934,-0.2670
partial participation,0.5,conditional (fixed w 0.5),r12_s4part05_fixed040_s1,64.3925,-0.2157
partial participation,0.5,conditional (fixed w 0.5),r12_s4part05_fixed040_s2,63.6789,-0.3951
partial participation,0.5,"conditional (raw edge, adaptive w)",r12_s4part05_fixed040_s0,59.7419,-4.6185
partial participation,0.5,"conditional (raw edge, adaptive w)",r12_s4part05_fixed040_s1,60.1652,-4.4429
partial participation,0.5,"conditional (raw edge, adaptive w)",r12_s4part05_fixed040_s2,59.7941,-4.2799
partial participation,0.75,Device only,r12_s4part05_fixed040_s0,61.4891,-3.2811
partial participation,0.75,Device only,r12_s4part05_fixed040_s1,61.9603,-2.9926
partial participation,0.75,Device only,r12_s4part05_fixed040_s2,61.8107,-2.4564
partial participation,0.75,Raw edge only,r12_s4part05_fixed040_s0,58.2377,-6.5325
partial participation,0.75,Raw edge only,r12_s4part05_fixed040_s1,58.3957,-6.5573
partial participation,0.75,Raw edge only,r12_s4part05_fixed040_s2,57.7209,-6.5462
partial participation,0.75,Probability average,r12_s4part05_fixed040_s0,63.4287,-1.3414
partial participation,0.75,Probability average,r12_s4part05_fixed040_s1,62.9371,-2.0159
partial participation,0.75,Probability average,r12_s4part05_fixed040_s2,62.1848,-2.0823
partial participation,0.75,Logit sum,r12_s4part05_fixed040_s0,63.7809,-0.9892
partial participation,0.75,Logit sum,r12_s4part05_fixed040_s1,63.1622,-1.7907
partial participation,0.75,Logit sum,r12_s4part05_fixed040_s2,62.4297,-1.8373
partial participation,0.75,Correction + fixed w 0.5,r12_s4part05_fixed040_s0,64.7458,-0.0243
partial participation,0.75,Correction + fixed w 0.5,r12_s4part05_fixed040_s1,64.9085,-0.0445
partial participation,0.75,Correction + fixed w 0.5,r12_s4part05_fixed040_s2,64.3328,0.0658
partial participation,0.75,Correction + development w 0.2,r12_s4part05_fixed040_s0,64.2356,-0.5346
partial participation,0.75,Correction + development w 0.2,r12_s4part05_fixed040_s1,64.6189,-0.3340
partial participation,0.75,Correction + development w 0.2,r12_s4part05_fixed040_s2,63.7332,-0.5338
partial participation,0.75,Corrected edge only,r12_s4part05_fixed040_s0,63.7753,-0.9949
partial participation,0.75,Corrected edge only,r12_s4part05_fixed040_s1,64.2759,-0.6770
partial participation,0.75,Corrected edge only,r12_s4part05_fixed040_s2,63.2492,-1.0178
partial participation,0.75,Correction + product,r12_s4part05_fixed040_s0,64.7209,-0.0492
partial participation,0.75,Correction + product,r12_s4part05_fixed040_s1,64.7896,-0.1633
partial participation,0.75,Correction + product,r12_s4part05_fixed040_s2,64.3863,0.1192
partial participation,0.75,Correction + learned weight,r12_s4part05_fixed040_s0,64.4799,-0.2903
partial participation,0.75,Correction + learned weight,r12_s4part05_fixed040_s1,64.5580,-0.3949
partial participation,0.75,Correction + learned weight,r12_s4part05_fixed040_s2,63.9259,-0.3412
partial participation,0.75,DriftGate-P,r12_s4part05_fixed040_s0,64.7701,0.0000
partial participation,0.75,DriftGate-P,r12_s4part05_fixed040_s1,64.9529,0.0000
partial participation,0.75,DriftGate-P,r12_s4part05_fixed040_s2,64.2671,0.0000
partial participation,0.75,No correction + adaptive w,r12_s4part05_fixed040_s0,63.0282,-1.7419
partial participation,0.75,No correction + adaptive w,r12_s4part05_fixed040_s1,62.5849,-2.3680
partial participation,0.75,No correction + adaptive w,r12_s4part05_fixed040_s2,61.6546,-2.6125
partial participation,0.75,conditional (adaptive w),r12_s4part05_fixed040_s0,64.3410,-0.4292
partial participation,0.75,conditional (adaptive w),r12_s4part05_fixed040_s1,64.6216,-0.3313
partial participation,0.75,conditional (adaptive w),r12_s4part05_fixed040_s2,63.6417,-0.6254
partial participation,0.75,conditional (fixed w 0.5),r12_s4part05_fixed040_s0,64.3288,-0.4414
partial participation,0.75,conditional (fixed w 0.5),r12_s4part05_fixed040_s1,64.5728,-0.3801
partial participation,0.75,conditional (fixed w 0.5),r12_s4part05_fixed040_s2,63.6294,-0.6376
partial participation,0.75,"conditional (raw edge, adaptive w)",r12_s4part05_fixed040_s0,58.0591,-6.7110
partial participation,0.75,"conditional (raw edge, adaptive w)",r12_s4part05_fixed040_s1,58.1971,-6.7558
partial participation,0.75,"conditional (raw edge, adaptive w)",r12_s4part05_fixed040_s2,57.6241,-6.6429
partial participation,1.0,Device only,r12_s4part05_fixed040_s0,61.4891,-3.4807
partial participation,1.0,Device only,r12_s4part05_fixed040_s1,61.9603,-3.1576
partial participation,1.0,Device only,r12_s4part05_fixed040_s2,61.8107,-2.5579
partial participation,1.0,Raw edge only,r12_s4part05_fixed040_s0,56.7194,-8.2504
partial participation,1.0,Raw edge only,r12_s4part05_fixed040_s1,56.5778,-8.5401
partial participation,1.0,Raw edge only,r12_s4part05_fixed040_s2,56.0350,-8.3337
partial participation,1.0,Probability average,r12_s4part05_fixed040_s0,63.3918,-1.5780
partial participation,1.0,Probability average,r12_s4part05_fixed040_s1,62.6448,-2.4731
partial participation,1.0,Probability average,r12_s4part05_fixed040_s2,61.8818,-2.4868
partial participation,1.0,Logit sum,r12_s4part05_fixed040_s0,63.7759,-1.1938
partial participation,1.0,Logit sum,r12_s4part05_fixed040_s1,62.8914,-2.2265
partial participation,1.0,Logit sum,r12_s4part05_fixed040_s2,62.1518,-2.2169
partial participation,1.0,Correction + fixed w 0.5,r12_s4part05_fixed040_s0,64.9556,-0.0141
partial participation,1.0,Correction + fixed w 0.5,r12_s4part05_fixed040_s1,65.0881,-0.0298
partial participation,1.0,Correction + fixed w 0.5,r12_s4part05_fixed040_s2,64.4917,0.1231
partial participation,1.0,Correction + development w 0.2,r12_s4part05_fixed040_s0,64.2993,-0.6704
partial participation,1.0,Correction + development w 0.2,r12_s4part05_fixed040_s1,64.6665,-0.4514
partial participation,1.0,Correction + development w 0.2,r12_s4part05_fixed040_s2,63.6970,-0.6717
partial participation,1.0,Corrected edge only,r12_s4part05_fixed040_s0,63.6668,-1.3029
partial participation,1.0,Corrected edge only,r12_s4part05_fixed040_s1,64.1880,-0.9299
partial participation,1.0,Corrected edge only,r12_s4part05_fixed040_s2,63.0770,-1.2917
partial participation,1.0,Correction + product,r12_s4part05_fixed040_s0,64.9489,-0.0209
partial participation,1.0,Correction + product,r12_s4part05_fixed040_s1,64.9623,-0.1556
partial participation,1.0,Correction + product,r12_s4part05_fixed040_s2,64.5641,0.1954
partial participation,1.0,Correction + learned weight,r12_s4part05_fixed040_s0,64.6806,-0.2891
partial participation,1.0,Correction + learned weight,r12_s4part05_fixed040_s1,64.6825,-0.4354
partial participation,1.0,Correction + learned weight,r12_s4part05_fixed040_s2,63.9836,-0.3851
partial participation,1.0,DriftGate-P,r12_s4part05_fixed040_s0,64.9698,0.0000
partial participation,1.0,DriftGate-P,r12_s4part05_fixed040_s1,65.1179,0.0000
partial participation,1.0,DriftGate-P,r12_s4part05_fixed040_s2,64.3686,0.0000
partial participation,1.0,No correction + adaptive w,r12_s4part05_fixed040_s0,62.8896,-2.0802
partial participation,1.0,No correction + adaptive w,r12_s4part05_fixed040_s1,62.1452,-2.9727
partial participation,1.0,No correction + adaptive w,r12_s4part05_fixed040_s2,61.1386,-3.2300
partial participation,1.0,conditional (adaptive w),r12_s4part05_fixed040_s0,64.3741,-0.5957
partial participation,1.0,conditional (adaptive w),r12_s4part05_fixed040_s1,64.6274,-0.4905
partial participation,1.0,conditional (adaptive w),r12_s4part05_fixed040_s2,63.5319,-0.8367
partial participation,1.0,conditional (fixed w 0.5),r12_s4part05_fixed040_s0,64.3818,-0.5880
partial participation,1.0,conditional (fixed w 0.5),r12_s4part05_fixed040_s1,64.5845,-0.5334
partial participation,1.0,conditional (fixed w 0.5),r12_s4part05_fixed040_s2,63.5516,-0.8171
partial participation,1.0,"conditional (raw edge, adaptive w)",r12_s4part05_fixed040_s0,56.6205,-8.3492
partial participation,1.0,"conditional (raw edge, adaptive w)",r12_s4part05_fixed040_s1,56.4238,-8.6941
partial participation,1.0,"conditional (raw edge, adaptive w)",r12_s4part05_fixed040_s2,55.9424,-8.4263
stepwise change,0.25,Device only,r12_t1_A_fx40_s0,69.3226,-2.7274
stepwise change,0.25,Device only,r12_t1_A_fx40_s1,68.7090,-2.3418
stepwise change,0.25,Device only,r12_t1_A_fx40_s2,69.0188,-2.0743
stepwise change,0.25,Device only,r12_t1_A_fx40_s3,66.7700,-1.5249
stepwise change,0.25,Device only,r12_t1_A_fx40_s4,70.8175,-2.1770
stepwise change,0.25,Raw edge only,r12_t1_A_fx40_s0,69.6231,-2.4269
stepwise change,0.25,Raw edge only,r12_t1_A_fx40_s1,68.9463,-2.1045
stepwise change,0.25,Raw edge only,r12_t1_A_fx40_s2,69.4865,-1.6066
stepwise change,0.25,Raw edge only,r12_t1_A_fx40_s3,66.4024,-1.8926
stepwise change,0.25,Raw edge only,r12_t1_A_fx40_s4,71.0591,-1.9354
stepwise change,0.25,Probability average,r12_t1_A_fx40_s0,71.6381,-0.4119
stepwise change,0.25,Probability average,r12_t1_A_fx40_s1,70.5751,-0.4758
stepwise change,0.25,Probability average,r12_t1_A_fx40_s2,70.5797,-0.5134
stepwise change,0.25,Probability average,r12_t1_A_fx40_s3,67.9076,-0.3874
stepwise change,0.25,Probability average,r12_t1_A_fx40_s4,72.5935,-0.4010
stepwise change,0.25,Logit sum,r12_t1_A_fx40_s0,71.6243,-0.4257
stepwise change,0.25,Logit sum,r12_t1_A_fx40_s1,70.4881,-0.5628
stepwise change,0.25,Logit sum,r12_t1_A_fx40_s2,70.5986,-0.4945
stepwise change,0.25,Logit sum,r12_t1_A_fx40_s3,67.8979,-0.3971
stepwise change,0.25,Logit sum,r12_t1_A_fx40_s4,72.6660,-0.3285
stepwise change,0.25,Correction + fixed w 0.5,r12_t1_A_fx40_s0,71.9837,-0.0663
stepwise change,0.25,Correction + fixed w 0.5,r12_t1_A_fx40_s1,70.9527,-0.0982
stepwise change,0.25,Correction + fixed w 0.5,r12_t1_A_fx40_s2,71.0419,-0.0512
stepwise change,0.25,Correction + fixed w 0.5,r12_t1_A_fx40_s3,68.2837,-0.0113
stepwise change,0.25,Correction + fixed w 0.5,r12_t1_A_fx40_s4,72.9554,-0.0391
stepwise change,0.25,Correction + development w 0.2,r12_t1_A_fx40_s0,71.9698,-0.0803
stepwise change,0.25,Correction + development w 0.2,r12_t1_A_fx40_s1,71.0500,-0.0009
stepwise change,0.25,Correction + development w 0.2,r12_t1_A_fx40_s2,71.0279,-0.0652
stepwise change,0.25,Correction + development w 0.2,r12_t1_A_fx40_s3,68.0726,-0.2224
stepwise change,0.25,Correction + development w 0.2,r12_t1_A_fx40_s4,72.8572,-0.1373
stepwise change,0.25,Corrected edge only,r12_t1_A_fx40_s0,71.8790,-0.1710
stepwise change,0.25,Corrected edge only,r12_t1_A_fx40_s1,70.9980,-0.0529
stepwise change,0.25,Corrected edge only,r12_t1_A_fx40_s2,70.9641,-0.1290
stepwise change,0.25,Corrected edge only,r12_t1_A_fx40_s3,67.9503,-0.3447
stepwise change,0.25,Corrected edge only,r12_t1_A_fx40_s4,72.7435,-0.2510
stepwise change,0.25,Correction + product,r12_t1_A_fx40_s0,71.8430,-0.2071
stepwise change,0.25,Correction + product,r12_t1_A_fx40_s1,70.7767,-0.2742
stepwise change,0.25,Correction + product,r12_t1_A_fx40_s2,70.9561,-0.1370
stepwise change,0.25,Correction + product,r12_t1_A_fx40_s3,68.2622,-0.0328
stepwise change,0.25,Correction + product,r12_t1_A_fx40_s4,72.9143,-0.0803
stepwise change,0.25,Correction + learned weight,r12_t1_A_fx40_s0,71.8627,-0.1873
stepwise change,0.25,Correction + learned weight,r12_t1_A_fx40_s1,70.8088,-0.2421
stepwise change,0.25,Correction + learned weight,r12_t1_A_fx40_s2,70.8698,-0.2233
stepwise change,0.25,Correction + learned weight,r12_t1_A_fx40_s3,67.9330,-0.3620
stepwise change,0.25,Correction + learned weight,r12_t1_A_fx40_s4,72.7447,-0.2498
stepwise change,0.25,DriftGate-P,r12_t1_A_fx40_s0,72.0500,0.0000
stepwise change,0.25,DriftGate-P,r12_t1_A_fx40_s1,71.0509,0.0000
stepwise change,0.25,DriftGate-P,r12_t1_A_fx40_s2,71.0931,0.0000
stepwise change,0.25,DriftGate-P,r12_t1_A_fx40_s3,68.2950,0.0000
stepwise change,0.25,DriftGate-P,r12_t1_A_fx40_s4,72.9945,0.0000
stepwise change,0.25,No correction + adaptive w,r12_t1_A_fx40_s0,71.6006,-0.4494
stepwise change,0.25,No correction + adaptive w,r12_t1_A_fx40_s1,70.5831,-0.4677
stepwise change,0.25,No correction + adaptive w,r12_t1_A_fx40_s2,70.5394,-0.5537
stepwise change,0.25,No correction + adaptive w,r12_t1_A_fx40_s3,67.8242,-0.4707
stepwise change,0.25,No correction + adaptive w,r12_t1_A_fx40_s4,72.5085,-0.4860
stepwise change,0.25,conditional (adaptive w),r12_t1_A_fx40_s0,72.0400,-0.0100
stepwise change,0.25,conditional (adaptive w),r12_t1_A_fx40_s1,71.0992,0.0484
stepwise change,0.25,conditional (adaptive w),r12_t1_A_fx40_s2,71.0497,-0.0434
stepwise change,0.25,conditional (adaptive w),r12_t1_A_fx40_s3,68.1400,-0.1550
stepwise change,0.25,conditional (adaptive w),r12_t1_A_fx40_s4,72.8895,-0.1050
stepwise change,0.25,conditional (fixed w 0.5),r12_t1_A_fx40_s0,71.9965,-0.0535
stepwise change,0.25,conditional (fixed w 0.5),r12_t1_A_fx40_s1,71.0442,-0.0067
stepwise change,0.25,conditional (fixed w 0.5),r12_t1_A_fx40_s2,71.0010,-0.0921
stepwise change,0.25,conditional (fixed w 0.5),r12_t1_A_fx40_s3,68.1149,-0.1801
stepwise change,0.25,conditional (fixed w 0.5),r12_t1_A_fx40_s4,72.8602,-0.1343
stepwise change,0.25,"conditional (raw edge, adaptive w)",r12_t1_A_fx40_s0,69.3250,-2.7250
stepwise change,0.25,"conditional (raw edge, adaptive w)",r12_t1_A_fx40_s1,68.6882,-2.3627
stepwise change,0.25,"conditional (raw edge, adaptive w)",r12_t1_A_fx40_s2,69.2901,-1.8030
stepwise change,0.25,"conditional (raw edge, adaptive w)",r12_t1_A_fx40_s3,66.2443,-2.0507
stepwise change,0.25,"conditional (raw edge, adaptive w)",r12_t1_A_fx40_s4,70.8407,-2.1538
stepwise change,0.5,Device only,r12_t1_A_fx40_s0,69.3226,-3.8913
stepwise change,0.5,Device only,r12_t1_A_fx40_s1,68.7090,-3.2291
stepwise change,0.5,Device only,r12_t1_A_fx40_s2,69.0188,-2.7695
stepwise change,0.5,Device only,r12_t1_A_fx40_s3,66.7700,-2.1385
stepwise change,0.5,Device only,r12_t1_A_fx40_s4,70.8175,-3.3031
stepwise change,0.5,Raw edge only,r12_t1_A_fx40_s0,68.6284,-4.5855
stepwise change,0.5,Raw edge only,r12_t1_A_fx40_s1,67.8663,-4.0719
stepwise change,0.5,Raw edge only,r12_t1_A_fx40_s2,68.4344,-3.3540
stepwise change,0.5,Raw edge only,r12_t1_A_fx40_s3,65.1314,-3.7771
stepwise change,0.5,Raw edge only,r12_t1_A_fx40_s4,70.5759,-3.5447
stepwise change,0.5,Probability average,r12_t1_A_fx40_s0,72.6172,-0.5967
stepwise change,0.5,Probability average,r12_t1_A_fx40_s1,71.1160,-0.8221
stepwise change,0.5,Probability average,r12_t1_A_fx40_s2,70.9734,-0.8149
stepwise change,0.5,Probability average,r12_t1_A_fx40_s3,68.1879,-0.7207
stepwise change,0.5,Probability average,r12_t1_A_fx40_s4,73.6131,-0.5076
stepwise change,0.5,Logit sum,r12_t1_A_fx40_s0,72.6008,-0.6131
stepwise change,0.5,Logit sum,r12_t1_A_fx40_s1,70.9553,-0.9828
stepwise change,0.5,Logit sum,r12_t1_A_fx40_s2,71.0296,-0.7588
stepwise change,0.5,Logit sum,r12_t1_A_fx40_s3,68.1425,-0.7660
stepwise change,0.5,Logit sum,r12_t1_A_fx40_s4,73.6805,-0.4401
stepwise change,0.5,Correction + fixed w 0.5,r12_t1_A_fx40_s0,73.0723,-0.1416
stepwise change,0.5,Correction + fixed w 0.5,r12_t1_A_fx40_s1,71.7555,-0.1826
stepwise change,0.5,Correction + fixed w 0.5,r12_t1_A_fx40_s2,71.7106,-0.0778
stepwise change,0.5,Correction + fixed w 0.5,r12_t1_A_fx40_s3,68.8884,-0.0202
stepwise change,0.5,Correction + fixed w 0.5,r12_t1_A_fx40_s4,73.9955,-0.1252
stepwise change,0.5,Correction + development w 0.2,r12_t1_A_fx40_s0,73.0205,-0.1934
stepwise change,0.5,Correction + development w 0.2,r12_t1_A_fx40_s1,71.8775,-0.0606
stepwise change,0.5,Correction + development w 0.2,r12_t1_A_fx40_s2,71.6078,-0.1806
stepwise change,0.5,Correction + development w 0.2,r12_t1_A_fx40_s3,68.4042,-0.5044
stepwise change,0.5,Correction + development w 0.2,r12_t1_A_fx40_s4,73.9086,-0.2120
stepwise change,0.5,Corrected edge only,r12_t1_A_fx40_s0,72.8015,-0.4124
stepwise change,0.5,Corrected edge only,r12_t1_A_fx40_s1,71.7628,-0.1753
stepwise change,0.5,Corrected edge only,r12_t1_A_fx40_s2,71.4255,-0.3629
stepwise change,0.5,Corrected edge only,r12_t1_A_fx40_s3,68.1546,-0.7540
stepwise change,0.5,Corrected edge only,r12_t1_A_fx40_s4,73.6810,-0.4397
stepwise change,0.5,Correction + product,r12_t1_A_fx40_s0,72.8741,-0.3398
stepwise change,0.5,Correction + product,r12_t1_A_fx40_s1,71.4891,-0.4490
stepwise change,0.5,Correction + product,r12_t1_A_fx40_s2,71.6254,-0.1630
stepwise change,0.5,Correction + product,r12_t1_A_fx40_s3,68.8540,-0.0546
stepwise change,0.5,Correction + product,r12_t1_A_fx40_s4,73.9138,-0.2069
stepwise change,0.5,Correction + learned weight,r12_t1_A_fx40_s0,72.7952,-0.4187
stepwise change,0.5,Correction + learned weight,r12_t1_A_fx40_s1,71.4223,-0.5159
stepwise change,0.5,Correction + learned weight,r12_t1_A_fx40_s2,71.4128,-0.3755
stepwise change,0.5,Correction + learned weight,r12_t1_A_fx40_s3,68.1417,-0.7669
stepwise change,0.5,Correction + learned weight,r12_t1_A_fx40_s4,73.6613,-0.4594
stepwise change,0.5,DriftGate-P,r12_t1_A_fx40_s0,73.2139,0.0000
stepwise change,0.5,DriftGate-P,r12_t1_A_fx40_s1,71.9382,0.0000
stepwise change,0.5,DriftGate-P,r12_t1_A_fx40_s2,71.7883,0.0000
stepwise change,0.5,DriftGate-P,r12_t1_A_fx40_s3,68.9086,0.0000
stepwise change,0.5,DriftGate-P,r12_t1_A_fx40_s4,74.1207,0.0000
stepwise change,0.5,No correction + adaptive w,r12_t1_A_fx40_s0,72.5588,-0.6551
stepwise change,0.5,No correction + adaptive w,r12_t1_A_fx40_s1,71.1409,-0.7972
stepwise change,0.5,No correction + adaptive w,r12_t1_A_fx40_s2,70.8481,-0.9403
stepwise change,0.5,No correction + adaptive w,r12_t1_A_fx40_s3,68.0230,-0.8856
stepwise change,0.5,No correction + adaptive w,r12_t1_A_fx40_s4,73.5245,-0.5962
stepwise change,0.5,conditional (adaptive w),r12_t1_A_fx40_s0,73.1195,-0.0944
stepwise change,0.5,conditional (adaptive w),r12_t1_A_fx40_s1,71.9635,0.0253
stepwise change,0.5,conditional (adaptive w),r12_t1_A_fx40_s2,71.6983,-0.0900
stepwise change,0.5,conditional (adaptive w),r12_t1_A_fx40_s3,68.5421,-0.3665
stepwise change,0.5,conditional (adaptive w),r12_t1_A_fx40_s4,74.0426,-0.0781
stepwise change,0.5,conditional (fixed w 0.5),r12_t1_A_fx40_s0,73.0355,-0.1784
stepwise change,0.5,conditional (fixed w 0.5),r12_t1_A_fx40_s1,71.8609,-0.0773
stepwise change,0.5,conditional (fixed w 0.5),r12_t1_A_fx40_s2,71.6285,-0.1598
stepwise change,0.5,conditional (fixed w 0.5),r12_t1_A_fx40_s3,68.4837,-0.4249
stepwise change,0.5,conditional (fixed w 0.5),r12_t1_A_fx40_s4,73.9763,-0.1444
stepwise change,0.5,"conditional (raw edge, adaptive w)",r12_t1_A_fx40_s0,68.2877,-4.9262
stepwise change,0.5,"conditional (raw edge, adaptive w)",r12_t1_A_fx40_s1,67.5019,-4.4362
stepwise change,0.5,"conditional (raw edge, adaptive w)",r12_t1_A_fx40_s2,68.2442,-3.5441
stepwise change,0.5,"conditional (raw edge, adaptive w)",r12_t1_A_fx40_s3,64.9214,-3.9872
stepwise change,0.5,"conditional (raw edge, adaptive w)",r12_t1_A_fx40_s4,70.3209,-3.7998
stepwise change,0.75,Device only,r12_t1_A_fx40_s0,69.3226,-4.4181
stepwise change,0.75,Device only,r12_t1_A_fx40_s1,68.7090,-3.4615
stepwise change,0.75,Device only,r12_t1_A_fx40_s2,69.0188,-2.9508
stepwise change,0.75,Device only,r12_t1_A_fx40_s3,66.7700,-2.2659
stepwise change,0.75,Device only,r12_t1_A_fx40_s4,70.8175,-3.7613
stepwise change,0.75,Raw edge only,r12_t1_A_fx40_s0,67.1206,-6.6201
stepwise change,0.75,Raw edge only,r12_t1_A_fx40_s1,66.2486,-5.9220
stepwise change,0.75,Raw edge only,r12_t1_A_fx40_s2,66.7854,-5.1842
stepwise change,0.75,Raw edge only,r12_t1_A_fx40_s3,63.7037,-5.3323
stepwise change,0.75,Raw edge only,r12_t1_A_fx40_s4,69.4867,-5.0922
stepwise change,0.75,Probability average,r12_t1_A_fx40_s0,73.0320,-0.7087
stepwise change,0.75,Probability average,r12_t1_A_fx40_s1,71.0915,-1.0790
stepwise change,0.75,Probability average,r12_t1_A_fx40_s2,70.9646,-1.0051
stepwise change,0.75,Probability average,r12_t1_A_fx40_s3,68.1752,-0.8607
stepwise change,0.75,Probability average,r12_t1_A_fx40_s4,74.0300,-0.5489
stepwise change,0.75,Logit sum,r12_t1_A_fx40_s0,73.0167,-0.7240
stepwise change,0.75,Logit sum,r12_t1_A_fx40_s1,70.9026,-1.2680
stepwise change,0.75,Logit sum,r12_t1_A_fx40_s2,71.0264,-0.9433
stepwise change,0.75,Logit sum,r12_t1_A_fx40_s3,68.0896,-0.9464
stepwise change,0.75,Logit sum,r12_t1_A_fx40_s4,74.0741,-0.5048
stepwise change,0.75,Correction + fixed w 0.5,r12_t1_A_fx40_s0,73.5611,-0.1796
stepwise change,0.75,Correction + fixed w 0.5,r12_t1_A_fx40_s1,71.9667,-0.2038
stepwise change,0.75,Correction + fixed w 0.5,r12_t1_A_fx40_s2,71.8812,-0.0885
stepwise change,0.75,Correction + fixed w 0.5,r12_t1_A_fx40_s3,69.0245,-0.0114
stepwise change,0.75,Correction + fixed w 0.5,r12_t1_A_fx40_s4,74.4025,-0.1763
stepwise change,0.75,Correction + development w 0.2,r12_t1_A_fx40_s0,73.4159,-0.3248
stepwise change,0.75,Correction + development w 0.2,r12_t1_A_fx40_s1,71.9611,-0.2095
stepwise change,0.75,Correction + development w 0.2,r12_t1_A_fx40_s2,71.6209,-0.3487
stepwise change,0.75,Correction + development w 0.2,r12_t1_A_fx40_s3,68.2561,-0.7798
stepwise change,0.75,Correction + development w 0.2,r12_t1_A_fx40_s4,74.2221,-0.3568
stepwise change,0.75,Corrected edge only,r12_t1_A_fx40_s0,73.0387,-0.7020
stepwise change,0.75,Corrected edge only,r12_t1_A_fx40_s1,71.7315,-0.4391
stepwise change,0.75,Corrected edge only,r12_t1_A_fx40_s2,71.2474,-0.7222
stepwise change,0.75,Corrected edge only,r12_t1_A_fx40_s3,67.9008,-1.1351
stepwise change,0.75,Corrected edge only,r12_t1_A_fx40_s4,73.8081,-0.7707
stepwise change,0.75,Correction + product,r12_t1_A_fx40_s0,73.3635,-0.3772
stepwise change,0.75,Correction + product,r12_t1_A_fx40_s1,71.6869,-0.4837
stepwise change,0.75,Correction + product,r12_t1_A_fx40_s2,71.8167,-0.1529
stepwise change,0.75,Correction + product,r12_t1_A_fx40_s3,68.9834,-0.0525
stepwise change,0.75,Correction + product,r12_t1_A_fx40_s4,74.3189,-0.2599
stepwise change,0.75,Correction + learned weight,r12_t1_A_fx40_s0,73.2497,-0.4910
stepwise change,0.75,Correction + learned weight,r12_t1_A_fx40_s1,71.5175,-0.6531
stepwise change,0.75,Correction + learned weight,r12_t1_A_fx40_s2,71.5198,-0.4499
stepwise change,0.75,Correction + learned weight,r12_t1_A_fx40_s3,68.0424,-0.9935
stepwise change,0.75,Correction + learned weight,r12_t1_A_fx40_s4,74.0002,-0.5786
stepwise change,0.75,DriftGate-P,r12_t1_A_fx40_s0,73.7407,0.0000
stepwise change,0.75,DriftGate-P,r12_t1_A_fx40_s1,72.1706,0.0000
stepwise change,0.75,DriftGate-P,r12_t1_A_fx40_s2,71.9697,0.0000
stepwise change,0.75,DriftGate-P,r12_t1_A_fx40_s3,69.0359,0.0000
stepwise change,0.75,DriftGate-P,r12_t1_A_fx40_s4,74.5788,0.0000
stepwise change,0.75,No correction + adaptive w,r12_t1_A_fx40_s0,72.9189,-0.8218
stepwise change,0.75,No correction + adaptive w,r12_t1_A_fx40_s1,71.0617,-1.1089
stepwise change,0.75,No correction + adaptive w,r12_t1_A_fx40_s2,70.7486,-1.2211
stepwise change,0.75,No correction + adaptive w,r12_t1_A_fx40_s3,67.9352,-1.1007
stepwise change,0.75,No correction + adaptive w,r12_t1_A_fx40_s4,73.9398,-0.6391
stepwise change,0.75,conditional (adaptive w),r12_t1_A_fx40_s0,73.5965,-0.1442
stepwise change,0.75,conditional (adaptive w),r12_t1_A_fx40_s1,72.1615,-0.0091
stepwise change,0.75,conditional (adaptive w),r12_t1_A_fx40_s2,71.8002,-0.1694
stepwise change,0.75,conditional (adaptive w),r12_t1_A_fx40_s3,68.5839,-0.4521
stepwise change,0.75,conditional (adaptive w),r12_t1_A_fx40_s4,74.5041,-0.0748
stepwise change,0.75,conditional (fixed w 0.5),r12_t1_A_fx40_s0,73.5025,-0.2382
stepwise change,0.75,conditional (fixed w 0.5),r12_t1_A_fx40_s1,72.0591,-0.1115
stepwise change,0.75,conditional (fixed w 0.5),r12_t1_A_fx40_s2,71.7276,-0.2421
stepwise change,0.75,conditional (fixed w 0.5),r12_t1_A_fx40_s3,68.5137,-0.5222
stepwise change,0.75,conditional (fixed w 0.5),r12_t1_A_fx40_s4,74.4253,-0.1536
stepwise change,0.75,"conditional (raw edge, adaptive w)",r12_t1_A_fx40_s0,66.9716,-6.7691
stepwise change,0.75,"conditional (raw edge, adaptive w)",r12_t1_A_fx40_s1,66.0051,-6.1655
stepwise change,0.75,"conditional (raw edge, adaptive w)",r12_t1_A_fx40_s2,66.7242,-5.2454
stepwise change,0.75,"conditional (raw edge, adaptive w)",r12_t1_A_fx40_s3,63.5806,-5.4553
stepwise change,0.75,"conditional (raw edge, adaptive w)",r12_t1_A_fx40_s4,69.3570,-5.2218
stepwise change,1.0,Device only,r12_t1_A_fx40_s0,69.3226,-4.6517
stepwise change,1.0,Device only,r12_t1_A_fx40_s1,68.7090,-3.4703
stepwise change,1.0,Device only,r12_t1_A_fx40_s2,69.0188,-2.9418
stepwise change,1.0,Device only,r12_t1_A_fx40_s3,66.7700,-2.2397
stepwise change,1.0,Device only,r12_t1_A_fx40_s4,70.8175,-3.8403
stepwise change,1.0,Raw edge only,r12_t1_A_fx40_s0,65.6381,-8.3362
stepwise change,1.0,Raw edge only,r12_t1_A_fx40_s1,64.6624,-7.5169
stepwise change,1.0,Raw edge only,r12_t1_A_fx40_s2,65.1584,-6.8022
stepwise change,1.0,Raw edge only,r12_t1_A_fx40_s3,62.3739,-6.6359
stepwise change,1.0,Raw edge only,r12_t1_A_fx40_s4,68.1880,-6.4699
stepwise change,1.0,Probability average,r12_t1_A_fx40_s0,73.2114,-0.7629
stepwise change,1.0,Probability average,r12_t1_A_fx40_s1,70.9442,-1.2351
stepwise change,1.0,Probability average,r12_t1_A_fx40_s2,70.8493,-1.1114
stepwise change,1.0,Probability average,r12_t1_A_fx40_s3,68.1221,-0.8876
stepwise change,1.0,Probability average,r12_t1_A_fx40_s4,74.0550,-0.6028
stepwise change,1.0,Logit sum,r12_t1_A_fx40_s0,73.1811,-0.7933
stepwise change,1.0,Logit sum,r12_t1_A_fx40_s1,70.7594,-1.4199
stepwise change,1.0,Logit sum,r12_t1_A_fx40_s2,70.8891,-1.0715
stepwise change,1.0,Logit sum,r12_t1_A_fx40_s3,68.0202,-0.9896
stepwise change,1.0,Logit sum,r12_t1_A_fx40_s4,74.0822,-0.5757
stepwise change,1.0,Correction + fixed w 0.5,r12_t1_A_fx40_s0,73.7617,-0.2126
stepwise change,1.0,Correction + fixed w 0.5,r12_t1_A_fx40_s1,71.9800,-0.1993
stepwise change,1.0,Correction + fixed w 0.5,r12_t1_A_fx40_s2,71.8688,-0.0918
stepwise change,1.0,Correction + fixed w 0.5,r12_t1_A_fx40_s3,69.0088,-0.0010
stepwise change,1.0,Correction + fixed w 0.5,r12_t1_A_fx40_s4,74.4531,-0.2048
stepwise change,1.0,Correction + development w 0.2,r12_t1_A_fx40_s0,73.5221,-0.4522
stepwise change,1.0,Correction + development w 0.2,r12_t1_A_fx40_s1,71.8347,-0.3447
stepwise change,1.0,Correction + development w 0.2,r12_t1_A_fx40_s2,71.4218,-0.5388
stepwise change,1.0,Correction + development w 0.2,r12_t1_A_fx40_s3,67.9808,-1.0290
stepwise change,1.0,Correction + development w 0.2,r12_t1_A_fx40_s4,74.1353,-0.5226
stepwise change,1.0,Corrected edge only,r12_t1_A_fx40_s0,72.9551,-1.0192
stepwise change,1.0,Corrected edge only,r12_t1_A_fx40_s1,71.4612,-0.7181
stepwise change,1.0,Corrected edge only,r12_t1_A_fx40_s2,70.8074,-1.1532
stepwise change,1.0,Corrected edge only,r12_t1_A_fx40_s3,67.4605,-1.5493
stepwise change,1.0,Corrected edge only,r12_t1_A_fx40_s4,73.5081,-1.1498
stepwise change,1.0,Correction + product,r12_t1_A_fx40_s0,73.5613,-0.4130
stepwise change,1.0,Correction + product,r12_t1_A_fx40_s1,71.7027,-0.4766
stepwise change,1.0,Correction + product,r12_t1_A_fx40_s2,71.8159,-0.1448
stepwise change,1.0,Correction + product,r12_t1_A_fx40_s3,68.9607,-0.0490
stepwise change,1.0,Correction + product,r12_t1_A_fx40_s4,74.3711,-0.2868
stepwise change,1.0,Correction + learned weight,r12_t1_A_fx40_s0,73.4635,-0.5108
stepwise change,1.0,Correction + learned weight,r12_t1_A_fx40_s1,71.4970,-0.6823
stepwise change,1.0,Correction + learned weight,r12_t1_A_fx40_s2,71.4562,-0.5044
stepwise change,1.0,Correction + learned weight,r12_t1_A_fx40_s3,67.9434,-1.0663
stepwise change,1.0,Correction + learned weight,r12_t1_A_fx40_s4,74.0209,-0.6370
stepwise change,1.0,DriftGate-P,r12_t1_A_fx40_s0,73.9743,0.0000
stepwise change,1.0,DriftGate-P,r12_t1_A_fx40_s1,72.1793,0.0000
stepwise change,1.0,DriftGate-P,r12_t1_A_fx40_s2,71.9606,0.0000
stepwise change,1.0,DriftGate-P,r12_t1_A_fx40_s3,69.0098,0.0000
stepwise change,1.0,DriftGate-P,r12_t1_A_fx40_s4,74.6579,0.0000
stepwise change,1.0,No correction + adaptive w,r12_t1_A_fx40_s0,73.0650,-0.9093
stepwise change,1.0,No correction + adaptive w,r12_t1_A_fx40_s1,70.8529,-1.3264
stepwise change,1.0,No correction + adaptive w,r12_t1_A_fx40_s2,70.5676,-1.3930
stepwise change,1.0,No correction + adaptive w,r12_t1_A_fx40_s3,67.8121,-1.1976
stepwise change,1.0,No correction + adaptive w,r12_t1_A_fx40_s4,73.9664,-0.6915
stepwise change,1.0,conditional (adaptive w),r12_t1_A_fx40_s0,73.7827,-0.1917
stepwise change,1.0,conditional (adaptive w),r12_t1_A_fx40_s1,72.1537,-0.0256
stepwise change,1.0,conditional (adaptive w),r12_t1_A_fx40_s2,71.6146,-0.3460
stepwise change,1.0,conditional (adaptive w),r12_t1_A_fx40_s3,68.5354,-0.4743
stepwise change,1.0,conditional (adaptive w),r12_t1_A_fx40_s4,74.5188,-0.1390
stepwise change,1.0,conditional (fixed w 0.5),r12_t1_A_fx40_s0,73.6946,-0.2798
stepwise change,1.0,conditional (fixed w 0.5),r12_t1_A_fx40_s1,72.0625,-0.1168
stepwise change,1.0,conditional (fixed w 0.5),r12_t1_A_fx40_s2,71.5516,-0.4090
stepwise change,1.0,conditional (fixed w 0.5),r12_t1_A_fx40_s3,68.4669,-0.5429
stepwise change,1.0,conditional (fixed w 0.5),r12_t1_A_fx40_s4,74.4432,-0.2146
stepwise change,1.0,"conditional (raw edge, adaptive w)",r12_t1_A_fx40_s0,65.9064,-8.0680
stepwise change,1.0,"conditional (raw edge, adaptive w)",r12_t1_A_fx40_s1,64.6938,-7.4855
stepwise change,1.0,"conditional (raw edge, adaptive w)",r12_t1_A_fx40_s2,65.2825,-6.6781
stepwise change,1.0,"conditional (raw edge, adaptive w)",r12_t1_A_fx40_s3,62.5130,-6.4968
stepwise change,1.0,"conditional (raw edge, adaptive w)",r12_t1_A_fx40_s4,68.2768,-6.3811
random mobility,0.25,Device only,r12_t1_mob_fx40_s0,67.9949,-2.1102
random mobility,0.25,Device only,r12_t1_mob_fx40_s1,68.0425,-2.1758
random mobility,0.25,Device only,r12_t1_mob_fx40_s2,67.0826,-2.0594
random mobility,0.25,Raw edge only,r12_t1_mob_fx40_s0,66.2429,-3.8621
random mobility,0.25,Raw edge only,r12_t1_mob_fx40_s1,66.5940,-3.6242
random mobility,0.25,Raw edge only,r12_t1_mob_fx40_s2,66.1852,-2.9568
random mobility,0.25,Probability average,r12_t1_mob_fx40_s0,69.3405,-0.7645
random mobility,0.25,Probability average,r12_t1_mob_fx40_s1,69.4081,-0.8101
random mobility,0.25,Probability average,r12_t1_mob_fx40_s2,68.6571,-0.4849
random mobility,0.25,Logit sum,r12_t1_mob_fx40_s0,69.2582,-0.8468
random mobility,0.25,Logit sum,r12_t1_mob_fx40_s1,69.2796,-0.9387
random mobility,0.25,Logit sum,r12_t1_mob_fx40_s2,68.5915,-0.5505
random mobility,0.25,Correction + fixed w 0.5,r12_t1_mob_fx40_s0,70.0414,-0.0636
random mobility,0.25,Correction + fixed w 0.5,r12_t1_mob_fx40_s1,70.1502,-0.0681
random mobility,0.25,Correction + fixed w 0.5,r12_t1_mob_fx40_s2,69.0897,-0.0523
random mobility,0.25,Correction + development w 0.2,r12_t1_mob_fx40_s0,69.9343,-0.1707
random mobility,0.25,Correction + development w 0.2,r12_t1_mob_fx40_s1,70.1674,-0.0508
random mobility,0.25,Correction + development w 0.2,r12_t1_mob_fx40_s2,69.0705,-0.0714
random mobility,0.25,Corrected edge only,r12_t1_mob_fx40_s0,69.8036,-0.3014
random mobility,0.25,Corrected edge only,r12_t1_mob_fx40_s1,70.0964,-0.1219
random mobility,0.25,Corrected edge only,r12_t1_mob_fx40_s2,68.9694,-0.1726
random mobility,0.25,Correction + product,r12_t1_mob_fx40_s0,69.9469,-0.1581
random mobility,0.25,Correction + product,r12_t1_mob_fx40_s1,69.9969,-0.2213
random mobility,0.25,Correction + product,r12_t1_mob_fx40_s2,69.0028,-0.1392
random mobility,0.25,Correction + learned weight,r12_t1_mob_fx40_s0,69.9631,-0.1419
random mobility,0.25,Correction + learned weight,r12_t1_mob_fx40_s1,70.0461,-0.1721
random mobility,0.25,Correction + learned weight,r12_t1_mob_fx40_s2,69.0236,-0.1184
random mobility,0.25,DriftGate-P,r12_t1_mob_fx40_s0,70.1050,0.0000
random mobility,0.25,DriftGate-P,r12_t1_mob_fx40_s1,70.2182,0.0000
random mobility,0.25,DriftGate-P,r12_t1_mob_fx40_s2,69.1420,0.0000
random mobility,0.25,No correction + adaptive w,r12_t1_mob_fx40_s0,69.2990,-0.8060
random mobility,0.25,No correction + adaptive w,r12_t1_mob_fx40_s1,69.3968,-0.8214
random mobility,0.25,No correction + adaptive w,r12_t1_mob_fx40_s2,68.6231,-0.5189
random mobility,0.25,conditional (adaptive w),r12_t1_mob_fx40_s0,70.1030,-0.0020
random mobility,0.25,conditional (adaptive w),r12_t1_mob_fx40_s1,70.2295,0.0113
random mobility,0.25,conditional (adaptive w),r12_t1_mob_fx40_s2,69.1430,0.0010
random mobility,0.25,conditional (fixed w 0.5),r12_t1_mob_fx40_s0,70.0864,-0.0186
random mobility,0.25,conditional (fixed w 0.5),r12_t1_mob_fx40_s1,70.2023,-0.0159
random mobility,0.25,conditional (fixed w 0.5),r12_t1_mob_fx40_s2,69.1211,-0.0209
random mobility,0.25,"conditional (raw edge, adaptive w)",r12_t1_mob_fx40_s0,65.9153,-4.1897
random mobility,0.25,"conditional (raw edge, adaptive w)",r12_t1_mob_fx40_s1,66.1765,-4.0417
random mobility,0.25,"conditional (raw edge, adaptive w)",r12_t1_mob_fx40_s2,65.8145,-3.3274
random mobility,0.5,Device only,r12_t1_mob_fx40_s0,67.9949,-3.1788
random mobility,0.5,Device only,r12_t1_mob_fx40_s1,68.0425,-2.9615
random mobility,0.5,Device only,r12_t1_mob_fx40_s2,67.0826,-2.7888
random mobility,0.5,Raw edge only,r12_t1_mob_fx40_s0,63.7838,-7.3899
random mobility,0.5,Raw edge only,r12_t1_mob_fx40_s1,64.1123,-6.8917
random mobility,0.5,Raw edge only,r12_t1_mob_fx40_s2,63.7760,-6.0954
random mobility,0.5,Probability average,r12_t1_mob_fx40_s0,69.9673,-1.2064
random mobility,0.5,Probability average,r12_t1_mob_fx40_s1,69.7210,-1.2830
random mobility,0.5,Probability average,r12_t1_mob_fx40_s2,69.1750,-0.6964
random mobility,0.5,Logit sum,r12_t1_mob_fx40_s0,69.8277,-1.3460
random mobility,0.5,Logit sum,r12_t1_mob_fx40_s1,69.4682,-1.5358
random mobility,0.5,Logit sum,r12_t1_mob_fx40_s2,68.9969,-0.8744
random mobility,0.5,Correction + fixed w 0.5,r12_t1_mob_fx40_s0,71.0379,-0.1358
random mobility,0.5,Correction + fixed w 0.5,r12_t1_mob_fx40_s1,70.8805,-0.1235
random mobility,0.5,Correction + fixed w 0.5,r12_t1_mob_fx40_s2,69.7733,-0.0980
random mobility,0.5,Correction + development w 0.2,r12_t1_mob_fx40_s0,70.8381,-0.3355
random mobility,0.5,Correction + development w 0.2,r12_t1_mob_fx40_s1,70.8069,-0.1971
random mobility,0.5,Correction + development w 0.2,r12_t1_mob_fx40_s2,69.7051,-0.1663
random mobility,0.5,Corrected edge only,r12_t1_mob_fx40_s0,70.5477,-0.6260
random mobility,0.5,Corrected edge only,r12_t1_mob_fx40_s1,70.6581,-0.3459
random mobility,0.5,Corrected edge only,r12_t1_mob_fx40_s2,69.4743,-0.3970
random mobility,0.5,Correction + product,r12_t1_mob_fx40_s0,70.8948,-0.2789
random mobility,0.5,Correction + product,r12_t1_mob_fx40_s1,70.6432,-0.3608
random mobility,0.5,Correction + product,r12_t1_mob_fx40_s2,69.6736,-0.1977
random mobility,0.5,Correction + learned weight,r12_t1_mob_fx40_s0,70.8457,-0.3280
random mobility,0.5,Correction + learned weight,r12_t1_mob_fx40_s1,70.5716,-0.4324
random mobility,0.5,Correction + learned weight,r12_t1_mob_fx40_s2,69.6575,-0.2139
random mobility,0.5,DriftGate-P,r12_t1_mob_fx40_s0,71.1737,0.0000
random mobility,0.5,DriftGate-P,r12_t1_mob_fx40_s1,71.0040,0.0000
random mobility,0.5,DriftGate-P,r12_t1_mob_fx40_s2,69.8713,0.0000
random mobility,0.5,No correction + adaptive w,r12_t1_mob_fx40_s0,69.8766,-1.2971
random mobility,0.5,No correction + adaptive w,r12_t1_mob_fx40_s1,69.6932,-1.3107
random mobility,0.5,No correction + adaptive w,r12_t1_mob_fx40_s2,69.1037,-0.7676
random mobility,0.5,conditional (adaptive w),r12_t1_mob_fx40_s0,71.1302,-0.0434
random mobility,0.5,conditional (adaptive w),r12_t1_mob_fx40_s1,70.9841,-0.0199
random mobility,0.5,conditional (adaptive w),r12_t1_mob_fx40_s2,69.9421,0.0708
random mobility,0.5,conditional (fixed w 0.5),r12_t1_mob_fx40_s0,71.0964,-0.0773
random mobility,0.5,conditional (fixed w 0.5),r12_t1_mob_fx40_s1,70.9341,-0.0698
random mobility,0.5,conditional (fixed w 0.5),r12_t1_mob_fx40_s2,69.9189,0.0476
random mobility,0.5,"conditional (raw edge, adaptive w)",r12_t1_mob_fx40_s0,63.4244,-7.7492
random mobility,0.5,"conditional (raw edge, adaptive w)",r12_t1_mob_fx40_s1,63.6005,-7.4034
random mobility,0.5,"conditional (raw edge, adaptive w)",r12_t1_mob_fx40_s2,63.3831,-6.4882
random mobility,0.75,Device only,r12_t1_mob_fx40_s0,67.9949,-3.6912
random mobility,0.75,Device only,r12_t1_mob_fx40_s1,68.0425,-3.1634
random mobility,0.75,Device only,r12_t1_mob_fx40_s2,67.0826,-3.0487
random mobility,0.75,Raw edge only,r12_t1_mob_fx40_s0,60.9495,-10.7366
random mobility,0.75,Raw edge only,r12_t1_mob_fx40_s1,61.4202,-9.7857
random mobility,0.75,Raw edge only,r12_t1_mob_fx40_s2,60.9798,-9.1515
random mobility,0.75,Probability average,r12_t1_mob_fx40_s0,70.1219,-1.5642
random mobility,0.75,Probability average,r12_t1_mob_fx40_s1,69.5755,-1.6303
random mobility,0.75,Probability average,r12_t1_mob_fx40_s2,69.3474,-0.7840
random mobility,0.75,Logit sum,r12_t1_mob_fx40_s0,69.9119,-1.7741
random mobility,0.75,Logit sum,r12_t1_mob_fx40_s1,69.2821,-1.9238
random mobility,0.75,Logit sum,r12_t1_mob_fx40_s2,68.9996,-1.1317
random mobility,0.75,Correction + fixed w 0.5,r12_t1_mob_fx40_s0,71.5080,-0.1780
random mobility,0.75,Correction + fixed w 0.5,r12_t1_mob_fx40_s1,71.0864,-0.1195
random mobility,0.75,Correction + fixed w 0.5,r12_t1_mob_fx40_s2,70.0190,-0.1123
random mobility,0.75,Correction + development w 0.2,r12_t1_mob_fx40_s0,71.1944,-0.4916
random mobility,0.75,Correction + development w 0.2,r12_t1_mob_fx40_s1,70.7983,-0.4075
random mobility,0.75,Correction + development w 0.2,r12_t1_mob_fx40_s2,69.8117,-0.3196
random mobility,0.75,Corrected edge only,r12_t1_mob_fx40_s0,70.7127,-0.9733
random mobility,0.75,Corrected edge only,r12_t1_mob_fx40_s1,70.5224,-0.6835
random mobility,0.75,Corrected edge only,r12_t1_mob_fx40_s2,69.3885,-0.7428
random mobility,0.75,Correction + product,r12_t1_mob_fx40_s0,71.3451,-0.3410
random mobility,0.75,Correction + product,r12_t1_mob_fx40_s1,70.8210,-0.3849
random mobility,0.75,Correction + product,r12_t1_mob_fx40_s2,69.9326,-0.1987
random mobility,0.75,Correction + learned weight,r12_t1_mob_fx40_s0,71.2822,-0.4038
random mobility,0.75,Correction + learned weight,r12_t1_mob_fx40_s1,70.6259,-0.5800
random mobility,0.75,Correction + learned weight,r12_t1_mob_fx40_s2,69.8725,-0.2588
random mobility,0.75,DriftGate-P,r12_t1_mob_fx40_s0,71.6860,0.0000
random mobility,0.75,DriftGate-P,r12_t1_mob_fx40_s1,71.2059,0.0000
random mobility,0.75,DriftGate-P,r12_t1_mob_fx40_s2,70.1313,0.0000
random mobility,0.75,No correction + adaptive w,r12_t1_mob_fx40_s0,69.9361,-1.7500
random mobility,0.75,No correction + adaptive w,r12_t1_mob_fx40_s1,69.4800,-1.7258
random mobility,0.75,No correction + adaptive w,r12_t1_mob_fx40_s2,69.2027,-0.9286
random mobility,0.75,conditional (adaptive w),r12_t1_mob_fx40_s0,71.6150,-0.0710
random mobility,0.75,conditional (adaptive w),r12_t1_mob_fx40_s1,71.1677,-0.0382
random mobility,0.75,conditional (adaptive w),r12_t1_mob_fx40_s2,70.2545,0.1232
random mobility,0.75,conditional (fixed w 0.5),r12_t1_mob_fx40_s0,71.5752,-0.1109
random mobility,0.75,conditional (fixed w 0.5),r12_t1_mob_fx40_s1,71.1224,-0.0834
random mobility,0.75,conditional (fixed w 0.5),r12_t1_mob_fx40_s2,70.2470,0.1156
random mobility,0.75,"conditional (raw edge, adaptive w)",r12_t1_mob_fx40_s0,60.8179,-10.8681
random mobility,0.75,"conditional (raw edge, adaptive w)",r12_t1_mob_fx40_s1,61.0979,-10.1079
random mobility,0.75,"conditional (raw edge, adaptive w)",r12_t1_mob_fx40_s2,60.7267,-9.4046
random mobility,1.0,Device only,r12_t1_mob_fx40_s0,67.9949,-3.8985
random mobility,1.0,Device only,r12_t1_mob_fx40_s1,68.0425,-3.1627
random mobility,1.0,Device only,r12_t1_mob_fx40_s2,67.0826,-3.1001
random mobility,1.0,Raw edge only,r12_t1_mob_fx40_s0,58.2106,-13.6828
random mobility,1.0,Raw edge only,r12_t1_mob_fx40_s1,59.0494,-12.1557
random mobility,1.0,Raw edge only,r12_t1_mob_fx40_s2,58.5728,-11.6099
random mobility,1.0,Probability average,r12_t1_mob_fx40_s0,70.0930,-1.8004
random mobility,1.0,Probability average,r12_t1_mob_fx40_s1,69.3553,-1.8499
random mobility,1.0,Probability average,r12_t1_mob_fx40_s2,69.2816,-0.9011
random mobility,1.0,Logit sum,r12_t1_mob_fx40_s0,69.8340,-2.0594
random mobility,1.0,Logit sum,r12_t1_mob_fx40_s1,69.0776,-2.1275
random mobility,1.0,Logit sum,r12_t1_mob_fx40_s2,68.7724,-1.4103
random mobility,1.0,Correction + fixed w 0.5,r12_t1_mob_fx40_s0,71.6911,-0.2023
random mobility,1.0,Correction + fixed w 0.5,r12_t1_mob_fx40_s1,71.1099,-0.0952
random mobility,1.0,Correction + fixed w 0.5,r12_t1_mob_fx40_s2,70.0651,-0.1176
random mobility,1.0,Correction + development w 0.2,r12_t1_mob_fx40_s0,71.2471,-0.6463
random mobility,1.0,Correction + development w 0.2,r12_t1_mob_fx40_s1,70.6311,-0.5741
random mobility,1.0,Correction + development w 0.2,r12_t1_mob_fx40_s2,69.6565,-0.5262
random mobility,1.0,Corrected edge only,r12_t1_mob_fx40_s0,70.5095,-1.3839
random mobility,1.0,Corrected edge only,r12_t1_mob_fx40_s1,70.1831,-1.0220
random mobility,1.0,Corrected edge only,r12_t1_mob_fx40_s2,68.9687,-1.2140
random mobility,1.0,Correction + product,r12_t1_mob_fx40_s0,71.5287,-0.3647
random mobility,1.0,Correction + product,r12_t1_mob_fx40_s1,70.8449,-0.3603
random mobility,1.0,Correction + product,r12_t1_mob_fx40_s2,69.9769,-0.2057
random mobility,1.0,Correction + learned weight,r12_t1_mob_fx40_s0,71.4725,-0.4208
random mobility,1.0,Correction + learned weight,r12_t1_mob_fx40_s1,70.6034,-0.6017
random mobility,1.0,Correction + learned weight,r12_t1_mob_fx40_s2,69.8433,-0.3394
random mobility,1.0,DriftGate-P,r12_t1_mob_fx40_s0,71.8934,0.0000
random mobility,1.0,DriftGate-P,r12_t1_mob_fx40_s1,71.2052,0.0000
random mobility,1.0,DriftGate-P,r12_t1_mob_fx40_s2,70.1827,0.0000
random mobility,1.0,No correction + adaptive w,r12_t1_mob_fx40_s0,69.7992,-2.0942
random mobility,1.0,No correction + adaptive w,r12_t1_mob_fx40_s1,69.1741,-2.0311
random mobility,1.0,No correction + adaptive w,r12_t1_mob_fx40_s2,69.0031,-1.1796
random mobility,1.0,conditional (adaptive w),r12_t1_mob_fx40_s0,71.7544,-0.1390
random mobility,1.0,conditional (adaptive w),r12_t1_mob_fx40_s1,71.1638,-0.0414
random mobility,1.0,conditional (adaptive w),r12_t1_mob_fx40_s2,70.1577,-0.0250
random mobility,1.0,conditional (fixed w 0.5),r12_t1_mob_fx40_s0,71.7232,-0.1701
random mobility,1.0,conditional (fixed w 0.5),r12_t1_mob_fx40_s1,71.1304,-0.0747
random mobility,1.0,conditional (fixed w 0.5),r12_t1_mob_fx40_s2,70.1704,-0.0123
random mobility,1.0,"conditional (raw edge, adaptive w)",r12_t1_mob_fx40_s0,58.5636,-13.3298
random mobility,1.0,"conditional (raw edge, adaptive w)",r12_t1_mob_fx40_s1,59.0846,-12.1206
random mobility,1.0,"conditional (raw edge, adaptive w)",r12_t1_mob_fx40_s2,58.5356,-11.6471
CIFAR-100,0.25,Device only,r13b_c100_s0,34.6940,-2.5219
CIFAR-100,0.25,Device only,r13b_c100_s1,33.4847,-2.5704
CIFAR-100,0.25,Device only,r13b_c100_s2,33.6051,-2.5892
CIFAR-100,0.25,Raw edge only,r13b_c100_s0,36.0167,-1.1991
CIFAR-100,0.25,Raw edge only,r13b_c100_s1,34.8415,-1.2137
CIFAR-100,0.25,Raw edge only,r13b_c100_s2,34.7878,-1.4065
CIFAR-100,0.25,Probability average,r13b_c100_s0,36.3073,-0.9085
CIFAR-100,0.25,Probability average,r13b_c100_s1,35.0939,-0.9612
CIFAR-100,0.25,Probability average,r13b_c100_s2,35.0909,-1.1033
CIFAR-100,0.25,Logit sum,r13b_c100_s0,36.8117,-0.4042
CIFAR-100,0.25,Logit sum,r13b_c100_s1,35.5284,-0.5267
CIFAR-100,0.25,Logit sum,r13b_c100_s2,35.5998,-0.5944
CIFAR-100,0.25,Correction + fixed w 0.5,r13b_c100_s0,37.2555,0.0397
CIFAR-100,0.25,Correction + fixed w 0.5,r13b_c100_s1,36.0911,0.0360
CIFAR-100,0.25,Correction + fixed w 0.5,r13b_c100_s2,36.2300,0.0358
CIFAR-100,0.25,Correction + development w 0.2,r13b_c100_s0,37.1654,-0.0504
CIFAR-100,0.25,Correction + development w 0.2,r13b_c100_s1,36.0105,-0.0446
CIFAR-100,0.25,Correction + development w 0.2,r13b_c100_s2,36.1468,-0.0474
CIFAR-100,0.25,Corrected edge only,r13b_c100_s0,37.1320,-0.0838
CIFAR-100,0.25,Corrected edge only,r13b_c100_s1,35.9806,-0.0745
CIFAR-100,0.25,Corrected edge only,r13b_c100_s2,36.1155,-0.0788
CIFAR-100,0.25,Correction + product,r13b_c100_s0,37.3918,0.1759
CIFAR-100,0.25,Correction + product,r13b_c100_s1,36.1910,0.1359
CIFAR-100,0.25,Correction + product,r13b_c100_s2,36.3360,0.1417
CIFAR-100,0.25,Correction + learned weight,r13b_c100_s0,37.1741,-0.0417
CIFAR-100,0.25,Correction + learned weight,r13b_c100_s1,36.0186,-0.0365
CIFAR-100,0.25,Correction + learned weight,r13b_c100_s2,36.1622,-0.0321
CIFAR-100,0.25,DriftGate-P,r13b_c100_s0,37.2158,0.0000
CIFAR-100,0.25,DriftGate-P,r13b_c100_s1,36.0551,0.0000
CIFAR-100,0.25,DriftGate-P,r13b_c100_s2,36.1943,0.0000
CIFAR-100,0.25,No correction + adaptive w,r13b_c100_s0,36.2149,-1.0009
CIFAR-100,0.25,No correction + adaptive w,r13b_c100_s1,35.0136,-1.0415
CIFAR-100,0.25,No correction + adaptive w,r13b_c100_s2,34.9989,-1.1954
CIFAR-100,0.25,conditional (adaptive w),r13b_c100_s0,37.0611,-0.1547
CIFAR-100,0.25,conditional (adaptive w),r13b_c100_s1,35.8897,-0.1654
CIFAR-100,0.25,conditional (adaptive w),r13b_c100_s2,36.0157,-0.1785
CIFAR-100,0.25,conditional (fixed w 0.5),r13b_c100_s0,36.9989,-0.2169
CIFAR-100,0.25,conditional (fixed w 0.5),r13b_c100_s1,35.8274,-0.2277
CIFAR-100,0.25,conditional (fixed w 0.5),r13b_c100_s2,35.9483,-0.2460
CIFAR-100,0.25,"conditional (raw edge, adaptive w)",r13b_c100_s0,35.4410,-1.7748
CIFAR-100,0.25,"conditional (raw edge, adaptive w)",r13b_c100_s1,34.1946,-1.8605
CIFAR-100,0.25,"conditional (raw edge, adaptive w)",r13b_c100_s2,34.1372,-2.0570
CIFAR-100,0.5,Device only,r13b_c100_s0,34.6940,-4.6383
CIFAR-100,0.5,Device only,r13b_c100_s1,33.4847,-4.7163
CIFAR-100,0.5,Device only,r13b_c100_s2,33.6051,-4.7589
CIFAR-100,0.5,Raw edge only,r13b_c100_s0,36.9085,-2.4237
CIFAR-100,0.5,Raw edge only,r13b_c100_s1,35.7296,-2.4715
CIFAR-100,0.5,Raw edge only,r13b_c100_s2,35.4617,-2.9023
CIFAR-100,0.5,Probability average,r13b_c100_s0,37.6416,-1.6907
CIFAR-100,0.5,Probability average,r13b_c100_s1,36.3891,-1.8120
CIFAR-100,0.5,Probability average,r13b_c100_s2,36.2329,-2.1311
CIFAR-100,0.5,Logit sum,r13b_c100_s0,38.6034,-0.7289
CIFAR-100,0.5,Logit sum,r13b_c100_s1,37.2705,-0.9306
CIFAR-100,0.5,Logit sum,r13b_c100_s2,37.2450,-1.1190
CIFAR-100,0.5,Correction + fixed w 0.5,r13b_c100_s0,39.4167,0.0845
CIFAR-100,0.5,Correction + fixed w 0.5,r13b_c100_s1,38.2858,0.0847
CIFAR-100,0.5,Correction + fixed w 0.5,r13b_c100_s2,38.4452,0.0812
CIFAR-100,0.5,Correction + development w 0.2,r13b_c100_s0,39.2157,-0.1166
CIFAR-100,0.5,Correction + development w 0.2,r13b_c100_s1,38.0972,-0.1038
CIFAR-100,0.5,Correction + development w 0.2,r13b_c100_s2,38.2545,-0.1095
CIFAR-100,0.5,Corrected edge only,r13b_c100_s0,39.1348,-0.1975
CIFAR-100,0.5,Corrected edge only,r13b_c100_s1,38.0237,-0.1774
CIFAR-100,0.5,Corrected edge only,r13b_c100_s2,38.1758,-0.1882
CIFAR-100,0.5,Correction + product,r13b_c100_s0,39.6321,0.2998
CIFAR-100,0.5,Correction + product,r13b_c100_s1,38.4591,0.2581
CIFAR-100,0.5,Correction + product,r13b_c100_s2,38.6097,0.2457
CIFAR-100,0.5,Correction + learned weight,r13b_c100_s0,39.1149,-0.2173
CIFAR-100,0.5,Correction + learned weight,r13b_c100_s1,38.0128,-0.1883
CIFAR-100,0.5,Correction + learned weight,r13b_c100_s2,38.1901,-0.1739
CIFAR-100,0.5,DriftGate-P,r13b_c100_s0,39.3323,0.0000
CIFAR-100,0.5,DriftGate-P,r13b_c100_s1,38.2011,0.0000
CIFAR-100,0.5,DriftGate-P,r13b_c100_s2,38.3640,0.0000
CIFAR-100,0.5,No correction + adaptive w,r13b_c100_s0,37.4035,-1.9288
CIFAR-100,0.5,No correction + adaptive w,r13b_c100_s1,36.1661,-2.0350
CIFAR-100,0.5,No correction + adaptive w,r13b_c100_s2,35.9872,-2.3768
CIFAR-100,0.5,conditional (adaptive w),r13b_c100_s0,39.0406,-0.2916
CIFAR-100,0.5,conditional (adaptive w),r13b_c100_s1,37.8893,-0.3118
CIFAR-100,0.5,conditional (adaptive w),r13b_c100_s2,38.0261,-0.3378
CIFAR-100,0.5,conditional (fixed w 0.5),r13b_c100_s0,38.9321,-0.4001
CIFAR-100,0.5,conditional (fixed w 0.5),r13b_c100_s1,37.7806,-0.4204
CIFAR-100,0.5,conditional (fixed w 0.5),r13b_c100_s2,37.8927,-0.4713
CIFAR-100,0.5,"conditional (raw edge, adaptive w)",r13b_c100_s0,35.8325,-3.4998
CIFAR-100,0.5,"conditional (raw edge, adaptive w)",r13b_c100_s1,34.5436,-3.6574
CIFAR-100,0.5,"conditional (raw edge, adaptive w)",r13b_c100_s2,34.2207,-4.1433
CIFAR-100,0.75,Device only,r13b_c100_s0,34.6940,-6.3842
CIFAR-100,0.75,Device only,r13b_c100_s1,33.4847,-6.4109
CIFAR-100,0.75,Device only,r13b_c100_s2,33.6051,-6.5440
CIFAR-100,0.75,Raw edge only,r13b_c100_s0,37.3646,-3.7136
CIFAR-100,0.75,Raw edge only,r13b_c100_s1,36.0996,-3.7960
CIFAR-100,0.75,Raw edge only,r13b_c100_s2,35.6299,-4.5192
CIFAR-100,0.75,Probability average,r13b_c100_s0,38.7175,-2.3606
CIFAR-100,0.75,Probability average,r13b_c100_s1,37.3803,-2.5153
CIFAR-100,0.75,Probability average,r13b_c100_s2,37.0805,-3.0685
CIFAR-100,0.75,Logit sum,r13b_c100_s0,40.0951,-0.9830
CIFAR-100,0.75,Logit sum,r13b_c100_s1,38.6788,-1.2168
CIFAR-100,0.75,Logit sum,r13b_c100_s2,38.5748,-1.5743
CIFAR-100,0.75,Correction + fixed w 0.5,r13b_c100_s0,41.2054,0.1272
CIFAR-100,0.75,Correction + fixed w 0.5,r13b_c100_s1,40.0453,0.1496
CIFAR-100,0.75,Correction + fixed w 0.5,r13b_c100_s2,40.2722,0.1231
CIFAR-100,0.75,Correction + development w 0.2,r13b_c100_s0,40.8830,-0.1952
CIFAR-100,0.75,Correction + development w 0.2,r13b_c100_s1,39.6983,-0.1973
CIFAR-100,0.75,Correction + development w 0.2,r13b_c100_s2,39.9587,-0.1904
CIFAR-100,0.75,Corrected edge only,r13b_c100_s0,40.7370,-0.3412
CIFAR-100,0.75,Corrected edge only,r13b_c100_s1,39.5480,-0.3476
CIFAR-100,0.75,Corrected edge only,r13b_c100_s2,39.8117,-0.3374
CIFAR-100,0.75,Correction + product,r13b_c100_s0,41.4691,0.3910
CIFAR-100,0.75,Correction + product,r13b_c100_s1,40.2918,0.3962
CIFAR-100,0.75,Correction + product,r13b_c100_s2,40.4619,0.3129
CIFAR-100,0.75,Correction + learned weight,r13b_c100_s0,40.5663,-0.5119
CIFAR-100,0.75,Correction + learned weight,r13b_c100_s1,39.4905,-0.4051
CIFAR-100,0.75,Correction + learned weight,r13b_c100_s2,39.7144,-0.4347
CIFAR-100,0.75,DriftGate-P,r13b_c100_s0,41.0781,0.0000
CIFAR-100,0.75,DriftGate-P,r13b_c100_s1,39.8956,0.0000
CIFAR-100,0.75,DriftGate-P,r13b_c100_s2,40.1491,0.0000
CIFAR-100,0.75,No correction + adaptive w,r13b_c100_s0,38.2889,-2.7893
CIFAR-100,0.75,No correction + adaptive w,r13b_c100_s1,36.9523,-2.9433
CIFAR-100,0.75,No correction + adaptive w,r13b_c100_s2,36.6256,-3.5235
CIFAR-100,0.75,conditional (adaptive w),r13b_c100_s0,40.6795,-0.3987
CIFAR-100,0.75,conditional (adaptive w),r13b_c100_s1,39.4832,-0.4124
CIFAR-100,0.75,conditional (adaptive w),r13b_c100_s2,39.6563,-0.4928
CIFAR-100,0.75,conditional (fixed w 0.5),r13b_c100_s0,40.5319,-0.5462
CIFAR-100,0.75,conditional (fixed w 0.5),r13b_c100_s1,39.3395,-0.5561
CIFAR-100,0.75,conditional (fixed w 0.5),r13b_c100_s2,39.4597,-0.6894
CIFAR-100,0.75,"conditional (raw edge, adaptive w)",r13b_c100_s0,35.8788,-5.1993
CIFAR-100,0.75,"conditional (raw edge, adaptive w)",r13b_c100_s1,34.5030,-5.3926
CIFAR-100,0.75,"conditional (raw edge, adaptive w)",r13b_c100_s2,33.8971,-6.2520
CIFAR-100,1.0,Device only,r13b_c100_s0,34.6940,-7.2484
CIFAR-100,1.0,Device only,r13b_c100_s1,33.4847,-7.2175
CIFAR-100,1.0,Device only,r13b_c100_s2,33.6051,-7.6153
CIFAR-100,1.0,Raw edge only,r13b_c100_s0,36.9938,-4.9485
CIFAR-100,1.0,Raw edge only,r13b_c100_s1,35.5172,-5.1850
CIFAR-100,1.0,Raw edge only,r13b_c100_s2,35.0114,-6.2090
CIFAR-100,1.0,Probability average,r13b_c100_s0,39.2094,-2.7330
CIFAR-100,1.0,Probability average,r13b_c100_s1,37.7061,-2.9962
CIFAR-100,1.0,Probability average,r13b_c100_s2,37.5364,-3.6840
CIFAR-100,1.0,Logit sum,r13b_c100_s0,40.8405,-1.1018
CIFAR-100,1.0,Logit sum,r13b_c100_s1,39.2827,-1.4195
CIFAR-100,1.0,Logit sum,r13b_c100_s2,39.3744,-1.8460
CIFAR-100,1.0,Correction + fixed w 0.5,r13b_c100_s0,42.0907,0.1484
CIFAR-100,1.0,Correction + fixed w 0.5,r13b_c100_s1,40.8966,0.1944
CIFAR-100,1.0,Correction + fixed w 0.5,r13b_c100_s2,41.3695,0.1491
CIFAR-100,1.0,Correction + development w 0.2,r13b_c100_s0,41.6183,-0.3240
CIFAR-100,1.0,Correction + development w 0.2,r13b_c100_s1,40.3419,-0.3603
CIFAR-100,1.0,Correction + development w 0.2,r13b_c100_s2,40.8886,-0.3318
CIFAR-100,1.0,Corrected edge only,r13b_c100_s0,41.3796,-0.5628
CIFAR-100,1.0,Corrected edge only,r13b_c100_s1,40.0730,-0.6292
CIFAR-100,1.0,Corrected edge only,r13b_c100_s2,40.6293,-0.5911
CIFAR-100,1.0,Correction + product,r13b_c100_s0,42.3774,0.4351
CIFAR-100,1.0,Correction + product,r13b_c100_s1,41.2273,0.5251
CIFAR-100,1.0,Correction + product,r13b_c100_s2,41.5949,0.3745
CIFAR-100,1.0,Correction + learned weight,r13b_c100_s0,41.1360,-0.8063
CIFAR-100,1.0,Correction + learned weight,r13b_c100_s1,40.0454,-0.6568
CIFAR-100,1.0,Correction + learned weight,r13b_c100_s2,40.4541,-0.7663
CIFAR-100,1.0,DriftGate-P,r13b_c100_s0,41.9423,0.0000
CIFAR-100,1.0,DriftGate-P,r13b_c100_s1,40.7022,0.0000
CIFAR-100,1.0,DriftGate-P,r13b_c100_s2,41.2204,0.0000
CIFAR-100,1.0,No correction + adaptive w,r13b_c100_s0,38.5909,-3.3514
CIFAR-100,1.0,No correction + adaptive w,r13b_c100_s1,37.0643,-3.6379
CIFAR-100,1.0,No correction + adaptive w,r13b_c100_s2,36.8508,-4.3696
CIFAR-100,1.0,conditional (adaptive w),r13b_c100_s0,41.5095,-0.4329
CIFAR-100,1.0,conditional (adaptive w),r13b_c100_s1,40.2432,-0.4590
CIFAR-100,1.0,conditional (adaptive w),r13b_c100_s2,40.6362,-0.5842
CIFAR-100,1.0,conditional (fixed w 0.5),r13b_c100_s0,41.3377,-0.6046
CIFAR-100,1.0,conditional (fixed w 0.5),r13b_c100_s1,40.0827,-0.6195
CIFAR-100,1.0,conditional (fixed w 0.5),r13b_c100_s2,40.3887,-0.8317
CIFAR-100,1.0,"conditional (raw edge, adaptive w)",r13b_c100_s0,35.3968,-6.5455
CIFAR-100,1.0,"conditional (raw edge, adaptive w)",r13b_c100_s1,33.8156,-6.8866
CIFAR-100,1.0,"conditional (raw edge, adaptive w)",r13b_c100_s2,33.0887,-8.1317
ResNet-18,0.25,Device only,r12_e2_res_fx40_A_s0,65.2417,-0.0479
ResNet-18,0.25,Device only,r12_e2_res_fx40_A_s1,64.2592,-0.6051
ResNet-18,0.25,Device only,r12_e2_res_fx40_A_s2,69.6567,-0.6449
ResNet-18,0.25,Raw edge only,r12_e2_res_fx40_A_s0,63.9585,-1.3311
ResNet-18,0.25,Raw edge only,r12_e2_res_fx40_A_s1,62.5837,-2.2806
ResNet-18,0.25,Raw edge only,r12_e2_res_fx40_A_s2,67.3051,-2.9965
ResNet-18,0.25,Probability average,r12_e2_res_fx40_A_s0,65.4028,0.1133
ResNet-18,0.25,Probability average,r12_e2_res_fx40_A_s1,64.5712,-0.2931
ResNet-18,0.25,Probability average,r12_e2_res_fx40_A_s2,70.0983,-0.2033
ResNet-18,0.25,Logit sum,r12_e2_res_fx40_A_s0,65.1821,-0.1074
ResNet-18,0.25,Logit sum,r12_e2_res_fx40_A_s1,64.4841,-0.3802
ResNet-18,0.25,Logit sum,r12_e2_res_fx40_A_s2,70.1307,-0.1708
ResNet-18,0.25,Correction + fixed w 0.5,r12_e2_res_fx40_A_s0,65.2759,-0.0136
ResNet-18,0.25,Correction + fixed w 0.5,r12_e2_res_fx40_A_s1,64.8533,-0.0110
ResNet-18,0.25,Correction + fixed w 0.5,r12_e2_res_fx40_A_s2,70.3208,0.0193
ResNet-18,0.25,Correction + development w 0.2,r12_e2_res_fx40_A_s0,64.8478,-0.4417
ResNet-18,0.25,Correction + development w 0.2,r12_e2_res_fx40_A_s1,64.1340,-0.7303
ResNet-18,0.25,Correction + development w 0.2,r12_e2_res_fx40_A_s2,69.4530,-0.8486
ResNet-18,0.25,Corrected edge only,r12_e2_res_fx40_A_s0,64.5933,-0.6962
ResNet-18,0.25,Corrected edge only,r12_e2_res_fx40_A_s1,63.6551,-1.2093
ResNet-18,0.25,Corrected edge only,r12_e2_res_fx40_A_s2,68.8570,-1.4445
ResNet-18,0.25,Correction + product,r12_e2_res_fx40_A_s0,65.1026,-0.1869
ResNet-18,0.25,Correction + product,r12_e2_res_fx40_A_s1,64.8189,-0.0454
ResNet-18,0.25,Correction + product,r12_e2_res_fx40_A_s2,70.3607,0.0591
ResNet-18,0.25,Correction + learned weight,r12_e2_res_fx40_A_s0,64.8989,-0.3906
ResNet-18,0.25,Correction + learned weight,r12_e2_res_fx40_A_s1,64.0594,-0.8050
ResNet-18,0.25,Correction + learned weight,r12_e2_res_fx40_A_s2,69.3809,-0.9207
ResNet-18,0.25,DriftGate-P,r12_e2_res_fx40_A_s0,65.2895,0.0000
ResNet-18,0.25,DriftGate-P,r12_e2_res_fx40_A_s1,64.8643,0.0000
ResNet-18,0.25,DriftGate-P,r12_e2_res_fx40_A_s2,70.3016,0.0000
ResNet-18,0.25,No correction + adaptive w,r12_e2_res_fx40_A_s0,65.4184,0.1288
ResNet-18,0.25,No correction + adaptive w,r12_e2_res_fx40_A_s1,64.6058,-0.2585
ResNet-18,0.25,No correction + adaptive w,r12_e2_res_fx40_A_s2,70.1027,-0.1989
ResNet-18,0.25,conditional (adaptive w),r12_e2_res_fx40_A_s0,64.7586,-0.5309
ResNet-18,0.25,conditional (adaptive w),r12_e2_res_fx40_A_s1,63.6307,-1.2336
ResNet-18,0.25,conditional (adaptive w),r12_e2_res_fx40_A_s2,68.8234,-1.4781
ResNet-18,0.25,conditional (fixed w 0.5),r12_e2_res_fx40_A_s0,64.7432,-0.5464
ResNet-18,0.25,conditional (fixed w 0.5),r12_e2_res_fx40_A_s1,63.6046,-1.2597
ResNet-18,0.25,conditional (fixed w 0.5),r12_e2_res_fx40_A_s2,68.8425,-1.4591
ResNet-18,0.25,"conditional (raw edge, adaptive w)",r12_e2_res_fx40_A_s0,63.8848,-1.4047
ResNet-18,0.25,"conditional (raw edge, adaptive w)",r12_e2_res_fx40_A_s1,62.4260,-2.4383
ResNet-18,0.25,"conditional (raw edge, adaptive w)",r12_e2_res_fx40_A_s2,67.2156,-3.0860
ResNet-18,0.5,Device only,r12_e2_res_fx40_A_s0,65.2417,0.0962
ResNet-18,0.5,Device only,r12_e2_res_fx40_A_s1,64.2592,-0.4833
ResNet-18,0.5,Device only,r12_e2_res_fx40_A_s2,69.6567,-0.6777
ResNet-18,0.5,Raw edge only,r12_e2_res_fx40_A_s0,61.8248,-3.3207
ResNet-18,0.5,Raw edge only,r12_e2_res_fx40_A_s1,58.9966,-5.7459
ResNet-18,0.5,Raw edge only,r12_e2_res_fx40_A_s2,63.3905,-6.9439
ResNet-18,0.5,Probability average,r12_e2_res_fx40_A_s0,65.2776,0.1321
ResNet-18,0.5,Probability average,r12_e2_res_fx40_A_s1,64.2948,-0.4477
ResNet-18,0.5,Probability average,r12_e2_res_fx40_A_s2,70.0847,-0.2497
ResNet-18,0.5,Logit sum,r12_e2_res_fx40_A_s0,64.8509,-0.2946
ResNet-18,0.5,Logit sum,r12_e2_res_fx40_A_s1,64.0459,-0.6966
ResNet-18,0.5,Logit sum,r12_e2_res_fx40_A_s2,69.9831,-0.3513
ResNet-18,0.5,Correction + fixed w 0.5,r12_e2_res_fx40_A_s0,65.1402,-0.0053
ResNet-18,0.5,Correction + fixed w 0.5,r12_e2_res_fx40_A_s1,64.7673,0.0248
ResNet-18,0.5,Correction + fixed w 0.5,r12_e2_res_fx40_A_s2,70.4131,0.0787
ResNet-18,0.5,Correction + development w 0.2,r12_e2_res_fx40_A_s0,64.0758,-1.0697
ResNet-18,0.5,Correction + development w 0.2,r12_e2_res_fx40_A_s1,63.0107,-1.7318
ResNet-18,0.5,Correction + development w 0.2,r12_e2_res_fx40_A_s2,68.1250,-2.2094
ResNet-18,0.5,Corrected edge only,r12_e2_res_fx40_A_s0,63.3049,-1.8406
ResNet-18,0.5,Corrected edge only,r12_e2_res_fx40_A_s1,61.6602,-3.0823
ResNet-18,0.5,Corrected edge only,r12_e2_res_fx40_A_s2,66.5905,-3.7439
ResNet-18,0.5,Correction + product,r12_e2_res_fx40_A_s0,64.8522,-0.2933
ResNet-18,0.5,Correction + product,r12_e2_res_fx40_A_s1,64.6887,-0.0538
ResNet-18,0.5,Correction + product,r12_e2_res_fx40_A_s2,70.4832,0.1489
ResNet-18,0.5,Correction + learned weight,r12_e2_res_fx40_A_s0,64.3882,-0.7573
ResNet-18,0.5,Correction + learned weight,r12_e2_res_fx40_A_s1,63.0901,-1.6524
ResNet-18,0.5,Correction + learned weight,r12_e2_res_fx40_A_s2,68.1923,-2.1421
ResNet-18,0.5,DriftGate-P,r12_e2_res_fx40_A_s0,65.1455,0.0000
ResNet-18,0.5,DriftGate-P,r12_e2_res_fx40_A_s1,64.7425,0.0000
ResNet-18,0.5,DriftGate-P,r12_e2_res_fx40_A_s2,70.3344,0.0000
ResNet-18,0.5,No correction + adaptive w,r12_e2_res_fx40_A_s0,65.2782,0.1327
ResNet-18,0.5,No correction + adaptive w,r12_e2_res_fx40_A_s1,64.3136,-0.4289
ResNet-18,0.5,No correction + adaptive w,r12_e2_res_fx40_A_s2,70.0973,-0.2371
ResNet-18,0.5,conditional (adaptive w),r12_e2_res_fx40_A_s0,63.9149,-1.2306
ResNet-18,0.5,conditional (adaptive w),r12_e2_res_fx40_A_s1,61.7672,-2.9753
ResNet-18,0.5,conditional (adaptive w),r12_e2_res_fx40_A_s2,66.8495,-3.4849
ResNet-18,0.5,conditional (fixed w 0.5),r12_e2_res_fx40_A_s0,63.8605,-1.2850
ResNet-18,0.5,conditional (fixed w 0.5),r12_e2_res_fx40_A_s1,61.7847,-2.9578
ResNet-18,0.5,conditional (fixed w 0.5),r12_e2_res_fx40_A_s2,66.8721,-3.4623
ResNet-18,0.5,"conditional (raw edge, adaptive w)",r12_e2_res_fx40_A_s0,61.9271,-3.2184
ResNet-18,0.5,"conditional (raw edge, adaptive w)",r12_e2_res_fx40_A_s1,58.8988,-5.8437
ResNet-18,0.5,"conditional (raw edge, adaptive w)",r12_e2_res_fx40_A_s2,63.5753,-6.7591
ResNet-18,0.75,Device only,r12_e2_res_fx40_A_s0,65.2417,0.1056
ResNet-18,0.75,Device only,r12_e2_res_fx40_A_s1,64.2592,-0.3037
ResNet-18,0.75,Device only,r12_e2_res_fx40_A_s2,69.6567,-0.5823
ResNet-18,0.75,Raw edge only,r12_e2_res_fx40_A_s0,60.1449,-4.9912
ResNet-18,0.75,Raw edge only,r12_e2_res_fx40_A_s1,55.3404,-9.2226
ResNet-18,0.75,Raw edge only,r12_e2_res_fx40_A_s2,59.7730,-10.4659
ResNet-18,0.75,Probability average,r12_e2_res_fx40_A_s0,65.2611,0.1251
ResNet-18,0.75,Probability average,r12_e2_res_fx40_A_s1,64.0304,-0.5325
ResNet-18,0.75,Probability average,r12_e2_res_fx40_A_s2,69.9497,-0.2892
ResNet-18,0.75,Logit sum,r12_e2_res_fx40_A_s0,64.7557,-0.3804
ResNet-18,0.75,Logit sum,r12_e2_res_fx40_A_s1,63.6519,-0.9110
ResNet-18,0.75,Logit sum,r12_e2_res_fx40_A_s2,69.7422,-0.4968
ResNet-18,0.75,Correction + fixed w 0.5,r12_e2_res_fx40_A_s0,65.1171,-0.0190
ResNet-18,0.75,Correction + fixed w 0.5,r12_e2_res_fx40_A_s1,64.6577,0.0948
ResNet-18,0.75,Correction + fixed w 0.5,r12_e2_res_fx40_A_s2,70.3847,0.1457
ResNet-18,0.75,Correction + development w 0.2,r12_e2_res_fx40_A_s0,63.6995,-1.4365
ResNet-18,0.75,Correction + development w 0.2,r12_e2_res_fx40_A_s1,61.9990,-2.5639
ResNet-18,0.75,Correction + development w 0.2,r12_e2_res_fx40_A_s2,67.1463,-3.0927
ResNet-18,0.75,Corrected edge only,r12_e2_res_fx40_A_s0,62.4695,-2.6665
ResNet-18,0.75,Corrected edge only,r12_e2_res_fx40_A_s1,59.7928,-4.7701
ResNet-18,0.75,Corrected edge only,r12_e2_res_fx40_A_s2,64.6464,-5.5925
ResNet-18,0.75,Correction + product,r12_e2_res_fx40_A_s0,64.8015,-0.3345
ResNet-18,0.75,Correction + product,r12_e2_res_fx40_A_s1,64.5465,-0.0164
ResNet-18,0.75,Correction + product,r12_e2_res_fx40_A_s2,70.4761,0.2372
ResNet-18,0.75,Correction + learned weight,r12_e2_res_fx40_A_s0,64.0993,-1.0367
ResNet-18,0.75,Correction + learned weight,r12_e2_res_fx40_A_s1,62.2444,-2.3185
ResNet-18,0.75,Correction + learned weight,r12_e2_res_fx40_A_s2,67.2778,-2.9611
ResNet-18,0.75,DriftGate-P,r12_e2_res_fx40_A_s0,65.1360,0.0000
ResNet-18,0.75,DriftGate-P,r12_e2_res_fx40_A_s1,64.5629,0.0000
ResNet-18,0.75,DriftGate-P,r12_e2_res_fx40_A_s2,70.2390,0.0000
ResNet-18,0.75,No correction + adaptive w,r12_e2_res_fx40_A_s0,65.2717,0.1357
ResNet-18,0.75,No correction + adaptive w,r12_e2_res_fx40_A_s1,64.0639,-0.4990
ResNet-18,0.75,No correction + adaptive w,r12_e2_res_fx40_A_s2,69.9567,-0.2823
ResNet-18,0.75,conditional (adaptive w),r12_e2_res_fx40_A_s0,63.3397,-1.7963
ResNet-18,0.75,conditional (adaptive w),r12_e2_res_fx40_A_s1,60.0419,-4.5210
ResNet-18,0.75,conditional (adaptive w),r12_e2_res_fx40_A_s2,65.2166,-5.0223
ResNet-18,0.75,conditional (fixed w 0.5),r12_e2_res_fx40_A_s0,63.2561,-1.8799
ResNet-18,0.75,conditional (fixed w 0.5),r12_e2_res_fx40_A_s1,60.1353,-4.4276
ResNet-18,0.75,conditional (fixed w 0.5),r12_e2_res_fx40_A_s2,65.2415,-4.9975
ResNet-18,0.75,"conditional (raw edge, adaptive w)",r12_e2_res_fx40_A_s0,60.3854,-4.7506
ResNet-18,0.75,"conditional (raw edge, adaptive w)",r12_e2_res_fx40_A_s1,55.3952,-9.1677
ResNet-18,0.75,"conditional (raw edge, adaptive w)",r12_e2_res_fx40_A_s2,60.3318,-9.9072
ResNet-18,1.0,Device only,r12_e2_res_fx40_A_s0,65.2417,0.0997
ResNet-18,1.0,Device only,r12_e2_res_fx40_A_s1,64.2592,-0.2678
ResNet-18,1.0,Device only,r12_e2_res_fx40_A_s2,69.6567,-0.5933
ResNet-18,1.0,Raw edge only,r12_e2_res_fx40_A_s0,59.2884,-5.8535
ResNet-18,1.0,Raw edge only,r12_e2_res_fx40_A_s1,53.3835,-11.1434
ResNet-18,1.0,Raw edge only,r12_e2_res_fx40_A_s2,58.4480,-11.8020
ResNet-18,1.0,Probability average,r12_e2_res_fx40_A_s0,65.2583,0.1163
ResNet-18,1.0,Probability average,r12_e2_res_fx40_A_s1,63.9612,-0.5658
ResNet-18,1.0,Probability average,r12_e2_res_fx40_A_s2,69.9428,-0.3072
ResNet-18,1.0,Logit sum,r12_e2_res_fx40_A_s0,64.7344,-0.4076
ResNet-18,1.0,Logit sum,r12_e2_res_fx40_A_s1,63.5353,-0.9917
ResNet-18,1.0,Logit sum,r12_e2_res_fx40_A_s2,69.7270,-0.5229
ResNet-18,1.0,Correction + fixed w 0.5,r12_e2_res_fx40_A_s0,65.1022,-0.0398
ResNet-18,1.0,Correction + fixed w 0.5,r12_e2_res_fx40_A_s1,64.6341,0.1071
ResNet-18,1.0,Correction + fixed w 0.5,r12_e2_res_fx40_A_s2,70.3822,0.1322
ResNet-18,1.0,Correction + development w 0.2,r12_e2_res_fx40_A_s0,63.5605,-1.5815
ResNet-18,1.0,Correction + development w 0.2,r12_e2_res_fx40_A_s1,61.6157,-2.9113
ResNet-18,1.0,Correction + development w 0.2,r12_e2_res_fx40_A_s2,66.8980,-3.3519
ResNet-18,1.0,Corrected edge only,r12_e2_res_fx40_A_s0,62.1322,-3.0098
ResNet-18,1.0,Corrected edge only,r12_e2_res_fx40_A_s1,59.0191,-5.5079
ResNet-18,1.0,Corrected edge only,r12_e2_res_fx40_A_s2,64.0234,-6.2265
ResNet-18,1.0,Correction + product,r12_e2_res_fx40_A_s0,64.7802,-0.3617
ResNet-18,1.0,Correction + product,r12_e2_res_fx40_A_s1,64.5117,-0.0153
ResNet-18,1.0,Correction + product,r12_e2_res_fx40_A_s2,70.4774,0.2274
ResNet-18,1.0,Correction + learned weight,r12_e2_res_fx40_A_s0,64.0607,-1.0812
ResNet-18,1.0,Correction + learned weight,r12_e2_res_fx40_A_s1,61.9369,-2.5901
ResNet-18,1.0,Correction + learned weight,r12_e2_res_fx40_A_s2,67.0929,-3.1571
ResNet-18,1.0,DriftGate-P,r12_e2_res_fx40_A_s0,65.1420,0.0000
ResNet-18,1.0,DriftGate-P,r12_e2_res_fx40_A_s1,64.5270,0.0000
ResNet-18,1.0,DriftGate-P,r12_e2_res_fx40_A_s2,70.2499,0.0000
ResNet-18,1.0,No correction + adaptive w,r12_e2_res_fx40_A_s0,65.2799,0.1379
ResNet-18,1.0,No correction + adaptive w,r12_e2_res_fx40_A_s1,64.0923,-0.4346
ResNet-18,1.0,No correction + adaptive w,r12_e2_res_fx40_A_s2,70.0215,-0.2285
ResNet-18,1.0,conditional (adaptive w),r12_e2_res_fx40_A_s0,63.2154,-1.9265
ResNet-18,1.0,conditional (adaptive w),r12_e2_res_fx40_A_s1,59.3217,-5.2053
ResNet-18,1.0,conditional (adaptive w),r12_e2_res_fx40_A_s2,64.7936,-5.4563
ResNet-18,1.0,conditional (fixed w 0.5),r12_e2_res_fx40_A_s0,63.0946,-2.0473
ResNet-18,1.0,conditional (fixed w 0.5),r12_e2_res_fx40_A_s1,59.4581,-5.0689
ResNet-18,1.0,conditional (fixed w 0.5),r12_e2_res_fx40_A_s2,64.8151,-5.4349
ResNet-18,1.0,"conditional (raw edge, adaptive w)",r12_e2_res_fx40_A_s0,59.6765,-5.4654
ResNet-18,1.0,"conditional (raw edge, adaptive w)",r12_e2_res_fx40_A_s1,53.4903,-11.0367
ResNet-18,1.0,"conditional (raw edge, adaptive w)",r12_e2_res_fx40_A_s2,59.2850,-10.9650
K=200,0.25,Device only,r12_s3k200_fixed040_s0,63.2226,-3.4894
K=200,0.25,Device only,r12_s3k200_fixed040_s1,62.9274,-3.9387
K=200,0.25,Device only,r12_s3k200_fixed040_s2,61.7251,-3.1273
K=200,0.25,Raw edge only,r12_s3k200_fixed040_s0,65.7979,-0.9140
K=200,0.25,Raw edge only,r12_s3k200_fixed040_s1,65.9156,-0.9506
K=200,0.25,Raw edge only,r12_s3k200_fixed040_s2,63.8756,-0.9768
K=200,0.25,Probability average,r12_s3k200_fixed040_s0,66.6656,-0.0464
K=200,0.25,Probability average,r12_s3k200_fixed040_s1,66.7475,-0.1187
K=200,0.25,Probability average,r12_s3k200_fixed040_s2,64.7136,-0.1388
K=200,0.25,Logit sum,r12_s3k200_fixed040_s0,66.6442,-0.0677
K=200,0.25,Logit sum,r12_s3k200_fixed040_s1,66.7569,-0.1093
K=200,0.25,Logit sum,r12_s3k200_fixed040_s2,64.7064,-0.1461
K=200,0.25,Correction + fixed w 0.5,r12_s3k200_fixed040_s0,66.5921,-0.1199
K=200,0.25,Correction + fixed w 0.5,r12_s3k200_fixed040_s1,66.7383,-0.1279
K=200,0.25,Correction + fixed w 0.5,r12_s3k200_fixed040_s2,64.7638,-0.0887
K=200,0.25,Correction + development w 0.2,r12_s3k200_fixed040_s0,66.8036,0.0916
K=200,0.25,Correction + development w 0.2,r12_s3k200_fixed040_s1,66.9394,0.0732
K=200,0.25,Correction + development w 0.2,r12_s3k200_fixed040_s2,64.9235,0.0711
K=200,0.25,Corrected edge only,r12_s3k200_fixed040_s0,66.8139,0.1020
K=200,0.25,Corrected edge only,r12_s3k200_fixed040_s1,66.9345,0.0684
K=200,0.25,Corrected edge only,r12_s3k200_fixed040_s2,64.9225,0.0701
K=200,0.25,Correction + product,r12_s3k200_fixed040_s0,66.3746,-0.3374
K=200,0.25,Correction + product,r12_s3k200_fixed040_s1,66.5354,-0.3308
K=200,0.25,Correction + product,r12_s3k200_fixed040_s2,64.5778,-0.2746
K=200,0.25,Correction + learned weight,r12_s3k200_fixed040_s0,66.5913,-0.1207
K=200,0.25,Correction + learned weight,r12_s3k200_fixed040_s1,66.6645,-0.2017
K=200,0.25,Correction + learned weight,r12_s3k200_fixed040_s2,64.7398,-0.1126
K=200,0.25,DriftGate-P,r12_s3k200_fixed040_s0,66.7120,0.0000
K=200,0.25,DriftGate-P,r12_s3k200_fixed040_s1,66.8662,0.0000
K=200,0.25,DriftGate-P,r12_s3k200_fixed040_s2,64.8524,0.0000
K=200,0.25,No correction + adaptive w,r12_s3k200_fixed040_s0,66.6596,-0.0524
K=200,0.25,No correction + adaptive w,r12_s3k200_fixed040_s1,66.7419,-0.1243
K=200,0.25,No correction + adaptive w,r12_s3k200_fixed040_s2,64.6937,-0.1587
K=200,0.25,conditional (adaptive w),r12_s3k200_fixed040_s0,66.8743,0.1623
K=200,0.25,conditional (adaptive w),r12_s3k200_fixed040_s1,66.9811,0.1150
K=200,0.25,conditional (adaptive w),r12_s3k200_fixed040_s2,64.9804,0.1279
K=200,0.25,conditional (fixed w 0.5),r12_s3k200_fixed040_s0,66.8431,0.1311
K=200,0.25,conditional (fixed w 0.5),r12_s3k200_fixed040_s1,66.9392,0.0730
K=200,0.25,conditional (fixed w 0.5),r12_s3k200_fixed040_s2,64.9500,0.0976
K=200,0.25,"conditional (raw edge, adaptive w)",r12_s3k200_fixed040_s0,65.5957,-1.1163
K=200,0.25,"conditional (raw edge, adaptive w)",r12_s3k200_fixed040_s1,65.7058,-1.1603
K=200,0.25,"conditional (raw edge, adaptive w)",r12_s3k200_fixed040_s2,63.6490,-1.2034
K=200,0.5,Device only,r12_s3k200_fixed040_s0,63.2226,-5.3656
K=200,0.5,Device only,r12_s3k200_fixed040_s1,62.9274,-5.8902
K=200,0.5,Device only,r12_s3k200_fixed040_s2,61.7251,-4.7291
K=200,0.5,Raw edge only,r12_s3k200_fixed040_s0,66.7464,-1.8418
K=200,0.5,Raw edge only,r12_s3k200_fixed040_s1,67.0379,-1.7798
K=200,0.5,Raw edge only,r12_s3k200_fixed040_s2,64.4505,-2.0037
K=200,0.5,Probability average,r12_s3k200_fixed040_s0,68.5263,-0.0619
K=200,0.5,Probability average,r12_s3k200_fixed040_s1,68.7205,-0.0971
K=200,0.5,Probability average,r12_s3k200_fixed040_s2,66.2741,-0.1802
K=200,0.5,Logit sum,r12_s3k200_fixed040_s0,68.4831,-0.1051
K=200,0.5,Logit sum,r12_s3k200_fixed040_s1,68.7188,-0.0988
K=200,0.5,Logit sum,r12_s3k200_fixed040_s2,66.2725,-0.1817
K=200,0.5,Correction + fixed w 0.5,r12_s3k200_fixed040_s0,68.3130,-0.2752
K=200,0.5,Correction + fixed w 0.5,r12_s3k200_fixed040_s1,68.5185,-0.2991
K=200,0.5,Correction + fixed w 0.5,r12_s3k200_fixed040_s2,66.2556,-0.1986
K=200,0.5,Correction + development w 0.2,r12_s3k200_fixed040_s0,68.7899,0.2017
K=200,0.5,Correction + development w 0.2,r12_s3k200_fixed040_s1,69.0178,0.2002
K=200,0.5,Correction + development w 0.2,r12_s3k200_fixed040_s2,66.6236,0.1694
K=200,0.5,Corrected edge only,r12_s3k200_fixed040_s0,68.8214,0.2331
K=200,0.5,Corrected edge only,r12_s3k200_fixed040_s1,69.0264,0.2088
K=200,0.5,Corrected edge only,r12_s3k200_fixed040_s2,66.6275,0.1733
K=200,0.5,Correction + product,r12_s3k200_fixed040_s0,67.9421,-0.6461
K=200,0.5,Correction + product,r12_s3k200_fixed040_s1,68.1706,-0.6471
K=200,0.5,Correction + product,r12_s3k200_fixed040_s2,65.9433,-0.5110
K=200,0.5,Correction + learned weight,r12_s3k200_fixed040_s0,68.2756,-0.3126
K=200,0.5,Correction + learned weight,r12_s3k200_fixed040_s1,68.4321,-0.3855
K=200,0.5,Correction + learned weight,r12_s3k200_fixed040_s2,66.1902,-0.2640
K=200,0.5,DriftGate-P,r12_s3k200_fixed040_s0,68.5882,0.0000
K=200,0.5,DriftGate-P,r12_s3k200_fixed040_s1,68.8176,0.0000
K=200,0.5,DriftGate-P,r12_s3k200_fixed040_s2,66.4542,0.0000
K=200,0.5,No correction + adaptive w,r12_s3k200_fixed040_s0,68.5741,-0.0141
K=200,0.5,No correction + adaptive w,r12_s3k200_fixed040_s1,68.7940,-0.0237
K=200,0.5,No correction + adaptive w,r12_s3k200_fixed040_s2,66.2689,-0.1853
K=200,0.5,conditional (adaptive w),r12_s3k200_fixed040_s0,68.9101,0.3218
K=200,0.5,conditional (adaptive w),r12_s3k200_fixed040_s1,69.1168,0.2992
K=200,0.5,conditional (adaptive w),r12_s3k200_fixed040_s2,66.7325,0.2783
K=200,0.5,conditional (fixed w 0.5),r12_s3k200_fixed040_s0,68.8286,0.2404
K=200,0.5,conditional (fixed w 0.5),r12_s3k200_fixed040_s1,69.0231,0.2055
K=200,0.5,conditional (fixed w 0.5),r12_s3k200_fixed040_s2,66.6640,0.2098
K=200,0.5,"conditional (raw edge, adaptive w)",r12_s3k200_fixed040_s0,66.4371,-2.1512
K=200,0.5,"conditional (raw edge, adaptive w)",r12_s3k200_fixed040_s1,66.7328,-2.0848
K=200,0.5,"conditional (raw edge, adaptive w)",r12_s3k200_fixed040_s2,64.1229,-2.3313
K=200,0.75,Device only,r12_s3k200_fixed040_s0,63.2226,-6.2981
K=200,0.75,Device only,r12_s3k200_fixed040_s1,62.9274,-6.6658
K=200,0.75,Device only,r12_s3k200_fixed040_s2,61.7251,-5.4301
K=200,0.75,Raw edge only,r12_s3k200_fixed040_s0,66.7315,-2.7893
K=200,0.75,Raw edge only,r12_s3k200_fixed040_s1,67.0510,-2.5422
K=200,0.75,Raw edge only,r12_s3k200_fixed040_s2,64.1340,-3.0213
K=200,0.75,Probability average,r12_s3k200_fixed040_s0,69.4801,-0.0407
K=200,0.75,Probability average,r12_s3k200_fixed040_s1,69.5516,-0.0417
K=200,0.75,Probability average,r12_s3k200_fixed040_s2,66.9903,-0.1649
K=200,0.75,Logit sum,r12_s3k200_fixed040_s0,69.4153,-0.1054
K=200,0.75,Logit sum,r12_s3k200_fixed040_s1,69.5300,-0.0632
K=200,0.75,Logit sum,r12_s3k200_fixed040_s2,66.9871,-0.1681
K=200,0.75,Correction + fixed w 0.5,r12_s3k200_fixed040_s0,69.1246,-0.3961
K=200,0.75,Correction + fixed w 0.5,r12_s3k200_fixed040_s1,69.1818,-0.4114
K=200,0.75,Correction + fixed w 0.5,r12_s3k200_fixed040_s2,66.8819,-0.2734
K=200,0.75,Correction + development w 0.2,r12_s3k200_fixed040_s0,69.7787,0.2580
K=200,0.75,Correction + development w 0.2,r12_s3k200_fixed040_s1,69.8741,0.2809
K=200,0.75,Correction + development w 0.2,r12_s3k200_fixed040_s2,67.3651,0.2099
K=200,0.75,Corrected edge only,r12_s3k200_fixed040_s0,69.7953,0.2745
K=200,0.75,Corrected edge only,r12_s3k200_fixed040_s1,69.8662,0.2729
K=200,0.75,Corrected edge only,r12_s3k200_fixed040_s2,67.3438,0.1886
K=200,0.75,Correction + product,r12_s3k200_fixed040_s0,68.6708,-0.8499
K=200,0.75,Correction + product,r12_s3k200_fixed040_s1,68.7745,-0.8188
K=200,0.75,Correction + product,r12_s3k200_fixed040_s2,66.5107,-0.6446
K=200,0.75,Correction + learned weight,r12_s3k200_fixed040_s0,69.1531,-0.3676
K=200,0.75,Correction + learned weight,r12_s3k200_fixed040_s1,69.1942,-0.3991
K=200,0.75,Correction + learned weight,r12_s3k200_fixed040_s2,66.8549,-0.3003
K=200,0.75,DriftGate-P,r12_s3k200_fixed040_s0,69.5207,0.0000
K=200,0.75,DriftGate-P,r12_s3k200_fixed040_s1,69.5932,0.0000
K=200,0.75,DriftGate-P,r12_s3k200_fixed040_s2,67.1552,0.0000
K=200,0.75,No correction + adaptive w,r12_s3k200_fixed040_s0,69.5713,0.0506
K=200,0.75,No correction + adaptive w,r12_s3k200_fixed040_s1,69.7132,0.1200
K=200,0.75,No correction + adaptive w,r12_s3k200_fixed040_s2,66.9967,-0.1585
K=200,0.75,conditional (adaptive w),r12_s3k200_fixed040_s0,69.9781,0.4573
K=200,0.75,conditional (adaptive w),r12_s3k200_fixed040_s1,70.0808,0.4876
K=200,0.75,conditional (adaptive w),r12_s3k200_fixed040_s2,67.5657,0.4104
K=200,0.75,conditional (fixed w 0.5),r12_s3k200_fixed040_s0,69.8803,0.3596
K=200,0.75,conditional (fixed w 0.5),r12_s3k200_fixed040_s1,69.9723,0.3790
K=200,0.75,conditional (fixed w 0.5),r12_s3k200_fixed040_s2,67.4855,0.3303
K=200,0.75,"conditional (raw edge, adaptive w)",r12_s3k200_fixed040_s0,66.4235,-3.0972
K=200,0.75,"conditional (raw edge, adaptive w)",r12_s3k200_fixed040_s1,66.7648,-2.8284
K=200,0.75,"conditional (raw edge, adaptive w)",r12_s3k200_fixed040_s2,63.8299,-3.3253
K=200,1.0,Device only,r12_s3k200_fixed040_s0,63.2226,-6.6529
K=200,1.0,Device only,r12_s3k200_fixed040_s1,62.9274,-6.8388
K=200,1.0,Device only,r12_s3k200_fixed040_s2,61.7251,-5.6192
K=200,1.0,Raw edge only,r12_s3k200_fixed040_s0,66.0770,-3.7986
K=200,1.0,Raw edge only,r12_s3k200_fixed040_s1,66.4093,-3.3569
K=200,1.0,Raw edge only,r12_s3k200_fixed040_s2,63.4179,-3.9265
K=200,1.0,Probability average,r12_s3k200_fixed040_s0,69.8174,-0.0582
K=200,1.0,Probability average,r12_s3k200_fixed040_s1,69.7064,-0.0599
K=200,1.0,Probability average,r12_s3k200_fixed040_s2,67.1680,-0.1763
K=200,1.0,Logit sum,r12_s3k200_fixed040_s0,69.7485,-0.1271
K=200,1.0,Logit sum,r12_s3k200_fixed040_s1,69.6717,-0.0945
K=200,1.0,Logit sum,r12_s3k200_fixed040_s2,67.1682,-0.1761
K=200,1.0,Correction + fixed w 0.5,r12_s3k200_fixed040_s0,69.4026,-0.4730
K=200,1.0,Correction + fixed w 0.5,r12_s3k200_fixed040_s1,69.3054,-0.4608
K=200,1.0,Correction + fixed w 0.5,r12_s3k200_fixed040_s2,67.0357,-0.3087
K=200,1.0,Correction + development w 0.2,r12_s3k200_fixed040_s0,70.1333,0.2578
K=200,1.0,Correction + development w 0.2,r12_s3k200_fixed040_s1,70.0198,0.2536
K=200,1.0,Correction + development w 0.2,r12_s3k200_fixed040_s2,67.5272,0.1828
K=200,1.0,Corrected edge only,r12_s3k200_fixed040_s0,70.0916,0.2160
K=200,1.0,Corrected edge only,r12_s3k200_fixed040_s1,69.9244,0.1582
K=200,1.0,Corrected edge only,r12_s3k200_fixed040_s2,67.4377,0.0934
K=200,1.0,Correction + product,r12_s3k200_fixed040_s0,68.9156,-0.9599
K=200,1.0,Correction + product,r12_s3k200_fixed040_s1,68.8873,-0.8789
K=200,1.0,Correction + product,r12_s3k200_fixed040_s2,66.6531,-0.6913
K=200,1.0,Correction + learned weight,r12_s3k200_fixed040_s0,69.5167,-0.3588
K=200,1.0,Correction + learned weight,r12_s3k200_fixed040_s1,69.3709,-0.3953
K=200,1.0,Correction + learned weight,r12_s3k200_fixed040_s2,67.0587,-0.2856
K=200,1.0,DriftGate-P,r12_s3k200_fixed040_s0,69.8756,0.0000
K=200,1.0,DriftGate-P,r12_s3k200_fixed040_s1,69.7662,0.0000
K=200,1.0,DriftGate-P,r12_s3k200_fixed040_s2,67.3444,0.0000
K=200,1.0,No correction + adaptive w,r12_s3k200_fixed040_s0,69.9281,0.0526
K=200,1.0,No correction + adaptive w,r12_s3k200_fixed040_s1,69.8990,0.1328
K=200,1.0,No correction + adaptive w,r12_s3k200_fixed040_s2,67.1706,-0.1738
K=200,1.0,conditional (adaptive w),r12_s3k200_fixed040_s0,70.3986,0.5231
K=200,1.0,conditional (adaptive w),r12_s3k200_fixed040_s1,70.2998,0.5336
K=200,1.0,conditional (adaptive w),r12_s3k200_fixed040_s2,67.7999,0.4556
K=200,1.0,conditional (fixed w 0.5),r12_s3k200_fixed040_s0,70.3023,0.4268
K=200,1.0,conditional (fixed w 0.5),r12_s3k200_fixed040_s1,70.1924,0.4262
K=200,1.0,conditional (fixed w 0.5),r12_s3k200_fixed040_s2,67.7241,0.3798
K=200,1.0,"conditional (raw edge, adaptive w)",r12_s3k200_fixed040_s0,65.8538,-4.0218
K=200,1.0,"conditional (raw edge, adaptive w)",r12_s3k200_fixed040_s1,66.2127,-3.5536
K=200,1.0,"conditional (raw edge, adaptive w)",r12_s3k200_fixed040_s2,63.2265,-4.1179
K=500,0.25,Device only,r12_s3k500_fixed040_s0,63.3204,-3.7021
K=500,0.25,Device only,r12_s3k500_fixed040_s1,63.0866,-4.1500
K=500,0.25,Device only,r12_s3k500_fixed040_s2,62.9400,-3.9146
K=500,0.25,Raw edge only,r12_s3k500_fixed040_s0,66.1421,-0.8803
K=500,0.25,Raw edge only,r12_s3k500_fixed040_s1,66.5348,-0.7018
K=500,0.25,Raw edge only,r12_s3k500_fixed040_s2,66.1002,-0.7544
K=500,0.25,Probability average,r12_s3k500_fixed040_s0,66.9856,-0.0369
K=500,0.25,Probability average,r12_s3k500_fixed040_s1,67.2901,0.0535
K=500,0.25,Probability average,r12_s3k500_fixed040_s2,66.9331,0.0785
K=500,0.25,Logit sum,r12_s3k500_fixed040_s0,66.9832,-0.0393
K=500,0.25,Logit sum,r12_s3k500_fixed040_s1,67.2758,0.0392
K=500,0.25,Logit sum,r12_s3k500_fixed040_s2,66.9423,0.0877
K=500,0.25,Correction + fixed w 0.5,r12_s3k500_fixed040_s0,66.8946,-0.1278
K=500,0.25,Correction + fixed w 0.5,r12_s3k500_fixed040_s1,67.0967,-0.1399
K=500,0.25,Correction + fixed w 0.5,r12_s3k500_fixed040_s2,66.7270,-0.1277
K=500,0.25,Correction + development w 0.2,r12_s3k500_fixed040_s0,67.1149,0.0924
K=500,0.25,Correction + development w 0.2,r12_s3k500_fixed040_s1,67.3781,0.1415
K=500,0.25,Correction + development w 0.2,r12_s3k500_fixed040_s2,66.9998,0.1452
K=500,0.25,Corrected edge only,r12_s3k500_fixed040_s0,67.1270,0.1045
K=500,0.25,Corrected edge only,r12_s3k500_fixed040_s1,67.3988,0.1622
K=500,0.25,Corrected edge only,r12_s3k500_fixed040_s2,67.0225,0.1678
K=500,0.25,Correction + product,r12_s3k500_fixed040_s0,66.6771,-0.3453
K=500,0.25,Correction + product,r12_s3k500_fixed040_s1,66.8516,-0.3850
K=500,0.25,Correction + product,r12_s3k500_fixed040_s2,66.4896,-0.3650
K=500,0.25,Correction + learned weight,r12_s3k500_fixed040_s0,66.9092,-0.1133
K=500,0.25,Correction + learned weight,r12_s3k500_fixed040_s1,67.0682,-0.1684
K=500,0.25,Correction + learned weight,r12_s3k500_fixed040_s2,66.7370,-0.1176
K=500,0.25,DriftGate-P,r12_s3k500_fixed040_s0,67.0225,0.0000
K=500,0.25,DriftGate-P,r12_s3k500_fixed040_s1,67.2366,0.0000
K=500,0.25,DriftGate-P,r12_s3k500_fixed040_s2,66.8546,0.0000
K=500,0.25,No correction + adaptive w,r12_s3k500_fixed040_s0,66.9732,-0.0493
K=500,0.25,No correction + adaptive w,r12_s3k500_fixed040_s1,67.3095,0.0729
K=500,0.25,No correction + adaptive w,r12_s3k500_fixed040_s2,66.9331,0.0785
K=500,0.25,conditional (adaptive w),r12_s3k500_fixed040_s0,67.1918,0.1693
K=500,0.25,conditional (adaptive w),r12_s3k500_fixed040_s1,67.4255,0.1889
K=500,0.25,conditional (adaptive w),r12_s3k500_fixed040_s2,67.0518,0.1971
K=500,0.25,conditional (fixed w 0.5),r12_s3k500_fixed040_s0,67.1624,0.1400
K=500,0.25,conditional (fixed w 0.5),r12_s3k500_fixed040_s1,67.3840,0.1474
K=500,0.25,conditional (fixed w 0.5),r12_s3k500_fixed040_s2,67.0140,0.1594
K=500,0.25,"conditional (raw edge, adaptive w)",r12_s3k500_fixed040_s0,65.9408,-1.0817
K=500,0.25,"conditional (raw edge, adaptive w)",r12_s3k500_fixed040_s1,66.3077,-0.9289
K=500,0.25,"conditional (raw edge, adaptive w)",r12_s3k500_fixed040_s2,65.8703,-0.9844
K=500,0.5,Device only,r12_s3k500_fixed040_s0,63.3204,-5.6320
K=500,0.5,Device only,r12_s3k500_fixed040_s1,63.0866,-6.1612
K=500,0.5,Device only,r12_s3k500_fixed040_s2,62.9400,-5.8879
K=500,0.5,Raw edge only,r12_s3k500_fixed040_s0,67.2339,-1.7185
K=500,0.5,Raw edge only,r12_s3k500_fixed040_s1,67.9463,-1.3015
K=500,0.5,Raw edge only,r12_s3k500_fixed040_s2,67.4695,-1.3584
K=500,0.5,Probability average,r12_s3k500_fixed040_s0,68.9642,0.0117
K=500,0.5,Probability average,r12_s3k500_fixed040_s1,69.4317,0.1838
K=500,0.5,Probability average,r12_s3k500_fixed040_s2,69.0970,0.2691
K=500,0.5,Logit sum,r12_s3k500_fixed040_s0,68.9332,-0.0193
K=500,0.5,Logit sum,r12_s3k500_fixed040_s1,69.3829,0.1351
K=500,0.5,Logit sum,r12_s3k500_fixed040_s2,69.0789,0.2509
K=500,0.5,Correction + fixed w 0.5,r12_s3k500_fixed040_s0,68.6602,-0.2923
K=500,0.5,Correction + fixed w 0.5,r12_s3k500_fixed040_s1,68.9230,-0.3248
K=500,0.5,Correction + fixed w 0.5,r12_s3k500_fixed040_s2,68.5310,-0.2969
K=500,0.5,Correction + development w 0.2,r12_s3k500_fixed040_s0,69.1715,0.2190
K=500,0.5,Correction + development w 0.2,r12_s3k500_fixed040_s1,69.5819,0.3340
K=500,0.5,Correction + development w 0.2,r12_s3k500_fixed040_s2,69.1826,0.3547
K=500,0.5,Corrected edge only,r12_s3k500_fixed040_s0,69.2097,0.2573
K=500,0.5,Corrected edge only,r12_s3k500_fixed040_s1,69.6478,0.4000
K=500,0.5,Corrected edge only,r12_s3k500_fixed040_s2,69.2571,0.4291
K=500,0.5,Correction + product,r12_s3k500_fixed040_s0,68.2828,-0.6696
K=500,0.5,Correction + product,r12_s3k500_fixed040_s1,68.5094,-0.7384
K=500,0.5,Correction + product,r12_s3k500_fixed040_s2,68.1138,-0.7141
K=500,0.5,Correction + learned weight,r12_s3k500_fixed040_s0,68.6874,-0.2650
K=500,0.5,Correction + learned weight,r12_s3k500_fixed040_s1,68.9197,-0.3282
K=500,0.5,Correction + learned weight,r12_s3k500_fixed040_s2,68.5716,-0.2563
K=500,0.5,DriftGate-P,r12_s3k500_fixed040_s0,68.9525,0.0000
K=500,0.5,DriftGate-P,r12_s3k500_fixed040_s1,69.2478,0.0000
K=500,0.5,DriftGate-P,r12_s3k500_fixed040_s2,68.8279,0.0000
K=500,0.5,No correction + adaptive w,r12_s3k500_fixed040_s0,69.0131,0.0606
K=500,0.5,No correction + adaptive w,r12_s3k500_fixed040_s1,69.5638,0.3160
K=500,0.5,No correction + adaptive w,r12_s3k500_fixed040_s2,69.1875,0.3596
K=500,0.5,conditional (adaptive w),r12_s3k500_fixed040_s0,69.3275,0.3751
K=500,0.5,conditional (adaptive w),r12_s3k500_fixed040_s1,69.6932,0.4453
K=500,0.5,conditional (adaptive w),r12_s3k500_fixed040_s2,69.2959,0.4679
K=500,0.5,conditional (fixed w 0.5),r12_s3k500_fixed040_s0,69.2558,0.3033
K=500,0.5,conditional (fixed w 0.5),r12_s3k500_fixed040_s1,69.5988,0.3510
K=500,0.5,conditional (fixed w 0.5),r12_s3k500_fixed040_s2,69.2081,0.3802
K=500,0.5,"conditional (raw edge, adaptive w)",r12_s3k500_fixed040_s0,66.9528,-1.9997
K=500,0.5,"conditional (raw edge, adaptive w)",r12_s3k500_fixed040_s1,67.6209,-1.6269
K=500,0.5,"conditional (raw edge, adaptive w)",r12_s3k500_fixed040_s2,67.1370,-1.6909
K=500,0.75,Device only,r12_s3k500_fixed040_s0,63.3204,-6.5678
K=500,0.75,Device only,r12_s3k500_fixed040_s1,63.0866,-6.9693
K=500,0.75,Device only,r12_s3k500_fixed040_s2,62.9400,-6.7169
K=500,0.75,Raw edge only,r12_s3k500_fixed040_s0,67.3188,-2.5693
K=500,0.75,Raw edge only,r12_s3k500_fixed040_s1,68.0986,-1.9573
K=500,0.75,Raw edge only,r12_s3k500_fixed040_s2,67.6001,-2.0569
K=500,0.75,Probability average,r12_s3k500_fixed040_s0,69.9592,0.0710
K=500,0.75,Probability average,r12_s3k500_fixed040_s1,70.3460,0.2901
K=500,0.75,Probability average,r12_s3k500_fixed040_s2,70.0785,0.4216
K=500,0.75,Logit sum,r12_s3k500_fixed040_s0,69.8885,0.0003
K=500,0.75,Logit sum,r12_s3k500_fixed040_s1,70.2672,0.2113
K=500,0.75,Logit sum,r12_s3k500_fixed040_s2,70.0284,0.3715
K=500,0.75,Correction + fixed w 0.5,r12_s3k500_fixed040_s0,69.4664,-0.4218
K=500,0.75,Correction + fixed w 0.5,r12_s3k500_fixed040_s1,69.6116,-0.4443
K=500,0.75,Correction + fixed w 0.5,r12_s3k500_fixed040_s2,69.2435,-0.4135
K=500,0.75,Correction + development w 0.2,r12_s3k500_fixed040_s0,70.1869,0.2987
K=500,0.75,Correction + development w 0.2,r12_s3k500_fixed040_s1,70.5082,0.4523
K=500,0.75,Correction + development w 0.2,r12_s3k500_fixed040_s2,70.1525,0.4956
K=500,0.75,Corrected edge only,r12_s3k500_fixed040_s0,70.2204,0.3322
K=500,0.75,Corrected edge only,r12_s3k500_fixed040_s1,70.5784,0.5225
K=500,0.75,Corrected edge only,r12_s3k500_fixed040_s2,70.2481,0.5911
K=500,0.75,Correction + product,r12_s3k500_fixed040_s0,68.9971,-0.8910
K=500,0.75,Correction + product,r12_s3k500_fixed040_s1,69.1267,-0.9292
K=500,0.75,Correction + product,r12_s3k500_fixed040_s2,68.7437,-0.9132
K=500,0.75,Correction + learned weight,r12_s3k500_fixed040_s0,69.5805,-0.3077
K=500,0.75,Correction + learned weight,r12_s3k500_fixed040_s1,69.7355,-0.3204
K=500,0.75,Correction + learned weight,r12_s3k500_fixed040_s2,69.4029,-0.2541
K=500,0.75,DriftGate-P,r12_s3k500_fixed040_s0,69.8882,0.0000
K=500,0.75,DriftGate-P,r12_s3k500_fixed040_s1,70.0559,0.0000
K=500,0.75,DriftGate-P,r12_s3k500_fixed040_s2,69.6569,0.0000
K=500,0.75,No correction + adaptive w,r12_s3k500_fixed040_s0,70.0769,0.1887
K=500,0.75,No correction + adaptive w,r12_s3k500_fixed040_s1,70.5833,0.5274
K=500,0.75,No correction + adaptive w,r12_s3k500_fixed040_s2,70.2512,0.5943
K=500,0.75,conditional (adaptive w),r12_s3k500_fixed040_s0,70.4471,0.5589
K=500,0.75,conditional (adaptive w),r12_s3k500_fixed040_s1,70.7412,0.6853
K=500,0.75,conditional (adaptive w),r12_s3k500_fixed040_s2,70.3779,0.7210
K=500,0.75,conditional (fixed w 0.5),r12_s3k500_fixed040_s0,70.3573,0.4691
K=500,0.75,conditional (fixed w 0.5),r12_s3k500_fixed040_s1,70.6330,0.5771
K=500,0.75,conditional (fixed w 0.5),r12_s3k500_fixed040_s2,70.2735,0.6165
K=500,0.75,"conditional (raw edge, adaptive w)",r12_s3k500_fixed040_s0,67.0701,-2.8181
K=500,0.75,"conditional (raw edge, adaptive w)",r12_s3k500_fixed040_s1,67.8176,-2.2383
K=500,0.75,"conditional (raw edge, adaptive w)",r12_s3k500_fixed040_s2,67.3023,-2.3546
K=500,1.0,Device only,r12_s3k500_fixed040_s0,63.3204,-6.8692
K=500,1.0,Device only,r12_s3k500_fixed040_s1,63.0866,-7.1898
K=500,1.0,Device only,r12_s3k500_fixed040_s2,62.9400,-6.9272
K=500,1.0,Raw edge only,r12_s3k500_fixed040_s0,66.7833,-3.4063
K=500,1.0,Raw edge only,r12_s3k500_fixed040_s1,67.5339,-2.7425
K=500,1.0,Raw edge only,r12_s3k500_fixed040_s2,66.8985,-2.9687
K=500,1.0,Probability average,r12_s3k500_fixed040_s0,70.2627,0.0731
K=500,1.0,Probability average,r12_s3k500_fixed040_s1,70.5583,0.2819
K=500,1.0,Probability average,r12_s3k500_fixed040_s2,70.3175,0.4503
K=500,1.0,Logit sum,r12_s3k500_fixed040_s0,70.1684,-0.0213
K=500,1.0,Logit sum,r12_s3k500_fixed040_s1,70.4624,0.1860
K=500,1.0,Logit sum,r12_s3k500_fixed040_s2,70.2510,0.3838
K=500,1.0,Correction + fixed w 0.5,r12_s3k500_fixed040_s0,69.6885,-0.5012
K=500,1.0,Correction + fixed w 0.5,r12_s3k500_fixed040_s1,69.7710,-0.5054
K=500,1.0,Correction + fixed w 0.5,r12_s3k500_fixed040_s2,69.4001,-0.4672
K=500,1.0,Correction + development w 0.2,r12_s3k500_fixed040_s0,70.4957,0.3060
K=500,1.0,Correction + development w 0.2,r12_s3k500_fixed040_s1,70.7161,0.4397
K=500,1.0,Correction + development w 0.2,r12_s3k500_fixed040_s2,70.3657,0.4985
K=500,1.0,Corrected edge only,r12_s3k500_fixed040_s0,70.4848,0.2952
K=500,1.0,Corrected edge only,r12_s3k500_fixed040_s1,70.7113,0.4349
K=500,1.0,Corrected edge only,r12_s3k500_fixed040_s2,70.4037,0.5365
K=500,1.0,Correction + product,r12_s3k500_fixed040_s0,69.1893,-1.0003
K=500,1.0,Correction + product,r12_s3k500_fixed040_s1,69.2711,-1.0053
K=500,1.0,Correction + product,r12_s3k500_fixed040_s2,68.8833,-0.9839
K=500,1.0,Correction + learned weight,r12_s3k500_fixed040_s0,69.8938,-0.2959
K=500,1.0,Correction + learned weight,r12_s3k500_fixed040_s1,69.9681,-0.3083
K=500,1.0,Correction + learned weight,r12_s3k500_fixed040_s2,69.6435,-0.2237
K=500,1.0,DriftGate-P,r12_s3k500_fixed040_s0,70.1897,0.0000
K=500,1.0,DriftGate-P,r12_s3k500_fixed040_s1,70.2764,0.0000
K=500,1.0,DriftGate-P,r12_s3k500_fixed040_s2,69.8672,0.0000
K=500,1.0,No correction + adaptive w,r12_s3k500_fixed040_s0,70.4304,0.2408
K=500,1.0,No correction + adaptive w,r12_s3k500_fixed040_s1,70.8432,0.5668
K=500,1.0,No correction + adaptive w,r12_s3k500_fixed040_s2,70.5198,0.6526
K=500,1.0,conditional (adaptive w),r12_s3k500_fixed040_s0,70.8401,0.6504
K=500,1.0,conditional (adaptive w),r12_s3k500_fixed040_s1,71.0335,0.7571
K=500,1.0,conditional (adaptive w),r12_s3k500_fixed040_s2,70.6804,0.8131
K=500,1.0,conditional (fixed w 0.5),r12_s3k500_fixed040_s0,70.7503,0.5607
K=500,1.0,conditional (fixed w 0.5),r12_s3k500_fixed040_s1,70.9290,0.6526
K=500,1.0,conditional (fixed w 0.5),r12_s3k500_fixed040_s2,70.5771,0.7099
K=500,1.0,"conditional (raw edge, adaptive w)",r12_s3k500_fixed040_s0,66.6402,-3.5494
K=500,1.0,"conditional (raw edge, adaptive w)",r12_s3k500_fixed040_s1,67.3791,-2.8973
K=500,1.0,"conditional (raw edge, adaptive w)",r12_s3k500_fixed040_s2,66.7390,-3.1283
S1 replay,0.25,Device only,r15_s1_replay_s0,64.9882,-4.2404
S1 replay,0.25,Device only,r15_s1_replay_s1,66.4273,-3.2253
S1 replay,0.25,Device only,r15_s1_replay_s2,67.2502,-3.0425
S1 replay,0.25,Device only,r15_s1_replay_s3,65.2418,-2.4952
S1 replay,0.25,Device only,r15_s1_replay_s4,67.9687,-3.3406
S1 replay,0.25,Raw edge only,r15_s1_replay_s0,69.2193,-0.0092
S1 replay,0.25,Raw edge only,r15_s1_replay_s1,69.3495,-0.3031
S1 replay,0.25,Raw edge only,r15_s1_replay_s2,70.3113,0.0185
S1 replay,0.25,Raw edge only,r15_s1_replay_s3,67.3507,-0.3864
S1 replay,0.25,Raw edge only,r15_s1_replay_s4,71.0344,-0.2749
S1 replay,0.25,Probability average,r15_s1_replay_s0,69.4719,0.2433
S1 replay,0.25,Probability average,r15_s1_replay_s1,69.7179,0.0653
S1 replay,0.25,Probability average,r15_s1_replay_s2,70.5417,0.2490
S1 replay,0.25,Probability average,r15_s1_replay_s3,67.7672,0.0301
S1 replay,0.25,Probability average,r15_s1_replay_s4,71.3834,0.0740
S1 replay,0.25,Logit sum,r15_s1_replay_s0,69.2277,-0.0009
S1 replay,0.25,Logit sum,r15_s1_replay_s1,69.5339,-0.1187
S1 replay,0.25,Logit sum,r15_s1_replay_s2,70.4924,0.1997
S1 replay,0.25,Logit sum,r15_s1_replay_s3,67.7091,-0.0279
S1 replay,0.25,Logit sum,r15_s1_replay_s4,71.2984,-0.0110
S1 replay,0.25,Correction + fixed w 0.5,r15_s1_replay_s0,69.0304,-0.1981
S1 replay,0.25,Correction + fixed w 0.5,r15_s1_replay_s1,69.4942,-0.1584
S1 replay,0.25,Correction + fixed w 0.5,r15_s1_replay_s2,70.1585,-0.1342
S1 replay,0.25,Correction + fixed w 0.5,r15_s1_replay_s3,67.6796,-0.0575
S1 replay,0.25,Correction + fixed w 0.5,r15_s1_replay_s4,71.1821,-0.1272
S1 replay,0.25,Correction + development w 0.2,r15_s1_replay_s0,69.3495,0.1210
S1 replay,0.25,Correction + development w 0.2,r15_s1_replay_s1,69.7557,0.1031
S1 replay,0.25,Correction + development w 0.2,r15_s1_replay_s2,70.4494,0.1567
S1 replay,0.25,Correction + development w 0.2,r15_s1_replay_s3,67.7262,-0.0109
S1 replay,0.25,Correction + development w 0.2,r15_s1_replay_s4,71.4018,0.0924
S1 replay,0.25,Corrected edge only,r15_s1_replay_s0,69.4148,0.1863
S1 replay,0.25,Corrected edge only,r15_s1_replay_s1,69.7618,0.1092
S1 replay,0.25,Corrected edge only,r15_s1_replay_s2,70.4495,0.1567
S1 replay,0.25,Corrected edge only,r15_s1_replay_s3,67.6887,-0.0483
S1 replay,0.25,Corrected edge only,r15_s1_replay_s4,71.4231,0.1137
S1 replay,0.25,Correction + product,r15_s1_replay_s0,68.6640,-0.5646
S1 replay,0.25,Correction + product,r15_s1_replay_s1,69.2374,-0.4152
S1 replay,0.25,Correction + product,r15_s1_replay_s2,69.9910,-0.3017
S1 replay,0.25,Correction + product,r15_s1_replay_s3,67.5698,-0.1672
S1 replay,0.25,Correction + product,r15_s1_replay_s4,70.9639,-0.3454
S1 replay,0.25,Correction + learned weight,r15_s1_replay_s0,68.8639,-0.3646
S1 replay,0.25,Correction + learned weight,r15_s1_replay_s1,69.3550,-0.2976
S1 replay,0.25,Correction + learned weight,r15_s1_replay_s2,70.1831,-0.1096
S1 replay,0.25,Correction + learned weight,r15_s1_replay_s3,67.4599,-0.2771
S1 replay,0.25,Correction + learned weight,r15_s1_replay_s4,71.0599,-0.2494
S1 replay,0.25,DriftGate-P,r15_s1_replay_s0,69.2285,0.0000
S1 replay,0.25,DriftGate-P,r15_s1_replay_s1,69.6526,0.0000
S1 replay,0.25,DriftGate-P,r15_s1_replay_s2,70.2927,0.0000
S1 replay,0.25,DriftGate-P,r15_s1_replay_s3,67.7371,0.0000
S1 replay,0.25,DriftGate-P,r15_s1_replay_s4,71.3093,0.0000
S1 replay,0.25,No correction + adaptive w,r15_s1_replay_s0,69.5549,0.3263
S1 replay,0.25,No correction + adaptive w,r15_s1_replay_s1,69.7521,0.0995
S1 replay,0.25,No correction + adaptive w,r15_s1_replay_s2,70.5672,0.2745
S1 replay,0.25,No correction + adaptive w,r15_s1_replay_s3,67.6931,-0.0440
S1 replay,0.25,No correction + adaptive w,r15_s1_replay_s4,71.4161,0.1067
S1 replay,0.25,conditional (adaptive w),r15_s1_replay_s0,69.4034,0.1748
S1 replay,0.25,conditional (adaptive w),r15_s1_replay_s1,69.8017,0.1491
S1 replay,0.25,conditional (adaptive w),r15_s1_replay_s2,70.5460,0.2533
S1 replay,0.25,conditional (adaptive w),r15_s1_replay_s3,67.7732,0.0361
S1 replay,0.25,conditional (adaptive w),r15_s1_replay_s4,71.4255,0.1161
S1 replay,0.25,conditional (fixed w 0.5),r15_s1_replay_s0,69.3094,0.0808
S1 replay,0.25,conditional (fixed w 0.5),r15_s1_replay_s1,69.7254,0.0728
S1 replay,0.25,conditional (fixed w 0.5),r15_s1_replay_s2,70.5422,0.2495
S1 replay,0.25,conditional (fixed w 0.5),r15_s1_replay_s3,67.7909,0.0538
S1 replay,0.25,conditional (fixed w 0.5),r15_s1_replay_s4,71.3918,0.0825
S1 replay,0.25,"conditional (raw edge, adaptive w)",r15_s1_replay_s0,69.0907,-0.1379
S1 replay,0.25,"conditional (raw edge, adaptive w)",r15_s1_replay_s1,69.2792,-0.3734
S1 replay,0.25,"conditional (raw edge, adaptive w)",r15_s1_replay_s2,70.2813,-0.0115
S1 replay,0.25,"conditional (raw edge, adaptive w)",r15_s1_replay_s3,67.3032,-0.4339
S1 replay,0.25,"conditional (raw edge, adaptive w)",r15_s1_replay_s4,70.9400,-0.3693
S1 replay,0.5,Device only,r15_s1_replay_s0,64.9882,-6.3469
S1 replay,0.5,Device only,r15_s1_replay_s1,66.4273,-4.7674
S1 replay,0.5,Device only,r15_s1_replay_s2,67.2502,-4.2943
S1 replay,0.5,Device only,r15_s1_replay_s3,65.2418,-3.6862
S1 replay,0.5,Device only,r15_s1_replay_s4,67.9687,-5.0555
S1 replay,0.5,Raw edge only,r15_s1_replay_s0,71.6086,0.2735
S1 replay,0.5,Raw edge only,r15_s1_replay_s1,70.7983,-0.3963
S1 replay,0.5,Raw edge only,r15_s1_replay_s2,71.4009,-0.1436
S1 replay,0.5,Raw edge only,r15_s1_replay_s3,68.0062,-0.9218
S1 replay,0.5,Raw edge only,r15_s1_replay_s4,72.7022,-0.3220
S1 replay,0.5,Probability average,r15_s1_replay_s0,71.7832,0.4482
S1 replay,0.5,Probability average,r15_s1_replay_s1,71.2931,0.0984
S1 replay,0.5,Probability average,r15_s1_replay_s2,71.9594,0.4149
S1 replay,0.5,Probability average,r15_s1_replay_s3,68.9160,-0.0119
S1 replay,0.5,Probability average,r15_s1_replay_s4,73.1415,0.1173
S1 replay,0.5,Logit sum,r15_s1_replay_s0,71.4613,0.1263
S1 replay,0.5,Logit sum,r15_s1_replay_s1,71.0028,-0.1919
S1 replay,0.5,Logit sum,r15_s1_replay_s2,71.9717,0.4271
S1 replay,0.5,Logit sum,r15_s1_replay_s3,68.8621,-0.0659
S1 replay,0.5,Logit sum,r15_s1_replay_s4,73.0258,0.0015
S1 replay,0.5,Correction + fixed w 0.5,r15_s1_replay_s0,70.8918,-0.4433
S1 replay,0.5,Correction + fixed w 0.5,r15_s1_replay_s1,70.8373,-0.3574
S1 replay,0.5,Correction + fixed w 0.5,r15_s1_replay_s2,71.2865,-0.2580
S1 replay,0.5,Correction + fixed w 0.5,r15_s1_replay_s3,68.8393,-0.0887
S1 replay,0.5,Correction + fixed w 0.5,r15_s1_replay_s4,72.6808,-0.3434
S1 replay,0.5,Correction + development w 0.2,r15_s1_replay_s0,71.7091,0.3740
S1 replay,0.5,Correction + development w 0.2,r15_s1_replay_s1,71.5635,0.3688
S1 replay,0.5,Correction + development w 0.2,r15_s1_replay_s2,71.9790,0.4344
S1 replay,0.5,Correction + development w 0.2,r15_s1_replay_s3,68.9095,-0.0185
S1 replay,0.5,Correction + development w 0.2,r15_s1_replay_s4,73.3023,0.2781
S1 replay,0.5,Corrected edge only,r15_s1_replay_s0,71.8868,0.5518
S1 replay,0.5,Corrected edge only,r15_s1_replay_s1,71.6437,0.4491
S1 replay,0.5,Corrected edge only,r15_s1_replay_s2,72.0284,0.4838
S1 replay,0.5,Corrected edge only,r15_s1_replay_s3,68.8034,-0.1246
S1 replay,0.5,Corrected edge only,r15_s1_replay_s4,73.3982,0.3740
S1 replay,0.5,Correction + product,r15_s1_replay_s0,70.3047,-1.0304
S1 replay,0.5,Correction + product,r15_s1_replay_s1,70.4304,-0.7643
S1 replay,0.5,Correction + product,r15_s1_replay_s2,71.0680,-0.4766
S1 replay,0.5,Correction + product,r15_s1_replay_s3,68.6716,-0.2564
S1 replay,0.5,Correction + product,r15_s1_replay_s4,72.3334,-0.6908
S1 replay,0.5,Correction + learned weight,r15_s1_replay_s0,70.6107,-0.7244
S1 replay,0.5,Correction + learned weight,r15_s1_replay_s1,70.7228,-0.4719
S1 replay,0.5,Correction + learned weight,r15_s1_replay_s2,71.4707,-0.0739
S1 replay,0.5,Correction + learned weight,r15_s1_replay_s3,68.4931,-0.4349
S1 replay,0.5,Correction + learned weight,r15_s1_replay_s4,72.6072,-0.4170
S1 replay,0.5,DriftGate-P,r15_s1_replay_s0,71.3350,0.0000
S1 replay,0.5,DriftGate-P,r15_s1_replay_s1,71.1947,0.0000
S1 replay,0.5,DriftGate-P,r15_s1_replay_s2,71.5446,0.0000
S1 replay,0.5,DriftGate-P,r15_s1_replay_s3,68.9280,0.0000
S1 replay,0.5,DriftGate-P,r15_s1_replay_s4,73.0242,0.0000
S1 replay,0.5,No correction + adaptive w,r15_s1_replay_s0,72.0913,0.7563
S1 replay,0.5,No correction + adaptive w,r15_s1_replay_s1,71.4645,0.2699
S1 replay,0.5,No correction + adaptive w,r15_s1_replay_s2,71.9947,0.4501
S1 replay,0.5,No correction + adaptive w,r15_s1_replay_s3,68.7564,-0.1716
S1 replay,0.5,No correction + adaptive w,r15_s1_replay_s4,73.2776,0.2534
S1 replay,0.5,conditional (adaptive w),r15_s1_replay_s0,71.7862,0.4512
S1 replay,0.5,conditional (adaptive w),r15_s1_replay_s1,71.6362,0.4415
S1 replay,0.5,conditional (adaptive w),r15_s1_replay_s2,72.1336,0.5891
S1 replay,0.5,conditional (adaptive w),r15_s1_replay_s3,68.9698,0.0418
S1 replay,0.5,conditional (adaptive w),r15_s1_replay_s4,73.3568,0.3326
S1 replay,0.5,conditional (fixed w 0.5),r15_s1_replay_s0,71.5740,0.2389
S1 replay,0.5,conditional (fixed w 0.5),r15_s1_replay_s1,71.4657,0.2710
S1 replay,0.5,conditional (fixed w 0.5),r15_s1_replay_s2,72.1176,0.5730
S1 replay,0.5,conditional (fixed w 0.5),r15_s1_replay_s3,69.0288,0.1008
S1 replay,0.5,conditional (fixed w 0.5),r15_s1_replay_s4,73.2405,0.2163
S1 replay,0.5,"conditional (raw edge, adaptive w)",r15_s1_replay_s0,71.3740,0.0390
S1 replay,0.5,"conditional (raw edge, adaptive w)",r15_s1_replay_s1,70.6627,-0.5319
S1 replay,0.5,"conditional (raw edge, adaptive w)",r15_s1_replay_s2,71.3570,-0.1876
S1 replay,0.5,"conditional (raw edge, adaptive w)",r15_s1_replay_s3,67.9802,-0.9478
S1 replay,0.5,"conditional (raw edge, adaptive w)",r15_s1_replay_s4,72.5467,-0.4775
S1 replay,0.75,Device only,r15_s1_replay_s0,64.9882,-7.1952
S1 replay,0.75,Device only,r15_s1_replay_s1,66.4273,-5.3324
S1 replay,0.75,Device only,r15_s1_replay_s2,67.2502,-4.8173
S1 replay,0.75,Device only,r15_s1_replay_s3,65.2418,-4.1635
S1 replay,0.75,Device only,r15_s1_replay_s4,67.9687,-5.6693
S1 replay,0.75,Raw edge only,r15_s1_replay_s0,72.6470,0.4637
S1 replay,0.75,Raw edge only,r15_s1_replay_s1,71.4587,-0.3010
S1 replay,0.75,Raw edge only,r15_s1_replay_s2,71.9010,-0.1666
S1 replay,0.75,Raw edge only,r15_s1_replay_s3,68.3007,-1.1047
S1 replay,0.75,Raw edge only,r15_s1_replay_s4,73.2943,-0.3438
S1 replay,0.75,Probability average,r15_s1_replay_s0,72.7564,0.5731
S1 replay,0.75,Probability average,r15_s1_replay_s1,71.8855,0.1259
S1 replay,0.75,Probability average,r15_s1_replay_s2,72.6491,0.5816
S1 replay,0.75,Probability average,r15_s1_replay_s3,69.3422,-0.0632
S1 replay,0.75,Probability average,r15_s1_replay_s4,73.8224,0.1844
S1 replay,0.75,Logit sum,r15_s1_replay_s0,72.4151,0.2318
S1 replay,0.75,Logit sum,r15_s1_replay_s1,71.5403,-0.2193
S1 replay,0.75,Logit sum,r15_s1_replay_s2,72.6268,0.5592
S1 replay,0.75,Logit sum,r15_s1_replay_s3,69.2503,-0.1550
S1 replay,0.75,Logit sum,r15_s1_replay_s4,73.7029,0.0648
S1 replay,0.75,Correction + fixed w 0.5,r15_s1_replay_s0,71.5886,-0.5947
S1 replay,0.75,Correction + fixed w 0.5,r15_s1_replay_s1,71.3027,-0.4569
S1 replay,0.75,Correction + fixed w 0.5,r15_s1_replay_s2,71.7587,-0.3088
S1 replay,0.75,Correction + fixed w 0.5,r15_s1_replay_s3,69.2648,-0.1406
S1 replay,0.75,Correction + fixed w 0.5,r15_s1_replay_s4,73.2136,-0.4245
S1 replay,0.75,Correction + development w 0.2,r15_s1_replay_s0,72.8163,0.6329
S1 replay,0.75,Correction + development w 0.2,r15_s1_replay_s1,72.3613,0.6017
S1 replay,0.75,Correction + development w 0.2,r15_s1_replay_s2,72.7723,0.7048
S1 replay,0.75,Correction + development w 0.2,r15_s1_replay_s3,69.4882,0.0829
S1 replay,0.75,Correction + development w 0.2,r15_s1_replay_s4,74.1099,0.4719
S1 replay,0.75,Corrected edge only,r15_s1_replay_s0,73.0863,0.9029
S1 replay,0.75,Corrected edge only,r15_s1_replay_s1,72.5441,0.7845
S1 replay,0.75,Corrected edge only,r15_s1_replay_s2,72.8929,0.8254
S1 replay,0.75,Corrected edge only,r15_s1_replay_s3,69.3757,-0.0297
S1 replay,0.75,Corrected edge only,r15_s1_replay_s4,74.2787,0.6406
S1 replay,0.75,Correction + product,r15_s1_replay_s0,70.9218,-1.2616
S1 replay,0.75,Correction + product,r15_s1_replay_s1,70.8329,-0.9267
S1 replay,0.75,Correction + product,r15_s1_replay_s2,71.5049,-0.5626
S1 replay,0.75,Correction + product,r15_s1_replay_s3,69.0443,-0.3610
S1 replay,0.75,Correction + product,r15_s1_replay_s4,72.8195,-0.8186
S1 replay,0.75,Correction + learned weight,r15_s1_replay_s0,71.5001,-0.6832
S1 replay,0.75,Correction + learned weight,r15_s1_replay_s1,71.3685,-0.3911
S1 replay,0.75,Correction + learned weight,r15_s1_replay_s2,72.1621,0.0946
S1 replay,0.75,Correction + learned weight,r15_s1_replay_s3,69.0245,-0.3809
S1 replay,0.75,Correction + learned weight,r15_s1_replay_s4,73.3058,-0.3322
S1 replay,0.75,DriftGate-P,r15_s1_replay_s0,72.1833,0.0000
S1 replay,0.75,DriftGate-P,r15_s1_replay_s1,71.7596,0.0000
S1 replay,0.75,DriftGate-P,r15_s1_replay_s2,72.0675,0.0000
S1 replay,0.75,DriftGate-P,r15_s1_replay_s3,69.4054,0.0000
S1 replay,0.75,DriftGate-P,r15_s1_replay_s4,73.6381,0.0000
S1 replay,0.75,No correction + adaptive w,r15_s1_replay_s0,73.1945,1.0111
S1 replay,0.75,No correction + adaptive w,r15_s1_replay_s1,72.1251,0.3655
S1 replay,0.75,No correction + adaptive w,r15_s1_replay_s2,72.6972,0.6296
S1 replay,0.75,No correction + adaptive w,r15_s1_replay_s3,69.2089,-0.1965
S1 replay,0.75,No correction + adaptive w,r15_s1_replay_s4,74.0277,0.3897
S1 replay,0.75,conditional (adaptive w),r15_s1_replay_s0,72.9218,0.7384
S1 replay,0.75,conditional (adaptive w),r15_s1_replay_s1,72.5043,0.7447
S1 replay,0.75,conditional (adaptive w),r15_s1_replay_s2,72.9948,0.9273
S1 replay,0.75,conditional (adaptive w),r15_s1_replay_s3,69.5783,0.1730
S1 replay,0.75,conditional (adaptive w),r15_s1_replay_s4,74.1988,0.5608
S1 replay,0.75,conditional (fixed w 0.5),r15_s1_replay_s0,72.6755,0.4922
S1 replay,0.75,conditional (fixed w 0.5),r15_s1_replay_s1,72.3163,0.5567
S1 replay,0.75,conditional (fixed w 0.5),r15_s1_replay_s2,72.9786,0.9110
S1 replay,0.75,conditional (fixed w 0.5),r15_s1_replay_s3,69.6421,0.2368
S1 replay,0.75,conditional (fixed w 0.5),r15_s1_replay_s4,74.0735,0.4355
S1 replay,0.75,"conditional (raw edge, adaptive w)",r15_s1_replay_s0,72.3535,0.1702
S1 replay,0.75,"conditional (raw edge, adaptive w)",r15_s1_replay_s1,71.2874,-0.4723
S1 replay,0.75,"conditional (raw edge, adaptive w)",r15_s1_replay_s2,71.8397,-0.2278
S1 replay,0.75,"conditional (raw edge, adaptive w)",r15_s1_replay_s3,68.2954,-1.1099
S1 replay,0.75,"conditional (raw edge, adaptive w)",r15_s1_replay_s4,73.1059,-0.5321
S1 replay,1.0,Device only,r15_s1_replay_s0,64.9882,-7.4505
S1 replay,1.0,Device only,r15_s1_replay_s1,66.4273,-5.4512
S1 replay,1.0,Device only,r15_s1_replay_s2,67.2502,-4.9009
S1 replay,1.0,Device only,r15_s1_replay_s3,65.2418,-4.2395
S1 replay,1.0,Device only,r15_s1_replay_s4,67.9687,-5.8153
S1 replay,1.0,Raw edge only,r15_s1_replay_s0,73.0368,0.5981
S1 replay,1.0,Raw edge only,r15_s1_replay_s1,71.7958,-0.0827
S1 replay,1.0,Raw edge only,r15_s1_replay_s2,71.9126,-0.2385
S1 replay,1.0,Raw edge only,r15_s1_replay_s3,68.4430,-1.0384
S1 replay,1.0,Raw edge only,r15_s1_replay_s4,73.5348,-0.2492
S1 replay,1.0,Probability average,r15_s1_replay_s0,73.0918,0.6531
S1 replay,1.0,Probability average,r15_s1_replay_s1,72.0082,0.1297
S1 replay,1.0,Probability average,r15_s1_replay_s2,72.7969,0.6458
S1 replay,1.0,Probability average,r15_s1_replay_s3,69.4297,-0.0517
S1 replay,1.0,Probability average,r15_s1_replay_s4,74.0321,0.2481
S1 replay,1.0,Logit sum,r15_s1_replay_s0,72.7513,0.3126
S1 replay,1.0,Logit sum,r15_s1_replay_s1,71.6537,-0.2248
S1 replay,1.0,Logit sum,r15_s1_replay_s2,72.7702,0.6190
S1 replay,1.0,Logit sum,r15_s1_replay_s3,69.3114,-0.1700
S1 replay,1.0,Logit sum,r15_s1_replay_s4,73.9083,0.1244
S1 replay,1.0,Correction + fixed w 0.5,r15_s1_replay_s0,71.7824,-0.6563
S1 replay,1.0,Correction + fixed w 0.5,r15_s1_replay_s1,71.3711,-0.5074
S1 replay,1.0,Correction + fixed w 0.5,r15_s1_replay_s2,71.8486,-0.3025
S1 replay,1.0,Correction + fixed w 0.5,r15_s1_replay_s3,69.3309,-0.1505
S1 replay,1.0,Correction + fixed w 0.5,r15_s1_replay_s4,73.3317,-0.4523
S1 replay,1.0,Correction + development w 0.2,r15_s1_replay_s0,73.2122,0.7735
S1 replay,1.0,Correction + development w 0.2,r15_s1_replay_s1,72.5867,0.7083
S1 replay,1.0,Correction + development w 0.2,r15_s1_replay_s2,72.9965,0.8454
S1 replay,1.0,Correction + development w 0.2,r15_s1_replay_s3,69.6504,0.1691
S1 replay,1.0,Correction + development w 0.2,r15_s1_replay_s4,74.4321,0.6481
S1 replay,1.0,Corrected edge only,r15_s1_replay_s0,73.5152,1.0765
S1 replay,1.0,Corrected edge only,r15_s1_replay_s1,72.8458,0.9673
S1 replay,1.0,Corrected edge only,r15_s1_replay_s2,73.1366,0.9855
S1 replay,1.0,Corrected edge only,r15_s1_replay_s3,69.5461,0.0647
S1 replay,1.0,Corrected edge only,r15_s1_replay_s4,74.6473,0.8633
S1 replay,1.0,Correction + product,r15_s1_replay_s0,71.1011,-1.3376
S1 replay,1.0,Correction + product,r15_s1_replay_s1,70.8961,-0.9823
S1 replay,1.0,Correction + product,r15_s1_replay_s2,71.5887,-0.5624
S1 replay,1.0,Correction + product,r15_s1_replay_s3,69.0856,-0.3958
S1 replay,1.0,Correction + product,r15_s1_replay_s4,72.9254,-0.8586
S1 replay,1.0,Correction + learned weight,r15_s1_replay_s0,71.8693,-0.5694
S1 replay,1.0,Correction + learned weight,r15_s1_replay_s1,71.5631,-0.3154
S1 replay,1.0,Correction + learned weight,r15_s1_replay_s2,72.3595,0.2084
S1 replay,1.0,Correction + learned weight,r15_s1_replay_s3,69.1733,-0.3080
S1 replay,1.0,Correction + learned weight,r15_s1_replay_s4,73.6021,-0.1818
S1 replay,1.0,DriftGate-P,r15_s1_replay_s0,72.4387,0.0000
S1 replay,1.0,DriftGate-P,r15_s1_replay_s1,71.8785,0.0000
S1 replay,1.0,DriftGate-P,r15_s1_replay_s2,72.1511,0.0000
S1 replay,1.0,DriftGate-P,r15_s1_replay_s3,69.4814,0.0000
S1 replay,1.0,DriftGate-P,r15_s1_replay_s4,73.7840,0.0000
S1 replay,1.0,No correction + adaptive w,r15_s1_replay_s0,73.5911,1.1524
S1 replay,1.0,No correction + adaptive w,r15_s1_replay_s1,72.2899,0.4115
S1 replay,1.0,No correction + adaptive w,r15_s1_replay_s2,72.8304,0.6793
S1 replay,1.0,No correction + adaptive w,r15_s1_replay_s3,69.3287,-0.1527
S1 replay,1.0,No correction + adaptive w,r15_s1_replay_s4,74.2784,0.4944
S1 replay,1.0,conditional (adaptive w),r15_s1_replay_s0,73.3513,0.9126
S1 replay,1.0,conditional (adaptive w),r15_s1_replay_s1,72.8043,0.9258
S1 replay,1.0,conditional (adaptive w),r15_s1_replay_s2,73.2383,1.0872
S1 replay,1.0,conditional (adaptive w),r15_s1_replay_s3,69.7431,0.2617
S1 replay,1.0,conditional (adaptive w),r15_s1_replay_s4,74.5512,0.7672
S1 replay,1.0,conditional (fixed w 0.5),r15_s1_replay_s0,73.1081,0.6694
S1 replay,1.0,conditional (fixed w 0.5),r15_s1_replay_s1,72.6142,0.7357
S1 replay,1.0,conditional (fixed w 0.5),r15_s1_replay_s2,73.2261,1.0749
S1 replay,1.0,conditional (fixed w 0.5),r15_s1_replay_s3,69.8191,0.3378
S1 replay,1.0,conditional (fixed w 0.5),r15_s1_replay_s4,74.4447,0.6607
S1 replay,1.0,"conditional (raw edge, adaptive w)",r15_s1_replay_s0,72.7453,0.3066
S1 replay,1.0,"conditional (raw edge, adaptive w)",r15_s1_replay_s1,71.6274,-0.2511
S1 replay,1.0,"conditional (raw edge, adaptive w)",r15_s1_replay_s2,71.8472,-0.3039
S1 replay,1.0,"conditional (raw edge, adaptive w)",r15_s1_replay_s3,68.4408,-1.0405
S1 replay,1.0,"conditional (raw edge, adaptive w)",r15_s1_replay_s4,73.3403,-0.4437
S2 replay,0.25,Device only,r15_s2_replay_s0,68.4451,-3.2665
S2 replay,0.25,Device only,r15_s2_replay_s1,70.3609,-4.4626
S2 replay,0.25,Device only,r15_s2_replay_s2,74.5602,-2.8689
S2 replay,0.25,Raw edge only,r15_s2_replay_s0,70.4601,-1.2515
S2 replay,0.25,Raw edge only,r15_s2_replay_s1,74.4407,-0.3827
S2 replay,0.25,Raw edge only,r15_s2_replay_s2,77.5097,0.0806
S2 replay,0.25,Probability average,r15_s2_replay_s0,71.0546,-0.6570
S2 replay,0.25,Probability average,r15_s2_replay_s1,74.6268,-0.1966
S2 replay,0.25,Probability average,r15_s2_replay_s2,77.6679,0.2388
S2 replay,0.25,Logit sum,r15_s2_replay_s0,71.1614,-0.5502
S2 replay,0.25,Logit sum,r15_s2_replay_s1,74.4729,-0.3506
S2 replay,0.25,Logit sum,r15_s2_replay_s2,77.5979,0.1687
S2 replay,0.25,Correction + fixed w 0.5,r15_s2_replay_s0,71.6627,-0.0488
S2 replay,0.25,Correction + fixed w 0.5,r15_s2_replay_s1,74.6270,-0.1965
S2 replay,0.25,Correction + fixed w 0.5,r15_s2_replay_s2,77.3014,-0.1277
S2 replay,0.25,Correction + development w 0.2,r15_s2_replay_s0,71.6621,-0.0495
S2 replay,0.25,Correction + development w 0.2,r15_s2_replay_s1,74.8654,0.0420
S2 replay,0.25,Correction + development w 0.2,r15_s2_replay_s2,77.4412,0.0121
S2 replay,0.25,Corrected edge only,r15_s2_replay_s0,71.5995,-0.1121
S2 replay,0.25,Corrected edge only,r15_s2_replay_s1,74.8688,0.0453
S2 replay,0.25,Corrected edge only,r15_s2_replay_s2,77.4384,0.0093
S2 replay,0.25,Correction + product,r15_s2_replay_s0,71.6000,-0.1116
S2 replay,0.25,Correction + product,r15_s2_replay_s1,74.3614,-0.4620
S2 replay,0.25,Correction + product,r15_s2_replay_s2,77.1978,-0.2314
S2 replay,0.25,Correction + learned weight,r15_s2_replay_s0,71.2109,-0.5007
S2 replay,0.25,Correction + learned weight,r15_s2_replay_s1,73.7981,-1.0254
S2 replay,0.25,Correction + learned weight,r15_s2_replay_s2,76.8369,-0.5923
S2 replay,0.25,DriftGate-P,r15_s2_replay_s0,71.7116,0.0000
S2 replay,0.25,DriftGate-P,r15_s2_replay_s1,74.8234,0.0000
S2 replay,0.25,DriftGate-P,r15_s2_replay_s2,77.4291,0.0000
S2 replay,0.25,No correction + adaptive w,r15_s2_replay_s0,71.0014,-0.7102
S2 replay,0.25,No correction + adaptive w,r15_s2_replay_s1,74.6917,-0.1317
S2 replay,0.25,No correction + adaptive w,r15_s2_replay_s2,77.7193,0.2901
S2 replay,0.25,conditional (adaptive w),r15_s2_replay_s0,71.6391,-0.0725
S2 replay,0.25,conditional (adaptive w),r15_s2_replay_s1,74.8161,-0.0073
S2 replay,0.25,conditional (adaptive w),r15_s2_replay_s2,77.4774,0.0482
S2 replay,0.25,conditional (fixed w 0.5),r15_s2_replay_s0,71.5895,-0.1221
S2 replay,0.25,conditional (fixed w 0.5),r15_s2_replay_s1,74.6197,-0.2037
S2 replay,0.25,conditional (fixed w 0.5),r15_s2_replay_s2,77.3904,-0.0387
S2 replay,0.25,"conditional (raw edge, adaptive w)",r15_s2_replay_s0,70.3098,-1.4018
S2 replay,0.25,"conditional (raw edge, adaptive w)",r15_s2_replay_s1,74.2787,-0.5448
S2 replay,0.25,"conditional (raw edge, adaptive w)",r15_s2_replay_s2,77.4974,0.0682
S2 replay,0.5,Device only,r15_s2_replay_s0,68.4451,-4.6659
S2 replay,0.5,Device only,r15_s2_replay_s1,70.3609,-6.1373
S2 replay,0.5,Device only,r15_s2_replay_s2,74.5602,-3.8519
S2 replay,0.5,Raw edge only,r15_s2_replay_s0,70.6827,-2.4283
S2 replay,0.5,Raw edge only,r15_s2_replay_s1,75.6495,-0.8487
S2 replay,0.5,Raw edge only,r15_s2_replay_s2,78.4102,-0.0020
S2 replay,0.5,Probability average,r15_s2_replay_s0,71.9802,-1.1308
S2 replay,0.5,Probability average,r15_s2_replay_s1,75.9705,-0.5277
S2 replay,0.5,Probability average,r15_s2_replay_s2,78.6647,0.2525
S2 replay,0.5,Logit sum,r15_s2_replay_s0,72.1868,-0.9242
S2 replay,0.5,Logit sum,r15_s2_replay_s1,75.7150,-0.7832
S2 replay,0.5,Logit sum,r15_s2_replay_s2,78.5397,0.1275
S2 replay,0.5,Correction + fixed w 0.5,r15_s2_replay_s0,73.0201,-0.0910
S2 replay,0.5,Correction + fixed w 0.5,r15_s2_replay_s1,76.1262,-0.3720
S2 replay,0.5,Correction + fixed w 0.5,r15_s2_replay_s2,78.1897,-0.2225
S2 replay,0.5,Correction + development w 0.2,r15_s2_replay_s0,73.0429,-0.0682
S2 replay,0.5,Correction + development w 0.2,r15_s2_replay_s1,76.6586,0.1604
S2 replay,0.5,Correction + development w 0.2,r15_s2_replay_s2,78.4321,0.0200
S2 replay,0.5,Corrected edge only,r15_s2_replay_s0,72.8835,-0.2276
S2 replay,0.5,Corrected edge only,r15_s2_replay_s1,76.6723,0.1741
S2 replay,0.5,Corrected edge only,r15_s2_replay_s2,78.4219,0.0098
S2 replay,0.5,Correction + product,r15_s2_replay_s0,72.9417,-0.1693
S2 replay,0.5,Correction + product,r15_s2_replay_s1,75.7272,-0.7710
S2 replay,0.5,Correction + product,r15_s2_replay_s2,78.0266,-0.3856
S2 replay,0.5,Correction + learned weight,r15_s2_replay_s0,72.1281,-0.9829
S2 replay,0.5,Correction + learned weight,r15_s2_replay_s1,74.8353,-1.6629
S2 replay,0.5,Correction + learned weight,r15_s2_replay_s2,77.5644,-0.8477
S2 replay,0.5,DriftGate-P,r15_s2_replay_s0,73.1110,0.0000
S2 replay,0.5,DriftGate-P,r15_s2_replay_s1,76.4982,0.0000
S2 replay,0.5,DriftGate-P,r15_s2_replay_s2,78.4121,0.0000
S2 replay,0.5,No correction + adaptive w,r15_s2_replay_s0,71.8023,-1.3088
S2 replay,0.5,No correction + adaptive w,r15_s2_replay_s1,76.1298,-0.3684
S2 replay,0.5,No correction + adaptive w,r15_s2_replay_s2,78.8013,0.3891
S2 replay,0.5,conditional (adaptive w),r15_s2_replay_s0,72.8896,-0.2214
S2 replay,0.5,conditional (adaptive w),r15_s2_replay_s1,76.4956,-0.0026
S2 replay,0.5,conditional (adaptive w),r15_s2_replay_s2,78.4613,0.0492
S2 replay,0.5,conditional (fixed w 0.5),r15_s2_replay_s0,72.7794,-0.3317
S2 replay,0.5,conditional (fixed w 0.5),r15_s2_replay_s1,76.1457,-0.3525
S2 replay,0.5,conditional (fixed w 0.5),r15_s2_replay_s2,78.3010,-0.1112
S2 replay,0.5,"conditional (raw edge, adaptive w)",r15_s2_replay_s0,70.4734,-2.6377
S2 replay,0.5,"conditional (raw edge, adaptive w)",r15_s2_replay_s1,75.3461,-1.1521
S2 replay,0.5,"conditional (raw edge, adaptive w)",r15_s2_replay_s2,78.3688,-0.0434
S2 replay,0.75,Device only,r15_s2_replay_s0,68.4451,-5.2170
S2 replay,0.75,Device only,r15_s2_replay_s1,70.3609,-6.5907
S2 replay,0.75,Device only,r15_s2_replay_s2,74.5602,-4.1920
S2 replay,0.75,Raw edge only,r15_s2_replay_s0,70.5056,-3.1565
S2 replay,0.75,Raw edge only,r15_s2_replay_s1,75.8218,-1.1298
S2 replay,0.75,Raw edge only,r15_s2_replay_s2,78.6659,-0.0863
S2 replay,0.75,Probability average,r15_s2_replay_s0,72.3387,-1.3234
S2 replay,0.75,Probability average,r15_s2_replay_s1,76.2118,-0.7397
S2 replay,0.75,Probability average,r15_s2_replay_s2,78.9760,0.2237
S2 replay,0.75,Logit sum,r15_s2_replay_s0,72.5963,-1.0659
S2 replay,0.75,Logit sum,r15_s2_replay_s1,75.9495,-1.0020
S2 replay,0.75,Logit sum,r15_s2_replay_s2,78.8431,0.0909
S2 replay,0.75,Correction + fixed w 0.5,r15_s2_replay_s0,73.5006,-0.1615
S2 replay,0.75,Correction + fixed w 0.5,r15_s2_replay_s1,76.4976,-0.4540
S2 replay,0.75,Correction + fixed w 0.5,r15_s2_replay_s2,78.4634,-0.2888
S2 replay,0.75,Correction + development w 0.2,r15_s2_replay_s0,73.6417,-0.0204
S2 replay,0.75,Correction + development w 0.2,r15_s2_replay_s1,77.2192,0.2677
S2 replay,0.75,Correction + development w 0.2,r15_s2_replay_s2,78.7850,0.0328
S2 replay,0.75,Corrected edge only,r15_s2_replay_s0,73.4347,-0.2275
S2 replay,0.75,Corrected edge only,r15_s2_replay_s1,77.2467,0.2952
S2 replay,0.75,Corrected edge only,r15_s2_replay_s2,78.7591,0.0069
S2 replay,0.75,Correction + product,r15_s2_replay_s0,73.4170,-0.2451
S2 replay,0.75,Correction + product,r15_s2_replay_s1,76.0621,-0.8894
S2 replay,0.75,Correction + product,r15_s2_replay_s2,78.2906,-0.4617
S2 replay,0.75,Correction + learned weight,r15_s2_replay_s0,72.5209,-1.1413
S2 replay,0.75,Correction + learned weight,r15_s2_replay_s1,75.1345,-1.8170
S2 replay,0.75,Correction + learned weight,r15_s2_replay_s2,77.8538,-0.8985
S2 replay,0.75,DriftGate-P,r15_s2_replay_s0,73.6621,0.0000
S2 replay,0.75,DriftGate-P,r15_s2_replay_s1,76.9515,0.0000
S2 replay,0.75,DriftGate-P,r15_s2_replay_s2,78.7523,0.0000
S2 replay,0.75,No correction + adaptive w,r15_s2_replay_s0,72.0765,-1.5857
S2 replay,0.75,No correction + adaptive w,r15_s2_replay_s1,76.3966,-0.5549
S2 replay,0.75,No correction + adaptive w,r15_s2_replay_s2,79.1412,0.3889
S2 replay,0.75,conditional (adaptive w),r15_s2_replay_s0,73.4083,-0.2538
S2 replay,0.75,conditional (adaptive w),r15_s2_replay_s1,76.9702,0.0187
S2 replay,0.75,conditional (adaptive w),r15_s2_replay_s2,78.7733,0.0210
S2 replay,0.75,conditional (fixed w 0.5),r15_s2_replay_s0,73.2465,-0.4157
S2 replay,0.75,conditional (fixed w 0.5),r15_s2_replay_s1,76.5546,-0.3970
S2 replay,0.75,conditional (fixed w 0.5),r15_s2_replay_s2,78.6075,-0.1448
S2 replay,0.75,"conditional (raw edge, adaptive w)",r15_s2_replay_s0,70.2669,-3.3953
S2 replay,0.75,"conditional (raw edge, adaptive w)",r15_s2_replay_s1,75.4077,-1.5439
S2 replay,0.75,"conditional (raw edge, adaptive w)",r15_s2_replay_s2,78.5905,-0.1618
S2 replay,1.0,Device only,r15_s2_replay_s0,68.4451,-5.3666
S2 replay,1.0,Device only,r15_s2_replay_s1,70.3609,-6.6517
S2 replay,1.0,Device only,r15_s2_replay_s2,74.5602,-4.2218
S2 replay,1.0,Raw edge only,r15_s2_replay_s0,70.4311,-3.3806
S2 replay,1.0,Raw edge only,r15_s2_replay_s1,75.7042,-1.3084
S2 replay,1.0,Raw edge only,r15_s2_replay_s2,78.6762,-0.1059
S2 replay,1.0,Probability average,r15_s2_replay_s0,72.4628,-1.3489
S2 replay,1.0,Probability average,r15_s2_replay_s1,76.2125,-0.8000
S2 replay,1.0,Probability average,r15_s2_replay_s2,79.0199,0.2379
S2 replay,1.0,Logit sum,r15_s2_replay_s0,72.7303,-1.0814
S2 replay,1.0,Logit sum,r15_s2_replay_s1,75.9582,-1.0544
S2 replay,1.0,Logit sum,r15_s2_replay_s2,78.8919,0.1098
S2 replay,1.0,Correction + fixed w 0.5,r15_s2_replay_s0,73.6308,-0.1809
S2 replay,1.0,Correction + fixed w 0.5,r15_s2_replay_s1,76.5576,-0.4550
S2 replay,1.0,Correction + fixed w 0.5,r15_s2_replay_s2,78.4992,-0.2829
S2 replay,1.0,Correction + development w 0.2,r15_s2_replay_s0,73.8418,0.0301
S2 replay,1.0,Correction + development w 0.2,r15_s2_replay_s1,77.3110,0.2984
S2 replay,1.0,Correction + development w 0.2,r15_s2_replay_s2,78.8375,0.0555
S2 replay,1.0,Corrected edge only,r15_s2_replay_s0,73.6237,-0.1880
S2 replay,1.0,Corrected edge only,r15_s2_replay_s1,77.3388,0.3263
S2 replay,1.0,Corrected edge only,r15_s2_replay_s2,78.8055,0.0234
S2 replay,1.0,Correction + product,r15_s2_replay_s0,73.5413,-0.2704
S2 replay,1.0,Correction + product,r15_s2_replay_s1,76.1219,-0.8907
S2 replay,1.0,Correction + product,r15_s2_replay_s2,78.3273,-0.4548
S2 replay,1.0,Correction + learned weight,r15_s2_replay_s0,72.6768,-1.1349
S2 replay,1.0,Correction + learned weight,r15_s2_replay_s1,75.1983,-1.8143
S2 replay,1.0,Correction + learned weight,r15_s2_replay_s2,77.9033,-0.8788
S2 replay,1.0,DriftGate-P,r15_s2_replay_s0,73.8117,0.0000
S2 replay,1.0,DriftGate-P,r15_s2_replay_s1,77.0126,0.0000
S2 replay,1.0,DriftGate-P,r15_s2_replay_s2,78.7821,0.0000
S2 replay,1.0,No correction + adaptive w,r15_s2_replay_s0,72.1287,-1.6831
S2 replay,1.0,No correction + adaptive w,r15_s2_replay_s1,76.3561,-0.6565
S2 replay,1.0,No correction + adaptive w,r15_s2_replay_s2,79.1673,0.3853
S2 replay,1.0,conditional (adaptive w),r15_s2_replay_s0,73.5705,-0.2412
S2 replay,1.0,conditional (adaptive w),r15_s2_replay_s1,77.0404,0.0278
S2 replay,1.0,conditional (adaptive w),r15_s2_replay_s2,78.8096,0.0276
S2 replay,1.0,conditional (fixed w 0.5),r15_s2_replay_s0,73.4034,-0.4084
S2 replay,1.0,conditional (fixed w 0.5),r15_s2_replay_s1,76.6197,-0.3929
S2 replay,1.0,conditional (fixed w 0.5),r15_s2_replay_s2,78.6549,-0.1271
S2 replay,1.0,"conditional (raw edge, adaptive w)",r15_s2_replay_s0,70.1762,-3.6356
S2 replay,1.0,"conditional (raw edge, adaptive w)",r15_s2_replay_s1,75.2609,-1.7517
S2 replay,1.0,"conditional (raw edge, adaptive w)",r15_s2_replay_s2,78.6002,-0.1819
