setting,beta,rule,accuracy mean (SD),minus DriftGate-P pp,minus strongest reference pp,strongest reference,realized offloading,edge calls per request,home,away,Main,OOP,OOR
S1,0.25,Device only,64.16 (1.94),-2.436 (0.485),-2.408 (0.520),Correction + development w 0.2,0,0,77.49 (2.55),45.94 (1.41),86.31 (2.61),7.49 (0.69),3.30 (1.21)
S1,0.25,Raw edge only,65.13 (2.27),-1.460 (0.182),-1.432 (0.177),Correction + development w 0.2,0.253 (0.000),0.287 (0.011),76.20 (2.68),50.20 (2.26),83.00 (2.75),22.09 (1.63),11.38 (3.46)
S1,0.25,Probability average,66.19 (2.33),-0.406 (0.133),-0.379 (0.109),Correction + development w 0.2,0.253 (0.000),0.287 (0.011),78.00 (2.85),50.13 (2.17),85.27 (2.88),18.91 (1.33),9.44 (3.11)
S1,0.25,Logit sum,66.21 (2.34),-0.380 (0.143),-0.353 (0.129),Correction + development w 0.2,0.253 (0.000),0.287 (0.011),78.19 (2.86),49.96 (2.14),85.58 (2.91),18.04 (1.29),8.99 (2.93)
S1,0.25,Correction + fixed w 0.5,66.54 (2.18),-0.059 (0.033),-0.032 (0.077),Correction + development w 0.2,0.253 (0.000),0.287 (0.011),79.35 (2.67),49.32 (1.85),87.38 (2.78),14.24 (0.80),6.62 (2.18)
S1,0.25,Correction + development w 0.2,66.57 (2.22),-0.027 (0.048),0.000 (0.000),Correction + development w 0.2,0.253 (0.000),0.287 (0.011),79.16 (2.70),49.68 (1.96),86.95 (2.81),15.82 (0.96),7.54 (2.42)
S1,0.25,Corrected edge only,66.51 (2.23),-0.084 (0.073),-0.057 (0.026),Correction + development w 0.2,0.253 (0.000),0.287 (0.011),79.01 (2.70),49.77 (1.99),86.71 (2.81),16.38 (1.01),7.88 (2.49)
S1,0.25,Correction + product,66.42 (2.16),-0.173 (0.088),-0.146 (0.130),Correction + development w 0.2,0.253 (0.000),0.287 (0.011),79.32 (2.64),49.09 (1.79),87.44 (2.75),13.58 (0.78),6.28 (2.07)
S1,0.25,Correction + learned weight,66.43 (2.22),-0.167 (0.030),-0.139 (0.042),Correction + development w 0.2,0.253 (0.000),0.287 (0.011),79.00 (2.69),49.53 (1.91),86.88 (2.82),15.43 (0.91),7.34 (2.35)
S1,0.25,DriftGate-P,66.59 (2.20),,0.027 (0.048),Correction + development w 0.2,0.253 (0.000),0.287 (0.011),79.34 (2.69),49.46 (1.89),87.31 (2.80),14.75 (0.84),6.93 (2.26)
S1,0.25,No correction + adaptive w,66.13 (2.34),-0.467 (0.148),-0.439 (0.119),Correction + development w 0.2,0.253 (0.000),0.287 (0.011),77.80 (2.86),50.23 (2.20),84.94 (2.88),19.71 (1.41),10.01 (3.24)
S1,0.25,conditional (adaptive w),66.59 (2.23),-0.006 (0.072),0.022 (0.026),Correction + development w 0.2,0.253 (0.000),0.287 (0.011),79.01 (2.69),49.91 (1.99),86.67 (2.80),16.79 (1.04),8.13 (2.60)
S1,0.25,conditional (fixed w 0.5),66.56 (2.22),-0.036 (0.061),-0.009 (0.016),Correction + development w 0.2,0.253 (0.000),0.287 (0.011),78.95 (2.67),49.91 (1.99),86.61 (2.78),16.84 (1.05),8.16 (2.62)
S1,0.25,"conditional (raw edge, adaptive w)",64.93 (2.26),-1.660 (0.227),-1.633 (0.226),Correction + development w 0.2,0.253 (0.000),0.287 (0.011),75.89 (2.65),50.13 (2.28),82.62 (2.73),22.45 (1.64),11.58 (3.52)
S1,0.5,Device only,64.16 (1.94),-3.571 (0.715),-3.521 (0.781),Correction + development w 0.2,0,0,77.49 (2.55),45.94 (1.41),86.31 (2.61),7.49 (0.69),3.30 (1.21)
S1,0.5,Raw edge only,64.73 (2.44),-3.001 (0.272),-2.951 (0.284),Correction + development w 0.2,0.499 (0.000),0.565 (0.022),73.81 (2.64),52.77 (3.10),78.82 (2.67),31.22 (2.66),17.10 (5.20)
S1,0.5,Probability average,67.02 (2.59),-0.714 (0.312),-0.664 (0.266),Correction + development w 0.2,0.499 (0.000),0.565 (0.022),77.65 (3.01),52.58 (2.83),83.99 (3.09),24.73 (1.88),12.89 (4.35)
S1,0.5,Logit sum,67.07 (2.63),-0.664 (0.355),-0.615 (0.316),Correction + development w 0.2,0.499 (0.000),0.565 (0.022),77.97 (3.04),52.31 (2.81),84.50 (3.16),23.42 (1.83),12.27 (4.19)
S1,0.5,Correction + fixed w 0.5,67.60 (2.24),-0.132 (0.067),-0.082 (0.149),Correction + development w 0.2,0.499 (0.000),0.565 (0.022),79.84 (2.59),51.30 (2.13),87.54 (2.81),17.60 (0.91),8.41 (2.83)
S1,0.5,Correction + development w 0.2,67.68 (2.34),-0.050 (0.089),0.000 (0.000),Correction + development w 0.2,0.499 (0.000),0.565 (0.022),79.45 (2.63),52.12 (2.47),86.65 (2.85),20.60 (1.30),10.23 (3.35)
S1,0.5,Corrected edge only,67.55 (2.35),-0.176 (0.120),-0.127 (0.031),Correction + development w 0.2,0.499 (0.000),0.565 (0.022),79.13 (2.62),52.34 (2.58),86.11 (2.84),21.75 (1.47),10.96 (3.51)
S1,0.5,Correction + product,67.41 (2.22),-0.317 (0.146),-0.267 (0.222),Correction + development w 0.2,0.499 (0.000),0.565 (0.022),79.81 (2.57),50.89 (2.03),87.64 (2.79),16.56 (0.85),7.90 (2.67)
S1,0.5,Correction + learned weight,67.38 (2.36),-0.354 (0.106),-0.304 (0.100),Correction + development w 0.2,0.499 (0.000),0.565 (0.022),79.13 (2.64),51.73 (2.35),86.46 (2.92),19.88 (1.19),9.84 (3.20)
S1,0.5,DriftGate-P,67.73 (2.28),,0.050 (0.089),Correction + development w 0.2,0.499 (0.000),0.565 (0.022),79.85 (2.62),51.59 (2.23),87.39 (2.84),18.58 (1.02),9.03 (3.01)
S1,0.5,No correction + adaptive w,66.90 (2.63),-0.825 (0.350),-0.775 (0.298),Correction + development w 0.2,0.499 (0.000),0.565 (0.022),77.24 (3.03),52.82 (2.94),83.27 (3.08),26.34 (2.07),14.04 (4.64)
S1,0.5,conditional (adaptive w),67.70 (2.36),-0.034 (0.112),0.016 (0.030),Correction + development w 0.2,0.499 (0.000),0.565 (0.022),79.16 (2.59),52.49 (2.55),86.10 (2.83),22.21 (1.50),11.25 (3.64)
S1,0.5,conditional (fixed w 0.5),67.63 (2.36),-0.100 (0.096),-0.050 (0.024),Correction + development w 0.2,0.499 (0.000),0.565 (0.022),79.04 (2.58),52.48 (2.53),85.99 (2.81),22.27 (1.51),11.29 (3.66)
S1,0.5,"conditional (raw edge, adaptive w)",64.44 (2.44),-3.285 (0.338),-3.235 (0.357),Correction + development w 0.2,0.499 (0.000),0.565 (0.022),73.39 (2.63),52.62 (3.11),78.27 (2.66),31.67 (2.68),17.35 (5.28)
S1,0.75,Device only,64.16 (1.94),-4.043 (0.864),-3.955 (0.947),Correction + development w 0.2,0,0,77.49 (2.55),45.94 (1.41),86.31 (2.61),7.49 (0.69),3.30 (1.21)
S1,0.75,Raw edge only,63.83 (2.55),-4.368 (0.367),-4.280 (0.412),Correction + development w 0.2,0.745 (0.000),0.844 (0.034),71.49 (2.70),54.19 (3.70),74.84 (2.61),37.55 (3.34),20.86 (6.32)
S1,0.75,Probability average,67.31 (2.79),-0.889 (0.431),-0.801 (0.381),Correction + development w 0.2,0.745 (0.000),0.844 (0.034),77.20 (3.17),53.91 (3.26),82.90 (3.33),28.04 (2.20),14.78 (5.13)
S1,0.75,Logit sum,67.36 (2.86),-0.840 (0.500),-0.752 (0.454),Correction + development w 0.2,0.745 (0.000),0.844 (0.034),77.57 (3.21),53.56 (3.30),83.52 (3.43),26.50 (2.14),14.10 (5.01)
S1,0.75,Correction + fixed w 0.5,68.03 (2.31),-0.172 (0.091),-0.084 (0.198),Correction + development w 0.2,0.745 (0.000),0.844 (0.034),79.89 (2.58),52.36 (2.26),87.36 (2.91),19.43 (0.97),9.38 (3.21)
S1,0.75,Correction + development w 0.2,68.11 (2.44),-0.088 (0.122),0.000 (0.000),Correction + development w 0.2,0.745 (0.000),0.844 (0.034),79.28 (2.61),53.53 (2.83),86.05 (2.95),23.52 (1.51),11.86 (3.94)
S1,0.75,Corrected edge only,67.91 (2.44),-0.296 (0.150),-0.208 (0.034),Correction + development w 0.2,0.745 (0.000),0.844 (0.034),78.77 (2.57),53.89 (3.02),85.22 (2.91),25.16 (1.75),12.89 (4.18)
S1,0.75,Correction + product,67.82 (2.30),-0.385 (0.178),-0.297 (0.276),Correction + development w 0.2,0.745 (0.000),0.844 (0.034),79.87 (2.57),51.84 (2.18),87.51 (2.89),18.19 (0.87),8.78 (3.05)
S1,0.75,Correction + learned weight,67.78 (2.47),-0.421 (0.143),-0.333 (0.135),Correction + development w 0.2,0.745 (0.000),0.844 (0.034),78.98 (2.65),52.98 (2.68),85.90 (3.05),22.55 (1.36),11.33 (3.73)
S1,0.75,DriftGate-P,68.20 (2.37),,0.088 (0.122),Correction + development w 0.2,0.745 (0.000),0.844 (0.034),79.87 (2.62),52.75 (2.42),87.14 (2.94),20.74 (1.14),10.20 (3.46)
S1,0.75,No correction + adaptive w,67.15 (2.86),-1.053 (0.502),-0.965 (0.449),Correction + development w 0.2,0.745 (0.000),0.844 (0.034),76.59 (3.21),54.28 (3.45),81.82 (3.32),30.34 (2.48),16.38 (5.53)
S1,0.75,conditional (adaptive w),68.15 (2.47),-0.050 (0.138),0.038 (0.056),Correction + development w 0.2,0.745 (0.000),0.844 (0.034),78.89 (2.56),54.02 (2.98),85.30 (2.92),25.64 (1.79),13.19 (4.32)
S1,0.75,conditional (fixed w 0.5),68.08 (2.47),-0.124 (0.124),-0.036 (0.053),Correction + development w 0.2,0.745 (0.000),0.844 (0.034),78.77 (2.54),54.01 (2.97),85.18 (2.91),25.70 (1.80),13.23 (4.34)
S1,0.75,"conditional (raw edge, adaptive w)",63.56 (2.55),-4.642 (0.451),-4.554 (0.501),Correction + development w 0.2,0.745 (0.000),0.844 (0.034),71.07 (2.71),54.00 (3.71),74.27 (2.61),38.03 (3.38),21.13 (6.41)
S1,1.0,Device only,64.16 (1.94),-4.156 (0.952),-4.004 (1.058),Correction + development w 0.2,0,0,77.49 (2.55),45.94 (1.41),86.31 (2.61),7.49 (0.69),3.30 (1.21)
S1,1.0,Raw edge only,62.91 (2.64),-5.406 (0.472),-5.254 (0.537),Correction + development w 0.2,1.000 (0.000),1.132 (0.045),69.89 (2.80),54.76 (3.98),72.27 (2.57),40.79 (3.94),22.52 (6.89)
S1,1.0,Probability average,67.32 (2.92),-0.993 (0.482),-0.841 (0.426),Correction + development w 0.2,1.000 (0.000),1.132 (0.045),76.94 (3.26),54.42 (3.43),82.36 (3.46),29.34 (2.45),15.45 (5.47)
S1,1.0,Logit sum,67.37 (3.01),-0.946 (0.568),-0.795 (0.511),Correction + development w 0.2,1.000 (0.000),1.132 (0.045),77.33 (3.32),54.02 (3.54),83.01 (3.58),27.72 (2.40),14.76 (5.36)
S1,1.0,Correction + fixed w 0.5,68.13 (2.37),-0.189 (0.106),-0.038 (0.239),Correction + development w 0.2,1.000 (0.000),1.132 (0.045),79.85 (2.61),52.74 (2.32),87.22 (2.99),20.09 (1.09),9.72 (3.36)
S1,1.0,Correction + development w 0.2,68.16 (2.54),-0.152 (0.152),0.000 (0.000),Correction + development w 0.2,1.000 (0.000),1.132 (0.045),79.08 (2.66),54.11 (3.01),85.64 (3.05),24.80 (1.77),12.50 (4.21)
S1,1.0,Corrected edge only,67.87 (2.53),-0.447 (0.190),-0.295 (0.053),Correction + development w 0.2,1.000 (0.000),1.132 (0.045),78.42 (2.59),54.56 (3.23),84.58 (2.98),26.75 (2.05),13.68 (4.50)
S1,1.0,Correction + product,67.90 (2.37),-0.410 (0.193),-0.258 (0.315),Correction + development w 0.2,1.000 (0.000),1.132 (0.045),79.84 (2.61),52.18 (2.26),87.39 (2.98),18.79 (0.97),9.09 (3.20)
S1,1.0,Correction + learned weight,67.88 (2.56),-0.431 (0.144),-0.279 (0.152),Correction + development w 0.2,1.000 (0.000),1.132 (0.045),78.86 (2.68),53.50 (2.86),85.60 (3.14),23.69 (1.59),11.91 (3.97)
S1,1.0,DriftGate-P,68.31 (2.45),,0.152 (0.152),Correction + development w 0.2,1.000 (0.000),1.132 (0.045),79.82 (2.66),53.18 (2.50),86.94 (3.04),21.63 (1.31),10.68 (3.66)
S1,1.0,No correction + adaptive w,67.11 (3.01),-1.201 (0.591),-1.049 (0.535),Correction + development w 0.2,1.000 (0.000),1.132 (0.045),76.19 (3.34),54.86 (3.68),81.04 (3.47),32.08 (2.81),17.33 (5.95)
S1,1.0,conditional (adaptive w),68.23 (2.56),-0.083 (0.169),0.069 (0.085),Correction + development w 0.2,1.000 (0.000),1.132 (0.045),78.66 (2.58),54.68 (3.20),84.80 (2.99),27.22 (2.10),13.98 (4.63)
S1,1.0,conditional (fixed w 0.5),68.16 (2.56),-0.151 (0.150),0.001 (0.073),Correction + development w 0.2,1.000 (0.000),1.132 (0.045),78.54 (2.56),54.69 (3.18),84.68 (2.97),27.28 (2.11),14.03 (4.66)
S1,1.0,"conditional (raw edge, adaptive w)",62.71 (2.63),-5.606 (0.555),-5.454 (0.631),Correction + development w 0.2,1.000 (0.000),1.132 (0.045),69.54 (2.80),54.54 (4.00),71.77 (2.56),41.27 (3.97),22.79 (6.98)
S2,0.25,Device only,69.04 (2.80),-2.133 (0.872),-2.123 (0.839),Correction + fixed w 0.5,0,0,76.42 (2.90),46.35 (1.83),84.65 (2.28),15.29 (7.56),1.69 (0.87)
S2,0.25,Raw edge only,69.48 (2.88),-1.689 (0.883),-1.679 (0.860),Correction + fixed w 0.5,0.253 (0.000),0.268 (0.000),76.06 (3.30),49.86 (0.92),82.40 (2.75),30.75 (6.30),4.93 (1.18)
S2,0.25,Probability average,70.44 (2.51),-0.735 (0.506),-0.725 (0.478),Correction + fixed w 0.5,0.253 (0.000),0.268 (0.000),77.31 (2.89),49.69 (0.80),84.01 (2.22),27.99 (6.79),3.97 (1.13)
S2,0.25,Logit sum,70.54 (2.49),-0.635 (0.493),-0.625 (0.464),Correction + fixed w 0.5,0.253 (0.000),0.268 (0.000),77.47 (2.84),49.55 (0.86),84.27 (2.15),27.20 (6.86),3.76 (1.10)
S2,0.25,Correction + fixed w 0.5,71.16 (2.03),-0.010 (0.034),0.000 (0.000),Correction + fixed w 0.5,0.253 (0.000),0.268 (0.000),78.51 (2.32),48.83 (0.68),85.91 (1.56),22.60 (7.02),2.92 (0.87)
S2,0.25,Correction + development w 0.2,71.05 (1.97),-0.123 (0.054),-0.113 (0.087),Correction + fixed w 0.5,0.253 (0.000),0.268 (0.000),78.31 (2.29),48.98 (0.58),85.51 (1.58),24.06 (6.84),3.34 (0.88)
S2,0.25,Corrected edge only,70.96 (1.97),-0.211 (0.075),-0.200 (0.107),Correction + fixed w 0.5,0.253 (0.000),0.268 (0.000),78.19 (2.29),49.01 (0.56),85.32 (1.60),24.57 (6.75),3.49 (0.88)
S2,0.25,Correction + product,71.13 (2.07),-0.044 (0.096),-0.033 (0.062),Correction + fixed w 0.5,0.253 (0.000),0.268 (0.000),78.49 (2.34),48.72 (0.81),85.96 (1.55),22.05 (7.18),2.79 (0.88)
S2,0.25,Correction + learned weight,70.72 (1.97),-0.448 (0.052),-0.438 (0.064),Correction + fixed w 0.5,0.253 (0.000),0.268 (0.000),77.94 (2.28),48.74 (0.58),85.16 (1.56),23.63 (6.85),3.27 (0.88)
S2,0.25,DriftGate-P,71.17 (2.00),,0.010 (0.034),Correction + fixed w 0.5,0.253 (0.000),0.268 (0.000),78.49 (2.31),48.90 (0.63),85.81 (1.55),23.21 (7.07),3.09 (0.88)
S2,0.25,No correction + adaptive w,70.32 (2.53),-0.849 (0.526),-0.839 (0.499),Correction + fixed w 0.5,0.253 (0.000),0.268 (0.000),77.12 (2.92),49.77 (0.81),83.71 (2.26),28.88 (6.85),4.27 (1.13)
S2,0.25,conditional (adaptive w),70.96 (1.99),-0.207 (0.056),-0.197 (0.086),Correction + fixed w 0.5,0.253 (0.000),0.268 (0.000),78.15 (2.33),49.09 (0.50),85.23 (1.65),25.01 (6.68),3.60 (0.88)
S2,0.25,conditional (fixed w 0.5),70.90 (2.00),-0.275 (0.045),-0.264 (0.073),Correction + fixed w 0.5,0.253 (0.000),0.268 (0.000),78.06 (2.34),49.09 (0.49),85.13 (1.66),25.11 (6.69),3.62 (0.89)
S2,0.25,"conditional (raw edge, adaptive w)",69.29 (3.01),-1.886 (1.010),-1.876 (0.986),Correction + fixed w 0.5,0.253 (0.000),0.268 (0.000),75.80 (3.46),49.84 (0.92),82.07 (2.91),31.16 (6.28),5.03 (1.18)
S2,0.5,Device only,69.04 (2.80),-2.732 (1.394),-2.726 (1.330),Correction + fixed w 0.5,0,0,76.42 (2.90),46.35 (1.83),84.65 (2.28),15.29 (7.56),1.69 (0.87)
S2,0.5,Raw edge only,68.20 (3.14),-3.572 (1.666),-3.567 (1.614),Correction + fixed w 0.5,0.499 (0.000),0.528 (0.000),73.99 (3.76),51.54 (0.80),78.89 (3.53),39.67 (5.05),7.10 (1.42)
S2,0.5,Probability average,70.44 (2.26),-1.330 (0.800),-1.325 (0.739),Correction + fixed w 0.5,0.499 (0.000),0.528 (0.000),76.86 (2.81),51.41 (0.26),82.63 (2.22),34.19 (6.08),5.35 (1.27)
S2,0.5,Logit sum,70.60 (2.23),-1.175 (0.770),-1.169 (0.708),Correction + fixed w 0.5,0.499 (0.000),0.528 (0.000),77.11 (2.71),51.17 (0.30),83.03 (2.10),33.01 (6.23),5.05 (1.22)
S2,0.5,Correction + fixed w 0.5,71.77 (1.53),-0.006 (0.065),0.000 (0.000),Correction + fixed w 0.5,0.499 (0.000),0.528 (0.000),78.89 (1.91),50.33 (0.22),85.82 (1.07),26.33 (6.85),3.83 (0.96)
S2,0.5,Correction + development w 0.2,71.45 (1.41),-0.317 (0.106),-0.311 (0.169),Correction + fixed w 0.5,0.499 (0.000),0.528 (0.000),78.41 (1.81),50.57 (0.11),84.90 (1.12),29.07 (6.53),4.59 (0.96)
S2,0.5,Corrected edge only,71.23 (1.42),-0.537 (0.145),-0.531 (0.204),Correction + fixed w 0.5,0.499 (0.000),0.528 (0.000),78.11 (1.82),50.60 (0.21),84.45 (1.20),30.06 (6.33),4.87 (0.96)
S2,0.5,Correction + product,71.72 (1.59),-0.047 (0.152),-0.041 (0.089),Correction + fixed w 0.5,0.499 (0.000),0.528 (0.000),78.88 (1.93),50.13 (0.42),85.92 (1.04),25.49 (7.10),3.62 (0.98)
S2,0.5,Correction + learned weight,70.95 (1.52),-0.822 (0.112),-0.816 (0.074),Correction + fixed w 0.5,0.499 (0.000),0.528 (0.000),77.83 (1.93),50.16 (0.15),84.38 (1.22),28.29 (6.54),4.47 (0.96)
S2,0.5,DriftGate-P,71.77 (1.48),,0.006 (0.065),Correction + fixed w 0.5,0.499 (0.000),0.528 (0.000),78.84 (1.88),50.47 (0.10),85.59 (1.05),27.51 (6.97),4.13 (0.96)
S2,0.5,No correction + adaptive w,70.17 (2.31),-1.599 (0.837),-1.593 (0.778),Correction + fixed w 0.5,0.499 (0.000),0.528 (0.000),76.44 (2.86),51.55 (0.34),81.94 (2.32),35.98 (6.18),5.90 (1.29)
S2,0.5,conditional (adaptive w),71.29 (1.45),-0.476 (0.092),-0.470 (0.149),Correction + fixed w 0.5,0.499 (0.000),0.528 (0.000),78.11 (1.89),50.74 (0.25),84.40 (1.28),30.56 (6.23),5.00 (0.96)
S2,0.5,conditional (fixed w 0.5),71.18 (1.47),-0.591 (0.064),-0.585 (0.119),Correction + fixed w 0.5,0.499 (0.000),0.528 (0.000),77.96 (1.91),50.71 (0.22),84.23 (1.31),30.67 (6.24),5.02 (0.96)
S2,0.5,"conditional (raw edge, adaptive w)",67.93 (3.36),-3.842 (1.884),-3.836 (1.831),Correction + fixed w 0.5,0.499 (0.000),0.528 (0.000),73.64 (4.02),51.48 (0.79),78.45 (3.82),40.15 (4.98),7.22 (1.42)
S2,0.75,Device only,69.04 (2.80),-2.748 (1.725),-2.779 (1.623),Correction + fixed w 0.5,0,0,76.42 (2.90),46.35 (1.83),84.65 (2.28),15.29 (7.56),1.69 (0.87)
S2,0.75,Raw edge only,66.49 (3.50),-5.300 (2.365),-5.332 (2.274),Correction + fixed w 0.5,0.745 (0.000),0.788 (0.000),71.73 (4.35),52.06 (0.75),75.51 (4.58),44.86 (3.38),8.36 (1.56)
S2,0.75,Probability average,70.10 (2.10),-1.684 (0.997),-1.716 (0.896),Correction + fixed w 0.5,0.745 (0.000),0.788 (0.000),76.22 (2.79),52.23 (0.22),81.40 (2.40),37.40 (5.05),6.02 (1.34)
S2,0.75,Logit sum,70.28 (2.06),-1.502 (0.954),-1.534 (0.852),Correction + fixed w 0.5,0.745 (0.000),0.788 (0.000),76.52 (2.66),51.90 (0.21),81.88 (2.22),36.05 (5.29),5.68 (1.28)
S2,0.75,Correction + fixed w 0.5,71.82 (1.23),0.032 (0.102),0.000 (0.000),Correction + fixed w 0.5,0.745 (0.000),0.788 (0.000),78.75 (1.67),51.13 (0.34),85.40 (0.88),28.25 (6.39),4.28 (1.04)
S2,0.75,Correction + development w 0.2,71.26 (1.02),-0.528 (0.169),-0.560 (0.267),Correction + fixed w 0.5,0.745 (0.000),0.788 (0.000),77.95 (1.52),51.36 (0.58),83.96 (0.94),31.88 (5.83),5.28 (0.99)
S2,0.75,Corrected edge only,70.87 (1.03),-0.917 (0.205),-0.949 (0.297),Correction + fixed w 0.5,0.745 (0.000),0.788 (0.000),77.45 (1.54),51.37 (0.63),83.22 (1.09),33.22 (5.52),5.66 (0.99)
S2,0.75,Correction + product,71.80 (1.30),0.008 (0.193),-0.023 (0.094),Correction + fixed w 0.5,0.745 (0.000),0.788 (0.000),78.77 (1.68),50.87 (0.43),85.56 (0.82),27.26 (6.73),4.03 (1.07)
S2,0.75,Correction + learned weight,70.81 (1.18),-0.976 (0.119),-1.008 (0.082),Correction + fixed w 0.5,0.745 (0.000),0.788 (0.000),77.44 (1.69),50.91 (0.48),83.54 (1.09),30.87 (5.89),5.13 (0.99)
S2,0.75,DriftGate-P,71.79 (1.13),,-0.032 (0.102),Correction + fixed w 0.5,0.745 (0.000),0.788 (0.000),78.63 (1.61),51.30 (0.41),85.03 (0.84),29.80 (6.47),4.69 (1.02)
S2,0.75,No correction + adaptive w,69.66 (2.16),-2.129 (1.045),-2.161 (0.945),Correction + fixed w 0.5,0.745 (0.000),0.788 (0.000),75.55 (2.87),52.36 (0.28),80.33 (2.56),39.83 (5.07),6.74 (1.35)
S2,0.75,conditional (adaptive w),71.08 (1.08),-0.711 (0.127),-0.742 (0.218),Correction + fixed w 0.5,0.745 (0.000),0.788 (0.000),77.59 (1.63),51.55 (0.73),83.32 (1.19),33.73 (5.40),5.79 (0.98)
S2,0.75,conditional (fixed w 0.5),70.96 (1.10),-0.829 (0.090),-0.861 (0.178),Correction + fixed w 0.5,0.745 (0.000),0.788 (0.000),77.44 (1.66),51.52 (0.70),83.14 (1.22),33.85 (5.41),5.82 (0.99)
S2,0.75,"conditional (raw edge, adaptive w)",66.27 (3.78),-5.517 (2.649),-5.549 (2.557),Correction + fixed w 0.5,0.745 (0.000),0.788 (0.000),71.43 (4.68),52.00 (0.71),75.11 (4.95),45.37 (3.29),8.49 (1.56)
S2,1.0,Device only,69.04 (2.80),-2.661 (1.896),-2.734 (1.765),Correction + fixed w 0.5,0,0,76.42 (2.90),46.35 (1.83),84.65 (2.28),15.29 (7.56),1.69 (0.87)
S2,1.0,Raw edge only,65.24 (3.76),-6.461 (2.791),-6.534 (2.670),Correction + fixed w 0.5,1.000 (0.000),1.058 (0.000),70.28 (4.79),51.93 (0.73),73.42 (5.31),46.92 (2.08),8.82 (1.64)
S2,1.0,Probability average,69.88 (2.02),-1.815 (1.090),-1.888 (0.959),Correction + fixed w 0.5,1.000 (0.000),1.058 (0.000),75.89 (2.79),52.40 (0.62),80.83 (2.50),38.50 (4.35),6.18 (1.32)
S2,1.0,Logit sum,70.07 (1.97),-1.632 (1.035),-1.705 (0.904),Correction + fixed w 0.5,1.000 (0.000),1.058 (0.000),76.20 (2.65),52.02 (0.67),81.32 (2.28),37.11 (4.64),5.85 (1.27)
S2,1.0,Correction + fixed w 0.5,71.77 (1.09),0.073 (0.131),0.000 (0.000),Correction + fixed w 0.5,1.000 (0.000),1.058 (0.000),78.63 (1.58),51.38 (0.52),85.18 (0.80),28.88 (6.07),4.40 (1.03)
S2,1.0,Correction + development w 0.2,71.03 (0.83),-0.672 (0.225),-0.745 (0.352),Correction + fixed w 0.5,1.000 (0.000),1.058 (0.000),77.61 (1.42),51.51 (1.08),83.39 (0.89),32.90 (5.27),5.49 (0.96)
S2,1.0,Corrected edge only,70.49 (0.82),-1.212 (0.273),-1.284 (0.396),Correction + fixed w 0.5,1.000 (0.000),1.058 (0.000),76.95 (1.44),51.48 (1.16),82.42 (1.04),34.43 (4.85),5.91 (0.94)
S2,1.0,Correction + product,71.76 (1.16),0.057 (0.223),-0.016 (0.095),Correction + fixed w 0.5,1.000 (0.000),1.058 (0.000),78.66 (1.58),51.06 (0.49),85.36 (0.72),27.84 (6.47),4.15 (1.08)
S2,1.0,Correction + learned weight,70.66 (0.98),-1.041 (0.086),-1.114 (0.109),Correction + fixed w 0.5,1.000 (0.000),1.058 (0.000),77.19 (1.56),51.08 (0.88),83.10 (0.98),31.79 (5.40),5.32 (0.96)
S2,1.0,DriftGate-P,71.70 (0.97),,-0.073 (0.131),Correction + fixed w 0.5,1.000 (0.000),1.058 (0.000),78.45 (1.51),51.56 (0.71),84.70 (0.76),30.63 (6.04),4.86 (1.00)
S2,1.0,No correction + adaptive w,69.29 (2.11),-2.407 (1.165),-2.480 (1.035),Correction + fixed w 0.5,1.000 (0.000),1.058 (0.000),75.04 (2.94),52.50 (0.71),79.47 (2.75),41.28 (4.19),7.00 (1.33)
S2,1.0,conditional (adaptive w),70.83 (0.87),-0.866 (0.180),-0.938 (0.305),Correction + fixed w 0.5,1.000 (0.000),1.058 (0.000),77.23 (1.52),51.68 (1.29),82.68 (1.14),34.91 (4.73),6.04 (0.94)
S2,1.0,conditional (fixed w 0.5),70.73 (0.89),-0.973 (0.137),-1.046 (0.261),Correction + fixed w 0.5,1.000 (0.000),1.058 (0.000),77.09 (1.55),51.67 (1.25),82.51 (1.17),35.04 (4.74),6.06 (0.94)
S2,1.0,"conditional (raw edge, adaptive w)",65.14 (4.08),-6.557 (3.119),-6.629 (2.997),Correction + fixed w 0.5,1.000 (0.000),1.058 (0.000),70.10 (5.15),51.87 (0.72),73.16 (5.73),47.42 (1.99),8.93 (1.64)
S1-fast,0.25,Device only,64.39 (0.24),-2.711 (0.361),-2.721 (0.366),Correction + development w 0.2,0,0,78.17 (0.29),46.26 (0.75),87.01 (0.40),7.19 (0.66),2.96 (1.54)
S1-fast,0.25,Raw edge only,65.68 (0.28),-1.430 (0.235),-1.441 (0.238),Correction + development w 0.2,0.253 (0.000),0.279 (0.007),76.99 (0.71),50.85 (1.45),83.87 (0.22),22.56 (1.62),11.69 (4.79)
S1-fast,0.25,Probability average,66.75 (0.32),-0.357 (0.029),-0.368 (0.022),Correction + development w 0.2,0.253 (0.000),0.279 (0.007),78.88 (0.64),50.73 (1.39),86.21 (0.47),19.15 (1.35),9.68 (4.34)
S1-fast,0.25,Logit sum,66.75 (0.31),-0.352 (0.027),-0.362 (0.025),Correction + development w 0.2,0.253 (0.000),0.279 (0.007),79.06 (0.67),50.55 (1.25),86.51 (0.53),18.21 (1.21),9.24 (4.19)
S1-fast,0.25,Correction + fixed w 0.5,67.03 (0.28),-0.077 (0.015),-0.088 (0.021),Correction + development w 0.2,0.253 (0.000),0.279 (0.007),80.18 (0.55),49.90 (0.97),88.30 (0.59),14.34 (0.35),6.71 (3.15)
S1-fast,0.25,Correction + development w 0.2,67.12 (0.30),0.011 (0.008),0.000 (0.000),Correction + development w 0.2,0.253 (0.000),0.279 (0.007),80.03 (0.61),50.33 (1.03),87.91 (0.59),16.06 (0.38),7.73 (3.45)
S1-fast,0.25,Corrected edge only,67.07 (0.31),-0.031 (0.013),-0.042 (0.006),Correction + development w 0.2,0.253 (0.000),0.279 (0.007),79.89 (0.64),50.43 (1.04),87.68 (0.59),16.69 (0.41),8.12 (3.56)
S1-fast,0.25,Correction + product,66.88 (0.25),-0.225 (0.053),-0.236 (0.060),Correction + development w 0.2,0.253 (0.000),0.279 (0.007),80.12 (0.52),49.64 (0.88),88.33 (0.58),13.62 (0.30),6.31 (2.94)
S1-fast,0.25,Correction + learned weight,66.95 (0.29),-0.159 (0.021),-0.170 (0.026),Correction + development w 0.2,0.253 (0.000),0.279 (0.007),79.82 (0.56),50.18 (0.98),87.80 (0.58),15.66 (0.37),7.49 (3.36)
S1-fast,0.25,DriftGate-P,67.11 (0.30),,-0.011 (0.008),Correction + development w 0.2,0.253 (0.000),0.279 (0.007),80.20 (0.57),50.05 (1.01),88.24 (0.60),14.90 (0.35),7.06 (3.26)
S1-fast,0.25,No correction + adaptive w,66.70 (0.33),-0.405 (0.040),-0.416 (0.034),Correction + development w 0.2,0.253 (0.000),0.279 (0.007),78.69 (0.68),50.84 (1.41),85.88 (0.45),19.99 (1.41),10.24 (4.50)
S1-fast,0.25,conditional (adaptive w),67.15 (0.33),0.044 (0.030),0.033 (0.023),Correction + development w 0.2,0.253 (0.000),0.279 (0.007),79.88 (0.61),50.58 (1.06),87.63 (0.59),17.11 (0.46),8.37 (3.68)
S1-fast,0.25,conditional (fixed w 0.5),67.11 (0.33),0.004 (0.029),-0.007 (0.022),Correction + development w 0.2,0.253 (0.000),0.279 (0.007),79.80 (0.60),50.58 (1.06),87.55 (0.59),17.17 (0.46),8.41 (3.70)
S1-fast,0.25,"conditional (raw edge, adaptive w)",65.46 (0.31),-1.650 (0.302),-1.661 (0.304),Correction + development w 0.2,0.253 (0.000),0.279 (0.007),76.66 (0.70),50.78 (1.46),83.46 (0.20),22.93 (1.64),11.90 (4.90)
S1-fast,0.5,Device only,64.39 (0.24),-3.915 (0.666),-3.943 (0.681),Correction + development w 0.2,0,0,78.17 (0.29),46.26 (0.75),87.01 (0.40),7.19 (0.66),2.96 (1.54)
S1-fast,0.5,Raw edge only,65.30 (0.43),-3.008 (0.258),-3.036 (0.264),Correction + development w 0.2,0.499 (0.000),0.550 (0.014),74.50 (1.10),53.38 (2.37),79.60 (0.32),31.79 (2.76),18.11 (6.76)
S1-fast,0.5,Probability average,67.68 (0.68),-0.628 (0.125),-0.655 (0.109),Correction + development w 0.2,0.499 (0.000),0.550 (0.014),78.59 (1.00),53.19 (2.17),84.98 (0.68),25.00 (2.15),13.66 (5.92)
S1-fast,0.5,Logit sum,67.71 (0.66),-0.596 (0.134),-0.623 (0.130),Correction + development w 0.2,0.499 (0.000),0.550 (0.014),78.89 (1.06),52.94 (1.93),85.48 (0.76),23.63 (1.98),13.08 (5.80)
S1-fast,0.5,Correction + fixed w 0.5,68.15 (0.51),-0.165 (0.047),-0.193 (0.067),Correction + development w 0.2,0.499 (0.000),0.550 (0.014),80.67 (0.78),51.91 (1.35),88.49 (0.73),17.74 (0.65),8.79 (3.96)
S1-fast,0.5,Correction + development w 0.2,68.34 (0.58),0.028 (0.024),0.000 (0.000),Correction + development w 0.2,0.499 (0.000),0.550 (0.014),80.36 (0.90),52.83 (1.54),87.69 (0.75),20.95 (0.83),10.87 (4.54)
S1-fast,0.5,Corrected edge only,68.23 (0.59),-0.079 (0.034),-0.107 (0.011),Correction + development w 0.2,0.499 (0.000),0.550 (0.014),80.03 (0.95),53.08 (1.59),87.16 (0.74),22.18 (0.90),11.70 (4.74)
S1-fast,0.5,Correction + product,67.92 (0.44),-0.390 (0.125),-0.417 (0.147),Correction + development w 0.2,0.499 (0.000),0.550 (0.014),80.60 (0.74),51.48 (1.17),88.56 (0.70),16.63 (0.50),8.19 (3.72)
S1-fast,0.5,Correction + learned weight,67.98 (0.52),-0.332 (0.057),-0.359 (0.080),Correction + development w 0.2,0.499 (0.000),0.550 (0.014),79.94 (0.73),52.48 (1.44),87.43 (0.68),20.22 (0.77),10.40 (4.36)
S1-fast,0.5,DriftGate-P,68.31 (0.56),,-0.028 (0.024),Correction + development w 0.2,0.499 (0.000),0.550 (0.014),80.70 (0.83),52.23 (1.44),88.37 (0.75),18.79 (0.72),9.48 (4.18)
S1-fast,0.5,No correction + adaptive w,67.59 (0.73),-0.721 (0.166),-0.749 (0.146),Correction + development w 0.2,0.499 (0.000),0.550 (0.014),78.19 (1.08),53.45 (2.25),84.26 (0.66),26.66 (2.34),14.88 (6.24)
S1-fast,0.5,conditional (adaptive w),68.35 (0.62),0.036 (0.058),0.009 (0.039),Correction + development w 0.2,0.499 (0.000),0.550 (0.014),80.00 (0.90),53.24 (1.60),87.10 (0.75),22.66 (0.98),11.99 (4.90)
S1-fast,0.5,conditional (fixed w 0.5),68.27 (0.60),-0.041 (0.042),-0.069 (0.027),Correction + development w 0.2,0.499 (0.000),0.550 (0.014),79.87 (0.87),53.23 (1.58),86.98 (0.72),22.72 (1.00),12.03 (4.91)
S1-fast,0.5,"conditional (raw edge, adaptive w)",64.97 (0.38),-3.338 (0.345),-3.366 (0.354),Correction + development w 0.2,0.499 (0.000),0.550 (0.014),74.01 (1.06),53.23 (2.38),78.98 (0.29),32.26 (2.79),18.39 (6.90)
S1-fast,0.75,Device only,64.39 (0.24),-4.428 (0.828),-4.444 (0.837),Correction + development w 0.2,0,0,78.17 (0.29),46.26 (0.75),87.01 (0.40),7.19 (0.66),2.96 (1.54)
S1-fast,0.75,Raw edge only,64.37 (0.56),-4.453 (0.299),-4.469 (0.285),Correction + development w 0.2,0.745 (0.000),0.821 (0.021),72.01 (1.37),54.87 (2.94),75.44 (0.34),38.26 (3.66),22.35 (8.13)
S1-fast,0.75,Probability average,68.04 (0.92),-0.787 (0.216),-0.804 (0.203),Correction + development w 0.2,0.745 (0.000),0.821 (0.021),78.14 (1.21),54.65 (2.55),83.90 (0.83),28.44 (2.70),15.79 (6.99)
S1-fast,0.75,Logit sum,68.08 (0.88),-0.740 (0.196),-0.756 (0.201),Correction + development w 0.2,0.745 (0.000),0.821 (0.021),78.50 (1.27),54.34 (2.26),84.52 (0.90),26.84 (2.51),15.18 (6.90)
S1-fast,0.75,Correction + fixed w 0.5,68.61 (0.63),-0.210 (0.074),-0.226 (0.097),Correction + development w 0.2,0.745 (0.000),0.821 (0.021),80.70 (0.89),53.06 (1.41),88.34 (0.78),19.65 (0.99),9.84 (4.48)
S1-fast,0.75,Correction + development w 0.2,68.84 (0.72),0.017 (0.041),0.000 (0.000),Correction + development w 0.2,0.745 (0.000),0.821 (0.021),80.17 (1.02),54.39 (1.80),87.13 (0.81),24.00 (1.31),12.70 (5.31)
S1-fast,0.75,Corrected edge only,68.65 (0.73),-0.174 (0.066),-0.191 (0.026),Correction + development w 0.2,0.745 (0.000),0.821 (0.021),79.64 (1.07),54.80 (1.89),86.30 (0.80),25.73 (1.41),13.88 (5.58)
S1-fast,0.75,Correction + product,68.36 (0.53),-0.462 (0.174),-0.479 (0.201),Correction + development w 0.2,0.745 (0.000),0.821 (0.021),80.65 (0.83),52.52 (1.20),88.45 (0.75),18.34 (0.78),9.15 (4.21)
S1-fast,0.75,Correction + learned weight,68.44 (0.65),-0.381 (0.071),-0.398 (0.108),Correction + development w 0.2,0.745 (0.000),0.821 (0.021),79.78 (0.81),53.87 (1.65),86.90 (0.73),23.00 (1.22),12.07 (5.06)
S1-fast,0.75,DriftGate-P,68.82 (0.70),,-0.017 (0.041),Correction + development w 0.2,0.745 (0.000),0.821 (0.021),80.71 (0.96),53.50 (1.58),88.13 (0.82),21.07 (1.13),10.78 (4.80)
S1-fast,0.75,No correction + adaptive w,67.88 (1.02),-0.946 (0.312),-0.963 (0.291),Correction + development w 0.2,0.745 (0.000),0.821 (0.021),77.50 (1.37),55.03 (2.71),82.79 (0.85),30.80 (3.01),17.51 (7.42)
S1-fast,0.75,conditional (adaptive w),68.85 (0.80),0.029 (0.103),0.012 (0.076),Correction + development w 0.2,0.745 (0.000),0.821 (0.021),79.69 (1.07),54.93 (1.88),86.32 (0.85),26.22 (1.51),14.17 (5.74)
S1-fast,0.75,conditional (fixed w 0.5),68.77 (0.78),-0.052 (0.076),-0.069 (0.052),Correction + development w 0.2,0.745 (0.000),0.821 (0.021),79.55 (1.02),54.92 (1.86),86.19 (0.81),26.28 (1.54),14.22 (5.76)
S1-fast,0.75,"conditional (raw edge, adaptive w)",64.03 (0.50),-4.789 (0.374),-4.806 (0.365),Correction + development w 0.2,0.745 (0.000),0.821 (0.021),71.50 (1.35),54.67 (2.95),74.77 (0.31),38.76 (3.70),22.64 (8.26)
S1-fast,1.0,Device only,64.39 (0.24),-4.569 (0.893),-4.536 (0.911),Correction + development w 0.2,0,0,78.17 (0.29),46.26 (0.75),87.01 (0.40),7.19 (0.66),2.96 (1.54)
S1-fast,1.0,Raw edge only,63.38 (0.55),-5.588 (0.364),-5.555 (0.350),Correction + development w 0.2,1.000 (0.000),1.101 (0.028),70.24 (1.47),55.49 (2.97),72.64 (0.21),41.75 (4.18),24.15 (8.89)
S1-fast,1.0,Probability average,68.06 (1.04),-0.902 (0.283),-0.869 (0.265),Correction + development w 0.2,1.000 (0.000),1.101 (0.028),77.86 (1.32),55.31 (2.45),83.33 (0.90),29.92 (2.97),16.57 (7.51)
S1-fast,1.0,Logit sum,68.12 (1.00),-0.843 (0.249),-0.810 (0.256),Correction + development w 0.2,1.000 (0.000),1.101 (0.028),78.24 (1.38),54.99 (2.14),84.00 (0.97),28.23 (2.78),15.95 (7.44)
S1-fast,1.0,Correction + fixed w 0.5,68.74 (0.67),-0.228 (0.093),-0.195 (0.136),Correction + development w 0.2,1.000 (0.000),1.101 (0.028),80.67 (0.93),53.57 (1.19),88.21 (0.80),20.41 (1.16),10.22 (4.73)
S1-fast,1.0,Correction + development w 0.2,68.93 (0.79),-0.033 (0.072),0.000 (0.000),Correction + development w 0.2,1.000 (0.000),1.101 (0.028),79.97 (1.09),55.13 (1.68),86.74 (0.86),25.39 (1.58),13.42 (5.75)
S1-fast,1.0,Corrected edge only,68.66 (0.80),-0.308 (0.116),-0.275 (0.046),Correction + development w 0.2,1.000 (0.000),1.101 (0.028),79.27 (1.15),55.63 (1.83),85.68 (0.85),27.45 (1.71),14.75 (6.09)
S1-fast,1.0,Correction + product,68.48 (0.57),-0.486 (0.195),-0.453 (0.245),Correction + development w 0.2,1.000 (0.000),1.101 (0.028),80.62 (0.87),52.99 (0.99),88.34 (0.77),19.02 (0.92),9.51 (4.46)
S1-fast,1.0,Correction + learned weight,68.57 (0.71),-0.392 (0.056),-0.359 (0.124),Correction + development w 0.2,1.000 (0.000),1.101 (0.028),79.64 (0.88),54.54 (1.52),86.61 (0.76),24.25 (1.46),12.72 (5.46)
S1-fast,1.0,DriftGate-P,68.96 (0.76),,0.033 (0.072),Correction + development w 0.2,1.000 (0.000),1.101 (0.028),80.65 (1.02),54.08 (1.41),87.94 (0.85),22.07 (1.34),11.32 (5.12)
S1-fast,1.0,No correction + adaptive w,67.84 (1.19),-1.125 (0.431),-1.093 (0.399),Correction + development w 0.2,1.000 (0.000),1.101 (0.028),77.03 (1.56),55.78 (2.68),81.93 (0.98),32.75 (3.34),18.58 (8.06)
S1-fast,1.0,conditional (adaptive w),68.96 (0.93),-0.008 (0.185),0.025 (0.132),Correction + development w 0.2,1.000 (0.000),1.101 (0.028),79.42 (1.21),55.77 (1.79),85.81 (0.95),27.93 (1.81),15.05 (6.25)
S1-fast,1.0,conditional (fixed w 0.5),68.88 (0.90),-0.080 (0.152),-0.047 (0.101),Correction + development w 0.2,1.000 (0.000),1.101 (0.028),79.29 (1.14),55.76 (1.76),85.69 (0.90),28.00 (1.83),15.10 (6.27)
S1-fast,1.0,"conditional (raw edge, adaptive w)",63.09 (0.50),-5.874 (0.394),-5.841 (0.386),Correction + development w 0.2,1.000 (0.000),1.101 (0.028),69.77 (1.47),55.27 (3.00),72.02 (0.19),42.26 (4.21),24.44 (9.03)
partial participation,0.25,Device only,61.75 (0.24),-1.903 (0.118),-1.886 (0.114),Correction + fixed w 0.5,0,0,75.94 (0.17),44.04 (1.86),84.58 (0.53),4.76 (0.71),1.85 (1.15)
partial participation,0.25,Raw edge only,61.78 (0.32),-1.872 (0.192),-1.855 (0.191),Correction + fixed w 0.5,0.254 (0.000),0.281 (0.007),73.53 (0.51),47.12 (1.78),80.71 (0.18),16.49 (1.10),8.25 (3.65)
partial participation,0.25,Probability average,62.98 (0.18),-0.678 (0.033),-0.661 (0.039),Correction + fixed w 0.5,0.254 (0.000),0.281 (0.007),75.59 (0.57),47.29 (1.71),83.08 (0.54),13.76 (0.99),6.73 (3.24)
partial participation,0.25,Logit sum,63.08 (0.16),-0.574 (0.073),-0.557 (0.075),Correction + fixed w 0.5,0.254 (0.000),0.281 (0.007),75.84 (0.63),47.27 (1.57),83.44 (0.64),13.07 (0.88),6.45 (3.20)
partial participation,0.25,Correction + fixed w 0.5,63.64 (0.18),-0.017 (0.010),0.000 (0.000),Correction + fixed w 0.5,0.254 (0.000),0.281 (0.007),77.33 (0.42),46.72 (1.50),85.55 (0.63),9.47 (0.64),4.11 (2.08)
partial participation,0.25,Correction + development w 0.2,63.55 (0.22),-0.103 (0.038),-0.086 (0.047),Correction + fixed w 0.5,0.254 (0.000),0.281 (0.007),77.02 (0.48),46.98 (1.50),85.07 (0.61),10.68 (0.61),4.78 (2.32)
partial participation,0.25,Corrected edge only,63.46 (0.25),-0.196 (0.060),-0.179 (0.069),Correction + fixed w 0.5,0.254 (0.000),0.281 (0.007),76.82 (0.51),47.03 (1.51),84.81 (0.62),11.13 (0.61),5.03 (2.40)
partial participation,0.25,Correction + product,63.60 (0.16),-0.056 (0.036),-0.039 (0.025),Correction + fixed w 0.5,0.254 (0.000),0.281 (0.007),77.37 (0.39),46.58 (1.42),85.64 (0.64),8.99 (0.66),3.90 (2.02)
partial participation,0.25,Correction + learned weight,63.52 (0.18),-0.133 (0.026),-0.116 (0.031),Correction + fixed w 0.5,0.254 (0.000),0.281 (0.007),76.99 (0.45),46.88 (1.50),85.12 (0.64),10.33 (0.58),4.62 (2.25)
partial participation,0.25,DriftGate-P,63.66 (0.19),,0.017 (0.010),Correction + fixed w 0.5,0.254 (0.000),0.281 (0.007),77.30 (0.44),46.81 (1.50),85.47 (0.63),9.80 (0.64),4.29 (2.15)
partial participation,0.25,No correction + adaptive w,62.88 (0.20),-0.775 (0.037),-0.758 (0.046),Correction + fixed w 0.5,0.254 (0.000),0.281 (0.007),75.37 (0.59),47.32 (1.71),82.78 (0.52),14.33 (1.00),7.07 (3.33)
partial participation,0.25,conditional (adaptive w),63.58 (0.24),-0.073 (0.056),-0.056 (0.067),Correction + fixed w 0.5,0.254 (0.000),0.281 (0.007),76.91 (0.50),47.11 (1.60),84.84 (0.63),11.47 (0.57),5.23 (2.50)
partial participation,0.25,conditional (fixed w 0.5),63.56 (0.23),-0.095 (0.059),-0.079 (0.069),Correction + fixed w 0.5,0.254 (0.000),0.281 (0.007),76.86 (0.50),47.10 (1.62),84.80 (0.64),11.51 (0.57),5.25 (2.50)
partial participation,0.25,"conditional (raw edge, adaptive w)",61.60 (0.34),-2.060 (0.224),-2.043 (0.222),Correction + fixed w 0.5,0.254 (0.000),0.281 (0.007),73.23 (0.50),47.04 (1.76),80.32 (0.14),16.85 (1.11),8.43 (3.72)
partial participation,0.5,Device only,61.75 (0.24),-2.594 (0.308),-2.576 (0.283),Correction + fixed w 0.5,0,0,75.94 (0.17),44.04 (1.86),84.58 (0.53),4.76 (0.71),1.85 (1.15)
partial participation,0.5,Raw edge only,60.11 (0.26),-4.241 (0.121),-4.223 (0.110),Correction + fixed w 0.5,0.499 (0.000),0.552 (0.014),69.80 (1.11),47.84 (2.22),75.35 (0.29),23.76 (1.71),13.22 (5.68)
partial participation,0.5,Probability average,63.03 (0.37),-1.320 (0.223),-1.302 (0.235),Correction + fixed w 0.5,0.499 (0.000),0.552 (0.014),74.52 (1.10),48.58 (2.06),81.10 (0.90),18.45 (1.31),9.87 (4.87)
partial participation,0.5,Logit sum,63.23 (0.41),-1.114 (0.286),-1.095 (0.296),Correction + fixed w 0.5,0.499 (0.000),0.552 (0.014),74.96 (1.20),48.60 (1.87),81.73 (1.06),17.43 (1.14),9.48 (4.87)
partial participation,0.5,Correction + fixed w 0.5,64.33 (0.23),-0.019 (0.034),0.000 (0.000),Correction + fixed w 0.5,0.499 (0.000),0.552 (0.014),77.54 (0.69),47.92 (1.61),85.52 (0.80),11.84 (0.50),5.54 (2.83)
partial participation,0.5,Correction + development w 0.2,64.06 (0.33),-0.287 (0.079),-0.268 (0.106),Correction + fixed w 0.5,0.499 (0.000),0.552 (0.014),76.83 (0.86),48.34 (1.68),84.43 (0.83),14.08 (0.41),6.92 (3.32)
partial participation,0.5,Corrected edge only,63.81 (0.39),-0.535 (0.129),-0.517 (0.158),Correction + fixed w 0.5,0.499 (0.000),0.552 (0.014),76.37 (0.95),48.43 (1.73),83.82 (0.86),14.95 (0.39),7.47 (3.49)
partial participation,0.5,Correction + product,64.29 (0.17),-0.060 (0.096),-0.042 (0.063),Correction + fixed w 0.5,0.499 (0.000),0.552 (0.014),77.63 (0.62),47.71 (1.44),85.71 (0.80),11.09 (0.56),5.19 (2.74)
partial participation,0.5,Correction + learned weight,64.07 (0.25),-0.276 (0.039),-0.258 (0.041),Correction + fixed w 0.5,0.499 (0.000),0.552 (0.014),76.86 (0.72),48.21 (1.57),84.61 (0.82),13.45 (0.40),6.60 (3.15)
partial participation,0.5,DriftGate-P,64.35 (0.27),,0.019 (0.034),Correction + fixed w 0.5,0.499 (0.000),0.552 (0.014),77.47 (0.74),48.06 (1.63),85.34 (0.82),12.46 (0.48),5.92 (2.96)
partial participation,0.5,No correction + adaptive w,62.77 (0.41),-1.574 (0.229),-1.555 (0.247),Correction + fixed w 0.5,0.499 (0.000),0.552 (0.014),74.00 (1.18),48.59 (2.10),80.36 (0.86),19.54 (1.37),10.63 (5.06)
partial participation,0.5,conditional (adaptive w),64.09 (0.37),-0.257 (0.101),-0.238 (0.134),Correction + fixed w 0.5,0.499 (0.000),0.552 (0.014),76.59 (0.90),48.53 (1.86),84.00 (0.88),15.35 (0.33),7.70 (3.59)
partial participation,0.5,conditional (fixed w 0.5),64.05 (0.36),-0.293 (0.092),-0.274 (0.126),Correction + fixed w 0.5,0.499 (0.000),0.552 (0.014),76.52 (0.88),48.52 (1.86),83.94 (0.87),15.39 (0.32),7.72 (3.59)
partial participation,0.5,"conditional (raw edge, adaptive w)",59.90 (0.23),-4.447 (0.169),-4.429 (0.150),Correction + fixed w 0.5,0.499 (0.000),0.552 (0.014),69.45 (1.05),47.71 (2.20),74.87 (0.21),24.21 (1.73),13.47 (5.80)
partial participation,0.75,Device only,61.75 (0.24),-2.910 (0.419),-2.909 (0.369),Correction + fixed w 0.5,0,0,75.94 (0.17),44.04 (1.86),84.58 (0.53),4.76 (0.71),1.85 (1.15)
partial participation,0.75,Raw edge only,58.12 (0.35),-6.545 (0.012),-6.544 (0.059),Correction + fixed w 0.5,0.745 (0.000),0.825 (0.021),66.30 (1.60),47.67 (2.79),70.06 (0.51),29.14 (2.36),16.80 (7.36)
partial participation,0.75,Probability average,62.85 (0.63),-1.813 (0.410),-1.812 (0.438),Correction + fixed w 0.5,0.745 (0.000),0.825 (0.021),73.60 (1.46),49.15 (2.45),79.39 (1.25),21.51 (1.65),11.73 (6.06)
partial participation,0.75,Logit sum,63.12 (0.68),-1.539 (0.477),-1.538 (0.503),Correction + fixed w 0.5,0.745 (0.000),0.825 (0.021),74.15 (1.59),49.20 (2.27),80.19 (1.44),20.30 (1.42),11.29 (6.11)
partial participation,0.75,Correction + fixed w 0.5,64.66 (0.30),-0.001 (0.059),0.000 (0.000),Correction + fixed w 0.5,0.745 (0.000),0.825 (0.021),77.54 (0.81),48.48 (1.76),85.30 (0.89),13.30 (0.32),6.33 (3.34)
partial participation,0.75,Correction + development w 0.2,64.20 (0.44),-0.467 (0.116),-0.466 (0.160),Correction + fixed w 0.5,0.745 (0.000),0.825 (0.021),76.43 (1.08),48.99 (1.99),83.61 (0.97),16.39 (0.18),8.29 (4.11)
partial participation,0.75,Corrected edge only,63.77 (0.51),-0.897 (0.190),-0.896 (0.235),Correction + fixed w 0.5,0.745 (0.000),0.825 (0.021),75.68 (1.22),49.11 (2.07),82.61 (1.02),17.64 (0.17),9.10 (4.39)
partial participation,0.75,Correction + product,64.63 (0.22),-0.031 (0.142),-0.030 (0.086),Correction + fixed w 0.5,0.745 (0.000),0.825 (0.021),77.68 (0.73),48.25 (1.53),85.57 (0.88),12.40 (0.41),5.90 (3.21)
partial participation,0.75,Correction + learned weight,64.32 (0.34),-0.342 (0.052),-0.341 (0.071),Correction + fixed w 0.5,0.745 (0.000),0.825 (0.021),76.63 (0.90),48.88 (1.74),84.02 (0.95),15.52 (0.18),7.83 (3.87)
partial participation,0.75,DriftGate-P,64.66 (0.36),,0.001 (0.059),Correction + fixed w 0.5,0.745 (0.000),0.825 (0.021),77.40 (0.90),48.64 (1.84),85.00 (0.94),14.17 (0.27),6.86 (3.53)
partial participation,0.75,No correction + adaptive w,62.42 (0.70),-2.241 (0.449),-2.240 (0.486),Correction + fixed w 0.5,0.745 (0.000),0.825 (0.021),72.76 (1.63),49.13 (2.56),78.18 (1.24),23.08 (1.78),12.86 (6.38)
partial participation,0.75,conditional (adaptive w),64.20 (0.50),-0.462 (0.150),-0.461 (0.208),Correction + fixed w 0.5,0.745 (0.000),0.825 (0.021),76.05 (1.18),49.24 (2.17),82.97 (1.05),18.04 (0.14),9.33 (4.49)
partial participation,0.75,conditional (fixed w 0.5),64.18 (0.49),-0.486 (0.135),-0.485 (0.193),Correction + fixed w 0.5,0.745 (0.000),0.825 (0.021),76.00 (1.15),49.24 (2.15),82.91 (1.04),18.09 (0.15),9.35 (4.49)
partial participation,0.75,"conditional (raw edge, adaptive w)",57.96 (0.30),-6.703 (0.057),-6.702 (0.014),Correction + fixed w 0.5,0.745 (0.000),0.825 (0.021),65.99 (1.54),47.51 (2.77),69.59 (0.46),29.64 (2.38),17.07 (7.48)
partial participation,1.0,Device only,61.75 (0.24),-3.065 (0.468),-3.092 (0.394),Correction + fixed w 0.5,0,0,75.94 (0.17),44.04 (1.86),84.58 (0.53),4.76 (0.71),1.85 (1.15)
partial participation,1.0,Raw edge only,56.44 (0.36),-8.375 (0.149),-8.401 (0.145),Correction + fixed w 0.5,1.000 (0.000),1.107 (0.027),63.87 (1.74),47.24 (2.90),66.26 (0.75),32.31 (2.78),18.44 (8.17)
partial participation,1.0,Probability average,62.64 (0.75),-2.179 (0.521),-2.206 (0.562),Correction + fixed w 0.5,1.000 (0.000),1.107 (0.027),73.06 (1.62),49.50 (2.31),78.39 (1.46),23.03 (1.85),12.43 (6.63)
partial participation,1.0,Logit sum,62.94 (0.81),-1.879 (0.593),-1.905 (0.633),Correction + fixed w 0.5,1.000 (0.000),1.107 (0.027),73.66 (1.77),49.52 (2.19),79.27 (1.66),21.75 (1.59),11.99 (6.73)
partial participation,1.0,Correction + fixed w 0.5,64.85 (0.31),0.026 (0.084),0.000 (0.000),Correction + fixed w 0.5,1.000 (0.000),1.107 (0.027),77.58 (0.85),48.86 (1.49),85.22 (0.92),13.96 (0.20),6.61 (3.58)
partial participation,1.0,Correction + development w 0.2,64.22 (0.49),-0.598 (0.127),-0.624 (0.189),Correction + fixed w 0.5,1.000 (0.000),1.107 (0.027),76.20 (1.20),49.38 (1.82),83.13 (1.05),17.56 (0.05),8.85 (4.54)
partial participation,1.0,Corrected edge only,63.64 (0.56),-1.175 (0.212),-1.201 (0.268),Correction + fixed w 0.5,1.000 (0.000),1.107 (0.027),75.24 (1.35),49.49 (1.92),81.84 (1.08),19.06 (0.13),9.78 (4.88)
partial participation,1.0,Correction + product,64.83 (0.23),0.006 (0.177),-0.020 (0.100),Correction + fixed w 0.5,1.000 (0.000),1.107 (0.027),77.74 (0.77),48.61 (1.27),85.53 (0.92),12.99 (0.33),6.16 (3.46)
partial participation,1.0,Correction + learned weight,64.45 (0.40),-0.370 (0.074),-0.396 (0.117),Correction + fixed w 0.5,1.000 (0.000),1.107 (0.027),76.53 (1.04),49.29 (1.52),83.73 (1.04),16.55 (0.03),8.32 (4.25)
partial participation,1.0,DriftGate-P,64.82 (0.40),,-0.026 (0.084),Correction + fixed w 0.5,1.000 (0.000),1.107 (0.027),77.37 (1.00),49.00 (1.61),84.82 (1.00),15.00 (0.14),7.26 (3.84)
partial participation,1.0,No correction + adaptive w,62.06 (0.88),-2.761 (0.603),-2.787 (0.657),Correction + fixed w 0.5,1.000 (0.000),1.107 (0.027),71.96 (1.89),49.41 (2.49),76.80 (1.51),24.96 (2.02),13.79 (7.06)
partial participation,1.0,conditional (adaptive w),64.18 (0.57),-0.641 (0.178),-0.667 (0.260),Correction + fixed w 0.5,1.000 (0.000),1.107 (0.027),75.70 (1.36),49.64 (2.00),82.31 (1.15),19.45 (0.19),10.01 (4.98)
partial participation,1.0,conditional (fixed w 0.5),64.17 (0.55),-0.646 (0.151),-0.673 (0.234),Correction + fixed w 0.5,1.000 (0.000),1.107 (0.027),75.67 (1.31),49.65 (1.98),82.28 (1.13),19.50 (0.20),10.03 (4.98)
partial participation,1.0,"conditional (raw edge, adaptive w)",56.33 (0.35),-8.490 (0.181),-8.516 (0.167),Correction + fixed w 0.5,1.000 (0.000),1.107 (0.027),63.60 (1.72),47.07 (2.90),65.83 (0.75),32.81 (2.79),18.72 (8.30)
stepwise change,0.25,Device only,68.93 (1.45),-2.169 (0.437),-2.116 (0.414),Correction + fixed w 0.5,0,0,nan (nan),nan (nan),86.49 (1.92),10.80 (1.44),1.54 (0.44)
stepwise change,0.25,Raw edge only,69.10 (1.70),-1.993 (0.301),-1.940 (0.289),Correction + fixed w 0.5,0.253 (0.000),0.354 (0.000),nan (nan),nan (nan),83.39 (2.06),25.47 (2.03),7.92 (0.78)
stepwise change,0.25,Probability average,70.66 (1.75),-0.438 (0.054),-0.385 (0.045),Correction + fixed w 0.5,0.253 (0.000),0.354 (0.000),nan (nan),nan (nan),85.90 (2.08),22.59 (2.05),5.81 (0.63)
stepwise change,0.25,Logit sum,70.65 (1.78),-0.442 (0.090),-0.388 (0.070),Correction + fixed w 0.5,0.253 (0.000),0.354 (0.000),nan (nan),nan (nan),86.11 (2.11),21.77 (2.05),5.35 (0.70)
stepwise change,0.25,Correction + fixed w 0.5,71.04 (1.74),-0.053 (0.032),0.000 (0.000),Correction + fixed w 0.5,0.253 (0.000),0.354 (0.000),nan (nan),nan (nan),87.51 (2.09),18.01 (1.61),3.70 (0.47)
stepwise change,0.25,Correction + development w 0.2,71.00 (1.80),-0.101 (0.083),-0.048 (0.115),Correction + fixed w 0.5,0.253 (0.000),0.354 (0.000),nan (nan),nan (nan),87.08 (2.14),19.57 (1.53),4.59 (0.48)
stepwise change,0.25,Corrected edge only,70.91 (1.81),-0.190 (0.112),-0.136 (0.143),Correction + fixed w 0.5,0.253 (0.000),0.354 (0.000),nan (nan),nan (nan),86.83 (2.14),20.11 (1.51),4.92 (0.49)
stepwise change,0.25,Correction + product,70.95 (1.73),-0.146 (0.097),-0.093 (0.065),Correction + fixed w 0.5,0.253 (0.000),0.354 (0.000),nan (nan),nan (nan),87.55 (2.07),17.36 (1.67),3.42 (0.52)
stepwise change,0.25,Correction + learned weight,70.84 (1.81),-0.253 (0.066),-0.200 (0.091),Correction + fixed w 0.5,0.253 (0.000),0.354 (0.000),nan (nan),nan (nan),86.97 (2.16),19.16 (1.54),4.41 (0.46)
stepwise change,0.25,DriftGate-P,71.10 (1.76),,0.053 (0.032),Correction + fixed w 0.5,0.253 (0.000),0.354 (0.000),nan (nan),nan (nan),87.45 (2.10),18.49 (1.60),3.95 (0.46)
stepwise change,0.25,No correction + adaptive w,70.61 (1.76),-0.486 (0.040),-0.432 (0.055),Correction + fixed w 0.5,0.253 (0.000),0.354 (0.000),nan (nan),nan (nan),85.65 (2.07),23.33 (2.08),6.29 (0.66)
stepwise change,0.25,conditional (adaptive w),71.04 (1.79),-0.053 (0.080),0.000 (0.111),Correction + fixed w 0.5,0.253 (0.000),0.354 (0.000),nan (nan),nan (nan),86.87 (2.12),20.54 (1.57),5.11 (0.49)
stepwise change,0.25,conditional (fixed w 0.5),71.00 (1.79),-0.093 (0.068),-0.040 (0.100),Correction + fixed w 0.5,0.253 (0.000),0.354 (0.000),nan (nan),nan (nan),86.80 (2.11),20.60 (1.58),5.14 (0.48)
stepwise change,0.25,"conditional (raw edge, adaptive w)",68.88 (1.67),-2.219 (0.347),-2.166 (0.333),Correction + fixed w 0.5,0.253 (0.000),0.354 (0.000),nan (nan),nan (nan),83.02 (2.05),25.81 (2.04),8.15 (0.80)
stepwise change,0.5,Device only,68.93 (1.45),-3.066 (0.654),-2.957 (0.604),Correction + fixed w 0.5,0,0,nan (nan),nan (nan),86.49 (1.92),10.80 (1.44),1.54 (0.44)
stepwise change,0.5,Raw edge only,68.13 (1.96),-3.867 (0.483),-3.757 (0.457),Correction + fixed w 0.5,0.498 (0.000),0.697 (0.000),nan (nan),nan (nan),79.68 (2.19),36.15 (3.50),12.50 (1.73)
stepwise change,0.5,Probability average,71.30 (2.06),-0.692 (0.138),-0.583 (0.156),Correction + fixed w 0.5,0.498 (0.000),0.697 (0.000),nan (nan),nan (nan),85.06 (2.28),29.57 (3.16),8.00 (1.17)
stepwise change,0.5,Logit sum,71.28 (2.09),-0.712 (0.201),-0.603 (0.204),Correction + fixed w 0.5,0.498 (0.000),0.697 (0.000),nan (nan),nan (nan),85.38 (2.33),28.33 (3.10),7.34 (1.17)
stepwise change,0.5,Correction + fixed w 0.5,71.88 (1.93),-0.109 (0.062),0.000 (0.000),Correction + fixed w 0.5,0.498 (0.000),0.697 (0.000),nan (nan),nan (nan),87.63 (2.21),22.28 (2.25),4.75 (0.72)
stepwise change,0.5,Correction + development w 0.2,71.76 (2.09),-0.230 (0.164),-0.121 (0.222),Correction + fixed w 0.5,0.498 (0.000),0.697 (0.000),nan (nan),nan (nan),86.70 (2.35),25.55 (2.44),6.40 (0.81)
stepwise change,0.5,Corrected edge only,71.57 (2.10),-0.429 (0.209),-0.319 (0.266),Correction + fixed w 0.5,0.498 (0.000),0.697 (0.000),nan (nan),nan (nan),86.17 (2.35),26.76 (2.50),7.09 (0.83)
stepwise change,0.5,Correction + product,71.75 (1.90),-0.243 (0.154),-0.133 (0.096),Correction + fixed w 0.5,0.498 (0.000),0.697 (0.000),nan (nan),nan (nan),87.71 (2.17),21.22 (2.26),4.33 (0.74)
stepwise change,0.5,Correction + learned weight,71.49 (2.10),-0.507 (0.154),-0.398 (0.197),Correction + fixed w 0.5,0.498 (0.000),0.697 (0.000),nan (nan),nan (nan),86.50 (2.38),24.70 (2.37),6.05 (0.75)
stepwise change,0.5,DriftGate-P,71.99 (1.97),,0.109 (0.062),Correction + fixed w 0.5,0.498 (0.000),0.697 (0.000),nan (nan),nan (nan),87.51 (2.24),23.29 (2.36),5.20 (0.73)
stepwise change,0.5,No correction + adaptive w,71.22 (2.09),-0.775 (0.147),-0.665 (0.189),Correction + fixed w 0.5,0.498 (0.000),0.697 (0.000),nan (nan),nan (nan),84.52 (2.28),31.21 (3.38),8.95 (1.29)
stepwise change,0.5,conditional (adaptive w),71.87 (2.09),-0.121 (0.146),-0.011 (0.204),Correction + fixed w 0.5,0.498 (0.000),0.697 (0.000),nan (nan),nan (nan),86.33 (2.32),27.25 (2.57),7.31 (0.86)
stepwise change,0.5,conditional (fixed w 0.5),71.80 (2.08),-0.197 (0.133),-0.087 (0.190),Correction + fixed w 0.5,0.498 (0.000),0.697 (0.000),nan (nan),nan (nan),86.22 (2.31),27.31 (2.59),7.34 (0.86)
stepwise change,0.5,"conditional (raw edge, adaptive w)",67.86 (1.95),-4.139 (0.548),-4.029 (0.517),Correction + fixed w 0.5,0.498 (0.000),0.697 (0.000),nan (nan),nan (nan),79.21 (2.20),36.56 (3.52),12.77 (1.79)
stepwise change,0.75,Device only,68.93 (1.45),-3.372 (0.815),-3.240 (0.747),Correction + fixed w 0.5,0,0,nan (nan),nan (nan),86.49 (1.92),10.80 (1.44),1.54 (0.44)
stepwise change,0.75,Raw edge only,66.67 (2.07),-5.630 (0.641),-5.498 (0.606),Correction + fixed w 0.5,0.744 (0.000),1.042 (0.000),nan (nan),nan (nan),76.22 (2.23),43.17 (4.80),15.38 (2.30)
stepwise change,0.75,Probability average,71.46 (2.25),-0.840 (0.216),-0.709 (0.243),Correction + fixed w 0.5,0.744 (0.000),1.042 (0.000),nan (nan),nan (nan),84.34 (2.45),33.34 (4.09),8.96 (1.58)
stepwise change,0.75,Logit sum,71.42 (2.30),-0.877 (0.285),-0.745 (0.302),Correction + fixed w 0.5,0.744 (0.000),1.042 (0.000),nan (nan),nan (nan),84.70 (2.52),31.90 (3.99),8.24 (1.54)
stepwise change,0.75,Correction + fixed w 0.5,72.17 (2.06),-0.132 (0.080),0.000 (0.000),Correction + fixed w 0.5,0.744 (0.000),1.042 (0.000),nan (nan),nan (nan),87.46 (2.34),24.60 (2.78),5.19 (0.96)
stepwise change,0.75,Correction + development w 0.2,71.90 (2.29),-0.404 (0.218),-0.272 (0.292),Correction + fixed w 0.5,0.744 (0.000),1.042 (0.000),nan (nan),nan (nan),86.07 (2.56),29.14 (3.25),7.34 (1.12)
stepwise change,0.75,Corrected edge only,71.55 (2.28),-0.754 (0.249),-0.622 (0.321),Correction + fixed w 0.5,0.744 (0.000),1.042 (0.000),nan (nan),nan (nan),85.22 (2.53),30.92 (3.40),8.30 (1.15)
stepwise change,0.75,Correction + product,72.03 (2.03),-0.265 (0.172),-0.133 (0.102),Correction + fixed w 0.5,0.744 (0.000),1.042 (0.000),nan (nan),nan (nan),87.58 (2.30),23.34 (2.74),4.72 (0.95)
stepwise change,0.75,Correction + learned weight,71.67 (2.30),-0.633 (0.216),-0.501 (0.274),Correction + fixed w 0.5,0.744 (0.000),1.042 (0.000),nan (nan),nan (nan),85.96 (2.58),27.98 (3.10),6.89 (1.03)
stepwise change,0.75,DriftGate-P,72.30 (2.12),,0.132 (0.080),Correction + fixed w 0.5,0.744 (0.000),1.042 (0.000),nan (nan),nan (nan),87.27 (2.40),26.01 (3.00),5.79 (0.99)
stepwise change,0.75,No correction + adaptive w,71.32 (2.31),-0.978 (0.240),-0.846 (0.289),Correction + fixed w 0.5,0.744 (0.000),1.042 (0.000),nan (nan),nan (nan),83.54 (2.47),35.69 (4.47),10.27 (1.74)
stepwise change,0.75,conditional (adaptive w),72.13 (2.26),-0.170 (0.170),-0.038 (0.246),Correction + fixed w 0.5,0.744 (0.000),1.042 (0.000),nan (nan),nan (nan),85.64 (2.48),31.41 (3.49),8.52 (1.20)
stepwise change,0.75,conditional (fixed w 0.5),72.05 (2.26),-0.254 (0.160),-0.122 (0.236),Correction + fixed w 0.5,0.744 (0.000),1.042 (0.000),nan (nan),nan (nan),85.52 (2.48),31.48 (3.51),8.56 (1.20)
stepwise change,0.75,"conditional (raw edge, adaptive w)",66.53 (2.07),-5.771 (0.676),-5.640 (0.638),Correction + fixed w 0.5,0.744 (0.000),1.042 (0.000),nan (nan),nan (nan),75.86 (2.26),43.61 (4.81),15.66 (2.38)
stepwise change,1.0,Device only,68.93 (1.45),-3.429 (0.911),-3.287 (0.828),Correction + fixed w 0.5,0,0,nan (nan),nan (nan),86.49 (1.92),10.80 (1.44),1.54 (0.44)
stepwise change,1.0,Raw edge only,65.20 (2.09),-7.152 (0.773),-7.010 (0.728),Correction + fixed w 0.5,1.000 (0.000),1.400 (0.000),nan (nan),nan (nan),73.79 (2.20),46.32 (5.70),16.55 (2.56)
stepwise change,1.0,Probability average,71.44 (2.32),-0.920 (0.256),-0.778 (0.288),Correction + fixed w 0.5,1.000 (0.000),1.400 (0.000),nan (nan),nan (nan),84.01 (2.49),34.63 (4.63),9.22 (1.71)
stepwise change,1.0,Logit sum,71.39 (2.37),-0.970 (0.316),-0.828 (0.344),Correction + fixed w 0.5,1.000 (0.000),1.400 (0.000),nan (nan),nan (nan),84.37 (2.55),33.13 (4.49),8.48 (1.65)
stepwise change,1.0,Correction + fixed w 0.5,72.21 (2.11),-0.142 (0.093),0.000 (0.000),Correction + fixed w 0.5,1.000 (0.000),1.400 (0.000),nan (nan),nan (nan),87.34 (2.39),25.38 (3.10),5.30 (1.03)
stepwise change,1.0,Correction + development w 0.2,71.78 (2.41),-0.577 (0.264),-0.436 (0.349),Correction + fixed w 0.5,1.000 (0.000),1.400 (0.000),nan (nan),nan (nan),85.63 (2.65),30.56 (3.77),7.65 (1.27)
stepwise change,1.0,Corrected edge only,71.24 (2.38),-1.118 (0.299),-0.976 (0.379),Correction + fixed w 0.5,1.000 (0.000),1.400 (0.000),nan (nan),nan (nan),84.50 (2.61),32.65 (3.98),8.74 (1.31)
stepwise change,1.0,Correction + product,72.08 (2.08),-0.274 (0.179),-0.132 (0.102),Correction + fixed w 0.5,1.000 (0.000),1.400 (0.000),nan (nan),nan (nan),87.48 (2.35),24.05 (3.00),4.82 (1.00)
stepwise change,1.0,Correction + learned weight,71.68 (2.38),-0.680 (0.229),-0.538 (0.302),Correction + fixed w 0.5,1.000 (0.000),1.400 (0.000),nan (nan),nan (nan),85.69 (2.64),29.25 (3.57),7.14 (1.15)
stepwise change,1.0,DriftGate-P,72.36 (2.20),,0.142 (0.093),Correction + fixed w 0.5,1.000 (0.000),1.400 (0.000),nan (nan),nan (nan),87.10 (2.46),27.04 (3.40),5.98 (1.08)
stepwise change,1.0,No correction + adaptive w,71.25 (2.40),-1.104 (0.296),-0.962 (0.351),Correction + fixed w 0.5,1.000 (0.000),1.400 (0.000),nan (nan),nan (nan),83.02 (2.52),37.46 (5.12),10.73 (1.90)
stepwise change,1.0,conditional (adaptive w),72.12 (2.33),-0.235 (0.176),-0.093 (0.265),Correction + fixed w 0.5,1.000 (0.000),1.400 (0.000),nan (nan),nan (nan),85.22 (2.51),33.14 (4.08),8.96 (1.36)
stepwise change,1.0,conditional (fixed w 0.5),72.04 (2.32),-0.313 (0.167),-0.171 (0.255),Correction + fixed w 0.5,1.000 (0.000),1.400 (0.000),nan (nan),nan (nan),85.10 (2.51),33.21 (4.11),8.99 (1.37)
stepwise change,1.0,"conditional (raw edge, adaptive w)",65.33 (2.08),-7.022 (0.727),-6.880 (0.679),Correction + fixed w 0.5,1.000 (0.000),1.400 (0.000),nan (nan),nan (nan),73.70 (2.19),46.76 (5.72),16.83 (2.64)
random mobility,0.25,Device only,67.71 (0.54),-2.115 (0.058),-2.054 (0.051),Correction + fixed w 0.5,0,0,nan (nan),nan (nan),86.55 (0.46),8.61 (1.66),3.69 (0.72)
random mobility,0.25,Raw edge only,66.34 (0.22),-3.481 (0.469),-3.420 (0.462),Correction + fixed w 0.5,0.253 (0.000),0.498 (0.000),nan (nan),nan (nan),81.78 (0.34),21.39 (3.15),13.95 (2.42)
random mobility,0.25,Probability average,69.14 (0.42),-0.687 (0.176),-0.625 (0.168),Correction + fixed w 0.5,0.253 (0.000),0.498 (0.000),nan (nan),nan (nan),85.62 (0.09),18.83 (2.98),11.23 (1.97)
random mobility,0.25,Logit sum,69.04 (0.39),-0.779 (0.203),-0.717 (0.195),Correction + fixed w 0.5,0.253 (0.000),0.498 (0.000),nan (nan),nan (nan),85.72 (0.14),18.18 (2.80),10.63 (1.91)
random mobility,0.25,Correction + fixed w 0.5,69.76 (0.58),-0.061 (0.008),0.000 (0.000),Correction + fixed w 0.5,0.253 (0.000),0.498 (0.000),nan (nan),nan (nan),87.81 (0.28),13.93 (2.34),7.07 (1.00)
random mobility,0.25,Correction + development w 0.2,69.72 (0.58),-0.098 (0.064),-0.036 (0.064),Correction + fixed w 0.5,0.253 (0.000),0.498 (0.000),nan (nan),nan (nan),87.44 (0.25),15.17 (2.47),8.10 (1.19)
random mobility,0.25,Corrected edge only,69.62 (0.58),-0.199 (0.093),-0.137 (0.093),Correction + fixed w 0.5,0.253 (0.000),0.498 (0.000),nan (nan),nan (nan),87.21 (0.25),15.59 (2.53),8.49 (1.27)
random mobility,0.25,Correction + product,69.65 (0.56),-0.173 (0.043),-0.112 (0.036),Correction + fixed w 0.5,0.253 (0.000),0.498 (0.000),nan (nan),nan (nan),87.79 (0.30),13.43 (2.20),6.71 (1.00)
random mobility,0.25,Correction + learned weight,69.68 (0.57),-0.144 (0.027),-0.083 (0.019),Correction + fixed w 0.5,0.253 (0.000),0.498 (0.000),nan (nan),nan (nan),87.42 (0.24),14.91 (2.44),7.90 (1.14)
random mobility,0.25,DriftGate-P,69.82 (0.59),,0.061 (0.008),Correction + fixed w 0.5,0.253 (0.000),0.498 (0.000),nan (nan),nan (nan),87.79 (0.28),14.26 (2.39),7.32 (1.05)
random mobility,0.25,No correction + adaptive w,69.11 (0.42),-0.715 (0.170),-0.654 (0.162),Correction + fixed w 0.5,0.253 (0.000),0.498 (0.000),nan (nan),nan (nan),85.39 (0.07),19.43 (3.06),11.80 (2.05)
random mobility,0.25,conditional (adaptive w),69.83 (0.59),0.003 (0.007),0.065 (0.013),Correction + fixed w 0.5,0.253 (0.000),0.498 (0.000),nan (nan),nan (nan),87.31 (0.24),15.94 (2.58),8.79 (1.37)
random mobility,0.25,conditional (fixed w 0.5),69.80 (0.59),-0.018 (0.003),0.043 (0.011),Correction + fixed w 0.5,0.253 (0.000),0.498 (0.000),nan (nan),nan (nan),87.27 (0.23),15.97 (2.60),8.82 (1.39)
random mobility,0.25,"conditional (raw edge, adaptive w)",65.97 (0.19),-3.853 (0.461),-3.792 (0.454),Correction + fixed w 0.5,0.253 (0.000),0.498 (0.000),nan (nan),nan (nan),81.26 (0.33),21.65 (3.13),14.20 (2.50)
random mobility,0.5,Device only,67.71 (0.54),-2.976 (0.195),-2.857 (0.177),Correction + fixed w 0.5,0,0,nan (nan),nan (nan),86.55 (0.46),8.61 (1.66),3.69 (0.72)
random mobility,0.5,Raw edge only,63.89 (0.19),-6.792 (0.653),-6.673 (0.634),Correction + fixed w 0.5,0.498 (0.000),0.981 (0.000),nan (nan),nan (nan),76.08 (0.58),32.11 (3.75),21.87 (2.58)
random mobility,0.5,Probability average,69.62 (0.41),-1.062 (0.319),-0.943 (0.302),Correction + fixed w 0.5,0.498 (0.000),0.981 (0.000),nan (nan),nan (nan),84.45 (0.20),25.63 (3.73),15.32 (2.29)
random mobility,0.5,Logit sum,69.43 (0.42),-1.252 (0.341),-1.133 (0.325),Correction + fixed w 0.5,0.498 (0.000),0.981 (0.000),nan (nan),nan (nan),84.54 (0.21),24.67 (3.48),14.54 (2.31)
random mobility,0.5,Correction + fixed w 0.5,70.56 (0.69),-0.119 (0.019),0.000 (0.000),Correction + fixed w 0.5,0.498 (0.000),0.981 (0.000),nan (nan),nan (nan),87.99 (0.36),17.47 (2.71),8.91 (1.25)
random mobility,0.5,Correction + development w 0.2,70.45 (0.65),-0.233 (0.090),-0.114 (0.074),Correction + fixed w 0.5,0.498 (0.000),0.981 (0.000),nan (nan),nan (nan),87.15 (0.31),20.30 (2.88),11.06 (1.46)
random mobility,0.5,Corrected edge only,70.23 (0.65),-0.456 (0.149),-0.337 (0.138),Correction + fixed w 0.5,0.498 (0.000),0.981 (0.000),nan (nan),nan (nan),86.60 (0.36),21.35 (2.95),11.96 (1.52)
random mobility,0.5,Correction + product,70.40 (0.64),-0.279 (0.082),-0.160 (0.070),Correction + fixed w 0.5,0.498 (0.000),0.981 (0.000),nan (nan),nan (nan),87.99 (0.35),16.64 (2.46),8.37 (1.32)
random mobility,0.5,Correction + learned weight,70.36 (0.62),-0.325 (0.109),-0.206 (0.097),Correction + fixed w 0.5,0.498 (0.000),0.981 (0.000),nan (nan),nan (nan),87.08 (0.23),19.71 (2.79),10.65 (1.41)
random mobility,0.5,DriftGate-P,70.68 (0.71),,0.119 (0.019),Correction + fixed w 0.5,0.498 (0.000),0.981 (0.000),nan (nan),nan (nan),87.94 (0.36),18.18 (2.81),9.43 (1.29)
random mobility,0.5,No correction + adaptive w,69.56 (0.40),-1.125 (0.310),-1.006 (0.292),Correction + fixed w 0.5,0.498 (0.000),0.981 (0.000),nan (nan),nan (nan),83.94 (0.25),26.99 (3.88),16.55 (2.38)
random mobility,0.5,conditional (adaptive w),70.69 (0.65),0.002 (0.060),0.122 (0.041),Correction + fixed w 0.5,0.498 (0.000),0.981 (0.000),nan (nan),nan (nan),86.93 (0.25),21.73 (3.05),12.30 (1.61)
random mobility,0.5,conditional (fixed w 0.5),70.65 (0.64),-0.033 (0.070),0.086 (0.052),Correction + fixed w 0.5,0.498 (0.000),0.981 (0.000),nan (nan),nan (nan),86.86 (0.22),21.76 (3.08),12.32 (1.62)
random mobility,0.5,"conditional (raw edge, adaptive w)",63.47 (0.12),-7.214 (0.652),-7.095 (0.632),Correction + fixed w 0.5,0.498 (0.000),0.981 (0.000),nan (nan),nan (nan),75.45 (0.57),32.45 (3.73),22.18 (2.66)
random mobility,0.75,Device only,67.71 (0.54),-3.301 (0.343),-3.164 (0.307),Correction + fixed w 0.5,0,0,nan (nan),nan (nan),86.55 (0.46),8.61 (1.66),3.69 (0.72)
random mobility,0.75,Raw edge only,61.12 (0.26),-9.891 (0.798),-9.755 (0.764),Correction + fixed w 0.5,0.744 (0.000),1.465 (0.000),nan (nan),nan (nan),70.72 (0.85),40.02 (4.06),27.33 (2.51)
random mobility,0.75,Probability average,69.68 (0.40),-1.326 (0.471),-1.190 (0.453),Correction + fixed w 0.5,0.744 (0.000),1.465 (0.000),nan (nan),nan (nan),83.48 (0.39),29.69 (4.39),17.32 (2.47)
random mobility,0.75,Logit sum,69.40 (0.47),-1.610 (0.421),-1.473 (0.407),Correction + fixed w 0.5,0.744 (0.000),1.465 (0.000),nan (nan),nan (nan),83.53 (0.26),28.55 (4.11),16.43 (2.45)
random mobility,0.75,Correction + fixed w 0.5,70.87 (0.77),-0.137 (0.036),0.000 (0.000),Correction + fixed w 0.5,0.744 (0.000),1.465 (0.000),nan (nan),nan (nan),87.87 (0.39),19.63 (3.16),9.75 (1.31)
random mobility,0.75,Correction + development w 0.2,70.60 (0.71),-0.406 (0.086),-0.270 (0.055),Correction + fixed w 0.5,0.744 (0.000),1.465 (0.000),nan (nan),nan (nan),86.55 (0.38),23.70 (3.47),12.66 (1.59)
random mobility,0.75,Corrected edge only,70.21 (0.72),-0.800 (0.153),-0.663 (0.119),Correction + fixed w 0.5,0.744 (0.000),1.465 (0.000),nan (nan),nan (nan),85.67 (0.50),25.33 (3.55),13.94 (1.70)
random mobility,0.75,Correction + product,70.70 (0.71),-0.308 (0.097),-0.172 (0.090),Correction + fixed w 0.5,0.744 (0.000),1.465 (0.000),nan (nan),nan (nan),87.90 (0.37),18.61 (2.83),9.11 (1.40)
random mobility,0.75,Correction + learned weight,70.59 (0.71),-0.414 (0.161),-0.278 (0.163),Correction + fixed w 0.5,0.744 (0.000),1.465 (0.000),nan (nan),nan (nan),86.60 (0.22),22.85 (3.30),12.10 (1.50)
random mobility,0.75,DriftGate-P,71.01 (0.80),,0.137 (0.036),Correction + fixed w 0.5,0.744 (0.000),1.465 (0.000),nan (nan),nan (nan),87.77 (0.40),20.61 (3.37),10.43 (1.36)
random mobility,0.75,No correction + adaptive w,69.54 (0.37),-1.468 (0.467),-1.332 (0.447),Correction + fixed w 0.5,0.744 (0.000),1.465 (0.000),nan (nan),nan (nan),82.70 (0.51),31.63 (4.65),18.95 (2.56)
random mobility,0.75,conditional (adaptive w),71.01 (0.69),0.005 (0.104),0.141 (0.083),Correction + fixed w 0.5,0.744 (0.000),1.465 (0.000),nan (nan),nan (nan),86.32 (0.33),25.71 (3.67),14.28 (1.80)
random mobility,0.75,conditional (fixed w 0.5),70.98 (0.68),-0.026 (0.124),0.110 (0.103),Correction + fixed w 0.5,0.744 (0.000),1.465 (0.000),nan (nan),nan (nan),86.26 (0.31),25.73 (3.70),14.31 (1.82)
random mobility,0.75,"conditional (raw edge, adaptive w)",60.88 (0.19),-10.127 (0.732),-9.990 (0.699),Correction + fixed w 0.5,0.744 (0.000),1.465 (0.000),nan (nan),nan (nan),70.24 (0.77),40.37 (4.04),27.65 (2.59)
random mobility,1.0,Device only,67.71 (0.54),-3.387 (0.444),-3.249 (0.390),Correction + fixed w 0.5,0,0,nan (nan),nan (nan),86.55 (0.46),8.61 (1.66),3.69 (0.72)
random mobility,1.0,Raw edge only,58.61 (0.42),-12.483 (1.074),-12.344 (1.024),Correction + fixed w 0.5,1.000 (0.000),1.969 (0.000),nan (nan),nan (nan),66.88 (1.34),43.93 (4.64),29.88 (2.34)
random mobility,1.0,Probability average,69.58 (0.45),-1.517 (0.534),-1.379 (0.521),Correction + fixed w 0.5,1.000 (0.000),1.969 (0.000),nan (nan),nan (nan),82.95 (0.53),31.38 (5.05),17.90 (2.58)
random mobility,1.0,Logit sum,69.23 (0.55),-1.866 (0.396),-1.727 (0.387),Correction + fixed w 0.5,1.000 (0.000),1.969 (0.000),nan (nan),nan (nan),82.95 (0.30),30.19 (4.74),17.00 (2.52)
random mobility,1.0,Correction + fixed w 0.5,70.96 (0.82),-0.138 (0.056),0.000 (0.000),Correction + fixed w 0.5,1.000 (0.000),1.969 (0.000),nan (nan),nan (nan),87.76 (0.39),20.58 (3.60),9.99 (1.34)
random mobility,1.0,Correction + development w 0.2,70.51 (0.80),-0.582 (0.060),-0.444 (0.035),Correction + fixed w 0.5,1.000 (0.000),1.969 (0.000),nan (nan),nan (nan),86.10 (0.44),25.31 (4.11),13.20 (1.71)
random mobility,1.0,Corrected edge only,69.89 (0.81),-1.207 (0.181),-1.068 (0.130),Correction + fixed w 0.5,1.000 (0.000),1.969 (0.000),nan (nan),nan (nan),84.90 (0.65),27.26 (4.24),14.67 (1.86)
random mobility,1.0,Correction + product,70.78 (0.78),-0.310 (0.091),-0.172 (0.089),Correction + fixed w 0.5,1.000 (0.000),1.969 (0.000),nan (nan),nan (nan),87.81 (0.36),19.48 (3.23),9.33 (1.41)
random mobility,1.0,Correction + learned weight,70.64 (0.82),-0.454 (0.134),-0.316 (0.165),Correction + fixed w 0.5,1.000 (0.000),1.969 (0.000),nan (nan),nan (nan),86.31 (0.26),24.31 (3.87),12.57 (1.60)
random mobility,1.0,DriftGate-P,71.09 (0.86),,0.138 (0.056),Correction + fixed w 0.5,1.000 (0.000),1.969 (0.000),nan (nan),nan (nan),87.61 (0.39),21.74 (3.87),10.78 (1.40)
random mobility,1.0,No correction + adaptive w,69.33 (0.42),-1.768 (0.511),-1.630 (0.492),Correction + fixed w 0.5,1.000 (0.000),1.969 (0.000),nan (nan),nan (nan),81.93 (0.67),33.70 (5.38),19.80 (2.73)
random mobility,1.0,conditional (adaptive w),71.03 (0.81),-0.068 (0.062),0.070 (0.020),Correction + fixed w 0.5,1.000 (0.000),1.969 (0.000),nan (nan),nan (nan),85.88 (0.47),27.64 (4.35),15.01 (1.96)
random mobility,1.0,conditional (fixed w 0.5),71.01 (0.78),-0.086 (0.080),0.053 (0.046),Correction + fixed w 0.5,1.000 (0.000),1.969 (0.000),nan (nan),nan (nan),85.83 (0.46),27.66 (4.39),15.04 (1.98)
random mobility,1.0,"conditional (raw edge, adaptive w)",58.73 (0.31),-12.366 (0.868),-12.227 (0.818),Correction + fixed w 0.5,1.000 (0.000),1.969 (0.000),nan (nan),nan (nan),66.75 (1.14),44.28 (4.62),30.21 (2.43)
CIFAR-100,0.25,Device only,33.93 (0.67),-2.560 (0.035),-2.712 (0.017),Correction + product,0,0,40.79 (1.00),27.15 (1.98),44.82 (1.01),7.48 (0.88),4.23 (0.18)
CIFAR-100,0.25,Raw edge only,35.22 (0.69),-1.273 (0.116),-1.424 (0.108),Correction + product,0.252 (0.000),0.279 (0.007),41.13 (0.86),29.58 (2.24),44.66 (1.02),12.73 (0.99),7.70 (0.81)
CIFAR-100,0.25,Probability average,35.50 (0.70),-0.991 (0.101),-1.142 (0.089),Correction + product,0.252 (0.000),0.279 (0.007),41.53 (0.87),29.72 (2.24),45.09 (1.03),12.59 (0.99),7.57 (0.80)
CIFAR-100,0.25,Logit sum,35.98 (0.72),-0.508 (0.096),-0.660 (0.078),Correction + product,0.252 (0.000),0.279 (0.007),42.28 (0.93),29.92 (2.24),45.96 (1.05),12.06 (0.98),7.04 (0.60)
CIFAR-100,0.25,Correction + fixed w 0.5,36.53 (0.64),0.037 (0.002),-0.114 (0.019),Correction + product,0.252 (0.000),0.279 (0.007),43.34 (0.88),29.95 (2.19),47.39 (0.93),10.45 (1.05),6.24 (0.47)
CIFAR-100,0.25,Correction + development w 0.2,36.44 (0.63),-0.047 (0.003),-0.199 (0.024),Correction + product,0.252 (0.000),0.279 (0.007),43.22 (0.86),29.92 (2.18),47.26 (0.92),10.51 (1.04),6.29 (0.49)
CIFAR-100,0.25,Corrected edge only,36.41 (0.63),-0.079 (0.005),-0.230 (0.026),Correction + product,0.252 (0.000),0.279 (0.007),43.17 (0.86),29.90 (2.18),47.21 (0.92),10.53 (1.04),6.31 (0.50)
CIFAR-100,0.25,Correction + product,36.64 (0.66),0.151 (0.022),0.000 (0.000),Correction + product,0.252 (0.000),0.279 (0.007),43.57 (0.95),29.92 (2.18),47.66 (0.96),10.13 (1.02),5.89 (0.35)
CIFAR-100,0.25,Correction + learned weight,36.45 (0.63),-0.037 (0.005),-0.188 (0.026),Correction + product,0.252 (0.000),0.279 (0.007),43.25 (0.88),29.92 (2.17),47.30 (0.92),10.45 (1.04),6.25 (0.49)
CIFAR-100,0.25,DriftGate-P,36.49 (0.63),,-0.151 (0.022),Correction + product,0.252 (0.000),0.279 (0.007),43.28 (0.87),29.93 (2.19),47.33 (0.93),10.48 (1.04),6.27 (0.49)
CIFAR-100,0.25,No correction + adaptive w,35.41 (0.70),-1.079 (0.103),-1.230 (0.092),Correction + product,0.252 (0.000),0.279 (0.007),41.40 (0.87),29.67 (2.23),44.95 (1.03),12.65 (0.99),7.62 (0.81)
CIFAR-100,0.25,conditional (adaptive w),36.32 (0.64),-0.166 (0.012),-0.317 (0.015),Correction + product,0.252 (0.000),0.279 (0.007),42.88 (0.86),30.02 (2.19),46.82 (0.93),11.20 (1.06),6.74 (0.59)
CIFAR-100,0.25,conditional (fixed w 0.5),36.26 (0.64),-0.230 (0.015),-0.381 (0.016),Correction + product,0.252 (0.000),0.279 (0.007),42.74 (0.86),30.03 (2.19),46.65 (0.94),11.42 (1.05),6.89 (0.61)
CIFAR-100,0.25,"conditional (raw edge, adaptive w)",34.59 (0.74),-1.897 (0.145),-2.049 (0.132),Correction + product,0.252 (0.000),0.279 (0.007),40.27 (0.90),29.27 (2.25),43.64 (1.06),13.25 (1.03),7.98 (0.82)
CIFAR-100,0.5,Device only,33.93 (0.67),-4.705 (0.061),-4.972 (0.033),Correction + product,0,0,40.79 (1.00),27.15 (1.98),44.82 (1.01),7.48 (0.88),4.23 (0.18)
CIFAR-100,0.5,Raw edge only,36.03 (0.77),-2.599 (0.264),-2.867 (0.243),Correction + product,0.498 (0.000),0.551 (0.014),40.88 (0.77),31.65 (2.49),43.78 (1.15),18.26 (0.91),11.23 (0.76)
CIFAR-100,0.5,Probability average,36.75 (0.77),-1.878 (0.227),-2.146 (0.204),Correction + product,0.498 (0.000),0.551 (0.014),41.91 (0.80),32.01 (2.45),44.89 (1.15),17.84 (0.92),10.88 (0.70)
CIFAR-100,0.5,Logit sum,37.71 (0.78),-0.926 (0.195),-1.194 (0.168),Correction + product,0.498 (0.000),0.551 (0.014),43.44 (0.86),32.36 (2.45),46.71 (1.14),16.54 (0.94),9.76 (0.43)
CIFAR-100,0.5,Correction + fixed w 0.5,38.72 (0.61),0.083 (0.002),-0.184 (0.027),Correction + product,0.498 (0.000),0.551 (0.014),45.38 (0.74),32.46 (2.37),49.36 (0.90),13.59 (1.04),8.31 (0.38)
CIFAR-100,0.5,Correction + development w 0.2,38.52 (0.61),-0.110 (0.006),-0.378 (0.034),Correction + product,0.498 (0.000),0.551 (0.014),45.08 (0.70),32.40 (2.37),49.03 (0.89),13.80 (1.01),8.49 (0.40)
CIFAR-100,0.5,Corrected edge only,38.44 (0.60),-0.188 (0.010),-0.456 (0.036),Correction + product,0.498 (0.000),0.551 (0.014),44.97 (0.69),32.36 (2.38),48.90 (0.89),13.87 (1.01),8.55 (0.43)
CIFAR-100,0.5,Correction + product,38.90 (0.64),0.268 (0.028),0.000 (0.000),Correction + product,0.498 (0.000),0.551 (0.014),45.81 (0.87),32.33 (2.34),49.90 (0.94),12.77 (1.04),7.58 (0.24)
CIFAR-100,0.5,Correction + learned weight,38.44 (0.59),-0.193 (0.022),-0.461 (0.050),Correction + product,0.498 (0.000),0.551 (0.014),45.01 (0.75),32.31 (2.32),48.99 (0.86),13.62 (1.04),8.34 (0.40)
CIFAR-100,0.5,DriftGate-P,38.63 (0.61),,-0.268 (0.028),Correction + product,0.498 (0.000),0.551 (0.014),45.24 (0.72),32.43 (2.37),49.20 (0.90),13.71 (1.02),8.42 (0.39)
CIFAR-100,0.5,No correction + adaptive w,36.52 (0.77),-2.114 (0.234),-2.381 (0.211),Correction + product,0.498 (0.000),0.551 (0.014),41.56 (0.79),31.89 (2.45),44.51 (1.15),18.01 (0.92),11.04 (0.72)
CIFAR-100,0.5,conditional (adaptive w),38.32 (0.63),-0.314 (0.023),-0.582 (0.011),Correction + product,0.498 (0.000),0.551 (0.014),44.49 (0.71),32.58 (2.38),48.23 (0.92),15.10 (1.01),9.29 (0.48)
CIFAR-100,0.5,conditional (fixed w 0.5),38.20 (0.63),-0.431 (0.037),-0.698 (0.019),Correction + product,0.498 (0.000),0.551 (0.014),44.23 (0.71),32.60 (2.38),47.90 (0.93),15.52 (1.01),9.56 (0.48)
CIFAR-100,0.5,"conditional (raw edge, adaptive w)",34.87 (0.85),-3.767 (0.335),-4.035 (0.312),Correction + product,0.498 (0.000),0.551 (0.014),39.27 (0.87),31.06 (2.53),41.87 (1.23),19.21 (0.96),11.74 (0.75)
CIFAR-100,0.75,Device only,33.93 (0.67),-6.446 (0.086),-6.813 (0.041),Correction + product,0,0,40.79 (1.00),27.15 (1.98),44.82 (1.01),7.48 (0.88),4.23 (0.18)
CIFAR-100,0.75,Raw edge only,36.36 (0.90),-4.010 (0.443),-4.376 (0.397),Correction + product,0.745 (0.000),0.824 (0.021),40.06 (0.81),33.40 (2.72),42.24 (1.36),23.54 (0.76),14.56 (0.43)
CIFAR-100,0.75,Probability average,37.73 (0.87),-2.648 (0.372),-3.015 (0.327),Correction + product,0.745 (0.000),0.824 (0.021),42.02 (0.82),34.05 (2.65),44.40 (1.34),22.65 (0.80),13.86 (0.39)
CIFAR-100,0.75,Logit sum,39.12 (0.85),-1.258 (0.298),-1.625 (0.257),Correction + product,0.745 (0.000),0.824 (0.021),44.30 (0.89),34.53 (2.61),47.16 (1.28),20.53 (0.90),12.15 (0.38)
CIFAR-100,0.75,Correction + fixed w 0.5,40.51 (0.61),0.133 (0.014),-0.233 (0.039),Correction + product,0.745 (0.000),0.824 (0.021),46.95 (0.71),34.65 (2.49),50.83 (0.94),16.43 (1.01),10.15 (0.43)
CIFAR-100,0.75,Correction + development w 0.2,40.18 (0.62),-0.194 (0.004),-0.561 (0.050),Correction + product,0.745 (0.000),0.824 (0.021),46.44 (0.67),34.59 (2.50),50.23 (0.94),16.90 (0.96),10.54 (0.46)
CIFAR-100,0.75,Corrected edge only,40.03 (0.62),-0.342 (0.005),-0.709 (0.051),Correction + product,0.745 (0.000),0.824 (0.021),46.21 (0.66),34.53 (2.52),49.99 (0.95),17.04 (0.95),10.65 (0.47)
CIFAR-100,0.75,Correction + product,40.74 (0.64),0.367 (0.047),0.000 (0.000),Correction + product,0.745 (0.000),0.824 (0.021),47.57 (0.86),34.40 (2.45),51.64 (0.96),15.07 (1.05),9.04 (0.31)
CIFAR-100,0.75,Correction + learned weight,39.92 (0.57),-0.451 (0.055),-0.817 (0.079),Correction + product,0.745 (0.000),0.824 (0.021),46.19 (0.70),34.33 (2.40),50.03 (0.84),16.50 (1.00),10.22 (0.43)
CIFAR-100,0.75,DriftGate-P,40.37 (0.62),,-0.367 (0.047),Correction + product,0.745 (0.000),0.824 (0.021),46.73 (0.70),34.63 (2.49),50.56 (0.94),16.70 (0.98),10.38 (0.45)
CIFAR-100,0.75,No correction + adaptive w,37.29 (0.88),-3.085 (0.387),-3.452 (0.342),Correction + product,0.745 (0.000),0.824 (0.021),41.35 (0.82),33.84 (2.65),43.66 (1.34),23.04 (0.79),14.18 (0.40)
CIFAR-100,0.75,conditional (adaptive w),39.94 (0.65),-0.435 (0.051),-0.801 (0.010),Correction + product,0.745 (0.000),0.824 (0.021),45.67 (0.68),34.84 (2.51),49.18 (0.98),18.72 (0.95),11.65 (0.44)
CIFAR-100,0.75,conditional (fixed w 0.5),39.78 (0.66),-0.597 (0.080),-0.964 (0.034),Correction + product,0.745 (0.000),0.824 (0.021),45.31 (0.68),34.87 (2.52),48.71 (1.00),19.31 (0.95),12.03 (0.41)
CIFAR-100,0.75,"conditional (raw edge, adaptive w)",34.76 (1.02),-5.615 (0.560),-5.981 (0.515),Correction + product,0.745 (0.000),0.824 (0.021),37.86 (0.96),32.57 (2.81),39.60 (1.48),24.87 (0.83),15.26 (0.39)
CIFAR-100,1.0,Device only,33.93 (0.67),-7.360 (0.221),-7.805 (0.162),Correction + product,0,0,40.79 (1.00),27.15 (1.98),44.82 (1.01),7.48 (0.88),4.23 (0.18)
CIFAR-100,1.0,Raw edge only,35.84 (1.03),-5.447 (0.670),-5.892 (0.620),Correction + product,1.000 (0.000),1.107 (0.028),38.50 (0.90),34.35 (2.84),39.87 (1.59),27.76 (0.56),16.98 (0.36)
CIFAR-100,1.0,Probability average,38.15 (0.92),-3.138 (0.491),-3.583 (0.448),Correction + product,1.000 (0.000),1.107 (0.028),41.74 (0.83),35.45 (2.68),43.67 (1.51),26.03 (0.63),15.60 (0.31)
CIFAR-100,1.0,Logit sum,39.83 (0.87),-1.456 (0.373),-1.901 (0.344),Correction + product,1.000 (0.000),1.107 (0.028),44.51 (0.88),36.01 (2.59),47.11 (1.41),23.21 (0.77),13.54 (0.43)
CIFAR-100,1.0,Correction + fixed w 0.5,41.45 (0.60),0.164 (0.026),-0.281 (0.053),Correction + product,1.000 (0.000),1.107 (0.028),47.60 (0.72),36.15 (2.44),51.49 (0.97),18.27 (0.86),11.18 (0.52)
CIFAR-100,1.0,Correction + development w 0.2,40.95 (0.64),-0.339 (0.019),-0.784 (0.092),Correction + product,1.000 (0.000),1.107 (0.028),46.80 (0.72),36.12 (2.46),50.52 (1.01),19.13 (0.81),11.81 (0.60)
CIFAR-100,1.0,Corrected edge only,40.69 (0.66),-0.594 (0.033),-1.039 (0.101),Correction + product,1.000 (0.000),1.107 (0.028),46.43 (0.72),36.03 (2.51),50.08 (1.03),19.41 (0.80),12.04 (0.62)
CIFAR-100,1.0,Correction + product,41.73 (0.59),0.445 (0.076),0.000 (0.000),Correction + product,1.000 (0.000),1.107 (0.028),48.36 (0.81),35.78 (2.37),52.49 (0.95),16.53 (0.92),9.83 (0.40)
CIFAR-100,1.0,Correction + learned weight,40.55 (0.55),-0.743 (0.077),-1.188 (0.051),Correction + product,1.000 (0.000),1.107 (0.028),46.45 (0.69),35.60 (2.34),50.18 (0.87),18.45 (0.85),11.35 (0.54)
CIFAR-100,1.0,DriftGate-P,41.29 (0.62),,-0.445 (0.076),Correction + product,1.000 (0.000),1.107 (0.028),47.28 (0.72),36.16 (2.44),51.08 (0.99),18.76 (0.83),11.56 (0.57)
CIFAR-100,1.0,No correction + adaptive w,37.50 (0.95),-3.786 (0.525),-4.231 (0.482),Correction + product,1.000 (0.000),1.107 (0.028),40.73 (0.82),35.14 (2.70),42.47 (1.54),26.78 (0.61),16.21 (0.31)
CIFAR-100,1.0,conditional (adaptive w),40.80 (0.65),-0.492 (0.081),-0.937 (0.061),Correction + product,1.000 (0.000),1.107 (0.028),46.04 (0.69),36.43 (2.48),49.40 (1.05),21.31 (0.80),13.13 (0.56)
CIFAR-100,1.0,conditional (fixed w 0.5),40.60 (0.65),-0.685 (0.127),-1.130 (0.084),Correction + product,1.000 (0.000),1.107 (0.028),45.62 (0.68),36.46 (2.51),48.84 (1.07),22.01 (0.81),13.57 (0.55)
CIFAR-100,1.0,"conditional (raw edge, adaptive w)",34.10 (1.18),-7.188 (0.835),-7.633 (0.786),Correction + product,1.000 (0.000),1.107 (0.028),36.11 (1.09),33.37 (2.98),36.94 (1.76),29.30 (0.64),17.77 (0.38)
ResNet-18,0.25,Device only,66.39 (2.87),-0.433 (0.334),-0.431 (0.345),Correction + fixed w 0.5,0,0,nan (nan),nan (nan),84.84 (3.32),4.59 (1.79),0.46 (0.37)
ResNet-18,0.25,Raw edge only,64.62 (2.43),-2.203 (0.835),-2.201 (0.851),Correction + fixed w 0.5,0.253 (0.001),0.317 (0.001),nan (nan),nan (nan),80.95 (2.74),12.70 (1.64),2.74 (1.33)
ResNet-18,0.25,Probability average,66.69 (2.98),-0.128 (0.213),-0.126 (0.221),Correction + fixed w 0.5,0.253 (0.001),0.317 (0.001),nan (nan),nan (nan),84.32 (3.43),8.92 (1.36),1.20 (0.82)
ResNet-18,0.25,Logit sum,66.60 (3.08),-0.219 (0.143),-0.218 (0.140),Correction + fixed w 0.5,0.253 (0.001),0.317 (0.001),nan (nan),nan (nan),84.17 (3.51),9.18 (1.44),1.34 (0.81)
ResNet-18,0.25,Correction + fixed w 0.5,66.82 (3.04),-0.002 (0.018),0.000 (0.000),Correction + fixed w 0.5,0.253 (0.001),0.317 (0.001),nan (nan),nan (nan),84.92 (3.54),7.06 (1.21),0.73 (0.58)
ResNet-18,0.25,Correction + development w 0.2,66.14 (2.89),-0.674 (0.209),-0.672 (0.224),Correction + fixed w 0.5,0.253 (0.001),0.317 (0.001),nan (nan),nan (nan),83.68 (3.27),8.90 (1.40),1.40 (0.82)
ResNet-18,0.25,Corrected edge only,65.70 (2.77),-1.117 (0.383),-1.115 (0.397),Correction + fixed w 0.5,0.253 (0.001),0.317 (0.001),nan (nan),nan (nan),82.97 (3.11),9.64 (1.45),1.69 (0.89)
ResNet-18,0.25,Correction + product,66.76 (3.12),-0.058 (0.123),-0.056 (0.108),Correction + fixed w 0.5,0.253 (0.001),0.317 (0.001),nan (nan),nan (nan),84.85 (3.61),7.11 (1.32),0.76 (0.56)
ResNet-18,0.25,Correction + learned weight,66.11 (2.86),-0.705 (0.279),-0.704 (0.292),Correction + fixed w 0.5,0.253 (0.001),0.317 (0.001),nan (nan),nan (nan),83.68 (3.27),8.58 (1.40),1.32 (0.76)
ResNet-18,0.25,DriftGate-P,66.82 (3.02),,0.002 (0.018),Correction + fixed w 0.5,0.253 (0.001),0.317 (0.001),nan (nan),nan (nan),84.93 (3.54),6.98 (1.19),0.68 (0.58)
ResNet-18,0.25,No correction + adaptive w,66.71 (2.97),-0.110 (0.209),-0.108 (0.217),Correction + fixed w 0.5,0.253 (0.001),0.317 (0.001),nan (nan),nan (nan),84.36 (3.42),8.80 (1.39),1.09 (0.79)
ResNet-18,0.25,conditional (adaptive w),65.74 (2.73),-1.081 (0.492),-1.079 (0.506),Correction + fixed w 0.5,0.253 (0.001),0.317 (0.001),nan (nan),nan (nan),82.93 (3.11),9.87 (1.38),1.76 (0.94)
ResNet-18,0.25,conditional (fixed w 0.5),65.73 (2.75),-1.088 (0.480),-1.087 (0.493),Correction + fixed w 0.5,0.253 (0.001),0.317 (0.001),nan (nan),nan (nan),82.93 (3.13),9.87 (1.38),1.76 (0.93)
ResNet-18,0.25,"conditional (raw edge, adaptive w)",64.51 (2.46),-2.310 (0.848),-2.308 (0.863),Correction + fixed w 0.5,0.253 (0.001),0.317 (0.001),nan (nan),nan (nan),80.74 (2.82),12.94 (1.56),2.86 (1.43)
ResNet-18,0.5,Device only,66.39 (2.87),-0.355 (0.403),-0.388 (0.441),Correction + fixed w 0.5,0,0,nan (nan),nan (nan),84.84 (3.32),4.59 (1.79),0.46 (0.37)
ResNet-18,0.5,Raw edge only,61.40 (2.23),-5.337 (1.846),-5.370 (1.886),Correction + fixed w 0.5,0.499 (0.000),0.624 (0.000),nan (nan),nan (nan),75.51 (2.44),18.45 (2.69),4.43 (2.10)
ResNet-18,0.5,Probability average,66.55 (3.10),-0.188 (0.295),-0.221 (0.319),Correction + fixed w 0.5,0.499 (0.000),0.624 (0.000),nan (nan),nan (nan),83.75 (3.51),10.68 (1.54),1.50 (0.98)
ResNet-18,0.5,Logit sum,66.29 (3.22),-0.448 (0.218),-0.480 (0.220),Correction + fixed w 0.5,0.499 (0.000),0.624 (0.000),nan (nan),nan (nan),83.31 (3.55),11.26 (1.79),1.77 (1.06)
ResNet-18,0.5,Correction + fixed w 0.5,66.77 (3.16),0.033 (0.043),0.000 (0.000),Correction + fixed w 0.5,0.499 (0.000),0.624 (0.000),nan (nan),nan (nan),84.65 (3.62),8.13 (1.35),0.85 (0.61)
ResNet-18,0.5,Correction + development w 0.2,65.07 (2.70),-1.670 (0.572),-1.703 (0.614),Correction + fixed w 0.5,0.499 (0.000),0.624 (0.000),nan (nan),nan (nan),81.68 (2.84),11.72 (2.03),2.13 (1.33)
ResNet-18,0.5,Corrected edge only,63.85 (2.51),-2.889 (0.966),-2.922 (1.007),Correction + fixed w 0.5,0.499 (0.000),0.624 (0.000),nan (nan),nan (nan),79.76 (2.65),13.31 (2.09),2.70 (1.56)
ResNet-18,0.5,Correction + product,66.67 (3.30),-0.066 (0.221),-0.099 (0.180),Correction + fixed w 0.5,0.499 (0.000),0.624 (0.000),nan (nan),nan (nan),84.47 (3.71),8.39 (1.66),0.94 (0.63)
ResNet-18,0.5,Correction + learned weight,65.22 (2.65),-1.517 (0.702),-1.550 (0.743),Correction + fixed w 0.5,0.499 (0.000),0.624 (0.000),nan (nan),nan (nan),81.91 (2.86),11.26 (2.01),2.04 (1.26)
ResNet-18,0.5,DriftGate-P,66.74 (3.12),,-0.033 (0.043),Correction + fixed w 0.5,0.499 (0.000),0.624 (0.000),nan (nan),nan (nan),84.71 (3.65),7.65 (1.13),0.71 (0.58)
ResNet-18,0.5,No correction + adaptive w,66.56 (3.10),-0.178 (0.285),-0.210 (0.310),Correction + fixed w 0.5,0.499 (0.000),0.624 (0.000),nan (nan),nan (nan),83.93 (3.58),9.93 (1.35),1.19 (0.91)
ResNet-18,0.5,conditional (adaptive w),64.18 (2.55),-2.564 (1.182),-2.596 (1.220),Correction + fixed w 0.5,0.499 (0.000),0.624 (0.000),nan (nan),nan (nan),80.06 (2.78),13.49 (2.02),2.75 (1.59)
ResNet-18,0.5,conditional (fixed w 0.5),64.17 (2.56),-2.568 (1.140),-2.601 (1.178),Correction + fixed w 0.5,0.499 (0.000),0.624 (0.000),nan (nan),nan (nan),80.06 (2.77),13.51 (2.03),2.76 (1.59)
ResNet-18,0.5,"conditional (raw edge, adaptive w)",61.47 (2.37),-5.274 (1.838),-5.306 (1.877),Correction + fixed w 0.5,0.499 (0.000),0.624 (0.000),nan (nan),nan (nan),75.49 (2.64),18.66 (2.61),4.54 (2.16)
ResNet-18,0.75,Device only,66.39 (2.87),-0.260 (0.346),-0.334 (0.430),Correction + fixed w 0.5,0,0,nan (nan),nan (nan),84.84 (3.32),4.59 (1.79),0.46 (0.37)
ResNet-18,0.75,Raw edge only,58.42 (2.67),-8.227 (2.870),-8.300 (2.954),Correction + fixed w 0.5,0.745 (0.000),0.931 (0.000),nan (nan),nan (nan),70.78 (3.37),21.47 (3.25),5.24 (2.65)
ResNet-18,0.75,Probability average,66.41 (3.12),-0.232 (0.332),-0.306 (0.402),Correction + fixed w 0.5,0.745 (0.000),0.931 (0.000),nan (nan),nan (nan),83.44 (3.55),11.21 (1.48),1.57 (1.05)
ResNet-18,0.75,Logit sum,66.05 (3.24),-0.596 (0.279),-0.670 (0.323),Correction + fixed w 0.5,0.745 (0.000),0.931 (0.000),nan (nan),nan (nan),82.81 (3.55),12.00 (1.81),1.88 (1.15)
ResNet-18,0.75,Correction + fixed w 0.5,66.72 (3.18),0.074 (0.084),0.000 (0.000),Correction + fixed w 0.5,0.745 (0.000),0.931 (0.000),nan (nan),nan (nan),84.50 (3.64),8.50 (1.36),0.88 (0.63)
ResNet-18,0.75,Correction + development w 0.2,64.28 (2.62),-2.364 (0.846),-2.438 (0.930),Correction + fixed w 0.5,0.745 (0.000),0.931 (0.000),nan (nan),nan (nan),80.25 (2.63),13.20 (2.55),2.39 (1.53)
ResNet-18,0.75,Corrected edge only,62.30 (2.43),-4.343 (1.509),-4.417 (1.593),Correction + fixed w 0.5,0.745 (0.000),0.931 (0.000),nan (nan),nan (nan),77.18 (2.63),15.33 (2.66),3.14 (1.92)
ResNet-18,0.75,Correction + product,66.61 (3.35),-0.038 (0.286),-0.112 (0.203),Correction + fixed w 0.5,0.745 (0.000),0.931 (0.000),nan (nan),nan (nan),84.28 (3.73),8.89 (1.80),0.97 (0.66)
ResNet-18,0.75,Correction + learned weight,64.54 (2.55),-2.105 (0.980),-2.179 (1.064),Correction + fixed w 0.5,0.745 (0.000),0.931 (0.000),nan (nan),nan (nan),80.58 (2.63),12.69 (2.51),2.29 (1.47)
ResNet-18,0.75,DriftGate-P,66.65 (3.12),,-0.074 (0.084),Correction + fixed w 0.5,0.745 (0.000),0.931 (0.000),nan (nan),nan (nan),84.61 (3.70),7.59 (0.96),0.68 (0.58)
ResNet-18,0.75,No correction + adaptive w,66.43 (3.11),-0.215 (0.323),-0.289 (0.393),Correction + fixed w 0.5,0.745 (0.000),0.931 (0.000),nan (nan),nan (nan),83.80 (3.65),9.81 (1.12),1.11 (0.87)
ResNet-18,0.75,conditional (adaptive w),62.87 (2.62),-3.780 (1.736),-3.854 (1.819),Correction + fixed w 0.5,0.745 (0.000),0.931 (0.000),nan (nan),nan (nan),77.74 (2.92),15.47 (2.58),3.16 (1.92)
ResNet-18,0.75,conditional (fixed w 0.5),62.88 (2.57),-3.768 (1.660),-3.842 (1.744),Correction + fixed w 0.5,0.745 (0.000),0.931 (0.000),nan (nan),nan (nan),77.77 (2.84),15.50 (2.59),3.18 (1.93)
ResNet-18,0.75,"conditional (raw edge, adaptive w)",58.70 (2.87),-7.942 (2.788),-8.016 (2.871),Correction + fixed w 0.5,0.745 (0.000),0.931 (0.000),nan (nan),nan (nan),71.01 (3.55),21.65 (3.17),5.34 (2.69)
ResNet-18,1.0,Device only,66.39 (2.87),-0.254 (0.347),-0.320 (0.435),Correction + fixed w 0.5,0,0,nan (nan),nan (nan),84.84 (3.32),4.59 (1.79),0.46 (0.37)
ResNet-18,1.0,Raw edge only,57.04 (3.19),-9.600 (3.261),-9.666 (3.354),Correction + fixed w 0.5,1.000 (0.000),1.250 (0.000),nan (nan),nan (nan),68.86 (4.14),22.07 (3.31),5.43 (2.86)
ResNet-18,1.0,Probability average,66.39 (3.15),-0.252 (0.344),-0.319 (0.427),Correction + fixed w 0.5,1.000 (0.000),1.250 (0.000),nan (nan),nan (nan),83.40 (3.58),11.25 (1.47),1.58 (1.06)
ResNet-18,1.0,Logit sum,66.00 (3.28),-0.641 (0.309),-0.707 (0.368),Correction + fixed w 0.5,1.000 (0.000),1.250 (0.000),nan (nan),nan (nan),82.73 (3.61),12.07 (1.79),1.90 (1.16)
ResNet-18,1.0,Correction + fixed w 0.5,66.71 (3.19),0.067 (0.093),0.000 (0.000),Correction + fixed w 0.5,1.000 (0.000),1.250 (0.000),nan (nan),nan (nan),84.48 (3.66),8.53 (1.36),0.88 (0.63)
ResNet-18,1.0,Correction + development w 0.2,64.02 (2.67),-2.615 (0.922),-2.681 (1.014),Correction + fixed w 0.5,1.000 (0.000),1.250 (0.000),nan (nan),nan (nan),79.87 (2.70),13.42 (2.61),2.43 (1.57)
ResNet-18,1.0,Corrected edge only,61.72 (2.53),-4.915 (1.688),-4.981 (1.781),Correction + fixed w 0.5,1.000 (0.000),1.250 (0.000),nan (nan),nan (nan),76.36 (2.83),15.66 (2.71),3.23 (2.01)
ResNet-18,1.0,Correction + product,66.59 (3.37),-0.050 (0.296),-0.116 (0.209),Correction + fixed w 0.5,1.000 (0.000),1.250 (0.000),nan (nan),nan (nan),84.25 (3.75),8.94 (1.80),0.98 (0.67)
ResNet-18,1.0,Correction + learned weight,64.36 (2.59),-2.276 (1.073),-2.343 (1.165),Correction + fixed w 0.5,1.000 (0.000),1.250 (0.000),nan (nan),nan (nan),80.29 (2.69),12.90 (2.56),2.34 (1.51)
ResNet-18,1.0,DriftGate-P,66.64 (3.14),,-0.067 (0.093),Correction + fixed w 0.5,1.000 (0.000),1.250 (0.000),nan (nan),nan (nan),84.64 (3.71),7.40 (0.98),0.65 (0.55)
ResNet-18,1.0,No correction + adaptive w,66.46 (3.14),-0.175 (0.290),-0.242 (0.374),Correction + fixed w 0.5,1.000 (0.000),1.250 (0.000),nan (nan),nan (nan),83.92 (3.67),9.44 (1.15),1.04 (0.82)
ResNet-18,1.0,conditional (adaptive w),62.44 (2.82),-4.196 (1.969),-4.263 (2.062),Correction + fixed w 0.5,1.000 (0.000),1.250 (0.000),nan (nan),nan (nan),77.09 (3.23),15.80 (2.63),3.25 (2.00)
ResNet-18,1.0,conditional (fixed w 0.5),62.46 (2.73),-4.184 (1.859),-4.250 (1.952),Correction + fixed w 0.5,1.000 (0.000),1.250 (0.000),nan (nan),nan (nan),77.12 (3.11),15.82 (2.64),3.27 (2.02)
ResNet-18,1.0,"conditional (raw edge, adaptive w)",57.48 (3.46),-9.156 (3.196),-9.222 (3.288),Correction + fixed w 0.5,1.000 (0.000),1.250 (0.000),nan (nan),nan (nan),69.26 (4.39),22.25 (3.22),5.53 (2.89)
K=200,0.25,Device only,62.63 (0.79),-3.518 (0.407),-3.599 (0.405),Corrected edge only,0,0,76.02 (0.45),45.34 (1.24),85.89 (0.35),6.79 (0.32),2.55 (0.35)
K=200,0.25,Raw edge only,65.20 (1.15),-0.947 (0.032),-1.027 (0.017),Corrected edge only,0.253 (0.000),0.294 (0.006),75.78 (0.79),50.94 (1.70),83.35 (0.19),24.93 (2.31),14.26 (1.71)
K=200,0.25,Probability average,66.04 (1.15),-0.101 (0.049),-0.181 (0.031),Corrected edge only,0.253 (0.000),0.294 (0.006),77.42 (0.67),50.80 (1.74),85.38 (0.23),21.58 (2.20),11.84 (1.44)
K=200,0.25,Logit sum,66.04 (1.15),-0.108 (0.039),-0.188 (0.025),Corrected edge only,0.253 (0.000),0.294 (0.006),77.61 (0.66),50.59 (1.71),85.72 (0.25),20.59 (2.22),10.99 (1.33)
K=200,0.25,Correction + fixed w 0.5,66.03 (1.10),-0.112 (0.021),-0.192 (0.032),Corrected edge only,0.253 (0.000),0.294 (0.006),78.54 (0.54),49.68 (1.74),87.29 (0.21),16.24 (1.72),8.49 (1.17)
K=200,0.25,Correction + development w 0.2,66.22 (1.13),0.079 (0.011),-0.001 (0.008),Corrected edge only,0.253 (0.000),0.294 (0.006),78.46 (0.58),50.16 (1.72),86.99 (0.21),18.06 (1.88),9.85 (1.32)
K=200,0.25,Corrected edge only,66.22 (1.13),0.080 (0.019),0.000 (0.000),Corrected edge only,0.253 (0.000),0.294 (0.006),78.35 (0.59),50.29 (1.71),86.81 (0.22),18.69 (1.94),10.32 (1.38)
K=200,0.25,Correction + product,65.83 (1.09),-0.314 (0.034),-0.394 (0.047),Corrected edge only,0.253 (0.000),0.294 (0.006),78.46 (0.54),49.35 (1.71),87.33 (0.22),15.35 (1.67),7.78 (1.07)
K=200,0.25,Correction + learned weight,66.00 (1.09),-0.145 (0.049),-0.225 (0.044),Corrected edge only,0.253 (0.000),0.294 (0.006),78.21 (0.53),49.95 (1.75),86.83 (0.25),17.57 (1.84),9.56 (1.27)
K=200,0.25,DriftGate-P,66.14 (1.12),,-0.080 (0.019),Corrected edge only,0.253 (0.000),0.294 (0.006),78.57 (0.56),49.87 (1.76),87.23 (0.21),16.88 (1.81),9.01 (1.26)
K=200,0.25,No correction + adaptive w,66.03 (1.16),-0.112 (0.054),-0.192 (0.037),Corrected edge only,0.253 (0.000),0.294 (0.006),77.24 (0.69),50.93 (1.74),85.08 (0.22),22.44 (2.29),12.58 (1.58)
K=200,0.25,conditional (adaptive w),66.28 (1.13),0.135 (0.024),0.055 (0.007),Corrected edge only,0.253 (0.000),0.294 (0.006),78.31 (0.60),50.44 (1.77),86.71 (0.22),19.15 (1.93),10.60 (1.40)
K=200,0.25,conditional (fixed w 0.5),66.24 (1.12),0.101 (0.029),0.020 (0.014),Corrected edge only,0.253 (0.000),0.294 (0.006),78.24 (0.59),50.44 (1.77),86.64 (0.22),19.23 (1.93),10.65 (1.41)
K=200,0.25,"conditional (raw edge, adaptive w)",64.98 (1.16),-1.160 (0.044),-1.240 (0.029),Corrected edge only,0.253 (0.000),0.294 (0.006),75.44 (0.83),50.89 (1.73),82.94 (0.21),25.30 (2.29),14.49 (1.72)
K=200,0.5,Device only,62.63 (0.79),-5.328 (0.581),-5.533 (0.601),Corrected edge only,0,0,76.02 (0.45),45.34 (1.24),85.89 (0.35),6.79 (0.32),2.55 (0.35)
K=200,0.5,Raw edge only,66.08 (1.42),-1.875 (0.116),-2.080 (0.094),Corrected edge only,0.499 (0.000),0.579 (0.012),74.16 (1.03),54.42 (1.97),80.08 (0.24),35.85 (3.18),21.34 (2.16)
K=200,0.5,Probability average,67.84 (1.36),-0.113 (0.061),-0.318 (0.031),Corrected edge only,0.499 (0.000),0.579 (0.012),77.63 (0.67),54.17 (2.00),84.70 (0.19),28.88 (2.91),16.20 (1.79)
K=200,0.5,Logit sum,67.82 (1.35),-0.129 (0.046),-0.334 (0.024),Corrected edge only,0.499 (0.000),0.579 (0.012),77.94 (0.63),53.87 (1.94),85.27 (0.22),27.36 (2.96),14.94 (1.66)
K=200,0.5,Correction + fixed w 0.5,67.70 (1.25),-0.258 (0.053),-0.463 (0.079),Corrected edge only,0.499 (0.000),0.579 (0.012),79.36 (0.47),52.39 (1.94),87.83 (0.19),20.49 (2.25),10.94 (1.42)
K=200,0.5,Correction + development w 0.2,68.14 (1.32),0.190 (0.018),-0.015 (0.015),Corrected edge only,0.499 (0.000),0.579 (0.012),79.21 (0.53),53.51 (1.92),87.23 (0.20),24.01 (2.60),13.52 (1.65)
K=200,0.5,Corrected edge only,68.16 (1.33),0.205 (0.030),0.000 (0.000),Corrected edge only,0.499 (0.000),0.579 (0.012),78.98 (0.55),53.82 (1.89),86.83 (0.21),25.29 (2.71),14.48 (1.73)
K=200,0.5,Correction + product,67.35 (1.23),-0.601 (0.078),-0.806 (0.106),Corrected edge only,0.499 (0.000),0.579 (0.012),79.25 (0.47),51.81 (1.90),87.89 (0.20),19.09 (2.15),9.86 (1.30)
K=200,0.5,Correction + learned weight,67.63 (1.25),-0.321 (0.061),-0.526 (0.080),Corrected edge only,0.499 (0.000),0.579 (0.012),78.65 (0.48),52.97 (1.99),86.82 (0.25),23.06 (2.52),12.97 (1.57)
K=200,0.5,DriftGate-P,67.95 (1.30),,-0.205 (0.030),Corrected edge only,0.499 (0.000),0.579 (0.012),79.44 (0.50),52.82 (2.00),87.73 (0.17),21.76 (2.43),11.94 (1.59)
K=200,0.5,No correction + adaptive w,67.88 (1.40),-0.074 (0.096),-0.279 (0.069),Corrected edge only,0.499 (0.000),0.579 (0.012),77.30 (0.72),54.51 (2.02),84.06 (0.15),30.77 (3.14),17.76 (2.05)
K=200,0.5,conditional (adaptive w),68.25 (1.32),0.300 (0.022),0.095 (0.009),Corrected edge only,0.499 (0.000),0.579 (0.012),78.92 (0.57),53.98 (2.02),86.72 (0.21),25.83 (2.70),14.80 (1.76)
K=200,0.5,conditional (fixed w 0.5),68.17 (1.31),0.219 (0.019),0.013 (0.021),Corrected edge only,0.499 (0.000),0.579 (0.012),78.78 (0.56),53.95 (2.02),86.57 (0.21),25.91 (2.70),14.85 (1.77)
K=200,0.5,"conditional (raw edge, adaptive w)",65.76 (1.43),-2.189 (0.128),-2.394 (0.106),Corrected edge only,0.499 (0.000),0.579 (0.012),73.66 (1.10),54.29 (2.06),79.46 (0.26),36.33 (3.16),21.63 (2.18)
K=200,0.75,Device only,62.63 (0.79),-6.131 (0.635),-6.381 (0.671),Correction + development w 0.2,0,0,76.02 (0.45),45.34 (1.24),85.89 (0.35),6.79 (0.32),2.55 (0.35)
K=200,0.75,Raw edge only,65.97 (1.60),-2.784 (0.240),-3.034 (0.204),Correction + development w 0.2,0.745 (0.000),0.864 (0.018),72.26 (1.26),56.19 (2.18),76.71 (0.39),43.06 (3.53),25.93 (2.31)
K=200,0.75,Probability average,68.67 (1.46),-0.082 (0.071),-0.332 (0.039),Correction + development w 0.2,0.745 (0.000),0.864 (0.018),77.48 (0.65),56.02 (2.11),84.05 (0.11),32.82 (3.15),18.36 (1.96)
K=200,0.75,Logit sum,68.64 (1.44),-0.112 (0.053),-0.362 (0.017),Correction + development w 0.2,0.745 (0.000),0.864 (0.018),77.84 (0.60),55.67 (1.98),84.76 (0.17),31.01 (3.18),16.87 (1.82)
K=200,0.75,Correction + fixed w 0.5,68.40 (1.31),-0.360 (0.076),-0.610 (0.111),Correction + development w 0.2,0.745 (0.000),0.864 (0.018),79.54 (0.40),53.82 (2.06),87.90 (0.18),22.59 (2.44),12.03 (1.56)
K=200,0.75,Correction + development w 0.2,69.01 (1.42),0.250 (0.036),0.000 (0.000),Correction + development w 0.2,0.745 (0.000),0.864 (0.018),79.24 (0.48),55.51 (2.04),86.99 (0.18),27.41 (2.92),15.51 (1.87)
K=200,0.75,Corrected edge only,69.00 (1.44),0.245 (0.049),-0.004 (0.019),Correction + development w 0.2,0.745 (0.000),0.864 (0.018),78.85 (0.51),55.98 (2.00),86.34 (0.20),29.26 (3.08),16.87 (1.96)
K=200,0.75,Correction + product,67.99 (1.28),-0.771 (0.111),-1.021 (0.144),Correction + development w 0.2,0.745 (0.000),0.864 (0.018),79.43 (0.41),53.09 (1.98),87.99 (0.20),20.92 (2.30),10.77 (1.41)
K=200,0.75,Correction + learned weight,68.40 (1.34),-0.356 (0.050),-0.605 (0.087),Correction + development w 0.2,0.745 (0.000),0.864 (0.018),78.65 (0.45),54.73 (2.13),86.55 (0.25),26.13 (2.83),14.77 (1.79)
K=200,0.75,DriftGate-P,68.76 (1.39),,-0.250 (0.036),Correction + development w 0.2,0.745 (0.000),0.864 (0.018),79.62 (0.44),54.46 (2.14),87.75 (0.15),24.34 (2.71),13.38 (1.82)
K=200,0.75,No correction + adaptive w,68.76 (1.53),0.004 (0.145),-0.246 (0.109),Correction + development w 0.2,0.745 (0.000),0.864 (0.018),76.99 (0.73),56.58 (2.15),83.08 (0.06),35.58 (3.50),20.59 (2.32)
K=200,0.75,conditional (adaptive w),69.21 (1.42),0.452 (0.039),0.202 (0.004),Correction + development w 0.2,0.745 (0.000),0.864 (0.018),78.89 (0.54),56.15 (2.14),86.33 (0.18),29.79 (3.06),17.19 (1.99)
K=200,0.75,conditional (fixed w 0.5),69.11 (1.41),0.356 (0.025),0.107 (0.012),Correction + development w 0.2,0.745 (0.000),0.864 (0.018),78.73 (0.53),56.10 (2.15),86.16 (0.18),29.88 (3.06),17.24 (2.00)
K=200,0.75,"conditional (raw edge, adaptive w)",65.67 (1.61),-3.084 (0.249),-3.333 (0.214),Correction + development w 0.2,0.745 (0.000),0.864 (0.018),71.75 (1.34),56.02 (2.32),76.08 (0.40),43.57 (3.50),26.25 (2.33)
K=200,1.0,Device only,62.63 (0.79),-6.370 (0.657),-6.602 (0.698),Correction + development w 0.2,0,0,76.02 (0.45),45.34 (1.24),85.89 (0.35),6.79 (0.32),2.55 (0.35)
K=200,1.0,Raw edge only,65.30 (1.64),-3.694 (0.299),-3.925 (0.274),Correction + development w 0.2,1.000 (0.000),1.159 (0.024),70.76 (1.40),56.33 (2.27),74.25 (0.57),46.57 (3.55),28.02 (2.44)
K=200,1.0,Probability average,68.90 (1.50),-0.098 (0.068),-0.330 (0.026),Correction + development w 0.2,1.000 (0.000),1.159 (0.024),77.34 (0.65),56.70 (2.21),83.70 (0.05),34.28 (3.21),19.05 (2.09)
K=200,1.0,Logit sum,68.86 (1.47),-0.133 (0.041),-0.364 (0.019),Correction + development w 0.2,1.000 (0.000),1.159 (0.024),77.72 (0.60),56.34 (2.06),84.47 (0.12),32.35 (3.21),17.50 (1.94)
K=200,1.0,Correction + fixed w 0.5,68.58 (1.34),-0.414 (0.092),-0.646 (0.134),Correction + development w 0.2,1.000 (0.000),1.159 (0.024),79.55 (0.38),54.31 (2.22),87.86 (0.18),23.30 (2.51),12.37 (1.65)
K=200,1.0,Correction + development w 0.2,69.23 (1.47),0.231 (0.042),0.000 (0.000),Correction + development w 0.2,1.000 (0.000),1.159 (0.024),79.12 (0.47),56.28 (2.24),86.72 (0.16),28.81 (3.05),16.27 (2.06)
K=200,1.0,Corrected edge only,69.15 (1.49),0.156 (0.061),-0.076 (0.029),Correction + development w 0.2,1.000 (0.000),1.159 (0.024),78.57 (0.51),56.79 (2.27),85.85 (0.18),30.99 (3.21),17.84 (2.18)
K=200,1.0,Correction + product,68.15 (1.30),-0.843 (0.138),-1.075 (0.179),Correction + development w 0.2,1.000 (0.000),1.159 (0.024),79.44 (0.39),53.53 (2.11),87.96 (0.20),21.54 (2.35),11.05 (1.48)
K=200,1.0,Correction + learned weight,68.65 (1.38),-0.347 (0.056),-0.578 (0.096),Correction + development w 0.2,1.000 (0.000),1.159 (0.024),78.59 (0.44),55.44 (2.31),86.37 (0.25),27.37 (2.94),15.46 (1.96)
K=200,1.0,DriftGate-P,69.00 (1.43),,-0.231 (0.042),Correction + development w 0.2,1.000 (0.000),1.159 (0.024),79.61 (0.42),55.08 (2.34),87.66 (0.15),25.36 (2.84),13.94 (1.99)
K=200,1.0,No correction + adaptive w,69.00 (1.58),0.004 (0.159),-0.228 (0.120),Correction + development w 0.2,1.000 (0.000),1.159 (0.024),76.72 (0.74),57.42 (2.26),82.49 (0.10),37.61 (3.65),21.72 (2.57)
K=200,1.0,conditional (adaptive w),69.50 (1.47),0.504 (0.042),0.273 (0.007),Correction + development w 0.2,1.000 (0.000),1.159 (0.024),78.75 (0.55),57.04 (2.31),86.01 (0.14),31.51 (3.19),18.16 (2.21)
K=200,1.0,conditional (fixed w 0.5),69.41 (1.46),0.411 (0.027),0.180 (0.015),Correction + development w 0.2,1.000 (0.000),1.159 (0.024),78.60 (0.53),56.99 (2.31),85.84 (0.15),31.61 (3.19),18.22 (2.22)
K=200,1.0,"conditional (raw edge, adaptive w)",65.10 (1.63),-3.898 (0.302),-4.129 (0.279),Correction + development w 0.2,1.000 (0.000),1.159 (0.024),70.35 (1.47),56.18 (2.41),73.71 (0.58),47.07 (3.51),28.33 (2.46)
K=500,0.25,Device only,63.12 (0.19),-3.922 (0.224),-4.067 (0.253),Corrected edge only,0,0,77.09 (0.59),45.61 (0.49),86.52 (0.53),6.62 (0.07),2.47 (0.19)
K=500,0.25,Raw edge only,66.26 (0.24),-0.779 (0.092),-0.924 (0.060),Corrected edge only,0.253 (0.000),0.292 (0.005),77.24 (0.19),51.85 (0.57),84.16 (0.16),26.43 (0.57),15.59 (0.13)
K=500,0.25,Probability average,67.07 (0.19),0.032 (0.061),-0.113 (0.026),Corrected edge only,0.253 (0.000),0.292 (0.005),78.86 (0.27),51.69 (0.60),86.18 (0.21),23.01 (0.48),12.85 (0.19)
K=500,0.25,Logit sum,67.07 (0.18),0.029 (0.064),-0.116 (0.032),Corrected edge only,0.253 (0.000),0.292 (0.005),79.08 (0.29),51.46 (0.56),86.54 (0.23),22.00 (0.46),11.84 (0.13)
K=500,0.25,Correction + fixed w 0.5,66.91 (0.19),-0.132 (0.007),-0.277 (0.038),Corrected edge only,0.253 (0.000),0.292 (0.005),79.88 (0.35),50.35 (0.47),87.99 (0.28),17.39 (0.35),9.16 (0.26)
K=500,0.25,Correction + development w 0.2,67.16 (0.19),0.126 (0.029),-0.018 (0.006),Corrected edge only,0.253 (0.000),0.292 (0.005),79.87 (0.32),50.88 (0.49),87.73 (0.25),19.35 (0.40),10.75 (0.23)
K=500,0.25,Corrected edge only,67.18 (0.19),0.145 (0.035),0.000 (0.000),Corrected edge only,0.253 (0.000),0.292 (0.005),79.78 (0.31),51.03 (0.49),87.56 (0.25),20.02 (0.41),11.30 (0.23)
K=500,0.25,Correction + product,66.67 (0.18),-0.365 (0.020),-0.510 (0.053),Corrected edge only,0.253 (0.000),0.292 (0.005),79.78 (0.37),49.99 (0.47),88.02 (0.30),16.41 (0.35),8.30 (0.25)
K=500,0.25,Correction + learned weight,66.90 (0.17),-0.133 (0.031),-0.278 (0.057),Corrected edge only,0.253 (0.000),0.292 (0.005),79.58 (0.39),50.67 (0.50),87.54 (0.32),18.81 (0.39),10.43 (0.24)
K=500,0.25,DriftGate-P,67.04 (0.19),,-0.145 (0.035),Corrected edge only,0.253 (0.000),0.292 (0.005),79.92 (0.35),50.56 (0.48),87.94 (0.27),18.09 (0.37),9.80 (0.27)
K=500,0.25,No correction + adaptive w,67.07 (0.21),0.034 (0.072),-0.111 (0.037),Corrected edge only,0.253 (0.000),0.292 (0.005),78.69 (0.25),51.84 (0.61),85.88 (0.19),23.92 (0.52),13.73 (0.18)
K=500,0.25,conditional (adaptive w),67.22 (0.19),0.185 (0.014),0.040 (0.021),Corrected edge only,0.253 (0.000),0.292 (0.005),79.72 (0.34),51.23 (0.52),87.44 (0.27),20.49 (0.42),11.60 (0.23)
K=500,0.25,conditional (fixed w 0.5),67.19 (0.19),0.149 (0.010),0.004 (0.027),Corrected edge only,0.253 (0.000),0.292 (0.005),79.64 (0.35),51.23 (0.52),87.36 (0.28),20.57 (0.43),11.66 (0.23)
K=500,0.25,"conditional (raw edge, adaptive w)",66.04 (0.23),-0.998 (0.077),-1.143 (0.048),Corrected edge only,0.253 (0.000),0.292 (0.005),76.88 (0.21),51.79 (0.55),83.75 (0.18),26.81 (0.59),15.82 (0.12)
K=500,0.5,Device only,63.12 (0.19),-5.894 (0.265),-6.256 (0.340),Corrected edge only,0,0,77.09 (0.59),45.61 (0.49),86.52 (0.53),6.62 (0.07),2.47 (0.19)
K=500,0.5,Raw edge only,67.55 (0.36),-1.459 (0.226),-1.822 (0.140),Corrected edge only,0.499 (0.000),0.575 (0.009),75.87 (0.04),55.83 (0.62),81.10 (0.10),38.03 (0.63),23.29 (0.14)
K=500,0.5,Probability average,69.16 (0.24),0.155 (0.131),-0.207 (0.043),Corrected edge only,0.499 (0.000),0.575 (0.009),79.27 (0.19),55.44 (0.69),85.72 (0.13),30.67 (0.44),17.40 (0.26)
K=500,0.5,Logit sum,69.13 (0.23),0.122 (0.136),-0.240 (0.054),Corrected edge only,0.499 (0.000),0.575 (0.009),79.60 (0.22),55.01 (0.61),86.31 (0.14),29.08 (0.43),15.90 (0.18)
K=500,0.5,Correction + fixed w 0.5,68.70 (0.20),-0.305 (0.018),-0.667 (0.102),Corrected edge only,0.499 (0.000),0.575 (0.009),80.78 (0.33),53.00 (0.46),88.63 (0.19),21.77 (0.38),11.60 (0.42)
K=500,0.5,Correction + development w 0.2,69.31 (0.23),0.303 (0.073),-0.060 (0.019),Corrected edge only,0.499 (0.000),0.575 (0.009),80.79 (0.29),54.23 (0.52),88.11 (0.17),25.62 (0.48),14.60 (0.27)
K=500,0.5,Corrected edge only,69.37 (0.24),0.362 (0.092),0.000 (0.000),Corrected edge only,0.499 (0.000),0.575 (0.009),80.59 (0.29),54.59 (0.56),87.73 (0.17),27.00 (0.51),15.70 (0.21)
K=500,0.5,Correction + product,68.30 (0.20),-0.707 (0.035),-1.069 (0.124),Corrected edge only,0.499 (0.000),0.575 (0.009),80.62 (0.36),52.38 (0.45),88.66 (0.22),20.24 (0.38),10.32 (0.39)
K=500,0.5,Correction + learned weight,68.73 (0.18),-0.283 (0.039),-0.645 (0.109),Corrected edge only,0.499 (0.000),0.575 (0.009),80.15 (0.38),53.72 (0.54),87.65 (0.26),24.58 (0.48),13.98 (0.30)
K=500,0.5,DriftGate-P,69.01 (0.22),,-0.362 (0.092),Corrected edge only,0.499 (0.000),0.575 (0.009),80.89 (0.32),53.50 (0.49),88.54 (0.18),23.18 (0.43),12.78 (0.42)
K=500,0.5,No correction + adaptive w,69.25 (0.28),0.245 (0.161),-0.117 (0.070),Corrected edge only,0.499 (0.000),0.575 (0.009),78.97 (0.14),55.87 (0.72),85.08 (0.15),32.70 (0.54),19.23 (0.20)
K=500,0.5,conditional (adaptive w),69.44 (0.22),0.429 (0.048),0.067 (0.044),Corrected edge only,0.499 (0.000),0.575 (0.009),80.49 (0.31),54.90 (0.58),87.58 (0.19),27.55 (0.51),16.05 (0.22)
K=500,0.5,conditional (fixed w 0.5),69.35 (0.21),0.345 (0.039),-0.017 (0.055),Corrected edge only,0.499 (0.000),0.575 (0.009),80.34 (0.32),54.88 (0.58),87.43 (0.20),27.64 (0.52),16.11 (0.22)
K=500,0.5,"conditional (raw edge, adaptive w)",67.24 (0.35),-1.772 (0.199),-2.135 (0.116),Corrected edge only,0.499 (0.000),0.575 (0.009),75.36 (0.08),55.70 (0.60),80.49 (0.06),38.52 (0.65),23.59 (0.14)
K=500,0.75,Device only,63.12 (0.19),-6.751 (0.203),-7.233 (0.303),Corrected edge only,0,0,77.09 (0.59),45.61 (0.49),86.52 (0.53),6.62 (0.07),2.47 (0.19)
K=500,0.75,Raw edge only,67.67 (0.39),-2.194 (0.328),-2.676 (0.212),Corrected edge only,0.745 (0.000),0.859 (0.014),74.11 (0.11),57.79 (0.75),77.90 (0.23),45.53 (0.59),28.16 (0.21)
K=500,0.75,Probability average,70.13 (0.20),0.261 (0.177),-0.221 (0.047),Corrected edge only,0.745 (0.000),0.859 (0.014),79.23 (0.18),57.36 (0.81),85.26 (0.21),34.60 (0.48),19.53 (0.45)
K=500,0.75,Logit sum,70.06 (0.19),0.194 (0.186),-0.288 (0.060),Corrected edge only,0.745 (0.000),0.859 (0.014),79.61 (0.22),56.78 (0.72),85.97 (0.20),32.68 (0.41),17.78 (0.35)
K=500,0.75,Correction + fixed w 0.5,69.44 (0.19),-0.427 (0.016),-0.908 (0.135),Corrected edge only,0.745 (0.000),0.859 (0.014),80.99 (0.36),54.24 (0.45),88.79 (0.20),23.76 (0.46),12.58 (0.62)
K=500,0.75,Correction + development w 0.2,70.28 (0.20),0.416 (0.103),-0.066 (0.031),Corrected edge only,0.745 (0.000),0.859 (0.014),80.91 (0.34),56.00 (0.59),88.01 (0.21),29.03 (0.53),16.56 (0.45)
K=500,0.75,Corrected edge only,70.35 (0.20),0.482 (0.134),0.000 (0.000),Corrected edge only,0.745 (0.000),0.859 (0.014),80.58 (0.34),56.53 (0.66),87.38 (0.22),31.02 (0.56),18.13 (0.36)
K=500,0.75,Correction + product,68.96 (0.19),-0.911 (0.019),-1.393 (0.149),Corrected edge only,0.745 (0.000),0.859 (0.014),80.83 (0.38),53.48 (0.45),88.85 (0.23),21.95 (0.43),11.12 (0.57)
K=500,0.75,Correction + learned weight,69.57 (0.17),-0.294 (0.035),-0.776 (0.118),Corrected edge only,0.745 (0.000),0.859 (0.014),80.23 (0.41),55.31 (0.59),87.48 (0.27),27.64 (0.55),15.74 (0.47)
K=500,0.75,DriftGate-P,69.87 (0.20),,-0.482 (0.134),Corrected edge only,0.745 (0.000),0.859 (0.014),81.12 (0.36),54.96 (0.50),88.67 (0.19),25.68 (0.54),14.13 (0.65)
K=500,0.75,No correction + adaptive w,70.30 (0.26),0.437 (0.217),-0.045 (0.085),Corrected edge only,0.745 (0.000),0.859 (0.014),78.79 (0.12),58.07 (0.86),84.31 (0.27),37.56 (0.61),22.13 (0.40)
K=500,0.75,conditional (adaptive w),70.52 (0.19),0.655 (0.085),0.173 (0.049),Corrected edge only,0.745 (0.000),0.859 (0.014),80.57 (0.34),56.99 (0.64),87.33 (0.21),31.57 (0.56),18.47 (0.37)
K=500,0.75,conditional (fixed w 0.5),70.42 (0.19),0.554 (0.076),0.072 (0.058),Corrected edge only,0.745 (0.000),0.859 (0.014),80.41 (0.35),56.95 (0.65),87.16 (0.22),31.66 (0.57),18.53 (0.38)
K=500,0.75,"conditional (raw edge, adaptive w)",67.40 (0.38),-2.470 (0.307),-2.952 (0.195),Corrected edge only,0.745 (0.000),0.859 (0.014),73.62 (0.14),57.66 (0.71),77.29 (0.20),46.04 (0.61),28.49 (0.22)
K=500,1.0,Device only,63.12 (0.19),-6.995 (0.171),-7.482 (0.334),No correction + adaptive w,0,0,77.09 (0.59),45.61 (0.49),86.52 (0.53),6.62 (0.07),2.47 (0.19)
K=500,1.0,Raw edge only,67.07 (0.40),-3.039 (0.338),-3.526 (0.188),No correction + adaptive w,1.000 (0.000),1.153 (0.018),72.66 (0.24),57.87 (0.91),75.46 (0.32),49.14 (0.57),30.41 (0.32)
K=500,1.0,Probability average,70.38 (0.16),0.268 (0.189),-0.218 (0.060),No correction + adaptive w,1.000 (0.000),1.153 (0.018),79.14 (0.19),57.91 (0.97),84.97 (0.23),35.99 (0.55),20.20 (0.62)
K=500,1.0,Logit sum,70.29 (0.15),0.183 (0.203),-0.304 (0.067),No correction + adaptive w,1.000 (0.000),1.153 (0.018),79.53 (0.23),57.27 (0.91),85.73 (0.21),33.94 (0.45),18.37 (0.50)
K=500,1.0,Correction + fixed w 0.5,69.62 (0.19),-0.491 (0.021),-0.978 (0.206),No correction + adaptive w,1.000 (0.000),1.153 (0.018),81.01 (0.37),54.60 (0.47),88.77 (0.21),24.39 (0.53),12.85 (0.71)
K=500,1.0,Correction + development w 0.2,70.53 (0.18),0.415 (0.099),-0.072 (0.120),No correction + adaptive w,1.000 (0.000),1.153 (0.018),80.83 (0.36),56.53 (0.67),87.78 (0.22),30.36 (0.59),17.28 (0.65)
K=500,1.0,Corrected edge only,70.53 (0.16),0.422 (0.121),-0.065 (0.103),No correction + adaptive w,1.000 (0.000),1.153 (0.018),80.36 (0.37),57.12 (0.77),86.94 (0.24),32.71 (0.60),19.09 (0.59)
K=500,1.0,Correction + product,69.11 (0.20),-0.996 (0.011),-1.483 (0.212),No correction + adaptive w,1.000 (0.000),1.153 (0.018),80.85 (0.39),53.80 (0.47),88.84 (0.23),22.48 (0.48),11.34 (0.65)
K=500,1.0,Correction + learned weight,69.84 (0.17),-0.276 (0.046),-0.763 (0.196),No correction + adaptive w,1.000 (0.000),1.153 (0.018),80.21 (0.42),55.85 (0.65),87.34 (0.28),28.80 (0.60),16.37 (0.64)
K=500,1.0,DriftGate-P,70.11 (0.22),,-0.487 (0.217),No correction + adaptive w,1.000 (0.000),1.153 (0.018),81.14 (0.37),55.45 (0.55),88.61 (0.20),26.64 (0.64),14.63 (0.79)
K=500,1.0,No correction + adaptive w,70.60 (0.22),0.487 (0.217),0.000 (0.000),No correction + adaptive w,1.000 (0.000),1.153 (0.018),78.58 (0.12),58.77 (1.07),83.79 (0.30),39.58 (0.73),23.31 (0.64)
K=500,1.0,conditional (adaptive w),70.85 (0.18),0.740 (0.083),0.253 (0.136),No correction + adaptive w,1.000 (0.000),1.153 (0.018),80.50 (0.37),57.74 (0.74),87.06 (0.22),33.24 (0.61),19.43 (0.60)
K=500,1.0,conditional (fixed w 0.5),70.75 (0.18),0.641 (0.075),0.154 (0.144),No correction + adaptive w,1.000 (0.000),1.153 (0.018),80.33 (0.37),57.70 (0.75),86.88 (0.23),33.34 (0.62),19.49 (0.60)
K=500,1.0,"conditional (raw edge, adaptive w)",66.92 (0.40),-3.192 (0.331),-3.678 (0.186),No correction + adaptive w,1.000 (0.000),1.153 (0.018),72.30 (0.26),57.80 (0.88),74.98 (0.30),49.64 (0.58),30.74 (0.33)
S1 replay,0.25,Device only,66.38 (1.28),-3.269 (0.633),-3.421 (0.754),No correction + adaptive w,0,0,79.96 (1.43),47.69 (1.30),88.80 (1.44),10.77 (1.31),3.27 (0.71)
S1 replay,0.25,Raw edge only,69.45 (1.39),-0.191 (0.184),-0.344 (0.056),No correction + adaptive w,0.254 (0.000),0.288 (0.011),81.08 (1.35),53.49 (2.00),87.07 (1.60),29.16 (1.52),10.55 (1.96)
S1 replay,0.25,Probability average,69.78 (1.35),0.132 (0.105),-0.020 (0.057),No correction + adaptive w,0.254 (0.000),0.288 (0.011),81.86 (1.37),53.24 (1.87),88.62 (1.67),25.65 (1.54),8.15 (1.59)
S1 replay,0.25,Logit sum,69.65 (1.36),0.008 (0.117),-0.144 (0.132),No correction + adaptive w,0.254 (0.000),0.288 (0.011),81.86 (1.33),52.96 (1.89),88.86 (1.66),24.43 (1.44),7.84 (1.51)
S1 replay,0.25,Correction + fixed w 0.5,69.51 (1.30),-0.135 (0.051),-0.288 (0.193),No correction + adaptive w,0.254 (0.000),0.288 (0.011),82.41 (1.34),51.90 (1.65),90.07 (1.61),20.92 (1.29),5.97 (1.25)
S1 replay,0.25,Correction + development w 0.2,69.74 (1.37),0.092 (0.063),-0.060 (0.099),No correction + adaptive w,0.254 (0.000),0.288 (0.011),82.37 (1.39),52.47 (1.72),89.73 (1.66),23.01 (1.26),6.87 (1.32)
S1 replay,0.25,Corrected edge only,69.75 (1.38),0.104 (0.091),-0.049 (0.073),No correction + adaptive w,0.254 (0.000),0.288 (0.011),82.29 (1.40),52.61 (1.76),89.53 (1.66),23.72 (1.23),7.29 (1.41)
S1 replay,0.25,Correction + product,69.29 (1.29),-0.359 (0.146),-0.511 (0.275),No correction + adaptive w,0.254 (0.000),0.288 (0.011),82.29 (1.30),51.54 (1.64),90.12 (1.57),19.86 (1.16),5.73 (1.15)
S1 replay,0.25,Correction + learned weight,69.38 (1.36),-0.260 (0.094),-0.412 (0.169),No correction + adaptive w,0.254 (0.000),0.288 (0.011),81.92 (1.42),52.26 (1.75),89.43 (1.64),22.48 (1.25),6.76 (1.36)
S1 replay,0.25,DriftGate-P,69.64 (1.32),,-0.153 (0.149),No correction + adaptive w,0.254 (0.000),0.288 (0.011),82.44 (1.36),52.17 (1.68),89.97 (1.64),21.87 (1.27),6.38 (1.27)
S1 replay,0.25,No correction + adaptive w,69.80 (1.39),0.153 (0.149),0.000 (0.000),No correction + adaptive w,0.254 (0.000),0.288 (0.011),81.74 (1.38),53.43 (1.94),88.24 (1.71),26.95 (1.60),8.93 (1.69)
S1 replay,0.25,conditional (adaptive w),69.79 (1.37),0.146 (0.080),-0.007 (0.090),No correction + adaptive w,0.254 (0.000),0.288 (0.011),82.26 (1.39),52.76 (1.79),89.46 (1.66),24.05 (1.20),7.50 (1.45)
S1 replay,0.25,conditional (fixed w 0.5),69.75 (1.36),0.108 (0.080),-0.045 (0.124),No correction + adaptive w,0.254 (0.000),0.288 (0.011),82.17 (1.38),52.80 (1.78),89.39 (1.63),24.16 (1.15),7.55 (1.48)
S1 replay,0.25,"conditional (raw edge, adaptive w)",69.38 (1.38),-0.265 (0.181),-0.418 (0.082),No correction + adaptive w,0.254 (0.000),0.288 (0.011),80.96 (1.36),53.49 (2.01),86.87 (1.59),29.43 (1.56),10.77 (2.06)
S1 replay,0.5,Device only,66.38 (1.28),-4.830 (0.994),-5.177 (1.204),Corrected edge only,0,0,79.96 (1.43),47.69 (1.30),88.80 (1.44),10.77 (1.31),3.27 (0.71)
S1 replay,0.5,Raw edge only,70.90 (1.76),-0.302 (0.433),-0.649 (0.224),Corrected edge only,0.500 (0.000),0.566 (0.023),80.92 (1.41),57.15 (2.90),84.62 (1.84),39.78 (2.74),14.75 (2.74)
S1 replay,0.5,Probability average,71.42 (1.56),0.213 (0.206),-0.133 (0.179),Corrected edge only,0.500 (0.000),0.566 (0.023),82.36 (1.40),56.49 (2.41),88.21 (1.95),32.16 (2.30),10.18 (2.02)
S1 replay,0.5,Logit sum,71.26 (1.54),0.059 (0.236),-0.287 (0.285),Corrected edge only,0.500 (0.000),0.566 (0.023),82.39 (1.32),56.10 (2.45),88.61 (1.91),30.41 (2.20),10.07 (1.92)
S1 replay,0.5,Correction + fixed w 0.5,70.91 (1.38),-0.298 (0.134),-0.645 (0.396),Corrected edge only,0.500 (0.000),0.566 (0.023),83.15 (1.35),54.31 (1.87),90.52 (1.75),24.97 (1.76),7.00 (1.49)
S1 replay,0.5,Correction + development w 0.2,71.49 (1.60),0.287 (0.180),-0.059 (0.104),Corrected edge only,0.500 (0.000),0.566 (0.023),83.16 (1.56),55.64 (2.15),89.89 (1.96),29.08 (1.85),8.75 (1.65)
S1 replay,0.5,Corrected edge only,71.55 (1.68),0.347 (0.271),0.000 (0.000),Corrected edge only,0.500 (0.000),0.566 (0.023),83.02 (1.63),55.96 (2.28),89.46 (2.02),30.57 (1.92),9.51 (1.72)
S1 replay,0.5,Correction + product,70.56 (1.33),-0.644 (0.293),-0.990 (0.535),Corrected edge only,0.500 (0.000),0.566 (0.023),83.00 (1.27),53.72 (1.86),90.62 (1.66),23.41 (1.56),6.72 (1.39)
S1 replay,0.5,Correction + learned weight,70.78 (1.51),-0.424 (0.232),-0.771 (0.366),Corrected edge only,0.500 (0.000),0.566 (0.023),82.32 (1.49),55.14 (2.14),89.28 (1.81),28.13 (1.78),8.44 (1.65)
S1 replay,0.5,DriftGate-P,71.21 (1.47),,-0.347 (0.271),Corrected edge only,0.500 (0.000),0.566 (0.023),83.27 (1.45),54.85 (1.95),90.35 (1.88),26.81 (1.81),7.79 (1.60)
S1 replay,0.5,No correction + adaptive w,71.52 (1.68),0.312 (0.337),-0.035 (0.146),Corrected edge only,0.500 (0.000),0.566 (0.023),82.16 (1.47),56.95 (2.61),87.41 (2.07),34.86 (2.56),11.60 (2.26)
S1 replay,0.5,conditional (adaptive w),71.58 (1.61),0.371 (0.205),0.024 (0.109),Corrected edge only,0.500 (0.000),0.566 (0.023),82.92 (1.51),56.17 (2.32),89.36 (1.95),30.93 (1.88),9.75 (1.77)
S1 replay,0.5,conditional (fixed w 0.5),71.49 (1.54),0.280 (0.176),-0.067 (0.218),Corrected edge only,0.500 (0.000),0.566 (0.023),82.74 (1.43),56.20 (2.29),89.22 (1.86),31.04 (1.83),9.79 (1.80)
S1 replay,0.5,"conditional (raw edge, adaptive w)",70.78 (1.71),-0.421 (0.374),-0.768 (0.180),Corrected edge only,0.500 (0.000),0.566 (0.023),80.73 (1.35),57.14 (2.91),84.33 (1.79),40.11 (2.77),15.01 (2.86)
S1 replay,0.75,Device only,66.38 (1.28),-5.436 (1.136),-6.060 (1.423),Corrected edge only,0,0,79.96 (1.43),47.69 (1.30),88.80 (1.44),10.77 (1.31),3.27 (0.71)
S1 replay,0.75,Raw edge only,71.52 (1.93),-0.290 (0.559),-0.915 (0.270),Corrected edge only,0.746 (0.000),0.845 (0.034),80.55 (1.40),59.24 (3.26),82.36 (1.89),46.28 (3.64),17.11 (3.09)
S1 replay,0.75,Probability average,72.09 (1.68),0.280 (0.286),-0.344 (0.234),Corrected edge only,0.746 (0.000),0.845 (0.034),82.45 (1.42),58.10 (2.76),87.81 (2.15),35.20 (2.86),11.03 (2.16)
S1 replay,0.75,Logit sum,71.91 (1.67),0.096 (0.315),-0.528 (0.346),Corrected edge only,0.746 (0.000),0.845 (0.034),82.49 (1.33),57.63 (2.88),88.28 (2.12),33.18 (2.79),10.94 (2.06)
S1 replay,0.75,Correction + fixed w 0.5,71.43 (1.42),-0.385 (0.170),-1.010 (0.529),Corrected edge only,0.746 (0.000),0.845 (0.034),83.33 (1.37),55.49 (2.08),90.58 (1.85),26.74 (2.15),7.40 (1.52)
S1 replay,0.75,Correction + development w 0.2,72.31 (1.71),0.499 (0.247),-0.126 (0.144),Corrected edge only,0.746 (0.000),0.845 (0.034),83.36 (1.63),57.45 (2.42),89.74 (2.13),32.32 (2.40),9.68 (1.81)
S1 replay,0.75,Corrected edge only,72.44 (1.83),0.625 (0.378),0.000 (0.000),Corrected edge only,0.746 (0.000),0.845 (0.034),83.19 (1.72),57.99 (2.62),89.13 (2.21),34.45 (2.47),10.64 (1.90)
S1 replay,0.75,Correction + product,71.02 (1.36),-0.786 (0.346),-1.411 (0.676),Corrected edge only,0.746 (0.000),0.845 (0.034),83.16 (1.29),54.79 (2.12),90.70 (1.73),24.95 (1.90),7.08 (1.42)
S1 replay,0.75,Correction + learned weight,71.47 (1.57),-0.339 (0.279),-0.963 (0.464),Corrected edge only,0.746 (0.000),0.845 (0.034),82.43 (1.52),56.81 (2.44),89.05 (1.94),31.12 (2.27),9.31 (1.82)
S1 replay,0.75,DriftGate-P,71.81 (1.53),,-0.625 (0.378),Corrected edge only,0.746 (0.000),0.845 (0.034),83.46 (1.50),56.21 (2.15),90.35 (2.02),29.15 (2.31),8.41 (1.66)
S1 replay,0.75,No correction + adaptive w,72.25 (1.84),0.440 (0.440),-0.185 (0.191),Corrected edge only,0.746 (0.000),0.845 (0.034),82.18 (1.49),58.79 (2.98),86.72 (2.32),38.86 (3.28),12.77 (2.49)
S1 replay,0.75,conditional (adaptive w),72.44 (1.72),0.629 (0.286),0.004 (0.147),Corrected edge only,0.746 (0.000),0.845 (0.034),83.04 (1.55),58.21 (2.65),89.00 (2.11),34.83 (2.44),10.89 (1.96)
S1 replay,0.75,conditional (fixed w 0.5),72.34 (1.64),0.526 (0.246),-0.098 (0.271),Corrected edge only,0.746 (0.000),0.845 (0.034),82.84 (1.45),58.24 (2.63),88.85 (2.00),34.93 (2.40),10.93 (1.98)
S1 replay,0.75,"conditional (raw edge, adaptive w)",71.38 (1.85),-0.434 (0.468),-1.059 (0.199),Corrected edge only,0.746 (0.000),0.845 (0.034),80.33 (1.29),59.22 (3.27),82.01 (1.81),46.62 (3.69),17.37 (3.20)
S1 replay,1.0,Device only,66.38 (1.28),-5.571 (1.207),-6.363 (1.521),Corrected edge only,0,0,79.96 (1.43),47.69 (1.30),88.80 (1.44),10.77 (1.31),3.27 (0.71)
S1 replay,1.0,Raw edge only,71.74 (1.99),-0.202 (0.583),-0.994 (0.295),Corrected edge only,1.000 (0.000),1.132 (0.045),80.34 (1.37),60.07 (3.45),81.30 (1.81),49.07 (4.46),17.89 (3.32)
S1 replay,1.0,Probability average,72.27 (1.75),0.325 (0.315),-0.466 (0.274),Corrected edge only,1.000 (0.000),1.132 (0.045),82.46 (1.43),58.50 (2.91),87.70 (2.20),36.04 (3.30),11.21 (2.27)
S1 replay,1.0,Logit sum,72.08 (1.74),0.132 (0.349),-0.659 (0.377),Corrected edge only,1.000 (0.000),1.132 (0.045),82.51 (1.34),58.01 (3.06),88.19 (2.16),33.95 (3.25),11.13 (2.16)
S1 replay,1.0,Correction + fixed w 0.5,71.53 (1.44),-0.414 (0.194),-1.205 (0.581),Corrected edge only,1.000 (0.000),1.132 (0.045),83.35 (1.39),55.74 (2.16),90.56 (1.88),27.18 (2.44),7.47 (1.56)
S1 replay,1.0,Correction + development w 0.2,72.58 (1.77),0.629 (0.267),-0.163 (0.161),Corrected edge only,1.000 (0.000),1.132 (0.045),83.40 (1.66),58.04 (2.55),89.65 (2.16),33.49 (2.93),9.98 (1.98)
S1 replay,1.0,Corrected edge only,72.74 (1.91),0.791 (0.413),0.000 (0.000),Corrected edge only,1.000 (0.000),1.132 (0.045),83.20 (1.74),58.70 (2.77),88.97 (2.25),35.93 (3.08),11.00 (2.08)
S1 replay,1.0,Correction + product,71.12 (1.38),-0.827 (0.368),-1.619 (0.724),Corrected edge only,1.000 (0.000),1.132 (0.045),83.19 (1.30),55.01 (2.20),90.69 (1.75),25.33 (2.16),7.16 (1.46)
S1 replay,1.0,Correction + learned weight,71.71 (1.62),-0.233 (0.284),-1.025 (0.485),Corrected edge only,1.000 (0.000),1.132 (0.045),82.46 (1.53),57.34 (2.55),88.97 (1.96),32.19 (2.78),9.58 (1.97)
S1 replay,1.0,DriftGate-P,71.95 (1.56),,-0.791 (0.413),Corrected edge only,1.000 (0.000),1.132 (0.045),83.49 (1.52),56.52 (2.24),90.30 (2.05),29.86 (2.69),8.58 (1.74)
S1 replay,1.0,No correction + adaptive w,72.46 (1.91),0.517 (0.472),-0.275 (0.232),Corrected edge only,1.000 (0.000),1.132 (0.045),82.15 (1.50),59.33 (3.14),86.52 (2.37),40.16 (3.85),13.16 (2.68)
S1 replay,1.0,conditional (adaptive w),72.74 (1.79),0.791 (0.317),-0.001 (0.147),Corrected edge only,1.000 (0.000),1.132 (0.045),83.04 (1.57),58.92 (2.81),88.83 (2.14),36.30 (3.05),11.24 (2.15)
S1 replay,1.0,conditional (fixed w 0.5),72.64 (1.72),0.696 (0.262),-0.096 (0.273),Corrected edge only,1.000 (0.000),1.132 (0.045),82.86 (1.47),58.96 (2.78),88.69 (2.03),36.41 (3.00),11.29 (2.16)
S1 replay,1.0,"conditional (raw edge, adaptive w)",71.60 (1.90),-0.347 (0.482),-1.138 (0.221),Corrected edge only,1.000 (0.000),1.132 (0.045),80.12 (1.25),60.06 (3.46),80.95 (1.73),49.42 (4.51),18.15 (3.42)
S2 replay,0.25,Device only,71.12 (3.13),-3.533 (0.829),-3.534 (0.857),Correction + development w 0.2,0,0,78.42 (3.74),47.91 (1.76),86.87 (2.98),16.82 (5.88),2.48 (1.53)
S2 replay,0.25,Raw edge only,74.14 (3.53),-0.518 (0.676),-0.519 (0.641),Correction + development w 0.2,0.254 (0.000),0.269 (0.000),80.47 (4.36),54.03 (1.45),86.64 (3.54),37.02 (6.45),9.25 (1.04)
S2 replay,0.25,Probability average,74.45 (3.31),-0.205 (0.448),-0.206 (0.418),Correction + development w 0.2,0.254 (0.000),0.269 (0.000),81.04 (4.15),53.57 (1.23),87.67 (3.27),33.68 (6.47),7.32 (1.29)
S2 replay,0.25,Logit sum,74.41 (3.22),-0.244 (0.371),-0.246 (0.352),Correction + development w 0.2,0.254 (0.000),0.269 (0.000),81.05 (4.05),53.41 (1.18),87.82 (3.14),32.52 (6.57),7.16 (1.30)
S2 replay,0.25,Correction + fixed w 0.5,74.53 (2.82),-0.124 (0.074),-0.126 (0.120),Correction + development w 0.2,0.254 (0.000),0.269 (0.000),81.64 (3.62),52.13 (0.85),89.06 (2.64),27.73 (6.21),5.20 (1.29)
S2 replay,0.25,Correction + development w 0.2,74.66 (2.90),0.002 (0.047),0.000 (0.000),Correction + development w 0.2,0.254 (0.000),0.269 (0.000),81.68 (3.71),52.56 (0.82),88.82 (2.75),29.86 (6.35),6.12 (1.10)
S2 replay,0.25,Corrected edge only,74.64 (2.93),-0.019 (0.082),-0.021 (0.036),Correction + development w 0.2,0.254 (0.000),0.269 (0.000),81.62 (3.74),52.66 (0.82),88.68 (2.80),30.45 (6.35),6.43 (1.07)
S2 replay,0.25,Correction + product,74.39 (2.80),-0.268 (0.178),-0.270 (0.222),Correction + development w 0.2,0.254 (0.000),0.269 (0.000),81.52 (3.57),51.92 (0.94),89.04 (2.56),26.85 (6.53),4.98 (1.45)
S2 replay,0.25,Correction + learned weight,73.95 (2.82),-0.706 (0.280),-0.708 (0.321),Correction + development w 0.2,0.254 (0.000),0.269 (0.000),80.91 (3.61),52.02 (0.95),88.02 (2.70),29.30 (6.23),6.00 (1.13)
S2 replay,0.25,DriftGate-P,74.65 (2.86),,-0.002 (0.047),Correction + development w 0.2,0.254 (0.000),0.269 (0.000),81.74 (3.68),52.36 (0.81),89.00 (2.68),28.91 (6.47),5.71 (1.17)
S2 replay,0.25,No correction + adaptive w,74.47 (3.36),-0.184 (0.502),-0.185 (0.470),Correction + development w 0.2,0.254 (0.000),0.269 (0.000),80.99 (4.19),53.84 (1.30),87.40 (3.33),35.22 (6.53),8.18 (1.13)
S2 replay,0.25,conditional (adaptive w),74.64 (2.92),-0.011 (0.060),-0.012 (0.044),Correction + development w 0.2,0.254 (0.000),0.269 (0.000),81.60 (3.76),52.78 (0.81),88.60 (2.83),30.89 (6.27),6.61 (1.11)
S2 replay,0.25,conditional (fixed w 0.5),74.53 (2.90),-0.121 (0.082),-0.123 (0.107),Correction + development w 0.2,0.254 (0.000),0.269 (0.000),81.45 (3.73),52.78 (0.83),88.43 (2.82),31.06 (6.21),6.64 (1.08)
S2 replay,0.25,"conditional (raw edge, adaptive w)",74.03 (3.60),-0.626 (0.738),-0.628 (0.705),Correction + development w 0.2,0.254 (0.000),0.269 (0.000),80.32 (4.45),54.03 (1.50),86.43 (3.63),37.35 (6.42),9.39 (1.08)
S2 replay,0.5,Device only,71.12 (3.13),-4.885 (1.158),-4.922 (1.245),Correction + development w 0.2,0,0,78.42 (3.74),47.91 (1.76),86.87 (2.98),16.82 (5.88),2.48 (1.53)
S2 replay,0.5,Raw edge only,74.91 (3.92),-1.093 (1.231),-1.130 (1.174),Correction + development w 0.2,0.500 (0.000),0.529 (0.000),80.44 (4.73),57.43 (1.47),85.09 (4.35),47.53 (5.69),12.49 (1.93)
S2 replay,0.5,Probability average,75.54 (3.36),-0.469 (0.694),-0.506 (0.667),Correction + development w 0.2,0.500 (0.000),0.529 (0.000),81.60 (4.26),56.40 (1.03),87.37 (3.62),40.57 (5.68),9.26 (1.60)
S2 replay,0.5,Logit sum,75.48 (3.18),-0.527 (0.571),-0.564 (0.583),Correction + development w 0.2,0.500 (0.000),0.529 (0.000),81.62 (4.05),56.18 (0.99),87.59 (3.33),39.02 (5.98),9.09 (1.56)
S2 replay,0.5,Correction + fixed w 0.5,75.78 (2.60),-0.228 (0.141),-0.266 (0.256),Correction + development w 0.2,0.500 (0.000),0.529 (0.000),82.61 (3.43),54.32 (0.60),89.63 (2.43),32.08 (6.06),6.30 (1.21)
S2 replay,0.5,Correction + development w 0.2,76.04 (2.75),0.037 (0.115),0.000 (0.000),Correction + development w 0.2,0.500 (0.000),0.529 (0.000),82.67 (3.59),55.31 (0.38),89.14 (2.72),36.09 (6.20),7.86 (1.13)
S2 replay,0.5,Corrected edge only,75.99 (2.83),-0.015 (0.202),-0.052 (0.094),Correction + development w 0.2,0.500 (0.000),0.529 (0.000),82.54 (3.67),55.52 (0.36),88.83 (2.86),37.24 (6.22),8.38 (1.23)
S2 replay,0.5,Correction + product,75.57 (2.55),-0.442 (0.305),-0.479 (0.420),Correction + development w 0.2,0.500 (0.000),0.529 (0.000),82.44 (3.32),54.01 (0.78),89.59 (2.24),30.88 (6.46),6.05 (1.27)
S2 replay,0.5,Correction + learned weight,74.84 (2.72),-1.165 (0.437),-1.202 (0.539),Correction + development w 0.2,0.500 (0.000),0.529 (0.000),81.38 (3.56),54.35 (0.86),87.81 (2.68),35.13 (6.10),7.65 (1.11)
S2 replay,0.5,DriftGate-P,76.01 (2.68),,-0.037 (0.115),Correction + development w 0.2,0.500 (0.000),0.529 (0.000),82.77 (3.55),54.81 (0.49),89.49 (2.55),34.25 (6.40),7.12 (1.09)
S2 replay,0.5,No correction + adaptive w,75.58 (3.53),-0.429 (0.851),-0.467 (0.807),Correction + development w 0.2,0.500 (0.000),0.529 (0.000),81.49 (4.39),56.93 (1.13),86.79 (3.84),43.77 (5.81),10.58 (1.63)
S2 replay,0.5,conditional (adaptive w),75.95 (2.83),-0.058 (0.144),-0.096 (0.108),Correction + development w 0.2,0.500 (0.000),0.529 (0.000),82.45 (3.69),55.65 (0.47),88.66 (2.89),37.75 (6.09),8.62 (1.39)
S2 replay,0.5,conditional (fixed w 0.5),75.74 (2.78),-0.265 (0.134),-0.303 (0.194),Correction + development w 0.2,0.500 (0.000),0.529 (0.000),82.18 (3.65),55.63 (0.55),88.37 (2.85),37.95 (6.02),8.65 (1.34)
S2 replay,0.5,"conditional (raw edge, adaptive w)",74.73 (3.98),-1.278 (1.302),-1.315 (1.253),Correction + development w 0.2,0.500 (0.000),0.529 (0.000),80.20 (4.82),57.38 (1.55),84.76 (4.44),47.92 (5.63),12.63 (1.99)
S2 replay,0.75,Device only,71.12 (3.13),-5.333 (1.204),-5.427 (1.332),Correction + development w 0.2,0,0,78.42 (3.74),47.91 (1.76),86.87 (2.98),16.82 (5.88),2.48 (1.53)
S2 replay,0.75,Raw edge only,75.00 (4.14),-1.458 (1.561),-1.551 (1.514),Correction + development w 0.2,0.746 (0.000),0.790 (0.000),80.03 (5.07),59.06 (1.08),83.74 (5.15),52.48 (4.37),14.14 (2.50)
S2 replay,0.75,Probability average,75.84 (3.33),-0.613 (0.781),-0.707 (0.791),Correction + development w 0.2,0.746 (0.000),0.790 (0.000),81.58 (4.35),57.69 (1.02),87.00 (3.93),43.12 (4.61),10.03 (1.78)
S2 replay,0.75,Logit sum,75.80 (3.13),-0.659 (0.650),-0.752 (0.711),Correction + development w 0.2,0.746 (0.000),0.790 (0.000),81.62 (4.09),57.48 (1.07),87.26 (3.54),41.41 (5.14),9.79 (1.68)
S2 replay,0.75,Correction + fixed w 0.5,76.15 (2.50),-0.301 (0.147),-0.395 (0.297),Correction + development w 0.2,0.746 (0.000),0.790 (0.000),82.77 (3.39),55.37 (0.66),89.67 (2.43),33.58 (5.60),6.74 (1.23)
S2 replay,0.75,Correction + development w 0.2,76.55 (2.64),0.093 (0.153),0.000 (0.000),Correction + development w 0.2,0.746 (0.000),0.790 (0.000),82.88 (3.56),56.78 (0.44),89.07 (2.84),38.72 (5.44),8.64 (1.18)
S2 replay,0.75,Corrected edge only,76.48 (2.74),0.025 (0.262),-0.068 (0.123),Correction + development w 0.2,0.746 (0.000),0.790 (0.000),82.70 (3.66),57.08 (0.32),88.63 (3.05),40.24 (5.37),9.33 (1.37)
S2 replay,0.75,Correction + product,75.92 (2.44),-0.532 (0.328),-0.625 (0.480),Correction + development w 0.2,0.746 (0.000),0.790 (0.000),82.59 (3.26),55.00 (0.86),89.66 (2.19),32.27 (6.14),6.42 (1.21)
S2 replay,0.75,Correction + learned weight,75.17 (2.67),-1.286 (0.476),-1.379 (0.619),Correction + development w 0.2,0.746 (0.000),0.790 (0.000),81.41 (3.59),55.65 (1.01),87.55 (2.81),37.54 (5.43),8.38 (1.18)
S2 replay,0.75,DriftGate-P,76.46 (2.58),,-0.093 (0.153),Correction + development w 0.2,0.746 (0.000),0.790 (0.000),82.97 (3.52),56.00 (0.64),89.50 (2.60),36.36 (5.84),7.74 (1.14)
S2 replay,0.75,No correction + adaptive w,75.87 (3.56),-0.584 (0.988),-0.677 (0.969),Correction + development w 0.2,0.746 (0.000),0.790 (0.000),81.41 (4.54),58.35 (1.07),86.17 (4.30),47.25 (4.63),11.64 (1.93)
S2 replay,0.75,conditional (adaptive w),76.38 (2.73),-0.071 (0.158),-0.165 (0.133),Correction + development w 0.2,0.746 (0.000),0.790 (0.000),82.55 (3.68),57.19 (0.55),88.39 (3.06),40.75 (5.24),9.58 (1.56)
S2 replay,0.75,conditional (fixed w 0.5),76.14 (2.70),-0.319 (0.151),-0.412 (0.244),Correction + development w 0.2,0.746 (0.000),0.790 (0.000),82.24 (3.66),57.17 (0.67),88.05 (3.04),40.96 (5.16),9.60 (1.50)
S2 replay,0.75,"conditional (raw edge, adaptive w)",74.76 (4.20),-1.700 (1.622),-1.794 (1.590),Correction + development w 0.2,0.746 (0.000),0.790 (0.000),79.72 (5.16),58.96 (1.18),83.32 (5.23),52.89 (4.28),14.31 (2.56)
S2 replay,1.0,Device only,71.12 (3.13),-5.413 (1.216),-5.541 (1.342),Correction + development w 0.2,0,0,78.42 (3.74),47.91 (1.76),86.87 (2.98),16.82 (5.88),2.48 (1.53)
S2 replay,1.0,Raw edge only,74.94 (4.18),-1.598 (1.656),-1.726 (1.628),Correction + development w 0.2,1.000 (0.000),1.058 (0.000),79.84 (5.21),59.37 (0.79),83.16 (5.47),53.89 (3.61),14.53 (2.71)
S2 replay,1.0,Probability average,75.90 (3.29),-0.637 (0.806),-0.765 (0.832),Correction + development w 0.2,1.000 (0.000),1.058 (0.000),81.57 (4.37),57.96 (1.08),86.90 (4.00),43.68 (4.17),10.12 (1.79)
S2 replay,1.0,Logit sum,75.86 (3.08),-0.675 (0.680),-0.803 (0.753),Correction + development w 0.2,1.000 (0.000),1.058 (0.000),81.61 (4.10),57.75 (1.17),87.19 (3.59),41.92 (4.78),9.88 (1.69)
S2 replay,1.0,Correction + fixed w 0.5,76.23 (2.45),-0.306 (0.139),-0.434 (0.284),Correction + development w 0.2,1.000 (0.000),1.058 (0.000),82.80 (3.38),55.58 (0.71),89.69 (2.43),33.90 (5.40),6.79 (1.22)
S2 replay,1.0,Correction + development w 0.2,76.66 (2.56),0.128 (0.148),0.000 (0.000),Correction + development w 0.2,1.000 (0.000),1.058 (0.000),82.91 (3.54),57.16 (0.61),89.03 (2.87),39.35 (5.06),8.75 (1.18)
S2 replay,1.0,Corrected edge only,76.59 (2.67),0.054 (0.259),-0.074 (0.128),Correction + development w 0.2,1.000 (0.000),1.058 (0.000),82.71 (3.65),57.50 (0.53),88.55 (3.11),40.99 (4.94),9.47 (1.36)
S2 replay,1.0,Correction + product,76.00 (2.40),-0.539 (0.319),-0.667 (0.465),Correction + development w 0.2,1.000 (0.000),1.058 (0.000),82.63 (3.24),55.20 (0.88),89.68 (2.18),32.56 (5.98),6.48 (1.20)
S2 replay,1.0,Correction + learned weight,75.26 (2.61),-1.276 (0.483),-1.404 (0.625),Correction + development w 0.2,1.000 (0.000),1.058 (0.000),81.42 (3.58),56.01 (1.09),87.50 (2.83),38.11 (5.07),8.48 (1.16)
S2 replay,1.0,DriftGate-P,76.54 (2.52),,-0.128 (0.148),Correction + development w 0.2,1.000 (0.000),1.058 (0.000),82.99 (3.50),56.27 (0.77),89.47 (2.62),36.90 (5.47),7.86 (1.10)
S2 replay,1.0,No correction + adaptive w,75.88 (3.54),-0.651 (1.034),-0.779 (1.033),Correction + development w 0.2,1.000 (0.000),1.058 (0.000),81.32 (4.61),58.65 (1.13),85.94 (4.46),48.13 (4.02),11.85 (1.93)
S2 replay,1.0,conditional (adaptive w),76.47 (2.67),-0.062 (0.155),-0.190 (0.140),Correction + development w 0.2,1.000 (0.000),1.058 (0.000),82.53 (3.68),57.62 (0.75),88.28 (3.12),41.49 (4.81),9.73 (1.55)
S2 replay,1.0,conditional (fixed w 0.5),76.23 (2.65),-0.309 (0.158),-0.437 (0.254),Correction + development w 0.2,1.000 (0.000),1.058 (0.000),82.22 (3.68),57.60 (0.84),87.94 (3.11),41.71 (4.72),9.75 (1.50)
S2 replay,1.0,"conditional (raw edge, adaptive w)",74.68 (4.24),-1.856 (1.729),-1.984 (1.715),Correction + development w 0.2,1.000 (0.000),1.058 (0.000),79.51 (5.31),59.27 (0.96),82.73 (5.56),54.30 (3.51),14.70 (2.76)
