beta,row group,row,candidate,accuracy mean (SD),minus DriftGate pp,minus strongest reference pp,strongest reference,DriftGate,strongest reference accuracy
1.0,window,S1 | full,conditional (adaptive w),68.23 (2.56),-0.083 (0.169),0.069 (0.085),Correction + development w 0.2,68.31 (2.45),68.16 (2.54)
1.0,window,S1 | full,conditional (fixed w 0.5),68.16 (2.56),-0.151 (0.150),0.001 (0.073),Correction + development w 0.2,68.31 (2.45),68.16 (2.54)
1.0,window,S1 | full,"conditional (raw edge, adaptive w)",62.71 (2.63),-5.606 (0.555),-5.454 (0.631),Correction + development w 0.2,68.31 (2.45),68.16 (2.54)
1.0,window,S1 | round<=30,conditional (adaptive w),70.37 (2.89),-2.100 (0.413),-2.437 (0.509),Correction + product,72.47 (3.20),72.81 (3.27)
1.0,window,S1 | round<=30,conditional (fixed w 0.5),70.36 (2.88),-2.105 (0.425),-2.442 (0.520),Correction + product,72.47 (3.20),72.81 (3.27)
1.0,window,S1 | round<=30,"conditional (raw edge, adaptive w)",56.38 (2.90),-16.084 (3.744),-16.421 (3.753),Correction + product,72.47 (3.20),72.81 (3.27)
1.0,window,S1 | round>30,conditional (adaptive w),67.61 (2.52),0.505 (0.294),-0.047 (0.072),Corrected edge only,67.10 (2.26),67.66 (2.54)
1.0,window,S1 | round>30,conditional (fixed w 0.5),67.52 (2.51),0.419 (0.279),-0.133 (0.105),Corrected edge only,67.10 (2.26),67.66 (2.54)
1.0,window,S1 | round>30,"conditional (raw edge, adaptive w)",64.55 (3.12),-2.550 (1.029),-3.102 (0.728),Corrected edge only,67.10 (2.26),67.66 (2.54)
1.0,window,S1 | round>50,conditional (adaptive w),68.52 (2.40),0.568 (0.287),-0.069 (0.070),Corrected edge only,67.95 (2.14),68.59 (2.42)
1.0,window,S1 | round>50,conditional (fixed w 0.5),68.42 (2.40),0.471 (0.276),-0.165 (0.102),Corrected edge only,67.95 (2.14),68.59 (2.42)
1.0,window,S1 | round>50,"conditional (raw edge, adaptive w)",66.00 (2.98),-1.952 (0.944),-2.588 (0.661),Corrected edge only,67.95 (2.14),68.59 (2.42)
1.0,window,S2 | full,conditional (adaptive w),70.83 (0.87),-0.866 (0.180),-0.938 (0.305),Correction + fixed w 0.5,71.70 (0.97),71.77 (1.09)
1.0,window,S2 | full,conditional (fixed w 0.5),70.73 (0.89),-0.973 (0.137),-1.046 (0.261),Correction + fixed w 0.5,71.70 (0.97),71.77 (1.09)
1.0,window,S2 | full,"conditional (raw edge, adaptive w)",65.14 (4.08),-6.557 (3.119),-6.629 (2.997),Correction + fixed w 0.5,71.70 (0.97),71.77 (1.09)
1.0,window,S2 | round<=30,conditional (adaptive w),69.24 (1.36),-1.578 (0.338),-2.299 (0.628),Correction + product,70.82 (1.04),71.54 (0.86)
1.0,window,S2 | round<=30,conditional (fixed w 0.5),69.29 (1.36),-1.528 (0.336),-2.249 (0.620),Correction + product,70.82 (1.04),71.54 (0.86)
1.0,window,S2 | round<=30,"conditional (raw edge, adaptive w)",56.03 (6.41),-14.791 (6.617),-15.512 (6.346),Correction + product,70.82 (1.04),71.54 (0.86)
1.0,window,S2 | round>30,conditional (adaptive w),71.30 (1.15),-0.658 (0.142),-0.673 (0.255),Correction + fixed w 0.5,71.96 (1.28),71.97 (1.39)
1.0,window,S2 | round>30,conditional (fixed w 0.5),71.15 (1.19),-0.811 (0.091),-0.827 (0.205),Correction + fixed w 0.5,71.96 (1.28),71.97 (1.39)
1.0,window,S2 | round>30,"conditional (raw edge, adaptive w)",67.80 (3.42),-4.155 (2.187),-4.170 (2.086),Correction + fixed w 0.5,71.96 (1.28),71.97 (1.39)
1.0,window,S2 | round>50,conditional (adaptive w),71.22 (1.30),-0.521 (0.096),-0.501 (0.176),Correction + fixed w 0.5,71.74 (1.39),71.72 (1.47)
1.0,window,S2 | round>50,conditional (fixed w 0.5),71.05 (1.34),-0.686 (0.054),-0.666 (0.135),Correction + fixed w 0.5,71.74 (1.39),71.72 (1.47)
1.0,window,S2 | round>50,"conditional (raw edge, adaptive w)",68.26 (3.24),-3.477 (1.914),-3.457 (1.835),Correction + fixed w 0.5,71.74 (1.39),71.72 (1.47)
1.0,window,S1-fast | full,conditional (adaptive w),68.96 (0.93),-0.008 (0.185),0.025 (0.132),Correction + development w 0.2,68.96 (0.76),68.93 (0.79)
1.0,window,S1-fast | full,conditional (fixed w 0.5),68.88 (0.90),-0.080 (0.152),-0.047 (0.101),Correction + development w 0.2,68.96 (0.76),68.93 (0.79)
1.0,window,S1-fast | full,"conditional (raw edge, adaptive w)",63.09 (0.50),-5.874 (0.394),-5.841 (0.386),Correction + development w 0.2,68.96 (0.76),68.93 (0.79)
1.0,window,S1-fast | round<=30,conditional (adaptive w),71.32 (1.18),-2.019 (0.103),-2.314 (0.077),Correction + product,73.34 (1.28),73.63 (1.25)
1.0,window,S1-fast | round<=30,conditional (fixed w 0.5),71.31 (1.18),-2.024 (0.112),-2.319 (0.086),Correction + product,73.34 (1.28),73.63 (1.25)
1.0,window,S1-fast | round<=30,"conditional (raw edge, adaptive w)",56.02 (3.05),-17.314 (4.267),-17.610 (4.239),Correction + product,73.34 (1.28),73.63 (1.25)
1.0,window,S1-fast | round>30,conditional (adaptive w),68.27 (0.85),0.578 (0.268),-0.093 (0.058),Corrected edge only,67.69 (0.61),68.36 (0.89)
1.0,window,S1-fast | round>30,conditional (fixed w 0.5),68.18 (0.81),0.488 (0.229),-0.184 (0.093),Corrected edge only,67.69 (0.61),68.36 (0.89)
1.0,window,S1-fast | round>30,"conditional (raw edge, adaptive w)",65.15 (1.54),-2.537 (1.064),-3.209 (0.752),Corrected edge only,67.69 (0.61),68.36 (0.89)
1.0,window,S1-fast | round>50,conditional (adaptive w),69.32 (0.72),0.651 (0.197),-0.120 (0.049),Corrected edge only,68.67 (0.54),69.44 (0.73)
1.0,window,S1-fast | round>50,conditional (fixed w 0.5),69.21 (0.69),0.547 (0.163),-0.224 (0.079),Corrected edge only,68.67 (0.54),69.44 (0.73)
1.0,window,S1-fast | round>50,"conditional (raw edge, adaptive w)",66.77 (1.25),-1.890 (0.825),-2.661 (0.603),Corrected edge only,68.67 (0.54),69.44 (0.73)
1.0,window,partial participation | full,conditional (adaptive w),64.18 (0.57),-0.641 (0.178),-0.667 (0.260),Correction + fixed w 0.5,64.82 (0.40),64.85 (0.31)
1.0,window,partial participation | full,conditional (fixed w 0.5),64.17 (0.55),-0.646 (0.151),-0.673 (0.234),Correction + fixed w 0.5,64.82 (0.40),64.85 (0.31)
1.0,window,partial participation | full,"conditional (raw edge, adaptive w)",56.33 (0.35),-8.490 (0.181),-8.516 (0.167),Correction + fixed w 0.5,64.82 (0.40),64.85 (0.31)
1.0,window,partial participation | round<=30,conditional (adaptive w),65.71 (0.65),-2.229 (0.544),-3.000 (0.725),Correction + product,67.94 (0.68),68.71 (0.70)
1.0,window,partial participation | round<=30,conditional (fixed w 0.5),65.86 (0.59),-2.082 (0.521),-2.854 (0.694),Correction + product,67.94 (0.68),68.71 (0.70)
1.0,window,partial participation | round<=30,"conditional (raw edge, adaptive w)",50.32 (3.31),-17.626 (3.793),-18.397 (3.924),Correction + product,67.94 (0.68),68.71 (0.70)
1.0,window,partial participation | round>30,conditional (adaptive w),63.73 (0.73),-0.178 (0.368),-0.159 (0.131),Correction + development w 0.2,63.91 (0.36),63.89 (0.61)
1.0,window,partial participation | round>30,conditional (fixed w 0.5),63.68 (0.70),-0.227 (0.339),-0.209 (0.112),Correction + development w 0.2,63.91 (0.36),63.89 (0.61)
1.0,window,partial participation | round>30,"conditional (raw edge, adaptive w)",58.08 (1.41),-5.825 (1.051),-5.807 (0.826),Correction + development w 0.2,63.91 (0.36),63.89 (0.61)
1.0,window,partial participation | round>50,conditional (adaptive w),64.94 (0.77),-0.058 (0.334),-0.143 (0.110),Correction + development w 0.2,64.99 (0.44),65.08 (0.67)
1.0,window,partial participation | round>50,conditional (fixed w 0.5),64.87 (0.74),-0.126 (0.299),-0.211 (0.078),Correction + development w 0.2,64.99 (0.44),65.08 (0.67)
1.0,window,partial participation | round>50,"conditional (raw edge, adaptive w)",59.86 (1.46),-5.135 (1.023),-5.219 (0.813),Correction + development w 0.2,64.99 (0.44),65.08 (0.67)
1.0,window,stepwise change | full,conditional (adaptive w),72.12 (2.33),-0.235 (0.176),-0.093 (0.265),Correction + fixed w 0.5,72.36 (2.20),72.21 (2.11)
1.0,window,stepwise change | full,conditional (fixed w 0.5),72.04 (2.32),-0.313 (0.167),-0.171 (0.255),Correction + fixed w 0.5,72.36 (2.20),72.21 (2.11)
1.0,window,stepwise change | full,"conditional (raw edge, adaptive w)",65.33 (2.08),-7.022 (0.727),-6.880 (0.679),Correction + fixed w 0.5,72.36 (2.20),72.21 (2.11)
1.0,window,stepwise change | round<=30,conditional (adaptive w),80.01 (2.67),-2.199 (0.352),-2.770 (0.458),Correction + product,82.21 (2.87),82.78 (2.91)
1.0,window,stepwise change | round<=30,conditional (fixed w 0.5),79.98 (2.67),-2.231 (0.344),-2.802 (0.451),Correction + product,82.21 (2.87),82.78 (2.91)
1.0,window,stepwise change | round<=30,"conditional (raw edge, adaptive w)",58.38 (2.53),-23.832 (3.230),-24.402 (3.182),Correction + product,82.21 (2.87),82.78 (2.91)
1.0,window,stepwise change | round>30,conditional (adaptive w),69.49 (2.28),0.419 (0.281),-0.059 (0.118),Corrected edge only,69.07 (2.04),69.55 (2.29)
1.0,window,stepwise change | round>30,conditional (fixed w 0.5),69.40 (2.27),0.327 (0.269),-0.152 (0.133),Corrected edge only,69.07 (2.04),69.55 (2.29)
1.0,window,stepwise change | round>30,"conditional (raw edge, adaptive w)",67.65 (2.21),-1.418 (0.380),-1.897 (0.234),Corrected edge only,69.07 (2.04),69.55 (2.29)
1.0,window,stepwise change | round>50,conditional (adaptive w),70.55 (2.32),0.448 (0.311),-0.066 (0.110),Corrected edge only,70.10 (2.05),70.61 (2.33)
1.0,window,stepwise change | round>50,conditional (fixed w 0.5),70.45 (2.32),0.347 (0.300),-0.168 (0.125),Corrected edge only,70.10 (2.05),70.61 (2.33)
1.0,window,stepwise change | round>50,"conditional (raw edge, adaptive w)",68.98 (2.34),-1.116 (0.475),-1.631 (0.189),Corrected edge only,70.10 (2.05),70.61 (2.33)
1.0,window,random mobility | full,conditional (adaptive w),71.03 (0.81),-0.068 (0.062),0.070 (0.020),Correction + fixed w 0.5,71.09 (0.86),70.96 (0.82)
1.0,window,random mobility | full,conditional (fixed w 0.5),71.01 (0.78),-0.086 (0.080),0.053 (0.046),Correction + fixed w 0.5,71.09 (0.86),70.96 (0.82)
1.0,window,random mobility | full,"conditional (raw edge, adaptive w)",58.73 (0.31),-12.366 (0.868),-12.227 (0.818),Correction + fixed w 0.5,71.09 (0.86),70.96 (0.82)
1.0,window,random mobility | round<=30,conditional (adaptive w),82.22 (0.87),-1.690 (0.146),-2.065 (0.285),Correction + product,83.91 (0.82),84.28 (0.83)
1.0,window,random mobility | round<=30,conditional (fixed w 0.5),82.25 (0.83),-1.657 (0.111),-2.032 (0.252),Correction + product,83.91 (0.82),84.28 (0.83)
1.0,window,random mobility | round<=30,"conditional (raw edge, adaptive w)",52.75 (2.21),-31.155 (3.027),-31.531 (3.007),Correction + product,83.91 (0.82),84.28 (0.83)
1.0,window,random mobility | round>30,conditional (adaptive w),66.05 (0.81),0.652 (0.085),0.004 (0.119),Corrected edge only,65.40 (0.89),66.05 (0.80)
1.0,window,random mobility | round>30,conditional (fixed w 0.5),66.01 (0.79),0.613 (0.104),-0.035 (0.121),Corrected edge only,65.40 (0.89),66.05 (0.80)
1.0,window,random mobility | round>30,"conditional (raw edge, adaptive w)",61.38 (1.28),-4.015 (0.902),-4.663 (0.819),Corrected edge only,65.40 (0.89),66.05 (0.80)
1.0,window,random mobility | round>50,conditional (adaptive w),60.26 (1.09),1.449 (0.176),-0.325 (0.029),No correction + adaptive w,58.81 (1.04),60.59 (1.09)
1.0,window,random mobility | round>50,conditional (fixed w 0.5),60.21 (1.08),1.403 (0.177),-0.371 (0.039),No correction + adaptive w,58.81 (1.04),60.59 (1.09)
1.0,window,random mobility | round>50,"conditional (raw edge, adaptive w)",59.72 (1.21),0.908 (0.843),-0.867 (0.993),No correction + adaptive w,58.81 (1.04),60.59 (1.09)
1.0,window,CIFAR-100 | full,conditional (adaptive w),40.80 (0.65),-0.492 (0.081),-0.937 (0.061),Correction + product,41.29 (0.62),41.73 (0.59)
1.0,window,CIFAR-100 | full,conditional (fixed w 0.5),40.60 (0.65),-0.685 (0.127),-1.130 (0.084),Correction + product,41.29 (0.62),41.73 (0.59)
1.0,window,CIFAR-100 | full,"conditional (raw edge, adaptive w)",34.10 (1.18),-7.188 (0.835),-7.633 (0.786),Correction + product,41.29 (0.62),41.73 (0.59)
1.0,window,CIFAR-100 | round<=30,conditional (adaptive w),27.51 (0.24),-0.226 (0.104),-1.338 (0.033),Correction + product,27.73 (0.23),28.85 (0.24)
1.0,window,CIFAR-100 | round<=30,conditional (fixed w 0.5),27.44 (0.26),-0.292 (0.141),-1.404 (0.022),Correction + product,27.73 (0.23),28.85 (0.24)
1.0,window,CIFAR-100 | round<=30,"conditional (raw edge, adaptive w)",18.08 (1.05),-9.652 (0.870),-10.764 (0.807),Correction + product,27.73 (0.23),28.85 (0.24)
1.0,window,CIFAR-100 | round>30,conditional (adaptive w),44.67 (0.80),-0.570 (0.090),-0.820 (0.073),Correction + product,45.24 (0.75),45.49 (0.73)
1.0,window,CIFAR-100 | round>30,conditional (fixed w 0.5),44.44 (0.80),-0.800 (0.137),-1.050 (0.102),Correction + product,45.24 (0.75),45.49 (0.73)
1.0,window,CIFAR-100 | round>30,"conditional (raw edge, adaptive w)",38.77 (1.25),-6.469 (0.825),-6.719 (0.781),Correction + product,45.24 (0.75),45.49 (0.73)
1.0,window,CIFAR-100 | round>50,conditional (adaptive w),46.31 (0.87),-0.610 (0.086),-0.908 (0.085),Correction + product,46.92 (0.82),47.22 (0.78)
1.0,window,CIFAR-100 | round>50,conditional (fixed w 0.5),46.07 (0.87),-0.850 (0.134),-1.148 (0.110),Correction + product,46.92 (0.82),47.22 (0.78)
1.0,window,CIFAR-100 | round>50,"conditional (raw edge, adaptive w)",40.69 (1.32),-6.228 (0.818),-6.526 (0.781),Correction + product,46.92 (0.82),47.22 (0.78)
1.0,window,ResNet-18 | full,conditional (adaptive w),62.44 (2.82),-4.196 (1.969),-4.263 (2.062),Correction + fixed w 0.5,66.64 (3.14),66.71 (3.19)
1.0,window,ResNet-18 | full,conditional (fixed w 0.5),62.46 (2.73),-4.184 (1.859),-4.250 (1.952),Correction + fixed w 0.5,66.64 (3.14),66.71 (3.19)
1.0,window,ResNet-18 | full,"conditional (raw edge, adaptive w)",57.48 (3.46),-9.156 (3.196),-9.222 (3.288),Correction + fixed w 0.5,66.64 (3.14),66.71 (3.19)
1.0,window,ResNet-18 | round<=30,conditional (adaptive w),70.52 (5.63),-7.863 (2.844),-7.297 (2.902),Correction + fixed w 0.5,78.38 (5.20),77.81 (5.51)
1.0,window,ResNet-18 | round<=30,conditional (fixed w 0.5),70.12 (5.85),-8.255 (2.721),-7.688 (2.746),Correction + fixed w 0.5,78.38 (5.20),77.81 (5.51)
1.0,window,ResNet-18 | round<=30,"conditional (raw edge, adaptive w)",60.63 (4.03),-17.753 (3.758),-17.187 (3.968),Correction + fixed w 0.5,78.38 (5.20),77.81 (5.51)
1.0,window,ResNet-18 | round>30,conditional (adaptive w),59.75 (2.01),-2.974 (1.853),-3.251 (1.896),Correction + fixed w 0.5,62.73 (2.48),63.00 (2.44)
1.0,window,ResNet-18 | round>30,conditional (fixed w 0.5),59.90 (1.85),-2.827 (1.839),-3.104 (1.875),Correction + fixed w 0.5,62.73 (2.48),63.00 (2.44)
1.0,window,ResNet-18 | round>30,"conditional (raw edge, adaptive w)",56.44 (3.38),-6.290 (3.027),-6.567 (3.099),Correction + fixed w 0.5,62.73 (2.48),63.00 (2.44)
1.0,window,ResNet-18 | round>50,conditional (adaptive w),60.81 (1.76),-2.780 (1.816),-3.101 (1.863),Correction + fixed w 0.5,63.59 (2.50),63.92 (2.43)
1.0,window,ResNet-18 | round>50,conditional (fixed w 0.5),60.99 (1.56),-2.601 (1.823),-2.923 (1.855),Correction + fixed w 0.5,63.59 (2.50),63.92 (2.43)
1.0,window,ResNet-18 | round>50,"conditional (raw edge, adaptive w)",57.54 (3.11),-6.051 (2.828),-6.372 (2.933),Correction + fixed w 0.5,63.59 (2.50),63.92 (2.43)
1.0,window,K=200 | full,conditional (adaptive w),69.50 (1.47),0.504 (0.042),0.273 (0.007),Correction + development w 0.2,69.00 (1.43),69.23 (1.47)
1.0,window,K=200 | full,conditional (fixed w 0.5),69.41 (1.46),0.411 (0.027),0.180 (0.015),Correction + development w 0.2,69.00 (1.43),69.23 (1.47)
1.0,window,K=200 | full,"conditional (raw edge, adaptive w)",65.10 (1.63),-3.898 (0.302),-4.129 (0.279),Correction + development w 0.2,69.00 (1.43),69.23 (1.47)
1.0,window,K=200 | round<=30,conditional (adaptive w),71.35 (0.57),-1.136 (0.061),-1.316 (0.105),Correction + product,72.49 (0.52),72.66 (0.49)
1.0,window,K=200 | round<=30,conditional (fixed w 0.5),71.33 (0.56),-1.152 (0.051),-1.331 (0.094),Correction + product,72.49 (0.52),72.66 (0.49)
1.0,window,K=200 | round<=30,"conditional (raw edge, adaptive w)",57.24 (1.07),-15.241 (1.062),-15.421 (1.086),Correction + product,72.49 (0.52),72.66 (0.49)
1.0,window,K=200 | round>30,conditional (adaptive w),68.96 (1.86),0.983 (0.064),-0.082 (0.046),Corrected edge only,67.98 (1.80),69.04 (1.90)
1.0,window,K=200 | round>30,conditional (fixed w 0.5),68.84 (1.84),0.867 (0.040),-0.197 (0.070),Corrected edge only,67.98 (1.80),69.04 (1.90)
1.0,window,K=200 | round>30,"conditional (raw edge, adaptive w)",67.39 (2.39),-0.589 (0.644),-1.653 (0.535),Corrected edge only,67.98 (1.80),69.04 (1.90)
1.0,window,K=200 | round>50,conditional (adaptive w),69.90 (1.87),0.957 (0.064),-0.098 (0.053),Corrected edge only,68.95 (1.81),70.00 (1.92)
1.0,window,K=200 | round>50,conditional (fixed w 0.5),69.77 (1.85),0.828 (0.035),-0.227 (0.082),Corrected edge only,68.95 (1.81),70.00 (1.92)
1.0,window,K=200 | round>50,"conditional (raw edge, adaptive w)",68.79 (2.36),-0.159 (0.595),-1.213 (0.478),Corrected edge only,68.95 (1.81),70.00 (1.92)
1.0,window,K=500 | full,conditional (adaptive w),70.85 (0.18),0.740 (0.083),0.253 (0.136),No correction + adaptive w,70.11 (0.22),70.60 (0.22)
1.0,window,K=500 | full,conditional (fixed w 0.5),70.75 (0.18),0.641 (0.075),0.154 (0.144),No correction + adaptive w,70.11 (0.22),70.60 (0.22)
1.0,window,K=500 | full,"conditional (raw edge, adaptive w)",66.92 (0.40),-3.192 (0.331),-3.678 (0.186),No correction + adaptive w,70.11 (0.22),70.60 (0.22)
1.0,window,K=500 | round<=30,conditional (adaptive w),72.03 (0.46),-0.940 (0.117),-1.065 (0.172),Correction + product,72.98 (0.38),73.10 (0.39)
1.0,window,K=500 | round<=30,conditional (fixed w 0.5),72.02 (0.46),-0.958 (0.106),-1.083 (0.160),Correction + product,72.98 (0.38),73.10 (0.39)
1.0,window,K=500 | round<=30,"conditional (raw edge, adaptive w)",58.67 (0.35),-14.308 (0.104),-14.432 (0.161),Correction + product,72.98 (0.38),73.10 (0.39)
1.0,window,K=500 | round>30,conditional (adaptive w),70.51 (0.34),1.230 (0.100),-0.206 (0.139),No correction + adaptive w,69.28 (0.33),70.71 (0.39)
1.0,window,K=500 | round>30,conditional (fixed w 0.5),70.38 (0.34),1.108 (0.091),-0.328 (0.147),No correction + adaptive w,69.28 (0.33),70.71 (0.39)
1.0,window,K=500 | round>30,"conditional (raw edge, adaptive w)",69.33 (0.62),0.050 (0.408),-1.386 (0.228),No correction + adaptive w,69.28 (0.33),70.71 (0.39)
1.0,window,K=500 | round>50,conditional (adaptive w),71.49 (0.30),1.197 (0.105),-0.241 (0.136),No correction + adaptive w,70.29 (0.26),71.73 (0.40)
1.0,window,K=500 | round>50,conditional (fixed w 0.5),71.36 (0.30),1.063 (0.097),-0.374 (0.144),No correction + adaptive w,70.29 (0.26),71.73 (0.40)
1.0,window,K=500 | round>50,"conditional (raw edge, adaptive w)",70.74 (0.64),0.445 (0.443),-0.993 (0.242),No correction + adaptive w,70.29 (0.26),71.73 (0.40)
1.0,time of day,S1 | pre-commute,conditional (adaptive w),70.52 (2.72),-2.354 (0.493),-2.761 (0.630),Correction + product,72.88 (3.06),73.28 (3.16)
1.0,time of day,S1 | pre-commute,conditional (fixed w 0.5),70.52 (2.72),-2.356 (0.501),-2.763 (0.638),Correction + product,72.88 (3.06),73.28 (3.16)
1.0,time of day,S1 | pre-commute,"conditional (raw edge, adaptive w)",55.58 (3.20),-17.294 (4.153),-17.702 (4.187),Correction + product,72.88 (3.06),73.28 (3.16)
1.0,time of day,S1 | commute,conditional (adaptive w),64.75 (3.40),-0.041 (0.366),-0.072 (0.111),Correction + development w 0.2,64.79 (3.17),64.82 (3.41)
1.0,time of day,S1 | commute,conditional (fixed w 0.5),64.73 (3.37),-0.063 (0.321),-0.095 (0.089),Correction + development w 0.2,64.79 (3.17),64.82 (3.41)
1.0,time of day,S1 | commute,"conditional (raw edge, adaptive w)",58.18 (3.87),-6.611 (1.361),-6.642 (1.132),Correction + development w 0.2,64.79 (3.17),64.82 (3.41)
1.0,time of day,S1 | daytime,conditional (adaptive w),64.06 (2.66),0.828 (0.338),-0.024 (0.087),Corrected edge only,63.23 (2.41),64.08 (2.67)
1.0,time of day,S1 | daytime,conditional (fixed w 0.5),63.99 (2.64),0.765 (0.306),-0.087 (0.119),Corrected edge only,63.23 (2.41),64.08 (2.67)
1.0,time of day,S1 | daytime,"conditional (raw edge, adaptive w)",61.27 (3.42),-1.955 (1.337),-2.807 (0.981),Corrected edge only,63.23 (2.41),64.08 (2.67)
1.0,time of day,S1 | return,conditional (adaptive w),72.67 (2.22),0.349 (0.238),-0.136 (0.042),Corrected edge only,72.32 (2.03),72.80 (2.21)
1.0,time of day,S1 | return,conditional (fixed w 0.5),72.53 (2.26),0.213 (0.288),-0.271 (0.078),Corrected edge only,72.32 (2.03),72.80 (2.21)
1.0,time of day,S1 | return,"conditional (raw edge, adaptive w)",70.51 (2.61),-1.807 (0.681),-2.292 (0.490),Corrected edge only,72.32 (2.03),72.80 (2.21)
1.0,time of day,S1 | evening,conditional (adaptive w),82.14 (2.23),-0.577 (0.240),-0.488 (0.400),Correction + fixed w 0.5,82.72 (2.07),82.63 (1.96)
1.0,time of day,S1 | evening,conditional (fixed w 0.5),81.96 (2.23),-0.756 (0.223),-0.667 (0.352),Correction + fixed w 0.5,82.72 (2.07),82.63 (1.96)
1.0,time of day,S1 | evening,"conditional (raw edge, adaptive w)",79.06 (2.21),-3.663 (0.343),-3.575 (0.370),Correction + fixed w 0.5,82.72 (2.07),82.63 (1.96)
1.0,time of day,S2 | pre-commute,conditional (adaptive w),68.35 (1.14),-1.555 (0.333),-2.317 (0.568),Correction + product,69.90 (0.82),70.66 (0.69)
1.0,time of day,S2 | pre-commute,conditional (fixed w 0.5),68.42 (1.15),-1.482 (0.338),-2.244 (0.563),Correction + product,69.90 (0.82),70.66 (0.69)
1.0,time of day,S2 | pre-commute,"conditional (raw edge, adaptive w)",54.28 (6.62),-15.619 (6.966),-16.381 (6.716),Correction + product,69.90 (0.82),70.66 (0.69)
1.0,time of day,S2 | commute,conditional (adaptive w),72.66 (1.48),-1.565 (0.388),-1.826 (0.913),Correction + product,74.22 (1.36),74.48 (1.49)
1.0,time of day,S2 | commute,conditional (fixed w 0.5),72.57 (1.48),-1.648 (0.340),-1.909 (0.863),Correction + product,74.22 (1.36),74.48 (1.49)
1.0,time of day,S2 | commute,"conditional (raw edge, adaptive w)",65.76 (5.30),-8.460 (4.037),-8.721 (3.814),Correction + product,74.22 (1.36),74.48 (1.49)
1.0,time of day,S2 | daytime,conditional (adaptive w),69.26 (1.23),-0.630 (0.161),-0.685 (0.289),Correction + fixed w 0.5,69.89 (1.39),69.94 (1.52)
1.0,time of day,S2 | daytime,conditional (fixed w 0.5),69.11 (1.30),-0.776 (0.089),-0.832 (0.221),Correction + fixed w 0.5,69.89 (1.39),69.94 (1.52)
1.0,time of day,S2 | daytime,"conditional (raw edge, adaptive w)",65.81 (3.33),-4.074 (2.098),-4.130 (1.981),Correction + fixed w 0.5,69.89 (1.39),69.94 (1.52)
1.0,time of day,S2 | return,conditional (adaptive w),73.57 (0.80),-0.418 (0.073),-0.313 (0.109),Correction + fixed w 0.5,73.98 (0.87),73.88 (0.90)
1.0,time of day,S2 | return,conditional (fixed w 0.5),73.39 (0.82),-0.593 (0.067),-0.489 (0.089),Correction + fixed w 0.5,73.98 (0.87),73.88 (0.90)
1.0,time of day,S2 | return,"conditional (raw edge, adaptive w)",71.08 (2.57),-2.904 (1.710),-2.800 (1.680),Correction + fixed w 0.5,73.98 (0.87),73.88 (0.90)
1.0,time of day,S2 | evening,conditional (adaptive w),76.72 (2.71),-0.278 (0.119),-0.274 (0.142),Correction + development w 0.2,77.00 (2.60),77.00 (2.61)
1.0,time of day,S2 | evening,conditional (fixed w 0.5),76.48 (2.75),-0.518 (0.163),-0.514 (0.226),Correction + development w 0.2,77.00 (2.60),77.00 (2.61)
1.0,time of day,S2 | evening,"conditional (raw edge, adaptive w)",74.34 (4.59),-2.658 (1.990),-2.654 (1.976),Correction + development w 0.2,77.00 (2.60),77.00 (2.61)
1.0,replay,S1 replay | all,conditional (adaptive w),72.74 (1.79),0.791 (0.317),-0.001 (0.147),Corrected edge only,71.95 (1.56),72.74 (1.91)
1.0,replay,S1 replay | all,conditional (fixed w 0.5),72.64 (1.72),0.696 (0.262),-0.096 (0.273),Corrected edge only,71.95 (1.56),72.74 (1.91)
1.0,replay,S1 replay | all,"conditional (raw edge, adaptive w)",71.60 (1.90),-0.347 (0.482),-1.138 (0.221),Corrected edge only,71.95 (1.56),72.74 (1.91)
1.0,replay,S1 replay | home,conditional (adaptive w),83.04 (1.57),-0.445 (0.169),-0.362 (0.217),Correction + development w 0.2,83.49 (1.52),83.40 (1.66)
1.0,replay,S1 replay | home,conditional (fixed w 0.5),82.86 (1.47),-0.628 (0.286),-0.545 (0.408),Correction + development w 0.2,83.49 (1.52),83.40 (1.66)
1.0,replay,S1 replay | home,"conditional (raw edge, adaptive w)",80.12 (1.25),-3.371 (0.410),-3.288 (0.577),Correction + development w 0.2,83.49 (1.52),83.40 (1.66)
1.0,replay,S1 replay | away,conditional (adaptive w),58.92 (2.81),2.406 (0.635),-1.148 (1.483),Raw edge only,56.52 (2.24),60.07 (3.45)
1.0,replay,S1 replay | away,conditional (fixed w 0.5),58.96 (2.78),2.442 (0.589),-1.112 (1.543),Raw edge only,56.52 (2.24),60.07 (3.45)
1.0,replay,S1 replay | away,"conditional (raw edge, adaptive w)",60.06 (3.46),3.544 (1.853),-0.010 (0.072),Raw edge only,56.52 (2.24),60.07 (3.45)
1.0,replay,S2 replay | all,conditional (adaptive w),76.47 (2.67),-0.062 (0.155),-0.190 (0.140),Correction + development w 0.2,76.54 (2.52),76.66 (2.56)
1.0,replay,S2 replay | all,conditional (fixed w 0.5),76.23 (2.65),-0.309 (0.158),-0.437 (0.254),Correction + development w 0.2,76.54 (2.52),76.66 (2.56)
1.0,replay,S2 replay | all,"conditional (raw edge, adaptive w)",74.68 (4.24),-1.856 (1.729),-1.984 (1.715),Correction + development w 0.2,76.54 (2.52),76.66 (2.56)
1.0,replay,S2 replay | home,conditional (adaptive w),82.53 (3.68),-0.457 (0.185),-0.381 (0.190),Correction + development w 0.2,82.99 (3.50),82.91 (3.54)
1.0,replay,S2 replay | home,conditional (fixed w 0.5),82.22 (3.68),-0.769 (0.231),-0.693 (0.320),Correction + development w 0.2,82.99 (3.50),82.91 (3.54)
1.0,replay,S2 replay | home,"conditional (raw edge, adaptive w)",79.51 (5.31),-3.481 (1.838),-3.405 (1.836),Correction + development w 0.2,82.99 (3.50),82.91 (3.54)
1.0,replay,S2 replay | away,conditional (adaptive w),57.62 (0.75),1.351 (0.059),-1.754 (0.958),Raw edge only,56.27 (0.77),59.37 (0.79)
1.0,replay,S2 replay | away,conditional (fixed w 0.5),57.60 (0.84),1.336 (0.075),-1.769 (0.965),Raw edge only,56.27 (0.77),59.37 (0.79)
1.0,replay,S2 replay | away,"conditional (raw edge, adaptive w)",59.27 (0.96),3.000 (0.922),-0.105 (0.215),Raw edge only,56.27 (0.77),59.37 (0.79)
0.5,window,S1 | full,conditional (adaptive w),67.70 (2.36),-0.034 (0.112),0.016 (0.030),Correction + development w 0.2,67.73 (2.28),67.68 (2.34)
0.5,window,S1 | full,conditional (fixed w 0.5),67.63 (2.36),-0.100 (0.096),-0.050 (0.024),Correction + development w 0.2,67.73 (2.28),67.68 (2.34)
0.5,window,S1 | full,"conditional (raw edge, adaptive w)",64.44 (2.44),-3.285 (0.338),-3.235 (0.357),Correction + development w 0.2,67.73 (2.28),67.68 (2.34)
0.5,window,S1 | round<=30,conditional (adaptive w),71.91 (2.76),-1.075 (0.199),-1.234 (0.284),Correction + product,72.98 (2.84),73.14 (2.88)
0.5,window,S1 | round<=30,conditional (fixed w 0.5),71.89 (2.75),-1.094 (0.197),-1.253 (0.282),Correction + product,72.98 (2.84),73.14 (2.88)
0.5,window,S1 | round<=30,"conditional (raw edge, adaptive w)",64.19 (2.29),-8.795 (1.967),-8.954 (1.966),Correction + product,72.98 (2.84),73.14 (2.88)
0.5,window,S1 | round>30,conditional (adaptive w),66.47 (2.30),0.270 (0.155),0.010 (0.062),Corrected edge only,66.20 (2.17),66.46 (2.34)
0.5,window,S1 | round>30,conditional (fixed w 0.5),66.39 (2.30),0.191 (0.139),-0.069 (0.086),Corrected edge only,66.20 (2.17),66.46 (2.34)
0.5,window,S1 | round>30,"conditional (raw edge, adaptive w)",64.52 (2.62),-1.678 (0.527),-1.938 (0.364),Corrected edge only,66.20 (2.17),66.46 (2.34)
0.5,window,S1 | round>50,conditional (adaptive w),67.31 (2.20),0.292 (0.160),-0.006 (0.056),Corrected edge only,67.02 (2.07),67.32 (2.23)
0.5,window,S1 | round>50,conditional (fixed w 0.5),67.23 (2.20),0.203 (0.146),-0.094 (0.084),Corrected edge only,67.02 (2.07),67.32 (2.23)
0.5,window,S1 | round>50,"conditional (raw edge, adaptive w)",65.63 (2.52),-1.391 (0.506),-1.688 (0.343),Corrected edge only,67.02 (2.07),67.32 (2.23)
0.5,window,S2 | full,conditional (adaptive w),71.29 (1.45),-0.476 (0.092),-0.470 (0.149),Correction + fixed w 0.5,71.77 (1.48),71.77 (1.53)
0.5,window,S2 | full,conditional (fixed w 0.5),71.18 (1.47),-0.591 (0.064),-0.585 (0.119),Correction + fixed w 0.5,71.77 (1.48),71.77 (1.53)
0.5,window,S2 | full,"conditional (raw edge, adaptive w)",67.93 (3.36),-3.842 (1.884),-3.836 (1.831),Correction + fixed w 0.5,71.77 (1.48),71.77 (1.53)
0.5,window,S2 | round<=30,conditional (adaptive w),71.19 (1.02),-0.772 (0.130),-1.180 (0.308),Correction + product,71.96 (0.94),72.37 (0.99)
0.5,window,S2 | round<=30,conditional (fixed w 0.5),71.19 (1.02),-0.774 (0.125),-1.182 (0.300),Correction + product,71.96 (0.94),72.37 (0.99)
0.5,window,S2 | round<=30,"conditional (raw edge, adaptive w)",63.83 (4.29),-8.124 (3.668),-8.532 (3.497),Correction + product,71.96 (0.94),72.37 (0.99)
0.5,window,S2 | round>30,conditional (adaptive w),71.33 (1.67),-0.390 (0.082),-0.346 (0.132),Correction + fixed w 0.5,71.72 (1.71),71.67 (1.76)
0.5,window,S2 | round>30,conditional (fixed w 0.5),71.18 (1.70),-0.537 (0.047),-0.494 (0.096),Correction + fixed w 0.5,71.72 (1.71),71.67 (1.76)
0.5,window,S2 | round>30,"conditional (raw edge, adaptive w)",69.12 (3.09),-2.593 (1.425),-2.549 (1.389),Correction + fixed w 0.5,71.72 (1.71),71.67 (1.76)
0.5,window,S2 | round>50,conditional (adaptive w),71.13 (1.76),-0.296 (0.057),-0.231 (0.088),Correction + fixed w 0.5,71.43 (1.77),71.36 (1.81)
0.5,window,S2 | round>50,conditional (fixed w 0.5),70.98 (1.78),-0.451 (0.023),-0.387 (0.047),Correction + fixed w 0.5,71.43 (1.77),71.36 (1.81)
0.5,window,S2 | round>50,"conditional (raw edge, adaptive w)",69.27 (3.02),-2.157 (1.289),-2.092 (1.261),Correction + fixed w 0.5,71.43 (1.77),71.36 (1.81)
0.5,window,S1-fast | full,conditional (adaptive w),68.35 (0.62),0.036 (0.058),0.009 (0.039),Correction + development w 0.2,68.31 (0.56),68.34 (0.58)
0.5,window,S1-fast | full,conditional (fixed w 0.5),68.27 (0.60),-0.041 (0.042),-0.069 (0.027),Correction + development w 0.2,68.31 (0.56),68.34 (0.58)
0.5,window,S1-fast | full,"conditional (raw edge, adaptive w)",64.97 (0.38),-3.338 (0.345),-3.366 (0.354),Correction + development w 0.2,68.31 (0.56),68.34 (0.58)
0.5,window,S1-fast | round<=30,conditional (adaptive w),72.74 (1.15),-0.964 (0.099),-1.061 (0.093),Correction + product,73.70 (1.25),73.80 (1.24)
0.5,window,S1-fast | round<=30,conditional (fixed w 0.5),72.71 (1.16),-0.995 (0.093),-1.092 (0.087),Correction + product,73.70 (1.25),73.80 (1.24)
0.5,window,S1-fast | round<=30,"conditional (raw edge, adaptive w)",64.42 (1.23),-9.284 (2.423),-9.381 (2.420),Correction + product,73.70 (1.25),73.80 (1.24)
0.5,window,S1-fast | round>30,conditional (adaptive w),67.07 (0.47),0.328 (0.104),-0.028 (0.056),Corrected edge only,66.74 (0.36),67.09 (0.52)
0.5,window,S1-fast | round>30,conditional (fixed w 0.5),66.97 (0.44),0.237 (0.082),-0.119 (0.081),Corrected edge only,66.74 (0.36),67.09 (0.52)
0.5,window,S1-fast | round>30,"conditional (raw edge, adaptive w)",65.13 (0.84),-1.604 (0.530),-1.960 (0.415),Corrected edge only,66.74 (0.36),67.09 (0.52)
0.5,window,S1-fast | round>50,conditional (adaptive w),68.06 (0.40),0.357 (0.077),-0.047 (0.046),Corrected edge only,67.70 (0.33),68.10 (0.44)
0.5,window,S1-fast | round>50,conditional (fixed w 0.5),67.95 (0.38),0.253 (0.067),-0.151 (0.071),Corrected edge only,67.70 (0.33),68.10 (0.44)
0.5,window,S1-fast | round>50,"conditional (raw edge, adaptive w)",66.41 (0.68),-1.293 (0.386),-1.697 (0.308),Corrected edge only,67.70 (0.33),68.10 (0.44)
0.5,window,partial participation | full,conditional (adaptive w),64.09 (0.37),-0.257 (0.101),-0.238 (0.134),Correction + fixed w 0.5,64.35 (0.27),64.33 (0.23)
0.5,window,partial participation | full,conditional (fixed w 0.5),64.05 (0.36),-0.293 (0.092),-0.274 (0.126),Correction + fixed w 0.5,64.35 (0.27),64.33 (0.23)
0.5,window,partial participation | full,"conditional (raw edge, adaptive w)",59.90 (0.23),-4.447 (0.169),-4.429 (0.150),Correction + fixed w 0.5,64.35 (0.27),64.33 (0.23)
0.5,window,partial participation | round<=30,conditional (adaptive w),66.49 (0.63),-1.000 (0.241),-1.440 (0.353),Correction + product,67.49 (0.69),67.93 (0.81)
0.5,window,partial participation | round<=30,conditional (fixed w 0.5),66.55 (0.63),-0.939 (0.214),-1.379 (0.328),Correction + product,67.49 (0.69),67.93 (0.81)
0.5,window,partial participation | round<=30,"conditional (raw edge, adaptive w)",58.47 (1.56),-9.025 (2.215),-9.465 (2.339),Correction + product,67.49 (0.69),67.93 (0.81)
0.5,window,partial participation | round>30,conditional (adaptive w),63.39 (0.30),-0.040 (0.168),-0.036 (0.051),Correction + development w 0.2,63.43 (0.15),63.43 (0.29)
0.5,window,partial participation | round>30,conditional (fixed w 0.5),63.33 (0.29),-0.104 (0.160),-0.100 (0.057),Correction + development w 0.2,63.43 (0.15),63.43 (0.29)
0.5,window,partial participation | round>30,"conditional (raw edge, adaptive w)",60.32 (0.62),-3.112 (0.478),-3.108 (0.334),Correction + development w 0.2,63.43 (0.15),63.43 (0.29)
0.5,window,partial participation | round>50,conditional (adaptive w),64.43 (0.41),0.000 (0.159),-0.046 (0.036),Correction + development w 0.2,64.43 (0.26),64.48 (0.40)
0.5,window,partial participation | round>50,conditional (fixed w 0.5),64.35 (0.40),-0.079 (0.146),-0.126 (0.036),Correction + development w 0.2,64.43 (0.26),64.48 (0.40)
0.5,window,partial participation | round>50,"conditional (raw edge, adaptive w)",61.55 (0.76),-2.880 (0.501),-2.926 (0.364),Correction + development w 0.2,64.43 (0.26),64.48 (0.40)
0.5,window,stepwise change | full,conditional (adaptive w),71.87 (2.09),-0.121 (0.146),-0.011 (0.204),Correction + fixed w 0.5,71.99 (1.97),71.88 (1.93)
0.5,window,stepwise change | full,conditional (fixed w 0.5),71.80 (2.08),-0.197 (0.133),-0.087 (0.190),Correction + fixed w 0.5,71.99 (1.97),71.88 (1.93)
0.5,window,stepwise change | full,"conditional (raw edge, adaptive w)",67.86 (1.95),-4.139 (0.548),-4.029 (0.517),Correction + fixed w 0.5,71.99 (1.97),71.88 (1.93)
0.5,window,stepwise change | round<=30,conditional (adaptive w),81.78 (2.64),-1.236 (0.117),-1.540 (0.161),Correction + product,83.01 (2.71),83.32 (2.74)
0.5,window,stepwise change | round<=30,conditional (fixed w 0.5),81.74 (2.64),-1.269 (0.127),-1.573 (0.165),Correction + product,83.01 (2.71),83.32 (2.74)
0.5,window,stepwise change | round<=30,"conditional (raw edge, adaptive w)",69.26 (2.35),-13.753 (2.267),-14.057 (2.222),Correction + product,83.01 (2.71),83.32 (2.74)
0.5,window,stepwise change | round>30,conditional (adaptive w),68.57 (1.94),0.251 (0.208),-0.007 (0.095),Corrected edge only,68.32 (1.78),68.58 (1.97)
0.5,window,stepwise change | round>30,conditional (fixed w 0.5),68.48 (1.94),0.160 (0.193),-0.097 (0.114),Corrected edge only,68.32 (1.78),68.58 (1.97)
0.5,window,stepwise change | round>30,"conditional (raw edge, adaptive w)",67.39 (1.91),-0.934 (0.276),-1.192 (0.136),Corrected edge only,68.32 (1.78),68.58 (1.97)
0.5,window,stepwise change | round>50,conditional (adaptive w),69.58 (1.96),0.244 (0.230),-0.012 (0.088),Corrected edge only,69.33 (1.78),69.59 (1.98)
0.5,window,stepwise change | round>50,conditional (fixed w 0.5),69.48 (1.96),0.146 (0.217),-0.110 (0.106),Corrected edge only,69.33 (1.78),69.59 (1.98)
0.5,window,stepwise change | round>50,"conditional (raw edge, adaptive w)",68.47 (2.01),-0.865 (0.361),-1.121 (0.128),Corrected edge only,69.33 (1.78),69.59 (1.98)
0.5,window,random mobility | full,conditional (adaptive w),70.69 (0.65),0.002 (0.060),0.122 (0.041),Correction + fixed w 0.5,70.68 (0.71),70.56 (0.69)
0.5,window,random mobility | full,conditional (fixed w 0.5),70.65 (0.64),-0.033 (0.070),0.086 (0.052),Correction + fixed w 0.5,70.68 (0.71),70.56 (0.69)
0.5,window,random mobility | full,"conditional (raw edge, adaptive w)",63.47 (0.12),-7.214 (0.652),-7.095 (0.632),Correction + fixed w 0.5,70.68 (0.71),70.56 (0.69)
0.5,window,random mobility | round<=30,conditional (adaptive w),83.72 (0.73),-0.816 (0.012),-0.999 (0.081),Correction + product,84.53 (0.73),84.72 (0.75)
0.5,window,random mobility | round<=30,conditional (fixed w 0.5),83.71 (0.72),-0.821 (0.031),-1.004 (0.068),Correction + product,84.53 (0.73),84.72 (0.75)
0.5,window,random mobility | round<=30,"conditional (raw edge, adaptive w)",66.93 (1.37),-17.599 (2.044),-17.783 (2.032),Correction + product,84.53 (0.73),84.72 (0.75)
0.5,window,random mobility | round>30,conditional (adaptive w),64.89 (0.61),0.366 (0.087),0.042 (0.087),Corrected edge only,64.53 (0.70),64.85 (0.62)
0.5,window,random mobility | round>30,conditional (fixed w 0.5),64.84 (0.61),0.317 (0.095),-0.008 (0.093),Corrected edge only,64.53 (0.70),64.85 (0.62)
0.5,window,random mobility | round>30,"conditional (raw edge, adaptive w)",61.93 (0.75),-2.598 (0.336),-2.922 (0.240),Corrected edge only,64.53 (0.70),64.85 (0.62)
0.5,window,random mobility | round>50,conditional (adaptive w),58.44 (0.69),0.878 (0.058),-0.498 (0.026),No correction + adaptive w,57.56 (0.71),58.93 (0.69)
0.5,window,random mobility | round>50,conditional (fixed w 0.5),58.39 (0.68),0.830 (0.068),-0.546 (0.034),No correction + adaptive w,57.56 (0.71),58.93 (0.69)
0.5,window,random mobility | round>50,"conditional (raw edge, adaptive w)",58.21 (0.80),0.652 (0.359),-0.724 (0.388),No correction + adaptive w,57.56 (0.71),58.93 (0.69)
0.5,window,CIFAR-100 | full,conditional (adaptive w),38.32 (0.63),-0.314 (0.023),-0.582 (0.011),Correction + product,38.63 (0.61),38.90 (0.64)
0.5,window,CIFAR-100 | full,conditional (fixed w 0.5),38.20 (0.63),-0.431 (0.037),-0.698 (0.019),Correction + product,38.63 (0.61),38.90 (0.64)
0.5,window,CIFAR-100 | full,"conditional (raw edge, adaptive w)",34.87 (0.85),-3.767 (0.335),-4.035 (0.312),Correction + product,38.63 (0.61),38.90 (0.64)
0.5,window,CIFAR-100 | round<=30,conditional (adaptive w),26.63 (0.48),-0.224 (0.013),-0.594 (0.012),Correction + product,26.85 (0.47),27.22 (0.47)
0.5,window,CIFAR-100 | round<=30,conditional (fixed w 0.5),26.58 (0.49),-0.270 (0.021),-0.640 (0.018),Correction + product,26.85 (0.47),27.22 (0.47)
0.5,window,CIFAR-100 | round<=30,"conditional (raw edge, adaptive w)",22.16 (0.81),-4.688 (0.368),-5.058 (0.367),Correction + product,26.85 (0.47),27.22 (0.47)
0.5,window,CIFAR-100 | round>30,conditional (adaptive w),41.73 (0.79),-0.340 (0.026),-0.578 (0.016),Correction + product,42.07 (0.77),42.31 (0.80)
0.5,window,CIFAR-100 | round>30,conditional (fixed w 0.5),41.59 (0.79),-0.477 (0.042),-0.715 (0.021),Correction + product,42.07 (0.77),42.31 (0.80)
0.5,window,CIFAR-100 | round>30,"conditional (raw edge, adaptive w)",38.57 (0.95),-3.498 (0.327),-3.736 (0.298),Correction + product,42.07 (0.77),42.31 (0.80)
0.5,window,CIFAR-100 | round>50,conditional (adaptive w),43.42 (0.85),-0.366 (0.023),-0.648 (0.009),Correction + product,43.79 (0.83),44.07 (0.85)
0.5,window,CIFAR-100 | round>50,conditional (fixed w 0.5),43.28 (0.85),-0.512 (0.040),-0.794 (0.009),Correction + product,43.79 (0.83),44.07 (0.85)
0.5,window,CIFAR-100 | round>50,"conditional (raw edge, adaptive w)",40.37 (0.99),-3.416 (0.324),-3.698 (0.294),Correction + product,43.79 (0.83),44.07 (0.85)
0.5,window,ResNet-18 | full,conditional (adaptive w),64.18 (2.55),-2.564 (1.182),-2.596 (1.220),Correction + fixed w 0.5,66.74 (3.12),66.77 (3.16)
0.5,window,ResNet-18 | full,conditional (fixed w 0.5),64.17 (2.56),-2.568 (1.140),-2.601 (1.178),Correction + fixed w 0.5,66.74 (3.12),66.77 (3.16)
0.5,window,ResNet-18 | full,"conditional (raw edge, adaptive w)",61.47 (2.37),-5.274 (1.838),-5.306 (1.877),Correction + fixed w 0.5,66.74 (3.12),66.77 (3.16)
0.5,window,ResNet-18 | round<=30,conditional (adaptive w),73.00 (5.12),-5.409 (1.763),-5.195 (1.816),Correction + fixed w 0.5,78.41 (5.25),78.20 (5.46)
0.5,window,ResNet-18 | round<=30,conditional (fixed w 0.5),72.78 (5.33),-5.633 (1.756),-5.420 (1.784),Correction + fixed w 0.5,78.41 (5.25),78.20 (5.46)
0.5,window,ResNet-18 | round<=30,"conditional (raw edge, adaptive w)",66.84 (3.53),-11.568 (2.732),-11.355 (2.897),Correction + fixed w 0.5,78.41 (5.25),78.20 (5.46)
0.5,window,ResNet-18 | round>30,conditional (adaptive w),61.24 (1.74),-1.615 (1.123),-1.735 (1.016),Probability average,62.85 (2.43),62.97 (2.44)
0.5,window,ResNet-18 | round>30,conditional (fixed w 0.5),61.30 (1.67),-1.547 (1.129),-1.667 (1.031),Probability average,62.85 (2.43),62.97 (2.44)
0.5,window,ResNet-18 | round>30,"conditional (raw edge, adaptive w)",59.68 (2.05),-3.176 (1.543),-3.295 (1.395),Probability average,62.85 (2.43),62.97 (2.44)
0.5,window,ResNet-18 | round>50,conditional (adaptive w),62.20 (1.60),-1.542 (1.144),-1.670 (1.072),Probability average,63.74 (2.43),63.87 (2.43)
0.5,window,ResNet-18 | round>50,conditional (fixed w 0.5),62.28 (1.52),-1.457 (1.158),-1.585 (1.094),Probability average,63.74 (2.43),63.87 (2.43)
0.5,window,ResNet-18 | round>50,"conditional (raw edge, adaptive w)",60.64 (1.88),-3.097 (1.478),-3.225 (1.374),Probability average,63.74 (2.43),63.87 (2.43)
0.5,window,K=200 | full,conditional (adaptive w),68.25 (1.32),0.300 (0.022),0.095 (0.009),Corrected edge only,67.95 (1.30),68.16 (1.33)
0.5,window,K=200 | full,conditional (fixed w 0.5),68.17 (1.31),0.219 (0.019),0.013 (0.021),Corrected edge only,67.95 (1.30),68.16 (1.33)
0.5,window,K=200 | full,"conditional (raw edge, adaptive w)",65.76 (1.43),-2.189 (0.128),-2.394 (0.106),Corrected edge only,67.95 (1.30),68.16 (1.33)
0.5,window,K=200 | round<=30,conditional (adaptive w),72.02 (0.51),-0.574 (0.006),-0.626 (0.033),Correction + product,72.59 (0.51),72.64 (0.50)
0.5,window,K=200 | round<=30,conditional (fixed w 0.5),71.99 (0.51),-0.600 (0.002),-0.652 (0.027),Correction + product,72.59 (0.51),72.64 (0.50)
0.5,window,K=200 | round<=30,"conditional (raw edge, adaptive w)",64.42 (0.49),-8.168 (0.536),-8.220 (0.547),Correction + product,72.59 (0.51),72.64 (0.50)
0.5,window,K=200 | round>30,conditional (adaptive w),67.16 (1.67),0.555 (0.030),-0.022 (0.033),Corrected edge only,66.60 (1.65),67.18 (1.70)
0.5,window,K=200 | round>30,conditional (fixed w 0.5),67.06 (1.65),0.457 (0.025),-0.120 (0.051),Corrected edge only,66.60 (1.65),67.18 (1.70)
0.5,window,K=200 | round>30,"conditional (raw edge, adaptive w)",66.16 (1.96),-0.445 (0.312),-1.022 (0.260),Corrected edge only,66.60 (1.65),67.18 (1.70)
0.5,window,K=200 | round>50,conditional (adaptive w),68.09 (1.67),0.527 (0.023),-0.035 (0.037),Corrected edge only,67.56 (1.65),68.12 (1.71)
0.5,window,K=200 | round>50,conditional (fixed w 0.5),67.98 (1.65),0.420 (0.020),-0.142 (0.059),Corrected edge only,67.56 (1.65),68.12 (1.71)
0.5,window,K=200 | round>50,"conditional (raw edge, adaptive w)",67.31 (1.94),-0.251 (0.287),-0.814 (0.236),Corrected edge only,67.56 (1.65),68.12 (1.71)
0.5,window,K=500 | full,conditional (adaptive w),69.44 (0.22),0.429 (0.048),0.067 (0.044),Corrected edge only,69.01 (0.22),69.37 (0.24)
0.5,window,K=500 | full,conditional (fixed w 0.5),69.35 (0.21),0.345 (0.039),-0.017 (0.055),Corrected edge only,69.01 (0.22),69.37 (0.24)
0.5,window,K=500 | full,"conditional (raw edge, adaptive w)",67.24 (0.35),-1.772 (0.199),-2.135 (0.116),Corrected edge only,69.01 (0.22),69.37 (0.24)
0.5,window,K=500 | round<=30,conditional (adaptive w),72.55 (0.35),-0.470 (0.034),-0.474 (0.086),Correction + product,73.02 (0.35),73.02 (0.38)
0.5,window,K=500 | round<=30,conditional (fixed w 0.5),72.52 (0.36),-0.500 (0.025),-0.504 (0.076),Correction + product,73.02 (0.35),73.02 (0.38)
0.5,window,K=500 | round<=30,"conditional (raw edge, adaptive w)",65.39 (0.26),-7.626 (0.180),-7.630 (0.232),Correction + product,73.02 (0.35),73.02 (0.38)
0.5,window,K=500 | round>30,conditional (adaptive w),68.53 (0.38),0.692 (0.056),-0.187 (0.120),No correction + adaptive w,67.84 (0.36),68.72 (0.45)
0.5,window,K=500 | round>30,conditional (fixed w 0.5),68.43 (0.37),0.591 (0.045),-0.287 (0.132),No correction + adaptive w,67.84 (0.36),68.72 (0.45)
0.5,window,K=500 | round>30,"conditional (raw edge, adaptive w)",67.77 (0.52),-0.065 (0.210),-0.944 (0.071),No correction + adaptive w,67.84 (0.36),68.72 (0.45)
0.5,window,K=500 | round>50,conditional (adaptive w),69.51 (0.36),0.657 (0.057),-0.207 (0.120),No correction + adaptive w,68.85 (0.32),69.71 (0.45)
0.5,window,K=500 | round>50,conditional (fixed w 0.5),69.40 (0.34),0.548 (0.046),-0.316 (0.131),No correction + adaptive w,68.85 (0.32),69.71 (0.45)
0.5,window,K=500 | round>50,"conditional (raw edge, adaptive w)",68.93 (0.53),0.082 (0.224),-0.782 (0.090),No correction + adaptive w,68.85 (0.32),69.71 (0.45)
0.5,time of day,S1 | pre-commute,conditional (adaptive w),72.34 (2.60),-1.197 (0.243),-1.394 (0.360),Correction + product,73.54 (2.69),73.73 (2.75)
0.5,time of day,S1 | pre-commute,conditional (fixed w 0.5),72.32 (2.59),-1.213 (0.238),-1.411 (0.356),Correction + product,73.54 (2.69),73.73 (2.75)
0.5,time of day,S1 | pre-commute,"conditional (raw edge, adaptive w)",64.17 (2.23),-9.363 (2.177),-9.560 (2.199),Correction + product,73.54 (2.69),73.73 (2.75)
0.5,time of day,S1 | commute,conditional (adaptive w),64.15 (3.09),0.013 (0.155),0.014 (0.066),Correction + development w 0.2,64.14 (2.97),64.14 (3.15)
0.5,time of day,S1 | commute,conditional (fixed w 0.5),64.12 (3.06),-0.016 (0.124),-0.015 (0.092),Correction + development w 0.2,64.14 (2.97),64.14 (3.15)
0.5,time of day,S1 | commute,"conditional (raw edge, adaptive w)",60.34 (3.28),-3.800 (0.520),-3.799 (0.392),Correction + development w 0.2,64.14 (2.97),64.14 (3.15)
0.5,time of day,S1 | daytime,conditional (adaptive w),62.62 (2.47),0.480 (0.168),0.030 (0.073),Corrected edge only,62.14 (2.35),62.59 (2.48)
0.5,time of day,S1 | daytime,conditional (fixed w 0.5),62.56 (2.45),0.420 (0.142),-0.030 (0.099),Corrected edge only,62.14 (2.35),62.59 (2.48)
0.5,time of day,S1 | daytime,"conditional (raw edge, adaptive w)",60.90 (2.83),-1.233 (0.713),-1.683 (0.526),Corrected edge only,62.14 (2.35),62.59 (2.48)
0.5,time of day,S1 | return,conditional (adaptive w),71.64 (2.06),0.133 (0.171),-0.052 (0.029),Corrected edge only,71.51 (1.95),71.69 (2.06)
0.5,time of day,S1 | return,conditional (fixed w 0.5),71.52 (2.08),0.011 (0.190),-0.174 (0.046),Corrected edge only,71.51 (1.95),71.69 (2.06)
0.5,time of day,S1 | return,"conditional (raw edge, adaptive w)",70.04 (2.29),-1.471 (0.478),-1.656 (0.318),Corrected edge only,71.51 (1.95),71.69 (2.06)
0.5,time of day,S1 | evening,conditional (adaptive w),82.04 (2.05),-0.474 (0.180),-0.395 (0.292),Correction + fixed w 0.5,82.51 (1.93),82.43 (1.87)
0.5,time of day,S1 | evening,conditional (fixed w 0.5),81.88 (2.06),-0.631 (0.170),-0.552 (0.248),Correction + fixed w 0.5,82.51 (1.93),82.43 (1.87)
0.5,time of day,S1 | evening,"conditional (raw edge, adaptive w)",79.71 (2.08),-2.804 (0.330),-2.726 (0.337),Correction + fixed w 0.5,82.51 (1.93),82.43 (1.87)
0.5,time of day,S2 | pre-commute,conditional (adaptive w),70.40 (0.81),-0.727 (0.104),-1.172 (0.237),Correction + product,71.13 (0.77),71.57 (0.86)
0.5,time of day,S2 | pre-commute,conditional (fixed w 0.5),70.42 (0.82),-0.710 (0.113),-1.155 (0.238),Correction + product,71.13 (0.77),71.57 (0.86)
0.5,time of day,S2 | pre-commute,"conditional (raw edge, adaptive w)",62.67 (4.37),-8.454 (3.837),-8.899 (3.683),Correction + product,71.13 (0.77),71.57 (0.86)
0.5,time of day,S2 | commute,conditional (adaptive w),73.52 (1.61),-0.965 (0.231),-1.054 (0.405),Correction + fixed w 0.5,74.48 (1.66),74.57 (1.75)
0.5,time of day,S2 | commute,conditional (fixed w 0.5),73.41 (1.61),-1.074 (0.194),-1.163 (0.368),Correction + fixed w 0.5,74.48 (1.66),74.57 (1.75)
0.5,time of day,S2 | commute,"conditional (raw edge, adaptive w)",69.19 (4.05),-5.287 (2.386),-5.376 (2.303),Correction + fixed w 0.5,74.48 (1.66),74.57 (1.75)
0.5,time of day,S2 | daytime,conditional (adaptive w),69.26 (1.78),-0.371 (0.095),-0.351 (0.162),Correction + fixed w 0.5,69.63 (1.83),69.61 (1.90)
0.5,time of day,S2 | daytime,conditional (fixed w 0.5),69.12 (1.82),-0.513 (0.024),-0.493 (0.093),Correction + fixed w 0.5,69.63 (1.83),69.61 (1.90)
0.5,time of day,S2 | daytime,"conditional (raw edge, adaptive w)",67.11 (3.04),-2.525 (1.339),-2.506 (1.296),Correction + fixed w 0.5,69.63 (1.83),69.61 (1.90)
0.5,time of day,S2 | return,conditional (adaptive w),73.40 (1.25),-0.227 (0.021),-0.159 (0.044),Correction + development w 0.2,73.63 (1.25),73.56 (1.21)
0.5,time of day,S2 | return,conditional (fixed w 0.5),73.24 (1.27),-0.386 (0.065),-0.318 (0.086),Correction + development w 0.2,73.63 (1.25),73.56 (1.21)
0.5,time of day,S2 | return,"conditional (raw edge, adaptive w)",71.83 (2.48),-1.794 (1.235),-1.726 (1.281),Correction + development w 0.2,73.63 (1.25),73.56 (1.21)
0.5,time of day,S2 | evening,conditional (adaptive w),76.44 (2.87),-0.177 (0.128),-0.165 (0.107),Correction + development w 0.2,76.62 (2.75),76.61 (2.79)
0.5,time of day,S2 | evening,conditional (fixed w 0.5),76.23 (2.88),-0.387 (0.126),-0.375 (0.155),Correction + development w 0.2,76.62 (2.75),76.61 (2.79)
0.5,time of day,S2 | evening,"conditional (raw edge, adaptive w)",74.80 (4.26),-1.816 (1.512),-1.804 (1.471),Correction + development w 0.2,76.62 (2.75),76.61 (2.79)
0.5,replay,S1 replay | all,conditional (adaptive w),71.58 (1.61),0.371 (0.205),0.024 (0.109),Corrected edge only,71.21 (1.47),71.55 (1.68)
0.5,replay,S1 replay | all,conditional (fixed w 0.5),71.49 (1.54),0.280 (0.176),-0.067 (0.218),Corrected edge only,71.21 (1.47),71.55 (1.68)
0.5,replay,S1 replay | all,"conditional (raw edge, adaptive w)",70.78 (1.71),-0.421 (0.374),-0.768 (0.180),Corrected edge only,71.21 (1.47),71.55 (1.68)
0.5,replay,S1 replay | home,conditional (adaptive w),82.92 (1.51),-0.353 (0.111),-0.243 (0.156),Correction + development w 0.2,83.27 (1.45),83.16 (1.56)
0.5,replay,S1 replay | home,conditional (fixed w 0.5),82.74 (1.43),-0.533 (0.243),-0.423 (0.342),Correction + development w 0.2,83.27 (1.45),83.16 (1.56)
0.5,replay,S1 replay | home,"conditional (raw edge, adaptive w)",80.73 (1.35),-2.539 (0.299),-2.430 (0.435),Correction + development w 0.2,83.27 (1.45),83.16 (1.56)
0.5,replay,S1 replay | away,conditional (adaptive w),56.17 (2.32),1.318 (0.407),-0.980 (0.929),Raw edge only,54.85 (1.95),57.15 (2.90)
0.5,replay,S1 replay | away,conditional (fixed w 0.5),56.20 (2.29),1.349 (0.374),-0.949 (0.974),Raw edge only,54.85 (1.95),57.15 (2.90)
0.5,replay,S1 replay | away,"conditional (raw edge, adaptive w)",57.14 (2.91),2.290 (1.232),-0.008 (0.038),Raw edge only,54.85 (1.95),57.15 (2.90)
0.5,replay,S2 replay | all,conditional (adaptive w),75.95 (2.83),-0.058 (0.144),-0.096 (0.108),Correction + development w 0.2,76.01 (2.68),76.04 (2.75)
0.5,replay,S2 replay | all,conditional (fixed w 0.5),75.74 (2.78),-0.265 (0.134),-0.303 (0.194),Correction + development w 0.2,76.01 (2.68),76.04 (2.75)
0.5,replay,S2 replay | all,"conditional (raw edge, adaptive w)",74.73 (3.98),-1.278 (1.302),-1.315 (1.253),Correction + development w 0.2,76.01 (2.68),76.04 (2.75)
0.5,replay,S2 replay | home,conditional (adaptive w),82.45 (3.69),-0.319 (0.145),-0.227 (0.147),Correction + development w 0.2,82.77 (3.55),82.67 (3.59)
0.5,replay,S2 replay | home,conditional (fixed w 0.5),82.18 (3.65),-0.581 (0.178),-0.489 (0.248),Correction + development w 0.2,82.77 (3.55),82.67 (3.59)
0.5,replay,S2 replay | home,"conditional (raw edge, adaptive w)",80.20 (4.82),-2.569 (1.292),-2.477 (1.269),Correction + development w 0.2,82.77 (3.55),82.67 (3.59)
0.5,replay,S2 replay | away,conditional (adaptive w),55.65 (0.47),0.838 (0.127),-1.774 (1.154),Raw edge only,54.81 (0.49),57.43 (1.47)
0.5,replay,S2 replay | away,conditional (fixed w 0.5),55.63 (0.55),0.814 (0.111),-1.798 (1.152),Raw edge only,54.81 (0.49),57.43 (1.47)
0.5,replay,S2 replay | away,"conditional (raw edge, adaptive w)",57.38 (1.55),2.568 (1.307),-0.044 (0.113),Raw edge only,54.81 (0.49),57.43 (1.47)
0.75,window,S1 | full,conditional (adaptive w),68.15 (2.47),-0.050 (0.138),0.038 (0.056),Correction + development w 0.2,68.20 (2.37),68.11 (2.44)
0.75,window,S1 | full,conditional (fixed w 0.5),68.08 (2.47),-0.124 (0.124),-0.036 (0.053),Correction + development w 0.2,68.20 (2.37),68.11 (2.44)
0.75,window,S1 | full,"conditional (raw edge, adaptive w)",63.56 (2.55),-4.642 (0.451),-4.554 (0.501),Correction + development w 0.2,68.20 (2.37),68.11 (2.44)
0.75,window,S1 | round<=30,conditional (adaptive w),71.03 (2.83),-1.644 (0.307),-1.921 (0.404),Correction + product,72.68 (3.05),72.95 (3.11)
0.75,window,S1 | round<=30,conditional (fixed w 0.5),71.02 (2.82),-1.653 (0.315),-1.930 (0.412),Correction + product,72.68 (3.05),72.95 (3.11)
0.75,window,S1 | round<=30,"conditional (raw edge, adaptive w)",59.84 (2.48),-12.836 (2.929),-13.113 (2.927),Correction + product,72.68 (3.05),72.95 (3.11)
0.75,window,S1 | round>30,conditional (adaptive w),67.31 (2.42),0.415 (0.236),-0.031 (0.073),Corrected edge only,66.90 (2.21),67.34 (2.45)
0.75,window,S1 | round>30,conditional (fixed w 0.5),67.22 (2.42),0.323 (0.223),-0.123 (0.103),Corrected edge only,66.90 (2.21),67.34 (2.45)
0.75,window,S1 | round>30,"conditional (raw edge, adaptive w)",64.64 (2.91),-2.253 (0.826),-2.698 (0.580),Corrected edge only,66.90 (2.21),67.34 (2.45)
0.75,window,S1 | round>50,conditional (adaptive w),68.20 (2.31),0.462 (0.236),-0.051 (0.068),Corrected edge only,67.74 (2.10),68.25 (2.33)
0.75,window,S1 | round>50,conditional (fixed w 0.5),68.10 (2.31),0.358 (0.226),-0.154 (0.100),Corrected edge only,67.74 (2.10),68.25 (2.33)
0.75,window,S1 | round>50,"conditional (raw edge, adaptive w)",65.95 (2.78),-1.789 (0.765),-2.302 (0.531),Corrected edge only,67.74 (2.10),68.25 (2.33)
0.75,window,S2 | full,conditional (adaptive w),71.08 (1.08),-0.711 (0.127),-0.742 (0.218),Correction + fixed w 0.5,71.79 (1.13),71.82 (1.23)
0.75,window,S2 | full,conditional (fixed w 0.5),70.96 (1.10),-0.829 (0.090),-0.861 (0.178),Correction + fixed w 0.5,71.79 (1.13),71.82 (1.23)
0.75,window,S2 | full,"conditional (raw edge, adaptive w)",66.27 (3.78),-5.517 (2.649),-5.549 (2.557),Correction + fixed w 0.5,71.79 (1.13),71.82 (1.23)
0.75,window,S2 | round<=30,conditional (adaptive w),70.03 (1.06),-1.197 (0.224),-1.813 (0.453),Correction + product,71.23 (0.86),71.84 (0.81)
0.75,window,S2 | round<=30,conditional (fixed w 0.5),70.05 (1.07),-1.174 (0.226),-1.791 (0.446),Correction + product,71.23 (0.86),71.84 (0.81)
0.75,window,S2 | round<=30,"conditional (raw edge, adaptive w)",59.29 (5.44),-11.937 (5.358),-12.554 (5.117),Correction + product,71.23 (0.86),71.84 (0.81)
0.75,window,S2 | round>30,conditional (adaptive w),71.38 (1.35),-0.569 (0.102),-0.550 (0.183),Correction + fixed w 0.5,71.95 (1.42),71.93 (1.51)
0.75,window,S2 | round>30,conditional (fixed w 0.5),71.22 (1.39),-0.729 (0.054),-0.710 (0.135),Correction + fixed w 0.5,71.95 (1.42),71.93 (1.51)
0.75,window,S2 | round>30,"conditional (raw edge, adaptive w)",68.30 (3.31),-3.645 (1.933),-3.626 (1.861),Correction + fixed w 0.5,71.95 (1.42),71.93 (1.51)
0.75,window,S2 | round>50,conditional (adaptive w),71.27 (1.48),-0.440 (0.056),-0.391 (0.105),Correction + fixed w 0.5,71.71 (1.52),71.66 (1.57)
0.75,window,S2 | round>50,conditional (fixed w 0.5),71.10 (1.52),-0.610 (0.003),-0.561 (0.058),Correction + fixed w 0.5,71.71 (1.52),71.66 (1.57)
0.75,window,S2 | round>50,"conditional (raw edge, adaptive w)",68.67 (3.19),-3.046 (1.734),-2.997 (1.679),Correction + fixed w 0.5,71.71 (1.52),71.66 (1.57)
0.75,window,S1-fast | full,conditional (adaptive w),68.85 (0.80),0.029 (0.103),0.012 (0.076),Correction + development w 0.2,68.82 (0.70),68.84 (0.72)
0.75,window,S1-fast | full,conditional (fixed w 0.5),68.77 (0.78),-0.052 (0.076),-0.069 (0.052),Correction + development w 0.2,68.82 (0.70),68.84 (0.72)
0.75,window,S1-fast | full,"conditional (raw edge, adaptive w)",64.03 (0.50),-4.789 (0.374),-4.806 (0.365),Correction + development w 0.2,68.82 (0.70),68.84 (0.72)
0.75,window,S1-fast | round<=30,conditional (adaptive w),71.93 (1.16),-1.567 (0.166),-1.790 (0.131),Correction + product,73.49 (1.32),73.72 (1.29)
0.75,window,S1-fast | round<=30,conditional (fixed w 0.5),71.91 (1.16),-1.587 (0.170),-1.810 (0.135),Correction + product,73.49 (1.32),73.72 (1.29)
0.75,window,S1-fast | round<=30,"conditional (raw edge, adaptive w)",59.76 (2.17),-13.736 (3.438),-13.959 (3.403),Correction + product,73.49 (1.32),73.72 (1.29)
0.75,window,S1-fast | round>30,conditional (adaptive w),67.95 (0.70),0.494 (0.180),-0.076 (0.064),Corrected edge only,67.46 (0.53),68.03 (0.74)
0.75,window,S1-fast | round>30,conditional (fixed w 0.5),67.86 (0.66),0.395 (0.147),-0.175 (0.095),Corrected edge only,67.46 (0.53),68.03 (0.74)
0.75,window,S1-fast | round>30,"conditional (raw edge, adaptive w)",65.28 (1.27),-2.180 (0.853),-2.750 (0.628),Corrected edge only,67.46 (0.53),68.03 (0.74)
0.75,window,S1-fast | round>50,conditional (adaptive w),68.99 (0.59),0.548 (0.132),-0.101 (0.054),Corrected edge only,68.44 (0.46),69.09 (0.62)
0.75,window,S1-fast | round>50,conditional (fixed w 0.5),68.87 (0.57),0.436 (0.105),-0.214 (0.082),Corrected edge only,68.44 (0.46),69.09 (0.62)
0.75,window,S1-fast | round>50,"conditional (raw edge, adaptive w)",66.76 (1.03),-1.681 (0.651),-2.330 (0.494),Corrected edge only,68.44 (0.46),69.09 (0.62)
0.75,window,partial participation | full,conditional (adaptive w),64.20 (0.50),-0.462 (0.150),-0.461 (0.208),Correction + fixed w 0.5,64.66 (0.36),64.66 (0.30)
0.75,window,partial participation | full,conditional (fixed w 0.5),64.18 (0.49),-0.486 (0.135),-0.485 (0.193),Correction + fixed w 0.5,64.66 (0.36),64.66 (0.30)
0.75,window,partial participation | full,"conditional (raw edge, adaptive w)",57.96 (0.30),-6.703 (0.057),-6.702 (0.014),Correction + fixed w 0.5,64.66 (0.36),64.66 (0.30)
0.75,window,partial participation | round<=30,conditional (adaptive w),65.94 (0.66),-1.665 (0.399),-2.300 (0.552),Correction + product,67.61 (0.73),68.24 (0.81)
0.75,window,partial participation | round<=30,conditional (fixed w 0.5),66.05 (0.63),-1.562 (0.369),-2.197 (0.522),Correction + product,67.61 (0.73),68.24 (0.81)
0.75,window,partial participation | round<=30,"conditional (raw edge, adaptive w)",53.98 (2.44),-13.628 (3.044),-14.264 (3.171),Correction + product,67.61 (0.73),68.24 (0.81)
0.75,window,partial participation | round>30,conditional (adaptive w),63.69 (0.54),-0.111 (0.281),-0.107 (0.093),Correction + development w 0.2,63.80 (0.26),63.80 (0.47)
0.75,window,partial participation | round>30,conditional (fixed w 0.5),63.63 (0.53),-0.173 (0.265),-0.168 (0.089),Correction + development w 0.2,63.80 (0.26),63.80 (0.47)
0.75,window,partial participation | round>30,"conditional (raw edge, adaptive w)",59.12 (1.08),-4.683 (0.820),-4.679 (0.616),Correction + development w 0.2,63.80 (0.26),63.80 (0.47)
0.75,window,partial participation | round>50,conditional (adaptive w),64.84 (0.62),-0.030 (0.258),-0.107 (0.073),Correction + development w 0.2,64.87 (0.36),64.95 (0.56)
0.75,window,partial participation | round>50,conditional (fixed w 0.5),64.76 (0.60),-0.109 (0.236),-0.187 (0.058),Correction + development w 0.2,64.87 (0.36),64.95 (0.56)
0.75,window,partial participation | round>50,"conditional (raw edge, adaptive w)",60.64 (1.18),-4.226 (0.821),-4.303 (0.630),Correction + development w 0.2,64.87 (0.36),64.95 (0.56)
0.75,window,stepwise change | full,conditional (adaptive w),72.13 (2.26),-0.170 (0.170),-0.038 (0.246),Correction + fixed w 0.5,72.30 (2.12),72.17 (2.06)
0.75,window,stepwise change | full,conditional (fixed w 0.5),72.05 (2.26),-0.254 (0.160),-0.122 (0.236),Correction + fixed w 0.5,72.30 (2.12),72.17 (2.06)
0.75,window,stepwise change | full,"conditional (raw edge, adaptive w)",66.53 (2.07),-5.771 (0.676),-5.640 (0.638),Correction + fixed w 0.5,72.30 (2.12),72.17 (2.06)
0.75,window,stepwise change | round<=30,conditional (adaptive w),80.75 (2.65),-1.748 (0.196),-2.237 (0.276),Correction + product,82.50 (2.80),82.99 (2.84)
0.75,window,stepwise change | round<=30,conditional (fixed w 0.5),80.72 (2.64),-1.782 (0.203),-2.271 (0.281),Correction + product,82.50 (2.80),82.99 (2.84)
0.75,window,stepwise change | round<=30,"conditional (raw edge, adaptive w)",63.16 (2.46),-19.341 (2.866),-19.830 (2.818),Correction + product,82.50 (2.80),82.99 (2.84)
0.75,window,stepwise change | round>30,conditional (adaptive w),69.26 (2.18),0.356 (0.268),-0.048 (0.115),Corrected edge only,68.90 (1.96),69.30 (2.21)
0.75,window,stepwise change | round>30,conditional (fixed w 0.5),69.16 (2.18),0.256 (0.256),-0.149 (0.130),Corrected edge only,68.90 (1.96),69.30 (2.21)
0.75,window,stepwise change | round>30,"conditional (raw edge, adaptive w)",67.65 (2.14),-1.248 (0.356),-1.653 (0.196),Corrected edge only,68.90 (1.96),69.30 (2.21)
0.75,window,stepwise change | round>50,conditional (adaptive w),70.30 (2.21),0.370 (0.294),-0.054 (0.106),Corrected edge only,69.93 (1.96),70.35 (2.23)
0.75,window,stepwise change | round>50,conditional (fixed w 0.5),70.19 (2.21),0.261 (0.283),-0.163 (0.121),Corrected edge only,69.93 (1.96),70.35 (2.23)
0.75,window,stepwise change | round>50,"conditional (raw edge, adaptive w)",68.87 (2.25),-1.058 (0.447),-1.482 (0.172),Corrected edge only,69.93 (1.96),70.35 (2.23)
0.75,window,random mobility | full,conditional (adaptive w),71.01 (0.69),0.005 (0.104),0.141 (0.083),Correction + fixed w 0.5,71.01 (0.80),70.87 (0.77)
0.75,window,random mobility | full,conditional (fixed w 0.5),70.98 (0.68),-0.026 (0.124),0.110 (0.103),Correction + fixed w 0.5,71.01 (0.80),70.87 (0.77)
0.75,window,random mobility | full,"conditional (raw edge, adaptive w)",60.88 (0.19),-10.127 (0.732),-9.990 (0.699),Correction + fixed w 0.5,71.01 (0.80),70.87 (0.77)
0.75,window,random mobility | round<=30,conditional (adaptive w),82.88 (0.78),-1.262 (0.062),-1.566 (0.130),Correction + product,84.14 (0.84),84.45 (0.83)
0.75,window,random mobility | round<=30,conditional (fixed w 0.5),82.89 (0.75),-1.249 (0.096),-1.554 (0.124),Correction + product,84.14 (0.84),84.45 (0.83)
0.75,window,random mobility | round<=30,"conditional (raw edge, adaptive w)",59.00 (1.77),-25.145 (2.591),-25.450 (2.547),Correction + product,84.14 (0.84),84.45 (0.83)
0.75,window,random mobility | round>30,conditional (adaptive w),65.74 (0.66),0.567 (0.124),0.016 (0.113),Corrected edge only,65.17 (0.78),65.72 (0.66)
0.75,window,random mobility | round>30,conditional (fixed w 0.5),65.69 (0.65),0.517 (0.139),-0.034 (0.116),Corrected edge only,65.17 (0.78),65.72 (0.66)
0.75,window,random mobility | round>30,"conditional (raw edge, adaptive w)",61.72 (1.02),-3.452 (0.637),-4.004 (0.562),Corrected edge only,65.17 (0.78),65.72 (0.66)
0.75,window,random mobility | round>50,conditional (adaptive w),59.71 (0.88),1.256 (0.126),-0.417 (0.027),No correction + adaptive w,58.46 (0.88),60.13 (0.88)
0.75,window,random mobility | round>50,conditional (fixed w 0.5),59.66 (0.87),1.201 (0.131),-0.472 (0.033),No correction + adaptive w,58.46 (0.88),60.13 (0.88)
0.75,window,random mobility | round>50,"conditional (raw edge, adaptive w)",59.31 (1.01),0.855 (0.625),-0.818 (0.723),No correction + adaptive w,58.46 (0.88),60.13 (0.88)
0.75,window,CIFAR-100 | full,conditional (adaptive w),39.94 (0.65),-0.435 (0.051),-0.801 (0.010),Correction + product,40.37 (0.62),40.74 (0.64)
0.75,window,CIFAR-100 | full,conditional (fixed w 0.5),39.78 (0.66),-0.597 (0.080),-0.964 (0.034),Correction + product,40.37 (0.62),40.74 (0.64)
0.75,window,CIFAR-100 | full,"conditional (raw edge, adaptive w)",34.76 (1.02),-5.615 (0.560),-5.981 (0.515),Correction + product,40.37 (0.62),40.74 (0.64)
0.75,window,CIFAR-100 | round<=30,conditional (adaptive w),27.46 (0.45),-0.255 (0.061),-0.932 (0.007),Correction + product,27.72 (0.40),28.40 (0.45)
0.75,window,CIFAR-100 | round<=30,conditional (fixed w 0.5),27.40 (0.48),-0.318 (0.085),-0.994 (0.029),Correction + product,27.72 (0.40),28.40 (0.45)
0.75,window,CIFAR-100 | round<=30,"conditional (raw edge, adaptive w)",20.61 (0.94),-7.113 (0.543),-7.790 (0.497),Correction + product,27.72 (0.40),28.40 (0.45)
0.75,window,CIFAR-100 | round>30,conditional (adaptive w),43.58 (0.81),-0.487 (0.053),-0.763 (0.015),Correction + product,44.07 (0.79),44.34 (0.80)
0.75,window,CIFAR-100 | round>30,conditional (fixed w 0.5),43.39 (0.82),-0.679 (0.083),-0.955 (0.039),Correction + product,44.07 (0.79),44.34 (0.80)
0.75,window,CIFAR-100 | round>30,"conditional (raw edge, adaptive w)",38.89 (1.12),-5.178 (0.566),-5.454 (0.520),Correction + product,44.07 (0.79),44.34 (0.80)
0.75,window,CIFAR-100 | round>50,conditional (adaptive w),45.24 (0.89),-0.524 (0.050),-0.853 (0.032),Correction + product,45.76 (0.86),46.09 (0.86)
0.75,window,CIFAR-100 | round>50,conditional (fixed w 0.5),45.04 (0.89),-0.725 (0.082),-1.055 (0.044),Correction + product,45.76 (0.86),46.09 (0.86)
0.75,window,CIFAR-100 | round>50,"conditional (raw edge, adaptive w)",40.72 (1.18),-5.037 (0.568),-5.367 (0.523),Correction + product,45.76 (0.86),46.09 (0.86)
0.75,window,ResNet-18 | full,conditional (adaptive w),62.87 (2.62),-3.780 (1.736),-3.854 (1.819),Correction + fixed w 0.5,66.65 (3.12),66.72 (3.18)
0.75,window,ResNet-18 | full,conditional (fixed w 0.5),62.88 (2.57),-3.768 (1.660),-3.842 (1.744),Correction + fixed w 0.5,66.65 (3.12),66.72 (3.18)
0.75,window,ResNet-18 | full,"conditional (raw edge, adaptive w)",58.70 (2.87),-7.942 (2.788),-8.016 (2.871),Correction + fixed w 0.5,66.65 (3.12),66.72 (3.18)
0.75,window,ResNet-18 | round<=30,conditional (adaptive w),71.17 (5.40),-7.076 (2.423),-6.715 (2.494),Correction + fixed w 0.5,78.25 (5.20),77.89 (5.47)
0.75,window,ResNet-18 | round<=30,conditional (fixed w 0.5),70.87 (5.61),-7.385 (2.357),-7.024 (2.402),Correction + fixed w 0.5,78.25 (5.20),77.89 (5.47)
0.75,window,ResNet-18 | round<=30,"conditional (raw edge, adaptive w)",62.68 (3.67),-15.569 (3.470),-15.208 (3.679),Correction + fixed w 0.5,78.25 (5.20),77.89 (5.47)
0.75,window,ResNet-18 | round>30,conditional (adaptive w),60.10 (1.81),-2.681 (1.678),-2.900 (1.714),Correction + fixed w 0.5,62.78 (2.45),63.00 (2.44)
0.75,window,ResNet-18 | round>30,conditional (fixed w 0.5),60.21 (1.68),-2.563 (1.675),-2.782 (1.707),Correction + fixed w 0.5,62.78 (2.45),63.00 (2.44)
0.75,window,ResNet-18 | round>30,"conditional (raw edge, adaptive w)",57.38 (2.71),-5.399 (2.570),-5.618 (2.622),Correction + fixed w 0.5,62.78 (2.45),63.00 (2.44)
0.75,window,ResNet-18 | round>50,conditional (adaptive w),61.13 (1.61),-2.537 (1.662),-2.781 (1.703),Correction + fixed w 0.5,63.66 (2.46),63.91 (2.43)
0.75,window,ResNet-18 | round>50,conditional (fixed w 0.5),61.27 (1.46),-2.394 (1.672),-2.638 (1.704),Correction + fixed w 0.5,63.66 (2.46),63.91 (2.43)
0.75,window,ResNet-18 | round>50,"conditional (raw edge, adaptive w)",58.43 (2.52),-5.229 (2.444),-5.474 (2.517),Correction + fixed w 0.5,63.66 (2.46),63.91 (2.43)
0.75,window,K=200 | full,conditional (adaptive w),69.21 (1.42),0.452 (0.039),0.202 (0.004),Correction + development w 0.2,68.76 (1.39),69.01 (1.42)
0.75,window,K=200 | full,conditional (fixed w 0.5),69.11 (1.41),0.356 (0.025),0.107 (0.012),Correction + development w 0.2,68.76 (1.39),69.01 (1.42)
0.75,window,K=200 | full,"conditional (raw edge, adaptive w)",65.67 (1.61),-3.084 (0.249),-3.333 (0.214),Correction + development w 0.2,68.76 (1.39),69.01 (1.42)
0.75,window,K=200 | round<=30,conditional (adaptive w),71.67 (0.52),-0.875 (0.023),-1.009 (0.066),Correction + product,72.55 (0.50),72.68 (0.48)
0.75,window,K=200 | round<=30,conditional (fixed w 0.5),71.65 (0.52),-0.896 (0.013),-1.029 (0.054),Correction + product,72.55 (0.50),72.68 (0.48)
0.75,window,K=200 | round<=30,"conditional (raw edge, adaptive w)",60.57 (0.77),-11.979 (0.773),-12.113 (0.797),Correction + product,72.55 (0.50),72.68 (0.48)
0.75,window,K=200 | round>30,conditional (adaptive w),68.49 (1.81),0.839 (0.055),-0.071 (0.046),Corrected edge only,67.65 (1.75),68.56 (1.85)
0.75,window,K=200 | round>30,conditional (fixed w 0.5),68.37 (1.78),0.721 (0.033),-0.188 (0.068),Corrected edge only,67.65 (1.75),68.56 (1.85)
0.75,window,K=200 | round>30,"conditional (raw edge, adaptive w)",67.16 (2.27),-0.489 (0.524),-1.399 (0.425),Corrected edge only,67.65 (1.75),68.56 (1.85)
0.75,window,K=200 | round>50,conditional (adaptive w),69.43 (1.81),0.813 (0.054),-0.085 (0.053),Corrected edge only,68.62 (1.77),69.52 (1.86)
0.75,window,K=200 | round>50,conditional (fixed w 0.5),69.30 (1.79),0.683 (0.029),-0.215 (0.079),Corrected edge only,68.62 (1.77),69.52 (1.86)
0.75,window,K=200 | round>50,"conditional (raw edge, adaptive w)",68.45 (2.24),-0.172 (0.493),-1.070 (0.388),Corrected edge only,68.62 (1.77),69.52 (1.86)
0.75,window,K=500 | full,conditional (adaptive w),70.52 (0.19),0.655 (0.085),0.173 (0.049),Corrected edge only,69.87 (0.20),70.35 (0.20)
0.75,window,K=500 | full,conditional (fixed w 0.5),70.42 (0.19),0.554 (0.076),0.072 (0.058),Corrected edge only,69.87 (0.20),70.35 (0.20)
0.75,window,K=500 | full,"conditional (raw edge, adaptive w)",67.40 (0.38),-2.470 (0.307),-2.952 (0.195),Corrected edge only,69.87 (0.20),70.35 (0.20)
0.75,window,K=500 | round<=30,conditional (adaptive w),72.31 (0.40),-0.720 (0.081),-0.795 (0.143),Correction + product,73.03 (0.37),73.11 (0.38)
0.75,window,K=500 | round<=30,conditional (fixed w 0.5),72.29 (0.40),-0.744 (0.070),-0.819 (0.131),Correction + product,73.03 (0.37),73.11 (0.38)
0.75,window,K=500 | round<=30,"conditional (raw edge, adaptive w)",61.84 (0.35),-11.195 (0.219),-11.270 (0.284),Correction + product,73.03 (0.37),73.11 (0.38)
0.75,window,K=500 | round>30,conditional (adaptive w),70.00 (0.36),1.056 (0.101),-0.223 (0.138),No correction + adaptive w,68.94 (0.33),70.22 (0.43)
0.75,window,K=500 | round>30,conditional (fixed w 0.5),69.88 (0.35),0.933 (0.091),-0.346 (0.148),No correction + adaptive w,68.94 (0.33),70.22 (0.43)
0.75,window,K=500 | round>30,"conditional (raw edge, adaptive w)",69.02 (0.58),0.074 (0.350),-1.205 (0.155),No correction + adaptive w,68.94 (0.33),70.22 (0.43)
0.75,window,K=500 | round>50,conditional (adaptive w),70.99 (0.33),1.022 (0.105),-0.252 (0.136),No correction + adaptive w,69.96 (0.27),71.24 (0.43)
0.75,window,K=500 | round>50,conditional (fixed w 0.5),70.85 (0.32),0.888 (0.096),-0.386 (0.145),No correction + adaptive w,69.96 (0.27),71.24 (0.43)
0.75,window,K=500 | round>50,"conditional (raw edge, adaptive w)",70.31 (0.60),0.346 (0.379),-0.928 (0.178),No correction + adaptive w,69.96 (0.27),71.24 (0.43)
0.75,time of day,S1 | pre-commute,conditional (adaptive w),71.30 (2.67),-1.835 (0.372),-2.172 (0.514),Correction + product,73.13 (2.90),73.47 (2.99)
0.75,time of day,S1 | pre-commute,conditional (fixed w 0.5),71.29 (2.66),-1.841 (0.375),-2.178 (0.517),Correction + product,73.13 (2.90),73.47 (2.99)
0.75,time of day,S1 | pre-commute,"conditional (raw edge, adaptive w)",59.40 (2.59),-13.728 (3.242),-14.065 (3.264),Correction + product,73.13 (2.90),73.47 (2.99)
0.75,time of day,S1 | commute,conditional (adaptive w),64.62 (3.27),-0.024 (0.270),-0.040 (0.069),Correction + development w 0.2,64.64 (3.07),64.66 (3.30)
0.75,time of day,S1 | commute,conditional (fixed w 0.5),64.59 (3.24),-0.053 (0.231),-0.069 (0.068),Correction + development w 0.2,64.64 (3.07),64.66 (3.30)
0.75,time of day,S1 | commute,"conditional (raw edge, adaptive w)",59.14 (3.65),-5.497 (1.035),-5.513 (0.837),Correction + development w 0.2,64.64 (3.07),64.66 (3.30)
0.75,time of day,S1 | daytime,conditional (adaptive w),63.68 (2.56),0.705 (0.265),-0.009 (0.087),Corrected edge only,62.97 (2.36),63.69 (2.57)
0.75,time of day,S1 | daytime,conditional (fixed w 0.5),63.61 (2.54),0.634 (0.236),-0.079 (0.117),Corrected edge only,62.97 (2.36),63.69 (2.57)
0.75,time of day,S1 | daytime,"conditional (raw edge, adaptive w)",61.28 (3.16),-1.692 (1.100),-2.406 (0.811),Corrected edge only,62.97 (2.36),63.69 (2.57)
0.75,time of day,S1 | return,conditional (adaptive w),72.40 (2.15),0.254 (0.218),-0.112 (0.040),Corrected edge only,72.15 (1.99),72.51 (2.14)
0.75,time of day,S1 | return,conditional (fixed w 0.5),72.26 (2.18),0.113 (0.259),-0.253 (0.069),Corrected edge only,72.15 (1.99),72.51 (2.14)
0.75,time of day,S1 | return,"conditional (raw edge, adaptive w)",70.37 (2.46),-1.776 (0.587),-2.142 (0.413),Corrected edge only,72.15 (1.99),72.51 (2.14)
0.75,time of day,S1 | evening,conditional (adaptive w),82.13 (2.19),-0.563 (0.227),-0.474 (0.373),Correction + fixed w 0.5,82.70 (2.03),82.61 (1.94)
0.75,time of day,S1 | evening,conditional (fixed w 0.5),81.95 (2.19),-0.748 (0.218),-0.659 (0.329),Correction + fixed w 0.5,82.70 (2.03),82.61 (1.94)
0.75,time of day,S1 | evening,"conditional (raw edge, adaptive w)",79.25 (2.20),-3.450 (0.356),-3.361 (0.376),Correction + fixed w 0.5,82.70 (2.03),82.61 (1.94)
0.75,time of day,S2 | pre-commute,conditional (adaptive w),69.19 (0.80),-1.142 (0.200),-1.801 (0.377),Correction + product,70.33 (0.62),70.99 (0.62)
0.75,time of day,S2 | pre-commute,conditional (fixed w 0.5),69.23 (0.82),-1.098 (0.215),-1.757 (0.375),Correction + product,70.33 (0.62),70.99 (0.62)
0.75,time of day,S2 | pre-commute,"conditional (raw edge, adaptive w)",57.84 (5.56),-12.492 (5.610),-13.151 (5.393),Correction + product,70.33 (0.62),70.99 (0.62)
0.75,time of day,S2 | commute,conditional (adaptive w),72.96 (1.45),-1.399 (0.341),-1.577 (0.812),Correction + product,74.36 (1.43),74.53 (1.58)
0.75,time of day,S2 | commute,conditional (fixed w 0.5),72.85 (1.44),-1.501 (0.299),-1.679 (0.770),Correction + product,74.36 (1.43),74.53 (1.58)
0.75,time of day,S2 | commute,"conditional (raw edge, adaptive w)",66.95 (4.73),-7.410 (3.346),-7.588 (3.163),Correction + product,74.36 (1.43),74.53 (1.58)
0.75,time of day,S2 | daytime,conditional (adaptive w),69.34 (1.46),-0.535 (0.112),-0.552 (0.200),Correction + fixed w 0.5,69.88 (1.55),69.89 (1.65)
0.75,time of day,S2 | daytime,conditional (fixed w 0.5),69.19 (1.52),-0.687 (0.031),-0.704 (0.129),Correction + fixed w 0.5,69.88 (1.55),69.89 (1.65)
0.75,time of day,S2 | daytime,"conditional (raw edge, adaptive w)",66.32 (3.25),-3.553 (1.842),-3.571 (1.758),Correction + fixed w 0.5,69.88 (1.55),69.89 (1.65)
0.75,time of day,S2 | return,conditional (adaptive w),73.59 (0.94),-0.353 (0.031),-0.251 (0.050),Correction + development w 0.2,73.95 (0.97),73.85 (0.89)
0.75,time of day,S2 | return,conditional (fixed w 0.5),73.41 (0.97),-0.532 (0.039),-0.430 (0.081),Correction + development w 0.2,73.95 (0.97),73.85 (0.89)
0.75,time of day,S2 | return,"conditional (raw edge, adaptive w)",71.38 (2.59),-2.564 (1.624),-2.462 (1.705),Correction + development w 0.2,73.95 (0.97),73.85 (0.89)
0.75,time of day,S2 | evening,conditional (adaptive w),76.71 (2.78),-0.259 (0.144),-0.247 (0.140),Correction + development w 0.2,76.97 (2.64),76.96 (2.68)
0.75,time of day,S2 | evening,conditional (fixed w 0.5),76.47 (2.81),-0.498 (0.174),-0.485 (0.214),Correction + development w 0.2,76.97 (2.64),76.96 (2.68)
0.75,time of day,S2 | evening,"conditional (raw edge, adaptive w)",74.53 (4.53),-2.437 (1.895),-2.424 (1.852),Correction + development w 0.2,76.97 (2.64),76.96 (2.68)
0.75,replay,S1 replay | all,conditional (adaptive w),72.44 (1.72),0.629 (0.286),0.004 (0.147),Corrected edge only,71.81 (1.53),72.44 (1.83)
0.75,replay,S1 replay | all,conditional (fixed w 0.5),72.34 (1.64),0.526 (0.246),-0.098 (0.271),Corrected edge only,71.81 (1.53),72.44 (1.83)
0.75,replay,S1 replay | all,"conditional (raw edge, adaptive w)",71.38 (1.85),-0.434 (0.468),-1.059 (0.199),Corrected edge only,71.81 (1.53),72.44 (1.83)
0.75,replay,S1 replay | home,conditional (adaptive w),83.04 (1.55),-0.424 (0.144),-0.325 (0.198),Correction + development w 0.2,83.46 (1.50),83.36 (1.63)
0.75,replay,S1 replay | home,conditional (fixed w 0.5),82.84 (1.45),-0.616 (0.276),-0.517 (0.398),Correction + development w 0.2,83.46 (1.50),83.36 (1.63)
0.75,replay,S1 replay | home,"conditional (raw edge, adaptive w)",80.33 (1.29),-3.126 (0.360),-3.027 (0.523),Correction + development w 0.2,83.46 (1.50),83.36 (1.63)
0.75,replay,S1 replay | away,conditional (adaptive w),58.21 (2.65),2.003 (0.566),-1.024 (1.227),Raw edge only,56.21 (2.15),59.24 (3.26)
0.75,replay,S1 replay | away,conditional (fixed w 0.5),58.24 (2.63),2.031 (0.527),-0.996 (1.285),Raw edge only,56.21 (2.15),59.24 (3.26)
0.75,replay,S1 replay | away,"conditional (raw edge, adaptive w)",59.22 (3.27),3.011 (1.586),-0.016 (0.064),Raw edge only,56.21 (2.15),59.24 (3.26)
0.75,replay,S2 replay | all,conditional (adaptive w),76.38 (2.73),-0.071 (0.158),-0.165 (0.133),Correction + development w 0.2,76.46 (2.58),76.55 (2.64)
0.75,replay,S2 replay | all,conditional (fixed w 0.5),76.14 (2.70),-0.319 (0.151),-0.412 (0.244),Correction + development w 0.2,76.46 (2.58),76.55 (2.64)
0.75,replay,S2 replay | all,"conditional (raw edge, adaptive w)",74.76 (4.20),-1.700 (1.622),-1.794 (1.590),Correction + development w 0.2,76.46 (2.58),76.55 (2.64)
0.75,replay,S2 replay | home,conditional (adaptive w),82.55 (3.68),-0.424 (0.164),-0.334 (0.181),Correction + development w 0.2,82.97 (3.52),82.88 (3.56)
0.75,replay,S2 replay | home,conditional (fixed w 0.5),82.24 (3.66),-0.735 (0.214),-0.646 (0.313),Correction + development w 0.2,82.97 (3.52),82.88 (3.56)
0.75,replay,S2 replay | home,"conditional (raw edge, adaptive w)",79.72 (5.16),-3.252 (1.669),-3.163 (1.659),Correction + development w 0.2,82.97 (3.52),82.88 (3.56)
0.75,replay,S2 replay | away,conditional (adaptive w),57.19 (0.55),1.189 (0.093),-1.871 (1.121),Raw edge only,56.00 (0.64),59.06 (1.08)
0.75,replay,S2 replay | away,conditional (fixed w 0.5),57.17 (0.67),1.163 (0.061),-1.897 (1.128),Raw edge only,56.00 (0.64),59.06 (1.08)
0.75,replay,S2 replay | away,"conditional (raw edge, adaptive w)",58.96 (1.18),2.959 (1.178),-0.100 (0.178),Raw edge only,56.00 (0.64),59.06 (1.08)
0.25,window,S1 | full,conditional (adaptive w),66.59 (2.23),-0.006 (0.072),0.022 (0.026),Correction + development w 0.2,66.59 (2.20),66.57 (2.22)
0.25,window,S1 | full,conditional (fixed w 0.5),66.56 (2.22),-0.036 (0.061),-0.009 (0.016),Correction + development w 0.2,66.59 (2.20),66.57 (2.22)
0.25,window,S1 | full,"conditional (raw edge, adaptive w)",64.93 (2.26),-1.660 (0.227),-1.633 (0.226),Correction + development w 0.2,66.59 (2.20),66.57 (2.22)
0.25,window,S1 | round<=30,conditional (adaptive w),72.68 (2.59),-0.488 (0.125),-0.542 (0.164),Correction + product,73.17 (2.60),73.22 (2.60)
0.25,window,S1 | round<=30,conditional (fixed w 0.5),72.67 (2.59),-0.503 (0.125),-0.557 (0.163),Correction + product,73.17 (2.60),73.22 (2.60)
0.25,window,S1 | round<=30,"conditional (raw edge, adaptive w)",68.75 (2.28),-4.424 (0.950),-4.478 (0.954),Correction + product,73.17 (2.60),73.22 (2.60)
0.25,window,S1 | round>30,conditional (adaptive w),64.81 (2.18),0.135 (0.071),0.050 (0.027),Corrected edge only,64.68 (2.14),64.76 (2.19)
0.25,window,S1 | round>30,conditional (fixed w 0.5),64.78 (2.18),0.100 (0.057),0.015 (0.040),Corrected edge only,64.68 (2.14),64.76 (2.19)
0.25,window,S1 | round>30,"conditional (raw edge, adaptive w)",63.82 (2.29),-0.854 (0.228),-0.939 (0.183),Corrected edge only,64.68 (2.14),64.76 (2.19)
0.25,window,S1 | round>50,conditional (adaptive w),65.59 (2.10),0.137 (0.072),0.041 (0.025),Corrected edge only,65.45 (2.05),65.55 (2.10)
0.25,window,S1 | round>50,conditional (fixed w 0.5),65.55 (2.09),0.097 (0.057),0.002 (0.041),Corrected edge only,65.45 (2.05),65.55 (2.10)
0.25,window,S1 | round>50,"conditional (raw edge, adaptive w)",64.72 (2.21),-0.729 (0.214),-0.825 (0.163),Corrected edge only,65.45 (2.05),65.55 (2.10)
0.25,window,S2 | full,conditional (adaptive w),70.96 (1.99),-0.207 (0.056),-0.197 (0.086),Correction + fixed w 0.5,71.17 (2.00),71.16 (2.03)
0.25,window,S2 | full,conditional (fixed w 0.5),70.90 (2.00),-0.275 (0.045),-0.264 (0.073),Correction + fixed w 0.5,71.17 (2.00),71.16 (2.03)
0.25,window,S2 | full,"conditional (raw edge, adaptive w)",69.29 (3.01),-1.886 (1.010),-1.876 (0.986),Correction + fixed w 0.5,71.17 (2.00),71.16 (2.03)
0.25,window,S2 | round<=30,conditional (adaptive w),72.05 (1.35),-0.373 (0.046),-0.557 (0.118),Correction + product,72.42 (1.32),72.60 (1.36)
0.25,window,S2 | round<=30,conditional (fixed w 0.5),72.04 (1.35),-0.383 (0.053),-0.566 (0.125),Correction + product,72.42 (1.32),72.60 (1.36)
0.25,window,S2 | round<=30,"conditional (raw edge, adaptive w)",68.33 (3.14),-4.085 (1.884),-4.268 (1.816),Correction + product,72.42 (1.32),72.60 (1.36)
0.25,window,S2 | round>30,conditional (adaptive w),70.65 (2.19),-0.159 (0.062),-0.132 (0.093),Correction + fixed w 0.5,70.81 (2.21),70.78 (2.24)
0.25,window,S2 | round>30,conditional (fixed w 0.5),70.57 (2.20),-0.243 (0.043),-0.217 (0.074),Correction + fixed w 0.5,70.81 (2.21),70.78 (2.24)
0.25,window,S2 | round>30,"conditional (raw edge, adaptive w)",69.56 (2.97),-1.245 (0.792),-1.219 (0.776),Correction + fixed w 0.5,70.81 (2.21),70.78 (2.24)
0.25,window,S2 | round>50,conditional (adaptive w),70.32 (2.23),-0.108 (0.051),-0.073 (0.076),Correction + fixed w 0.5,70.43 (2.23),70.39 (2.25)
0.25,window,S2 | round>50,conditional (fixed w 0.5),70.23 (2.23),-0.195 (0.031),-0.159 (0.055),Correction + fixed w 0.5,70.43 (2.23),70.39 (2.25)
0.25,window,S2 | round>50,"conditional (raw edge, adaptive w)",69.41 (2.92),-1.015 (0.714),-0.979 (0.703),Correction + fixed w 0.5,70.43 (2.23),70.39 (2.25)
0.25,window,S1-fast | full,conditional (adaptive w),67.15 (0.33),0.044 (0.030),0.033 (0.023),Correction + development w 0.2,67.11 (0.30),67.12 (0.30)
0.25,window,S1-fast | full,conditional (fixed w 0.5),67.11 (0.33),0.004 (0.029),-0.007 (0.022),Correction + development w 0.2,67.11 (0.30),67.12 (0.30)
0.25,window,S1-fast | full,"conditional (raw edge, adaptive w)",65.46 (0.31),-1.650 (0.302),-1.661 (0.304),Correction + development w 0.2,67.11 (0.30),67.12 (0.30)
0.25,window,S1-fast | round<=30,conditional (adaptive w),73.30 (1.08),-0.393 (0.041),-0.404 (0.036),Correction + product,73.69 (1.09),73.70 (1.11)
0.25,window,S1-fast | round<=30,conditional (fixed w 0.5),73.27 (1.09),-0.415 (0.044),-0.426 (0.030),Correction + product,73.69 (1.09),73.70 (1.11)
0.25,window,S1-fast | round<=30,"conditional (raw edge, adaptive w)",69.09 (0.15),-4.599 (1.223),-4.611 (1.241),Correction + product,73.69 (1.09),73.70 (1.11)
0.25,window,S1-fast | round>30,conditional (adaptive w),65.36 (0.17),0.171 (0.038),0.042 (0.026),Corrected edge only,65.19 (0.15),65.31 (0.18)
0.25,window,S1-fast | round>30,conditional (fixed w 0.5),65.31 (0.17),0.126 (0.034),-0.004 (0.030),Corrected edge only,65.19 (0.15),65.31 (0.18)
0.25,window,S1-fast | round>30,"conditional (raw edge, adaptive w)",64.40 (0.42),-0.790 (0.272),-0.919 (0.262),Corrected edge only,65.19 (0.15),65.31 (0.18)
0.25,window,S1-fast | round>50,conditional (adaptive w),66.26 (0.18),0.172 (0.025),0.031 (0.021),Corrected edge only,66.09 (0.18),66.23 (0.19)
0.25,window,S1-fast | round>50,conditional (fixed w 0.5),66.21 (0.17),0.120 (0.026),-0.021 (0.022),Corrected edge only,66.09 (0.18),66.23 (0.19)
0.25,window,S1-fast | round>50,"conditional (raw edge, adaptive w)",65.42 (0.37),-0.666 (0.197),-0.806 (0.203),Corrected edge only,66.09 (0.18),66.23 (0.19)
0.25,window,partial participation | full,conditional (adaptive w),63.58 (0.24),-0.073 (0.056),-0.056 (0.067),Correction + fixed w 0.5,63.66 (0.19),63.64 (0.18)
0.25,window,partial participation | full,conditional (fixed w 0.5),63.56 (0.23),-0.095 (0.059),-0.079 (0.069),Correction + fixed w 0.5,63.66 (0.19),63.64 (0.18)
0.25,window,partial participation | full,"conditional (raw edge, adaptive w)",61.60 (0.34),-2.060 (0.224),-2.043 (0.222),Correction + fixed w 0.5,63.66 (0.19),63.64 (0.18)
0.25,window,partial participation | round<=30,conditional (adaptive w),67.04 (0.66),-0.421 (0.111),-0.619 (0.156),Correction + product,67.46 (0.66),67.66 (0.75)
0.25,window,partial participation | round<=30,conditional (fixed w 0.5),67.06 (0.67),-0.404 (0.102),-0.601 (0.141),Correction + product,67.46 (0.66),67.66 (0.75)
0.25,window,partial participation | round<=30,"conditional (raw edge, adaptive w)",63.09 (0.55),-4.370 (1.185),-4.568 (1.269),Correction + product,67.46 (0.66),67.66 (0.75)
0.25,window,partial participation | round>30,conditional (adaptive w),62.57 (0.21),0.028 (0.070),0.027 (0.012),Correction + development w 0.2,62.55 (0.22),62.55 (0.21)
0.25,window,partial participation | round>30,conditional (fixed w 0.5),62.54 (0.20),-0.005 (0.073),-0.007 (0.017),Correction + development w 0.2,62.55 (0.22),62.55 (0.21)
0.25,window,partial participation | round>30,"conditional (raw edge, adaptive w)",61.16 (0.38),-1.386 (0.234),-1.388 (0.191),Correction + development w 0.2,62.55 (0.22),62.55 (0.21)
0.25,window,partial participation | round>50,conditional (adaptive w),63.46 (0.26),0.040 (0.071),0.021 (0.012),Correction + development w 0.2,63.42 (0.23),63.44 (0.25)
0.25,window,partial participation | round>50,conditional (fixed w 0.5),63.42 (0.26),-0.002 (0.072),-0.021 (0.013),Correction + development w 0.2,63.42 (0.23),63.44 (0.25)
0.25,window,partial participation | round>50,"conditional (raw edge, adaptive w)",62.12 (0.48),-1.310 (0.269),-1.328 (0.226),Correction + development w 0.2,63.42 (0.23),63.44 (0.25)
0.25,window,stepwise change | full,conditional (adaptive w),71.04 (1.79),-0.053 (0.080),0.000 (0.111),Correction + fixed w 0.5,71.10 (1.76),71.04 (1.74)
0.25,window,stepwise change | full,conditional (fixed w 0.5),71.00 (1.79),-0.093 (0.068),-0.040 (0.100),Correction + fixed w 0.5,71.10 (1.76),71.04 (1.74)
0.25,window,stepwise change | full,"conditional (raw edge, adaptive w)",68.88 (1.67),-2.219 (0.347),-2.166 (0.333),Correction + fixed w 0.5,71.10 (1.76),71.04 (1.74)
0.25,window,stepwise change | round<=30,conditional (adaptive w),82.91 (2.50),-0.632 (0.084),-0.756 (0.096),Correction + product,83.55 (2.52),83.67 (2.52)
0.25,window,stepwise change | round<=30,conditional (fixed w 0.5),82.89 (2.50),-0.652 (0.087),-0.775 (0.098),Correction + product,83.55 (2.52),83.67 (2.52)
0.25,window,stepwise change | round<=30,"conditional (raw edge, adaptive w)",76.10 (2.14),-7.441 (1.274),-7.565 (1.256),Correction + product,83.55 (2.52),83.67 (2.52)
0.25,window,stepwise change | round>30,conditional (adaptive w),67.09 (1.59),0.140 (0.100),0.052 (0.031),Correction + development w 0.2,66.95 (1.54),67.04 (1.58)
0.25,window,stepwise change | round>30,conditional (fixed w 0.5),67.04 (1.59),0.093 (0.087),0.005 (0.032),Correction + development w 0.2,66.95 (1.54),67.04 (1.58)
0.25,window,stepwise change | round>30,"conditional (raw edge, adaptive w)",66.47 (1.53),-0.478 (0.140),-0.567 (0.112),Correction + development w 0.2,66.95 (1.54),67.04 (1.58)
0.25,window,stepwise change | round>50,conditional (adaptive w),68.06 (1.60),0.122 (0.103),0.042 (0.029),Correction + development w 0.2,67.94 (1.55),68.02 (1.59)
0.25,window,stepwise change | round>50,conditional (fixed w 0.5),68.01 (1.60),0.070 (0.090),-0.011 (0.029),Correction + development w 0.2,67.94 (1.55),68.02 (1.59)
0.25,window,stepwise change | round>50,"conditional (raw edge, adaptive w)",67.44 (1.59),-0.497 (0.165),-0.578 (0.114),Correction + development w 0.2,67.94 (1.55),68.02 (1.59)
0.25,window,random mobility | full,conditional (adaptive w),69.83 (0.59),0.003 (0.007),0.065 (0.013),Correction + fixed w 0.5,69.82 (0.59),69.76 (0.58)
0.25,window,random mobility | full,conditional (fixed w 0.5),69.80 (0.59),-0.018 (0.003),0.043 (0.011),Correction + fixed w 0.5,69.82 (0.59),69.76 (0.58)
0.25,window,random mobility | full,"conditional (raw edge, adaptive w)",65.97 (0.19),-3.853 (0.461),-3.792 (0.454),Correction + fixed w 0.5,69.82 (0.59),69.76 (0.58)
0.25,window,random mobility | round<=30,conditional (adaptive w),84.40 (0.60),-0.371 (0.052),-0.443 (0.075),Correction + product,84.77 (0.56),84.84 (0.59)
0.25,window,random mobility | round<=30,conditional (fixed w 0.5),84.39 (0.59),-0.378 (0.043),-0.450 (0.065),Correction + product,84.77 (0.56),84.84 (0.59)
0.25,window,random mobility | round<=30,"conditional (raw edge, adaptive w)",75.45 (0.70),-9.323 (1.132),-9.395 (1.143),Correction + product,84.77 (0.56),84.84 (0.59)
0.25,window,random mobility | round>30,conditional (adaptive w),63.35 (0.64),0.170 (0.020),0.068 (0.043),Correction + development w 0.2,63.18 (0.65),63.28 (0.63)
0.25,window,random mobility | round>30,conditional (fixed w 0.5),63.32 (0.64),0.141 (0.016),0.039 (0.048),Correction + development w 0.2,63.18 (0.65),63.28 (0.63)
0.25,window,random mobility | round>30,"conditional (raw edge, adaptive w)",61.76 (0.58),-1.422 (0.214),-1.524 (0.155),Correction + development w 0.2,63.18 (0.65),63.28 (0.63)
0.25,window,random mobility | round>50,conditional (adaptive w),56.24 (0.61),0.426 (0.035),-0.409 (0.082),No correction + adaptive w,55.82 (0.62),56.65 (0.57)
0.25,window,random mobility | round>50,conditional (fixed w 0.5),56.22 (0.62),0.401 (0.043),-0.433 (0.091),No correction + adaptive w,55.82 (0.62),56.65 (0.57)
0.25,window,random mobility | round>50,"conditional (raw edge, adaptive w)",56.21 (0.60),0.394 (0.161),-0.441 (0.123),No correction + adaptive w,55.82 (0.62),56.65 (0.57)
0.25,window,CIFAR-100 | full,conditional (adaptive w),36.32 (0.64),-0.166 (0.012),-0.317 (0.015),Correction + product,36.49 (0.63),36.64 (0.66)
0.25,window,CIFAR-100 | full,conditional (fixed w 0.5),36.26 (0.64),-0.230 (0.015),-0.381 (0.016),Correction + product,36.49 (0.63),36.64 (0.66)
0.25,window,CIFAR-100 | full,"conditional (raw edge, adaptive w)",34.59 (0.74),-1.897 (0.145),-2.049 (0.132),Correction + product,36.49 (0.63),36.64 (0.66)
0.25,window,CIFAR-100 | round<=30,conditional (adaptive w),25.46 (0.45),-0.122 (0.013),-0.285 (0.029),Correction + product,25.58 (0.44),25.74 (0.42)
0.25,window,CIFAR-100 | round<=30,conditional (fixed w 0.5),25.44 (0.45),-0.142 (0.015),-0.306 (0.031),Correction + product,25.58 (0.44),25.74 (0.42)
0.25,window,CIFAR-100 | round<=30,"conditional (raw edge, adaptive w)",23.26 (0.61),-2.322 (0.190),-2.486 (0.205),Correction + product,25.58 (0.44),25.74 (0.42)
0.25,window,CIFAR-100 | round>30,conditional (adaptive w),39.49 (0.78),-0.179 (0.011),-0.327 (0.023),Correction + product,39.67 (0.78),39.82 (0.81)
0.25,window,CIFAR-100 | round>30,conditional (fixed w 0.5),39.41 (0.78),-0.256 (0.015),-0.403 (0.022),Correction + product,39.67 (0.78),39.82 (0.81)
0.25,window,CIFAR-100 | round>30,"conditional (raw edge, adaptive w)",37.90 (0.84),-1.773 (0.135),-1.921 (0.117),Correction + product,39.67 (0.78),39.82 (0.81)
0.25,window,CIFAR-100 | round>50,conditional (adaptive w),41.22 (0.83),-0.195 (0.008),-0.368 (0.022),Correction + product,41.42 (0.82),41.59 (0.85)
0.25,window,CIFAR-100 | round>50,conditional (fixed w 0.5),41.14 (0.83),-0.277 (0.012),-0.450 (0.019),Correction + product,41.42 (0.82),41.59 (0.85)
0.25,window,CIFAR-100 | round>50,"conditional (raw edge, adaptive w)",39.68 (0.87),-1.734 (0.131),-1.907 (0.110),Correction + product,41.42 (0.82),41.59 (0.85)
0.25,window,ResNet-18 | full,conditional (adaptive w),65.74 (2.73),-1.081 (0.492),-1.079 (0.506),Correction + fixed w 0.5,66.82 (3.02),66.82 (3.04)
0.25,window,ResNet-18 | full,conditional (fixed w 0.5),65.73 (2.75),-1.088 (0.480),-1.087 (0.493),Correction + fixed w 0.5,66.82 (3.02),66.82 (3.04)
0.25,window,ResNet-18 | full,"conditional (raw edge, adaptive w)",64.51 (2.46),-2.310 (0.848),-2.308 (0.863),Correction + fixed w 0.5,66.82 (3.02),66.82 (3.04)
0.25,window,ResNet-18 | round<=30,conditional (adaptive w),76.23 (4.72),-2.769 (0.810),-2.691 (0.855),Correction + fixed w 0.5,78.99 (4.95),78.92 (5.04)
0.25,window,ResNet-18 | round<=30,conditional (fixed w 0.5),76.15 (4.81),-2.847 (0.791),-2.769 (0.826),Correction + fixed w 0.5,78.99 (4.95),78.92 (5.04)
0.25,window,ResNet-18 | round<=30,"conditional (raw edge, adaptive w)",73.05 (3.66),-5.946 (1.541),-5.868 (1.629),Correction + fixed w 0.5,78.99 (4.95),78.92 (5.04)
0.25,window,ResNet-18 | round>30,conditional (adaptive w),62.24 (2.10),-0.518 (0.437),-0.595 (0.377),Logit sum,62.76 (2.42),62.84 (2.40)
0.25,window,ResNet-18 | round>30,conditional (fixed w 0.5),62.26 (2.10),-0.502 (0.442),-0.579 (0.380),Logit sum,62.76 (2.42),62.84 (2.40)
0.25,window,ResNet-18 | round>30,"conditional (raw edge, adaptive w)",61.66 (2.09),-1.098 (0.619),-1.174 (0.548),Logit sum,62.76 (2.42),62.84 (2.40)
0.25,window,ResNet-18 | round>50,conditional (adaptive w),63.11 (2.05),-0.514 (0.450),-0.564 (0.405),Logit sum,63.63 (2.43),63.68 (2.41)
0.25,window,ResNet-18 | round>50,conditional (fixed w 0.5),63.13 (2.05),-0.495 (0.449),-0.546 (0.404),Logit sum,63.63 (2.43),63.68 (2.41)
0.25,window,ResNet-18 | round>50,"conditional (raw edge, adaptive w)",62.50 (2.02),-1.123 (0.604),-1.173 (0.549),Logit sum,63.63 (2.43),63.68 (2.41)
0.25,window,K=200 | full,conditional (adaptive w),66.28 (1.13),0.135 (0.024),0.055 (0.007),Corrected edge only,66.14 (1.12),66.22 (1.13)
0.25,window,K=200 | full,conditional (fixed w 0.5),66.24 (1.12),0.101 (0.029),0.020 (0.014),Corrected edge only,66.14 (1.12),66.22 (1.13)
0.25,window,K=200 | full,"conditional (raw edge, adaptive w)",64.98 (1.16),-1.160 (0.044),-1.240 (0.029),Corrected edge only,66.14 (1.12),66.22 (1.13)
0.25,window,K=200 | round<=30,conditional (adaptive w),72.04 (0.53),-0.272 (0.003),-0.270 (0.012),Correction + fixed w 0.5,72.31 (0.53),72.31 (0.54)
0.25,window,K=200 | round<=30,conditional (fixed w 0.5),72.03 (0.54),-0.289 (0.011),-0.288 (0.019),Correction + fixed w 0.5,72.31 (0.53),72.31 (0.54)
0.25,window,K=200 | round<=30,"conditional (raw edge, adaptive w)",68.16 (0.38),-4.150 (0.269),-4.149 (0.266),Correction + fixed w 0.5,72.31 (0.53),72.31 (0.54)
0.25,window,K=200 | round>30,conditional (adaptive w),64.60 (1.40),0.254 (0.031),0.039 (0.073),No correction + adaptive w,64.34 (1.40),64.56 (1.47)
0.25,window,K=200 | round>30,conditional (fixed w 0.5),64.56 (1.39),0.214 (0.037),-0.000 (0.082),No correction + adaptive w,64.34 (1.40),64.56 (1.47)
0.25,window,K=200 | round>30,"conditional (raw edge, adaptive w)",64.06 (1.51),-0.288 (0.134),-0.502 (0.059),No correction + adaptive w,64.34 (1.40),64.56 (1.47)
0.25,window,K=200 | round>50,conditional (adaptive w),65.49 (1.39),0.230 (0.029),0.015 (0.074),No correction + adaptive w,65.26 (1.39),65.48 (1.46)
0.25,window,K=200 | round>50,conditional (fixed w 0.5),65.45 (1.38),0.186 (0.037),-0.029 (0.084),No correction + adaptive w,65.26 (1.39),65.48 (1.46)
0.25,window,K=200 | round>50,"conditional (raw edge, adaptive w)",65.05 (1.48),-0.209 (0.111),-0.425 (0.048),No correction + adaptive w,65.26 (1.39),65.48 (1.46)
0.25,window,K=500 | full,conditional (adaptive w),67.22 (0.19),0.185 (0.014),0.040 (0.021),Corrected edge only,67.04 (0.19),67.18 (0.19)
0.25,window,K=500 | full,conditional (fixed w 0.5),67.19 (0.19),0.149 (0.010),0.004 (0.027),Corrected edge only,67.04 (0.19),67.18 (0.19)
0.25,window,K=500 | full,"conditional (raw edge, adaptive w)",66.04 (0.23),-0.998 (0.077),-1.143 (0.048),Corrected edge only,67.04 (0.19),67.18 (0.19)
0.25,window,K=500 | round<=30,conditional (adaptive w),72.40 (0.43),-0.222 (0.009),-0.212 (0.015),Correction + fixed w 0.5,72.62 (0.44),72.61 (0.44)
0.25,window,K=500 | round<=30,conditional (fixed w 0.5),72.38 (0.43),-0.243 (0.009),-0.233 (0.012),Correction + fixed w 0.5,72.62 (0.44),72.61 (0.44)
0.25,window,K=500 | round<=30,"conditional (raw edge, adaptive w)",68.73 (0.37),-3.888 (0.070),-3.879 (0.076),Correction + fixed w 0.5,72.62 (0.44),72.61 (0.44)
0.25,window,K=500 | round>30,conditional (adaptive w),65.71 (0.32),0.304 (0.017),-0.077 (0.062),No correction + adaptive w,65.41 (0.32),65.79 (0.36)
0.25,window,K=500 | round>30,conditional (fixed w 0.5),65.67 (0.32),0.263 (0.014),-0.118 (0.069),No correction + adaptive w,65.41 (0.32),65.79 (0.36)
0.25,window,K=500 | round>30,"conditional (raw edge, adaptive w)",65.25 (0.39),-0.156 (0.080),-0.537 (0.033),No correction + adaptive w,65.41 (0.32),65.79 (0.36)
0.25,window,K=500 | round>50,conditional (adaptive w),66.65 (0.31),0.275 (0.014),-0.087 (0.063),No correction + adaptive w,66.37 (0.30),66.73 (0.36)
0.25,window,K=500 | round>50,conditional (fixed w 0.5),66.60 (0.30),0.231 (0.009),-0.131 (0.069),No correction + adaptive w,66.37 (0.30),66.73 (0.36)
0.25,window,K=500 | round>50,"conditional (raw edge, adaptive w)",66.26 (0.39),-0.108 (0.092),-0.470 (0.045),No correction + adaptive w,66.37 (0.30),66.73 (0.36)
0.25,time of day,S1 | pre-commute,conditional (adaptive w),73.32 (2.43),-0.542 (0.147),-0.613 (0.196),Correction + product,73.86 (2.45),73.93 (2.45)
0.25,time of day,S1 | pre-commute,conditional (fixed w 0.5),73.30 (2.42),-0.556 (0.146),-0.628 (0.194),Correction + product,73.86 (2.45),73.93 (2.45)
0.25,time of day,S1 | pre-commute,"conditional (raw edge, adaptive w)",69.17 (2.11),-4.692 (1.053),-4.763 (1.066),Correction + product,73.86 (2.45),73.93 (2.45)
0.25,time of day,S1 | commute,conditional (adaptive w),63.13 (2.83),0.047 (0.078),0.051 (0.047),Correction + development w 0.2,63.08 (2.78),63.07 (2.86)
0.25,time of day,S1 | commute,conditional (fixed w 0.5),63.11 (2.82),0.035 (0.071),0.040 (0.062),Correction + development w 0.2,63.08 (2.78),63.07 (2.86)
0.25,time of day,S1 | commute,"conditional (raw edge, adaptive w)",61.23 (2.89),-1.845 (0.231),-1.840 (0.222),Correction + development w 0.2,63.08 (2.78),63.07 (2.86)
0.25,time of day,S1 | daytime,conditional (adaptive w),60.64 (2.39),0.239 (0.076),0.066 (0.033),Corrected edge only,60.41 (2.37),60.58 (2.39)
0.25,time of day,S1 | daytime,conditional (fixed w 0.5),60.62 (2.39),0.213 (0.063),0.041 (0.045),Corrected edge only,60.41 (2.37),60.58 (2.39)
0.25,time of day,S1 | daytime,"conditional (raw edge, adaptive w)",59.81 (2.49),-0.600 (0.300),-0.772 (0.244),Corrected edge only,60.41 (2.37),60.58 (2.39)
0.25,time of day,S1 | return,conditional (adaptive w),70.08 (1.99),0.045 (0.079),-0.001 (0.025),Correction + development w 0.2,70.03 (1.94),70.08 (1.97)
0.25,time of day,S1 | return,conditional (fixed w 0.5),70.03 (1.98),-0.008 (0.071),-0.054 (0.016),Correction + development w 0.2,70.03 (1.94),70.08 (1.97)
0.25,time of day,S1 | return,"conditional (raw edge, adaptive w)",69.21 (2.07),-0.822 (0.250),-0.868 (0.193),Correction + development w 0.2,70.03 (1.94),70.08 (1.97)
0.25,time of day,S1 | evening,conditional (adaptive w),81.50 (1.93),-0.241 (0.085),-0.215 (0.133),Correction + fixed w 0.5,81.74 (1.89),81.71 (1.87)
0.25,time of day,S1 | evening,conditional (fixed w 0.5),81.42 (1.94),-0.322 (0.087),-0.297 (0.114),Correction + fixed w 0.5,81.74 (1.89),81.71 (1.87)
0.25,time of day,S1 | evening,"conditional (raw edge, adaptive w)",80.14 (1.95),-1.600 (0.259),-1.574 (0.245),Correction + fixed w 0.5,81.74 (1.89),81.71 (1.87)
0.25,time of day,S2 | pre-commute,conditional (adaptive w),71.34 (1.28),-0.355 (0.019),-0.556 (0.067),Correction + product,71.69 (1.27),71.90 (1.31)
0.25,time of day,S2 | pre-commute,conditional (fixed w 0.5),71.34 (1.28),-0.353 (0.033),-0.555 (0.079),Correction + product,71.69 (1.27),71.90 (1.31)
0.25,time of day,S2 | pre-commute,"conditional (raw edge, adaptive w)",67.46 (3.16),-4.235 (1.955),-4.436 (1.896),Correction + product,71.69 (1.27),71.90 (1.31)
0.25,time of day,S2 | commute,conditional (adaptive w),73.67 (2.13),-0.456 (0.138),-0.482 (0.214),Correction + fixed w 0.5,74.13 (2.18),74.15 (2.24)
0.25,time of day,S2 | commute,conditional (fixed w 0.5),73.59 (2.15),-0.531 (0.120),-0.557 (0.195),Correction + fixed w 0.5,74.13 (2.18),74.15 (2.24)
0.25,time of day,S2 | commute,"conditional (raw edge, adaptive w)",71.44 (3.48),-2.682 (1.335),-2.708 (1.296),Correction + fixed w 0.5,74.13 (2.18),74.15 (2.24)
0.25,time of day,S2 | daytime,conditional (adaptive w),68.60 (2.33),-0.142 (0.076),-0.126 (0.120),Correction + fixed w 0.5,68.74 (2.37),68.73 (2.41)
0.25,time of day,S2 | daytime,conditional (fixed w 0.5),68.52 (2.36),-0.220 (0.037),-0.205 (0.080),Correction + fixed w 0.5,68.74 (2.37),68.73 (2.41)
0.25,time of day,S2 | daytime,"conditional (raw edge, adaptive w)",67.55 (3.02),-1.194 (0.754),-1.178 (0.739),Correction + fixed w 0.5,68.74 (2.37),68.73 (2.41)
0.25,time of day,S2 | return,conditional (adaptive w),72.44 (1.72),-0.084 (0.022),-0.045 (0.031),Correction + development w 0.2,72.52 (1.71),72.49 (1.70)
0.25,time of day,S2 | return,conditional (fixed w 0.5),72.35 (1.72),-0.173 (0.050),-0.134 (0.058),Correction + development w 0.2,72.52 (1.71),72.49 (1.70)
0.25,time of day,S2 | return,"conditional (raw edge, adaptive w)",71.68 (2.38),-0.843 (0.682),-0.804 (0.691),Correction + development w 0.2,72.52 (1.71),72.49 (1.70)
0.25,time of day,S2 | evening,conditional (adaptive w),75.37 (3.04),-0.064 (0.056),-0.057 (0.060),Correction + development w 0.2,75.44 (2.99),75.43 (2.99)
0.25,time of day,S2 | evening,conditional (fixed w 0.5),75.26 (3.04),-0.182 (0.054),-0.174 (0.080),Correction + development w 0.2,75.44 (2.99),75.43 (2.99)
0.25,time of day,S2 | evening,"conditional (raw edge, adaptive w)",74.56 (3.80),-0.881 (0.816),-0.874 (0.809),Correction + development w 0.2,75.44 (2.99),75.43 (2.99)
0.25,replay,S1 replay | all,conditional (adaptive w),69.79 (1.37),0.146 (0.080),-0.007 (0.090),No correction + adaptive w,69.64 (1.32),69.80 (1.39)
0.25,replay,S1 replay | all,conditional (fixed w 0.5),69.75 (1.36),0.108 (0.080),-0.045 (0.124),No correction + adaptive w,69.64 (1.32),69.80 (1.39)
0.25,replay,S1 replay | all,"conditional (raw edge, adaptive w)",69.38 (1.38),-0.265 (0.181),-0.418 (0.082),No correction + adaptive w,69.64 (1.32),69.80 (1.39)
0.25,replay,S1 replay | home,conditional (adaptive w),82.26 (1.39),-0.185 (0.060),-0.149 (0.063),Correction + fixed w 0.5,82.44 (1.36),82.41 (1.34)
0.25,replay,S1 replay | home,conditional (fixed w 0.5),82.17 (1.38),-0.275 (0.131),-0.239 (0.084),Correction + fixed w 0.5,82.44 (1.36),82.41 (1.34)
0.25,replay,S1 replay | home,"conditional (raw edge, adaptive w)",80.96 (1.36),-1.482 (0.262),-1.446 (0.214),Correction + fixed w 0.5,82.44 (1.36),82.41 (1.34)
0.25,replay,S1 replay | away,conditional (adaptive w),52.76 (1.79),0.590 (0.138),-0.732 (0.380),Raw edge only,52.17 (1.68),53.49 (2.00)
0.25,replay,S1 replay | away,conditional (fixed w 0.5),52.80 (1.78),0.628 (0.133),-0.694 (0.400),Raw edge only,52.17 (1.68),53.49 (2.00)
0.25,replay,S1 replay | away,"conditional (raw edge, adaptive w)",53.49 (2.01),1.321 (0.497),-0.001 (0.029),Raw edge only,52.17 (1.68),53.49 (2.00)
0.25,replay,S2 replay | all,conditional (adaptive w),74.64 (2.92),-0.011 (0.060),-0.012 (0.044),Correction + development w 0.2,74.65 (2.86),74.66 (2.90)
0.25,replay,S2 replay | all,conditional (fixed w 0.5),74.53 (2.90),-0.121 (0.082),-0.123 (0.107),Correction + development w 0.2,74.65 (2.86),74.66 (2.90)
0.25,replay,S2 replay | all,"conditional (raw edge, adaptive w)",74.03 (3.60),-0.626 (0.738),-0.628 (0.705),Correction + development w 0.2,74.65 (2.86),74.66 (2.90)
0.25,replay,S2 replay | home,conditional (adaptive w),81.60 (3.76),-0.140 (0.082),-0.083 (0.070),Correction + development w 0.2,81.74 (3.68),81.68 (3.71)
0.25,replay,S2 replay | home,conditional (fixed w 0.5),81.45 (3.73),-0.286 (0.121),-0.229 (0.139),Correction + development w 0.2,81.74 (3.68),81.68 (3.71)
0.25,replay,S2 replay | home,"conditional (raw edge, adaptive w)",80.32 (4.45),-1.414 (0.771),-1.358 (0.745),Correction + development w 0.2,81.74 (3.68),81.68 (3.71)
0.25,replay,S2 replay | away,conditional (adaptive w),52.78 (0.81),0.421 (0.057),-1.247 (0.708),Raw edge only,52.36 (0.81),54.03 (1.45)
0.25,replay,S2 replay | away,conditional (fixed w 0.5),52.78 (0.83),0.419 (0.020),-1.250 (0.719),Raw edge only,52.36 (0.81),54.03 (1.45)
0.25,replay,S2 replay | away,"conditional (raw edge, adaptive w)",54.03 (1.50),1.670 (0.772),0.001 (0.056),Raw edge only,52.36 (0.81),54.03 (1.45)
