beta,row,candidate,run,accuracy pct,minus DriftGate pp,minus strongest reference pp,strongest reference
1.0,S1 | full,conditional (adaptive w),r12_s1_fixed040_s0,69.3653,0.0049,0.0821,Correction + development w 0.2
1.0,S1 | full,conditional (adaptive w),r12_s1_fixed040_s1,69.2185,0.1445,0.1200,Correction + development w 0.2
1.0,S1 | full,conditional (adaptive w),r12_s1_fixed040_s2,67.9786,-0.1768,-0.0736,Correction + development w 0.2
1.0,S1 | full,conditional (adaptive w),r12_s1_fixed040_s3,63.9622,-0.2967,0.0705,Correction + development w 0.2
1.0,S1 | full,conditional (adaptive w),r12_s1_fixed040_s4,70.6322,-0.0926,0.1441,Correction + development w 0.2
1.0,S1 | full,conditional (fixed w 0.5),r12_s1_fixed040_s0,69.2660,-0.0943,-0.0171,Correction + development w 0.2
1.0,S1 | full,conditional (fixed w 0.5),r12_s1_fixed040_s1,69.1255,0.0516,0.0271,Correction + development w 0.2
1.0,S1 | full,conditional (fixed w 0.5),r12_s1_fixed040_s2,67.9443,-0.2112,-0.1080,Correction + development w 0.2
1.0,S1 | full,conditional (fixed w 0.5),r12_s1_fixed040_s3,63.9031,-0.3557,0.0115,Correction + development w 0.2
1.0,S1 | full,conditional (fixed w 0.5),r12_s1_fixed040_s4,70.5802,-0.1445,0.0921,Correction + development w 0.2
1.0,S1 | full,"conditional (raw edge, adaptive w)",r12_s1_fixed040_s0,63.0229,-6.3374,-6.2602,Correction + development w 0.2
1.0,S1 | full,"conditional (raw edge, adaptive w)",r12_s1_fixed040_s1,63.3083,-5.7657,-5.7902,Correction + development w 0.2
1.0,S1 | full,"conditional (raw edge, adaptive w)",r12_s1_fixed040_s2,62.6824,-5.4730,-5.3699,Correction + development w 0.2
1.0,S1 | full,"conditional (raw edge, adaptive w)",r12_s1_fixed040_s3,58.6015,-5.6574,-5.2901,Correction + development w 0.2
1.0,S1 | full,"conditional (raw edge, adaptive w)",r12_s1_fixed040_s4,65.9269,-4.7979,-4.5612,Correction + development w 0.2
1.0,S1 | round<=30,conditional (adaptive w),r12_s1_fixed040_s0,72.2698,-2.1281,-2.4380,Correction + product
1.0,S1 | round<=30,conditional (adaptive w),r12_s1_fixed040_s1,71.9302,-2.1323,-2.4413,Correction + product
1.0,S1 | round<=30,conditional (adaptive w),r12_s1_fixed040_s2,70.5791,-1.9195,-2.2714,Correction + product
1.0,S1 | round<=30,conditional (adaptive w),r12_s1_fixed040_s3,65.3286,-1.5949,-1.8129,Correction + product
1.0,S1 | round<=30,conditional (adaptive w),r12_s1_fixed040_s4,71.7334,-2.7265,-3.2229,Correction + product
1.0,S1 | round<=30,conditional (fixed w 0.5),r12_s1_fixed040_s0,72.2693,-2.1286,-2.4385,Correction + product
1.0,S1 | round<=30,conditional (fixed w 0.5),r12_s1_fixed040_s1,71.9095,-2.1530,-2.4619,Correction + product
1.0,S1 | round<=30,conditional (fixed w 0.5),r12_s1_fixed040_s2,70.5845,-1.9140,-2.2659,Correction + product
1.0,S1 | round<=30,conditional (fixed w 0.5),r12_s1_fixed040_s3,65.3394,-1.5841,-1.8020,Correction + product
1.0,S1 | round<=30,conditional (fixed w 0.5),r12_s1_fixed040_s4,71.7136,-2.7463,-3.2427,Correction + product
1.0,S1 | round<=30,"conditional (raw edge, adaptive w)",r12_s1_fixed040_s0,55.1810,-19.2169,-19.5269,Correction + product
1.0,S1 | round<=30,"conditional (raw edge, adaptive w)",r12_s1_fixed040_s1,53.6167,-20.4458,-20.7547,Correction + product
1.0,S1 | round<=30,"conditional (raw edge, adaptive w)",r12_s1_fixed040_s2,60.3361,-12.1624,-12.5143,Correction + product
1.0,S1 | round<=30,"conditional (raw edge, adaptive w)",r12_s1_fixed040_s3,54.2781,-12.6454,-12.8633,Correction + product
1.0,S1 | round<=30,"conditional (raw edge, adaptive w)",r12_s1_fixed040_s4,58.5118,-15.9481,-16.4445,Correction + product
1.0,S1 | round>30,conditional (adaptive w),r12_s1_fixed040_s0,68.5181,0.6270,-0.1070,Corrected edge only
1.0,S1 | round>30,conditional (adaptive w),r12_s1_fixed040_s1,68.4276,0.8086,-0.1398,Corrected edge only
1.0,S1 | round>30,conditional (adaptive w),r12_s1_fixed040_s2,67.2202,0.3315,0.0249,Corrected edge only
1.0,S1 | round>30,conditional (adaptive w),r12_s1_fixed040_s3,63.5636,0.0819,0.0033,Corrected edge only
1.0,S1 | round>30,conditional (adaptive w),r12_s1_fixed040_s4,70.3110,0.6757,-0.0173,Corrected edge only
1.0,S1 | round>30,conditional (fixed w 0.5),r12_s1_fixed040_s0,68.3901,0.4990,-0.2351,Corrected edge only
1.0,S1 | round>30,conditional (fixed w 0.5),r12_s1_fixed040_s1,68.3135,0.6945,-0.2538,Corrected edge only
1.0,S1 | round>30,conditional (fixed w 0.5),r12_s1_fixed040_s2,67.1742,0.2855,-0.0211,Corrected edge only
1.0,S1 | round>30,conditional (fixed w 0.5),r12_s1_fixed040_s3,63.4842,0.0025,-0.0761,Corrected edge only
1.0,S1 | round>30,conditional (fixed w 0.5),r12_s1_fixed040_s4,70.2496,0.6143,-0.0787,Corrected edge only
1.0,S1 | round>30,"conditional (raw edge, adaptive w)",r12_s1_fixed040_s0,65.3102,-2.5809,-3.3150,Corrected edge only
1.0,S1 | round>30,"conditional (raw edge, adaptive w)",r12_s1_fixed040_s1,66.1350,-1.4840,-2.4323,Corrected edge only
1.0,S1 | round>30,"conditional (raw edge, adaptive w)",r12_s1_fixed040_s2,63.3667,-3.5219,-3.8286,Corrected edge only
1.0,S1 | round>30,"conditional (raw edge, adaptive w)",r12_s1_fixed040_s3,59.8625,-3.6192,-3.6978,Corrected edge only
1.0,S1 | round>30,"conditional (raw edge, adaptive w)",r12_s1_fixed040_s4,68.0896,-1.5457,-2.2387,Corrected edge only
1.0,S1 | round>50,conditional (adaptive w),r12_s1_fixed040_s0,69.2986,0.7073,-0.1238,Corrected edge only
1.0,S1 | round>50,conditional (adaptive w),r12_s1_fixed040_s1,69.1566,0.8214,-0.1639,Corrected edge only
1.0,S1 | round>50,conditional (adaptive w),r12_s1_fixed040_s2,68.3930,0.5021,-0.0204,Corrected edge only
1.0,S1 | round>50,conditional (adaptive w),r12_s1_fixed040_s3,64.6258,0.0977,-0.0196,Corrected edge only
1.0,S1 | round>50,conditional (adaptive w),r12_s1_fixed040_s4,71.1275,0.7092,-0.0169,Corrected edge only
1.0,S1 | round>50,conditional (fixed w 0.5),r12_s1_fixed040_s0,69.1575,0.5661,-0.2650,Corrected edge only
1.0,S1 | round>50,conditional (fixed w 0.5),r12_s1_fixed040_s1,69.0324,0.6972,-0.2882,Corrected edge only
1.0,S1 | round>50,conditional (fixed w 0.5),r12_s1_fixed040_s2,68.3264,0.4356,-0.0870,Corrected edge only
1.0,S1 | round>50,conditional (fixed w 0.5),r12_s1_fixed040_s3,64.5388,0.0106,-0.1067,Corrected edge only
1.0,S1 | round>50,conditional (fixed w 0.5),r12_s1_fixed040_s4,71.0648,0.6465,-0.0796,Corrected edge only
1.0,S1 | round>50,"conditional (raw edge, adaptive w)",r12_s1_fixed040_s0,66.6706,-1.9207,-2.7518,Corrected edge only
1.0,S1 | round>50,"conditional (raw edge, adaptive w)",r12_s1_fixed040_s1,67.3472,-0.9880,-1.9734,Corrected edge only
1.0,S1 | round>50,"conditional (raw edge, adaptive w)",r12_s1_fixed040_s2,65.3356,-2.5553,-3.0778,Corrected edge only
1.0,S1 | round>50,"conditional (raw edge, adaptive w)",r12_s1_fixed040_s3,61.3327,-3.1955,-3.3128,Corrected edge only
1.0,S1 | round>50,"conditional (raw edge, adaptive w)",r12_s1_fixed040_s4,69.3177,-1.1006,-1.8267,Corrected edge only
1.0,S2 | full,conditional (adaptive w),r12_s2_fixed040_s0,69.8502,-0.7944,-0.7600,Correction + fixed w 0.5
1.0,S2 | full,conditional (adaptive w),r12_s2_fixed040_s1,71.1770,-0.7318,-0.7649,Correction + fixed w 0.5
1.0,S2 | full,conditional (adaptive w),r12_s2_fixed040_s2,71.4763,-1.0707,-1.2901,Correction + fixed w 0.5
1.0,S2 | full,conditional (fixed w 0.5),r12_s2_fixed040_s0,69.7188,-0.9257,-0.8913,Correction + fixed w 0.5
1.0,S2 | full,conditional (fixed w 0.5),r12_s2_fixed040_s1,71.0425,-0.8663,-0.8994,Correction + fixed w 0.5
1.0,S2 | full,conditional (fixed w 0.5),r12_s2_fixed040_s2,71.4194,-1.1276,-1.3470,Correction + fixed w 0.5
1.0,S2 | full,"conditional (raw edge, adaptive w)",r12_s2_fixed040_s0,60.7958,-9.8488,-9.8144,Correction + fixed w 0.5
1.0,S2 | full,"conditional (raw edge, adaptive w)",r12_s2_fixed040_s1,65.7341,-6.1747,-6.2078,Correction + fixed w 0.5
1.0,S2 | full,"conditional (raw edge, adaptive w)",r12_s2_fixed040_s2,68.9004,-3.6466,-3.8660,Correction + fixed w 0.5
1.0,S2 | round<=30,conditional (adaptive w),r12_s2_fixed040_s0,68.8301,-1.5638,-2.1254,Correction + product
1.0,S2 | round<=30,conditional (adaptive w),r12_s2_fixed040_s1,70.7583,-1.2467,-1.7765,Correction + product
1.0,S2 | round<=30,conditional (adaptive w),r12_s2_fixed040_s2,68.1384,-1.9233,-2.9955,Correction + product
1.0,S2 | round<=30,conditional (fixed w 0.5),r12_s2_fixed040_s0,68.8492,-1.5446,-2.1062,Correction + product
1.0,S2 | round<=30,conditional (fixed w 0.5),r12_s2_fixed040_s1,70.8211,-1.1838,-1.7136,Correction + product
1.0,S2 | round<=30,conditional (fixed w 0.5),r12_s2_fixed040_s2,68.2060,-1.8556,-2.9279,Correction + product
1.0,S2 | round<=30,"conditional (raw edge, adaptive w)",r12_s2_fixed040_s0,49.4689,-20.9250,-21.4866,Correction + product
1.0,S2 | round<=30,"conditional (raw edge, adaptive w)",r12_s2_fixed040_s1,56.3343,-15.6707,-16.2005,Correction + product
1.0,S2 | round<=30,"conditional (raw edge, adaptive w)",r12_s2_fixed040_s2,62.2835,-7.7781,-8.8504,Correction + product
1.0,S2 | round>30,conditional (adaptive w),r12_s2_fixed040_s0,70.1477,-0.5700,-0.4852,Correction + fixed w 0.5
1.0,S2 | round>30,conditional (adaptive w),r12_s2_fixed040_s1,71.2991,-0.5816,-0.5714,Correction + fixed w 0.5
1.0,S2 | round>30,conditional (adaptive w),r12_s2_fixed040_s2,72.4499,-0.8221,-0.9629,Correction + fixed w 0.5
1.0,S2 | round>30,conditional (fixed w 0.5),r12_s2_fixed040_s0,69.9725,-0.7452,-0.6604,Correction + fixed w 0.5
1.0,S2 | round>30,conditional (fixed w 0.5),r12_s2_fixed040_s1,71.1070,-0.7737,-0.7635,Correction + fixed w 0.5
1.0,S2 | round>30,conditional (fixed w 0.5),r12_s2_fixed040_s2,72.3566,-0.9153,-1.0561,Correction + fixed w 0.5
1.0,S2 | round>30,"conditional (raw edge, adaptive w)",r12_s2_fixed040_s0,64.0995,-6.6183,-6.5334,Correction + fixed w 0.5
1.0,S2 | round>30,"conditional (raw edge, adaptive w)",r12_s2_fixed040_s1,68.4757,-3.4051,-3.3949,Correction + fixed w 0.5
1.0,S2 | round>30,"conditional (raw edge, adaptive w)",r12_s2_fixed040_s2,70.8303,-2.4416,-2.5824,Correction + fixed w 0.5
1.0,S2 | round>50,conditional (adaptive w),r12_s2_fixed040_s0,70.0308,-0.4449,-0.3420,Correction + fixed w 0.5
1.0,S2 | round>50,conditional (adaptive w),r12_s2_fixed040_s1,71.0281,-0.4885,-0.4714,Correction + fixed w 0.5
1.0,S2 | round>50,conditional (adaptive w),r12_s2_fixed040_s2,72.6012,-0.6292,-0.6898,Correction + fixed w 0.5
1.0,S2 | round>50,conditional (fixed w 0.5),r12_s2_fixed040_s0,69.8499,-0.6259,-0.5229,Correction + fixed w 0.5
1.0,S2 | round>50,conditional (fixed w 0.5),r12_s2_fixed040_s1,70.8151,-0.7015,-0.6844,Correction + fixed w 0.5
1.0,S2 | round>50,conditional (fixed w 0.5),r12_s2_fixed040_s2,72.4989,-0.7315,-0.7920,Correction + fixed w 0.5
1.0,S2 | round>50,"conditional (raw edge, adaptive w)",r12_s2_fixed040_s0,64.8703,-5.6054,-5.5025,Correction + fixed w 0.5
1.0,S2 | round>50,"conditional (raw edge, adaptive w)",r12_s2_fixed040_s1,68.5892,-2.9274,-2.9102,Correction + fixed w 0.5
1.0,S2 | round>50,"conditional (raw edge, adaptive w)",r12_s2_fixed040_s2,71.3333,-1.8971,-1.9577,Correction + fixed w 0.5
1.0,S1-fast | full,conditional (adaptive w),r12_s1fast_fixed040_s0,69.6167,0.0432,0.1057,Correction + development w 0.2
1.0,S1-fast | full,conditional (adaptive w),r12_s1fast_fixed040_s1,69.3527,0.1455,0.0956,Correction + development w 0.2
1.0,S1-fast | full,conditional (adaptive w),r12_s1fast_fixed040_s2,67.8980,-0.2127,-0.1272,Correction + development w 0.2
1.0,S1-fast | full,conditional (fixed w 0.5),r12_s1fast_fixed040_s0,69.5335,-0.0400,0.0225,Correction + development w 0.2
1.0,S1-fast | full,conditional (fixed w 0.5),r12_s1fast_fixed040_s1,69.2564,0.0492,-0.0008,Correction + development w 0.2
1.0,S1-fast | full,conditional (fixed w 0.5),r12_s1fast_fixed040_s2,67.8629,-0.2478,-0.1622,Correction + development w 0.2
1.0,S1-fast | full,"conditional (raw edge, adaptive w)",r12_s1fast_fixed040_s0,63.2513,-6.3222,-6.2597,Correction + development w 0.2
1.0,S1-fast | full,"conditional (raw edge, adaptive w)",r12_s1fast_fixed040_s1,63.4910,-5.7162,-5.7662,Correction + development w 0.2
1.0,S1-fast | full,"conditional (raw edge, adaptive w)",r12_s1fast_fixed040_s2,62.5267,-5.5840,-5.4985,Correction + development w 0.2
1.0,S1-fast | round<=30,conditional (adaptive w),r12_s1fast_fixed040_s0,72.1890,-2.0662,-2.3289,Correction + product
1.0,S1-fast | round<=30,conditional (adaptive w),r12_s1fast_fixed040_s1,71.7953,-2.0896,-2.3819,Correction + product
1.0,S1-fast | round<=30,conditional (adaptive w),r12_s1fast_fixed040_s2,69.9730,-1.9005,-2.2308,Correction + product
1.0,S1-fast | round<=30,conditional (fixed w 0.5),r12_s1fast_fixed040_s0,72.1858,-2.0693,-2.3321,Correction + product
1.0,S1-fast | round<=30,conditional (fixed w 0.5),r12_s1fast_fixed040_s1,71.7792,-2.1056,-2.3979,Correction + product
1.0,S1-fast | round<=30,conditional (fixed w 0.5),r12_s1fast_fixed040_s2,69.9768,-1.8967,-2.2269,Correction + product
1.0,S1-fast | round<=30,"conditional (raw edge, adaptive w)",r12_s1fast_fixed040_s0,55.0438,-19.2113,-19.4741,Correction + product
1.0,S1-fast | round<=30,"conditional (raw edge, adaptive w)",r12_s1fast_fixed040_s1,53.5804,-20.3044,-20.5967,Correction + product
1.0,S1-fast | round<=30,"conditional (raw edge, adaptive w)",r12_s1fast_fixed040_s2,59.4459,-12.4276,-12.7578,Correction + product
1.0,S1-fast | round>30,conditional (adaptive w),r12_s1fast_fixed040_s0,68.8665,0.6585,-0.0774,Corrected edge only
1.0,S1-fast | round>30,conditional (adaptive w),r12_s1fast_fixed040_s1,68.6403,0.7974,-0.1572,Corrected edge only
1.0,S1-fast | round>30,conditional (adaptive w),r12_s1fast_fixed040_s2,67.2928,0.2796,-0.0451,Corrected edge only
1.0,S1-fast | round>30,conditional (fixed w 0.5),r12_s1fast_fixed040_s0,68.7599,0.5519,-0.1840,Corrected edge only
1.0,S1-fast | round>30,conditional (fixed w 0.5),r12_s1fast_fixed040_s1,68.5206,0.6777,-0.2769,Corrected edge only
1.0,S1-fast | round>30,conditional (fixed w 0.5),r12_s1fast_fixed040_s2,67.2464,0.2332,-0.0916,Corrected edge only
1.0,S1-fast | round>30,"conditional (raw edge, adaptive w)",r12_s1fast_fixed040_s0,65.6452,-2.5628,-3.2988,Corrected edge only
1.0,S1-fast | round>30,"conditional (raw edge, adaptive w)",r12_s1fast_fixed040_s1,66.3815,-1.4614,-2.4159,Corrected edge only
1.0,S1-fast | round>30,"conditional (raw edge, adaptive w)",r12_s1fast_fixed040_s2,63.4253,-3.5879,-3.9127,Corrected edge only
1.0,S1-fast | round>50,conditional (adaptive w),r12_s1fast_fixed040_s0,69.8632,0.7364,-0.0887,Corrected edge only
1.0,S1-fast | round>50,conditional (adaptive w),r12_s1fast_fixed040_s1,69.5818,0.7912,-0.1761,Corrected edge only
1.0,S1-fast | round>50,conditional (adaptive w),r12_s1fast_fixed040_s2,68.5037,0.4256,-0.0945,Corrected edge only
1.0,S1-fast | round>50,conditional (fixed w 0.5),r12_s1fast_fixed040_s0,69.7519,0.6251,-0.2000,Corrected edge only
1.0,S1-fast | round>50,conditional (fixed w 0.5),r12_s1fast_fixed040_s1,69.4460,0.6554,-0.3119,Corrected edge only
1.0,S1-fast | round>50,conditional (fixed w 0.5),r12_s1fast_fixed040_s2,68.4376,0.3595,-0.1605,Corrected edge only
1.0,S1-fast | round>50,"conditional (raw edge, adaptive w)",r12_s1fast_fixed040_s0,67.2338,-1.8930,-2.7181,Corrected edge only
1.0,S1-fast | round>50,"conditional (raw edge, adaptive w)",r12_s1fast_fixed040_s1,67.7268,-1.0639,-2.0312,Corrected edge only
1.0,S1-fast | round>50,"conditional (raw edge, adaptive w)",r12_s1fast_fixed040_s2,65.3641,-2.7140,-3.2341,Corrected edge only
1.0,partial participation | full,conditional (adaptive w),r12_s4part05_fixed040_s0,64.3741,-0.5957,-0.5816,Correction + fixed w 0.5
1.0,partial participation | full,conditional (adaptive w),r12_s4part05_fixed040_s1,64.6274,-0.4905,-0.4607,Correction + fixed w 0.5
1.0,partial participation | full,conditional (adaptive w),r12_s4part05_fixed040_s2,63.5319,-0.8367,-0.9598,Correction + fixed w 0.5
1.0,partial participation | full,conditional (fixed w 0.5),r12_s4part05_fixed040_s0,64.3818,-0.5880,-0.5739,Correction + fixed w 0.5
1.0,partial participation | full,conditional (fixed w 0.5),r12_s4part05_fixed040_s1,64.5845,-0.5334,-0.5036,Correction + fixed w 0.5
1.0,partial participation | full,conditional (fixed w 0.5),r12_s4part05_fixed040_s2,63.5516,-0.8171,-0.9401,Correction + fixed w 0.5
1.0,partial participation | full,"conditional (raw edge, adaptive w)",r12_s4part05_fixed040_s0,56.6205,-8.3492,-8.3351,Correction + fixed w 0.5
1.0,partial participation | full,"conditional (raw edge, adaptive w)",r12_s4part05_fixed040_s1,56.4238,-8.6941,-8.6642,Correction + fixed w 0.5
1.0,partial participation | full,"conditional (raw edge, adaptive w)",r12_s4part05_fixed040_s2,55.9424,-8.4263,-8.5493,Correction + fixed w 0.5
1.0,partial participation | round<=30,conditional (adaptive w),r12_s4part05_fixed040_s0,65.0555,-2.7096,-3.7056,Correction + product
1.0,partial participation | round<=30,conditional (adaptive w),r12_s4part05_fixed040_s1,66.3524,-2.3379,-3.0374,Correction + product
1.0,partial participation | round<=30,conditional (adaptive w),r12_s4part05_fixed040_s2,65.7296,-1.6381,-2.2568,Correction + product
1.0,partial participation | round<=30,conditional (fixed w 0.5),r12_s4part05_fixed040_s0,65.2659,-2.4992,-3.4952,Correction + product
1.0,partial participation | round<=30,conditional (fixed w 0.5),r12_s4part05_fixed040_s1,66.4404,-2.2499,-2.9494,Correction + product
1.0,partial participation | round<=30,conditional (fixed w 0.5),r12_s4part05_fixed040_s2,65.8696,-1.4982,-2.1168,Correction + product
1.0,partial participation | round<=30,"conditional (raw edge, adaptive w)",r12_s4part05_fixed040_s0,48.0717,-19.6934,-20.6894,Correction + product
1.0,partial participation | round<=30,"conditional (raw edge, adaptive w)",r12_s4part05_fixed040_s1,48.7541,-19.9362,-20.6357,Correction + product
1.0,partial participation | round<=30,"conditional (raw edge, adaptive w)",r12_s4part05_fixed040_s2,54.1196,-13.2482,-13.8668,Correction + product
1.0,partial participation | round>30,conditional (adaptive w),r12_s4part05_fixed040_s0,64.1753,0.0209,-0.0390,Correction + development w 0.2
1.0,partial participation | round>30,conditional (adaptive w),r12_s4part05_fixed040_s1,64.1242,0.0483,-0.1410,Correction + development w 0.2
1.0,partial participation | round>30,conditional (adaptive w),r12_s4part05_fixed040_s2,62.8909,-0.6030,-0.2984,Correction + development w 0.2
1.0,partial participation | round>30,conditional (fixed w 0.5),r12_s4part05_fixed040_s0,64.1239,-0.0305,-0.0904,Correction + development w 0.2
1.0,partial participation | round>30,conditional (fixed w 0.5),r12_s4part05_fixed040_s1,64.0432,-0.0328,-0.2220,Correction + development w 0.2
1.0,partial participation | round>30,conditional (fixed w 0.5),r12_s4part05_fixed040_s2,62.8755,-0.6184,-0.3138,Correction + development w 0.2
1.0,partial participation | round>30,"conditional (raw edge, adaptive w)",r12_s4part05_fixed040_s0,59.1139,-5.0405,-5.1004,Correction + development w 0.2
1.0,partial participation | round>30,"conditional (raw edge, adaptive w)",r12_s4part05_fixed040_s1,58.6608,-5.4151,-5.6044,Correction + development w 0.2
1.0,partial participation | round>30,"conditional (raw edge, adaptive w)",r12_s4part05_fixed040_s2,56.4741,-7.0198,-6.7152,Correction + development w 0.2
1.0,partial participation | round>50,conditional (adaptive w),r12_s4part05_fixed040_s0,65.2185,0.0429,-0.0699,Correction + development w 0.2
1.0,partial participation | round>50,conditional (adaptive w),r12_s4part05_fixed040_s1,65.5285,0.2148,-0.0880,Correction + development w 0.2
1.0,partial participation | round>50,conditional (adaptive w),r12_s4part05_fixed040_s2,64.0587,-0.4304,-0.2697,Correction + development w 0.2
1.0,partial participation | round>50,conditional (fixed w 0.5),r12_s4part05_fixed040_s0,65.1396,-0.0360,-0.1488,Correction + development w 0.2
1.0,partial participation | round>50,conditional (fixed w 0.5),r12_s4part05_fixed040_s1,65.4323,0.1186,-0.1842,Correction + development w 0.2
1.0,partial participation | round>50,conditional (fixed w 0.5),r12_s4part05_fixed040_s2,64.0299,-0.4592,-0.2985,Correction + development w 0.2
1.0,partial participation | round>50,"conditional (raw edge, adaptive w)",r12_s4part05_fixed040_s0,60.6068,-4.5688,-4.6816,Correction + development w 0.2
1.0,partial participation | round>50,"conditional (raw edge, adaptive w)",r12_s4part05_fixed040_s1,60.7943,-4.5194,-4.8222,Correction + development w 0.2
1.0,partial participation | round>50,"conditional (raw edge, adaptive w)",r12_s4part05_fixed040_s2,58.1738,-6.3154,-6.1546,Correction + development w 0.2
1.0,stepwise change | full,conditional (adaptive w),r12_t1_A_fx40_s0,73.7827,-0.1917,0.0209,Correction + fixed w 0.5
1.0,stepwise change | full,conditional (adaptive w),r12_t1_A_fx40_s1,72.1537,-0.0256,0.1737,Correction + fixed w 0.5
1.0,stepwise change | full,conditional (adaptive w),r12_t1_A_fx40_s2,71.6146,-0.3460,-0.2542,Correction + fixed w 0.5
1.0,stepwise change | full,conditional (adaptive w),r12_t1_A_fx40_s3,68.5354,-0.4743,-0.4734,Correction + fixed w 0.5
1.0,stepwise change | full,conditional (adaptive w),r12_t1_A_fx40_s4,74.5188,-0.1390,0.0657,Correction + fixed w 0.5
1.0,stepwise change | full,conditional (fixed w 0.5),r12_t1_A_fx40_s0,73.6946,-0.2798,-0.0672,Correction + fixed w 0.5
1.0,stepwise change | full,conditional (fixed w 0.5),r12_t1_A_fx40_s1,72.0625,-0.1168,0.0825,Correction + fixed w 0.5
1.0,stepwise change | full,conditional (fixed w 0.5),r12_t1_A_fx40_s2,71.5516,-0.4090,-0.3171,Correction + fixed w 0.5
1.0,stepwise change | full,conditional (fixed w 0.5),r12_t1_A_fx40_s3,68.4669,-0.5429,-0.5419,Correction + fixed w 0.5
1.0,stepwise change | full,conditional (fixed w 0.5),r12_t1_A_fx40_s4,74.4432,-0.2146,-0.0099,Correction + fixed w 0.5
1.0,stepwise change | full,"conditional (raw edge, adaptive w)",r12_t1_A_fx40_s0,65.9064,-8.0680,-7.8554,Correction + fixed w 0.5
1.0,stepwise change | full,"conditional (raw edge, adaptive w)",r12_t1_A_fx40_s1,64.6938,-7.4855,-7.2862,Correction + fixed w 0.5
1.0,stepwise change | full,"conditional (raw edge, adaptive w)",r12_t1_A_fx40_s2,65.2825,-6.6781,-6.5863,Correction + fixed w 0.5
1.0,stepwise change | full,"conditional (raw edge, adaptive w)",r12_t1_A_fx40_s3,62.5130,-6.4968,-6.4958,Correction + fixed w 0.5
1.0,stepwise change | full,"conditional (raw edge, adaptive w)",r12_t1_A_fx40_s4,68.2768,-6.3811,-6.1763,Correction + fixed w 0.5
1.0,stepwise change | round<=30,conditional (adaptive w),r12_t1_A_fx40_s0,81.8253,-2.4519,-3.0459,Correction + product
1.0,stepwise change | round<=30,conditional (adaptive w),r12_t1_A_fx40_s1,81.5391,-1.9206,-2.3241,Correction + product
1.0,stepwise change | round<=30,conditional (adaptive w),r12_t1_A_fx40_s2,78.8888,-2.5275,-3.1978,Correction + product
1.0,stepwise change | round<=30,conditional (adaptive w),r12_t1_A_fx40_s3,75.8025,-1.7325,-2.2244,Correction + product
1.0,stepwise change | round<=30,conditional (adaptive w),r12_t1_A_fx40_s4,82.0041,-2.3641,-3.0559,Correction + product
1.0,stepwise change | round<=30,conditional (fixed w 0.5),r12_t1_A_fx40_s0,81.7716,-2.5056,-3.0997,Correction + product
1.0,stepwise change | round<=30,conditional (fixed w 0.5),r12_t1_A_fx40_s1,81.5253,-1.9344,-2.3378,Correction + product
1.0,stepwise change | round<=30,conditional (fixed w 0.5),r12_t1_A_fx40_s2,78.8994,-2.5169,-3.1872,Correction + product
1.0,stepwise change | round<=30,conditional (fixed w 0.5),r12_t1_A_fx40_s3,75.7462,-1.7888,-2.2806,Correction + product
1.0,stepwise change | round<=30,conditional (fixed w 0.5),r12_t1_A_fx40_s4,81.9566,-2.4116,-3.1034,Correction + product
1.0,stepwise change | round<=30,"conditional (raw edge, adaptive w)",r12_t1_A_fx40_s0,56.7963,-27.4809,-28.0750,Correction + product
1.0,stepwise change | round<=30,"conditional (raw edge, adaptive w)",r12_t1_A_fx40_s1,56.3000,-27.1597,-27.5631,Correction + product
1.0,stepwise change | round<=30,"conditional (raw edge, adaptive w)",r12_t1_A_fx40_s2,59.8678,-21.5484,-22.2188,Correction + product
1.0,stepwise change | round<=30,"conditional (raw edge, adaptive w)",r12_t1_A_fx40_s3,56.7956,-20.7394,-21.2312,Correction + product
1.0,stepwise change | round<=30,"conditional (raw edge, adaptive w)",r12_t1_A_fx40_s4,62.1359,-22.2322,-22.9241,Correction + product
1.0,stepwise change | round>30,conditional (adaptive w),r12_t1_A_fx40_s0,71.1018,0.5617,0.0102,Corrected edge only
1.0,stepwise change | round>30,conditional (adaptive w),r12_t1_A_fx40_s1,69.0252,0.6060,-0.2604,Corrected edge only
1.0,stepwise change | round>30,conditional (adaptive w),r12_t1_A_fx40_s2,69.1899,0.3812,-0.0436,Corrected edge only
1.0,stepwise change | round>30,conditional (adaptive w),r12_t1_A_fx40_s3,66.1131,-0.0549,0.0424,Corrected edge only
1.0,stepwise change | round>30,conditional (adaptive w),r12_t1_A_fx40_s4,72.0238,0.6026,-0.0455,Corrected edge only
1.0,stepwise change | round>30,conditional (fixed w 0.5),r12_t1_A_fx40_s0,71.0022,0.4622,-0.0893,Corrected edge only
1.0,stepwise change | round>30,conditional (fixed w 0.5),r12_t1_A_fx40_s1,68.9082,0.4890,-0.3774,Corrected edge only
1.0,stepwise change | round>30,conditional (fixed w 0.5),r12_t1_A_fx40_s2,69.1024,0.2937,-0.1311,Corrected edge only
1.0,stepwise change | round>30,conditional (fixed w 0.5),r12_t1_A_fx40_s3,66.0404,-0.1276,-0.0303,Corrected edge only
1.0,stepwise change | round>30,conditional (fixed w 0.5),r12_t1_A_fx40_s4,71.9388,0.5177,-0.1305,Corrected edge only
1.0,stepwise change | round>30,"conditional (raw edge, adaptive w)",r12_t1_A_fx40_s0,68.9431,-1.5970,-2.1485,Corrected edge only
1.0,stepwise change | round>30,"conditional (raw edge, adaptive w)",r12_t1_A_fx40_s1,67.4918,-0.9274,-1.7939,Corrected edge only
1.0,stepwise change | round>30,"conditional (raw edge, adaptive w)",r12_t1_A_fx40_s2,67.0874,-1.7213,-2.1461,Corrected edge only
1.0,stepwise change | round>30,"conditional (raw edge, adaptive w)",r12_t1_A_fx40_s3,64.4188,-1.7492,-1.6519,Corrected edge only
1.0,stepwise change | round>30,"conditional (raw edge, adaptive w)",r12_t1_A_fx40_s4,70.3238,-1.0974,-1.7455,Corrected edge only
1.0,stepwise change | round>50,conditional (adaptive w),r12_t1_A_fx40_s0,72.2697,0.6306,0.0107,Corrected edge only
1.0,stepwise change | round>50,conditional (adaptive w),r12_t1_A_fx40_s1,70.1283,0.6299,-0.2536,Corrected edge only
1.0,stepwise change | round>50,conditional (adaptive w),r12_t1_A_fx40_s2,70.1215,0.4000,-0.0650,Corrected edge only
1.0,stepwise change | round>50,conditional (adaptive w),r12_t1_A_fx40_s3,67.1166,-0.0768,0.0134,Corrected edge only
1.0,stepwise change | round>50,conditional (adaptive w),r12_t1_A_fx40_s4,73.0992,0.6577,-0.0373,Corrected edge only
1.0,stepwise change | round>50,conditional (fixed w 0.5),r12_t1_A_fx40_s0,72.1601,0.5210,-0.0989,Corrected edge only
1.0,stepwise change | round>50,conditional (fixed w 0.5),r12_t1_A_fx40_s1,69.9995,0.5011,-0.3823,Corrected edge only
1.0,stepwise change | round>50,conditional (fixed w 0.5),r12_t1_A_fx40_s2,70.0241,0.3026,-0.1624,Corrected edge only
1.0,stepwise change | round>50,conditional (fixed w 0.5),r12_t1_A_fx40_s3,67.0343,-0.1590,-0.0689,Corrected edge only
1.0,stepwise change | round>50,conditional (fixed w 0.5),r12_t1_A_fx40_s4,73.0084,0.5670,-0.1281,Corrected edge only
1.0,stepwise change | round>50,"conditional (raw edge, adaptive w)",r12_t1_A_fx40_s0,70.4381,-1.2010,-1.8209,Corrected edge only
1.0,stepwise change | round>50,"conditional (raw edge, adaptive w)",r12_t1_A_fx40_s1,68.9846,-0.5138,-1.3973,Corrected edge only
1.0,stepwise change | round>50,"conditional (raw edge, adaptive w)",r12_t1_A_fx40_s2,68.3779,-1.3437,-1.8086,Corrected edge only
1.0,stepwise change | round>50,"conditional (raw edge, adaptive w)",r12_t1_A_fx40_s3,65.4639,-1.7294,-1.6393,Corrected edge only
1.0,stepwise change | round>50,"conditional (raw edge, adaptive w)",r12_t1_A_fx40_s4,71.6493,-0.7922,-1.4872,Corrected edge only
1.0,random mobility | full,conditional (adaptive w),r12_t1_mob_fx40_s0,71.7544,-0.1390,0.0633,Correction + fixed w 0.5
1.0,random mobility | full,conditional (adaptive w),r12_t1_mob_fx40_s1,71.1638,-0.0414,0.0538,Correction + fixed w 0.5
1.0,random mobility | full,conditional (adaptive w),r12_t1_mob_fx40_s2,70.1577,-0.0250,0.0927,Correction + fixed w 0.5
1.0,random mobility | full,conditional (fixed w 0.5),r12_t1_mob_fx40_s0,71.7232,-0.1701,0.0321,Correction + fixed w 0.5
1.0,random mobility | full,conditional (fixed w 0.5),r12_t1_mob_fx40_s1,71.1304,-0.0747,0.0205,Correction + fixed w 0.5
1.0,random mobility | full,conditional (fixed w 0.5),r12_t1_mob_fx40_s2,70.1704,-0.0123,0.1054,Correction + fixed w 0.5
1.0,random mobility | full,"conditional (raw edge, adaptive w)",r12_t1_mob_fx40_s0,58.5636,-13.3298,-13.1275,Correction + fixed w 0.5
1.0,random mobility | full,"conditional (raw edge, adaptive w)",r12_t1_mob_fx40_s1,59.0846,-12.1206,-12.0254,Correction + fixed w 0.5
1.0,random mobility | full,"conditional (raw edge, adaptive w)",r12_t1_mob_fx40_s2,58.5356,-11.6471,-11.5295,Correction + fixed w 0.5
1.0,random mobility | round<=30,conditional (adaptive w),r12_t1_mob_fx40_s0,82.7481,-1.7816,-2.2756,Correction + product
1.0,random mobility | round<=30,conditional (adaptive w),r12_t1_mob_fx40_s1,82.6988,-1.5209,-1.7403,Correction + product
1.0,random mobility | round<=30,conditional (adaptive w),r12_t1_mob_fx40_s2,81.2100,-1.7669,-2.1797,Correction + product
1.0,random mobility | round<=30,conditional (fixed w 0.5),r12_t1_mob_fx40_s0,82.7775,-1.7522,-2.2462,Correction + product
1.0,random mobility | round<=30,conditional (fixed w 0.5),r12_t1_mob_fx40_s1,82.6847,-1.5350,-1.7544,Correction + product
1.0,random mobility | round<=30,conditional (fixed w 0.5),r12_t1_mob_fx40_s2,81.2928,-1.6841,-2.0969,Correction + product
1.0,random mobility | round<=30,"conditional (raw edge, adaptive w)",r12_t1_mob_fx40_s0,51.4334,-33.0962,-33.5903,Correction + product
1.0,random mobility | round<=30,"conditional (raw edge, adaptive w)",r12_t1_mob_fx40_s1,51.5172,-32.7025,-32.9219,Correction + product
1.0,random mobility | round<=30,"conditional (raw edge, adaptive w)",r12_t1_mob_fx40_s2,55.3097,-27.6672,-28.0800,Correction + product
1.0,random mobility | round>30,conditional (adaptive w),r12_t1_mob_fx40_s0,66.8683,0.5911,0.0871,Corrected edge only
1.0,random mobility | round>30,conditional (adaptive w),r12_t1_mob_fx40_s1,66.0371,0.6162,-0.1327,Corrected edge only
1.0,random mobility | round>30,conditional (adaptive w),r12_t1_mob_fx40_s2,65.2456,0.7492,0.0579,Corrected edge only
1.0,random mobility | round>30,conditional (fixed w 0.5),r12_t1_mob_fx40_s0,66.8102,0.5330,0.0291,Corrected edge only
1.0,random mobility | round>30,conditional (fixed w 0.5),r12_t1_mob_fx40_s1,65.9952,0.5743,-0.1746,Corrected edge only
1.0,random mobility | round>30,conditional (fixed w 0.5),r12_t1_mob_fx40_s2,65.2271,0.7308,0.0394,Corrected edge only
1.0,random mobility | round>30,"conditional (raw edge, adaptive w)",r12_t1_mob_fx40_s0,61.7325,-4.5447,-5.0487,Corrected edge only
1.0,random mobility | round>30,"conditional (raw edge, adaptive w)",r12_t1_mob_fx40_s1,62.4478,-2.9731,-3.7220,Corrected edge only
1.0,random mobility | round>30,"conditional (raw edge, adaptive w)",r12_t1_mob_fx40_s2,59.9693,-4.5271,-5.2184,Corrected edge only
1.0,random mobility | round>50,conditional (adaptive w),r12_t1_mob_fx40_s0,61.4992,1.5555,-0.3248,No correction + adaptive w
1.0,random mobility | round>50,conditional (adaptive w),r12_t1_mob_fx40_s1,59.8313,1.2457,-0.3550,No correction + adaptive w
1.0,random mobility | round>50,conditional (adaptive w),r12_t1_mob_fx40_s2,59.4522,1.5463,-0.2964,No correction + adaptive w
1.0,random mobility | round>50,conditional (fixed w 0.5),r12_t1_mob_fx40_s0,61.4394,1.4956,-0.3847,No correction + adaptive w
1.0,random mobility | round>50,conditional (fixed w 0.5),r12_t1_mob_fx40_s1,59.7844,1.1987,-0.4020,No correction + adaptive w
1.0,random mobility | round>50,conditional (fixed w 0.5),r12_t1_mob_fx40_s2,59.4210,1.5151,-0.3277,No correction + adaptive w
1.0,random mobility | round>50,"conditional (raw edge, adaptive w)",r12_t1_mob_fx40_s0,60.3730,0.4293,-1.4510,No correction + adaptive w
1.0,random mobility | round>50,"conditional (raw edge, adaptive w)",r12_t1_mob_fx40_s1,60.4669,1.8812,0.2805,No correction + adaptive w
1.0,random mobility | round>50,"conditional (raw edge, adaptive w)",r12_t1_mob_fx40_s2,58.3196,0.4138,-1.4290,No correction + adaptive w
1.0,CIFAR-100 | full,conditional (adaptive w),r13b_c100_s0,41.5095,-0.4329,-0.8680,Correction + product
1.0,CIFAR-100 | full,conditional (adaptive w),r13b_c100_s1,40.2432,-0.4590,-0.9841,Correction + product
1.0,CIFAR-100 | full,conditional (adaptive w),r13b_c100_s2,40.6362,-0.5842,-0.9587,Correction + product
1.0,CIFAR-100 | full,conditional (fixed w 0.5),r13b_c100_s0,41.3377,-0.6046,-1.0398,Correction + product
1.0,CIFAR-100 | full,conditional (fixed w 0.5),r13b_c100_s1,40.0827,-0.6195,-1.1446,Correction + product
1.0,CIFAR-100 | full,conditional (fixed w 0.5),r13b_c100_s2,40.3887,-0.8317,-1.2062,Correction + product
1.0,CIFAR-100 | full,"conditional (raw edge, adaptive w)",r13b_c100_s0,35.3968,-6.5455,-6.9807,Correction + product
1.0,CIFAR-100 | full,"conditional (raw edge, adaptive w)",r13b_c100_s1,33.8156,-6.8866,-7.4117,Correction + product
1.0,CIFAR-100 | full,"conditional (raw edge, adaptive w)",r13b_c100_s2,33.0887,-8.1317,-8.5062,Correction + product
1.0,CIFAR-100 | round<=30,conditional (adaptive w),r13b_c100_s0,27.7366,-0.2572,-1.3182,Correction + product
1.0,CIFAR-100 | round<=30,conditional (adaptive w),r13b_c100_s1,27.5243,-0.1096,-1.3765,Correction + product
1.0,CIFAR-100 | round<=30,conditional (adaptive w),r13b_c100_s2,27.2616,-0.3109,-1.3190,Correction + product
1.0,CIFAR-100 | round<=30,conditional (fixed w 0.5),r13b_c100_s0,27.6734,-0.3204,-1.3814,Correction + product
1.0,CIFAR-100 | round<=30,conditional (fixed w 0.5),r13b_c100_s1,27.4940,-0.1398,-1.4067,Correction + product
1.0,CIFAR-100 | round<=30,conditional (fixed w 0.5),r13b_c100_s2,27.1557,-0.4167,-1.4248,Correction + product
1.0,CIFAR-100 | round<=30,"conditional (raw edge, adaptive w)",r13b_c100_s0,18.9821,-9.0117,-10.0728,Correction + product
1.0,CIFAR-100 | round<=30,"conditional (raw edge, adaptive w)",r13b_c100_s1,18.3309,-9.3030,-10.5699,Correction + product
1.0,CIFAR-100 | round<=30,"conditional (raw edge, adaptive w)",r13b_c100_s2,16.9302,-10.6423,-11.6503,Correction + product
1.0,CIFAR-100 | round>30,conditional (adaptive w),r13b_c100_s0,45.5265,-0.4841,-0.7367,Correction + product
1.0,CIFAR-100 | round>30,conditional (adaptive w),r13b_c100_s1,43.9529,-0.5609,-0.8696,Correction + product
1.0,CIFAR-100 | round>30,conditional (adaptive w),r13b_c100_s2,44.5371,-0.6639,-0.8536,Correction + product
1.0,CIFAR-100 | round>30,conditional (fixed w 0.5),r13b_c100_s0,45.3231,-0.6875,-0.9401,Correction + product
1.0,CIFAR-100 | round>30,conditional (fixed w 0.5),r13b_c100_s1,43.7544,-0.7594,-1.0682,Correction + product
1.0,CIFAR-100 | round>30,conditional (fixed w 0.5),r13b_c100_s2,44.2483,-0.9527,-1.1424,Correction + product
1.0,CIFAR-100 | round>30,"conditional (raw edge, adaptive w)",r13b_c100_s0,40.1844,-5.8262,-6.0788,Correction + product
1.0,CIFAR-100 | round>30,"conditional (raw edge, adaptive w)",r13b_c100_s1,38.3320,-6.1818,-6.4906,Correction + product
1.0,CIFAR-100 | round>30,"conditional (raw edge, adaptive w)",r13b_c100_s2,37.8016,-7.3994,-7.5891,Correction + product
1.0,CIFAR-100 | round>50,conditional (adaptive w),r13b_c100_s0,47.2377,-0.5248,-0.8122,Correction + product
1.0,CIFAR-100 | round>50,conditional (adaptive w),r13b_c100_s1,45.5218,-0.6081,-0.9763,Correction + product
1.0,CIFAR-100 | round>50,conditional (adaptive w),r13b_c100_s2,46.1652,-0.6963,-0.9355,Correction + product
1.0,CIFAR-100 | round>50,conditional (fixed w 0.5),r13b_c100_s0,47.0254,-0.7370,-1.0245,Correction + product
1.0,CIFAR-100 | round>50,conditional (fixed w 0.5),r13b_c100_s1,45.3151,-0.8148,-1.1830,Correction + product
1.0,CIFAR-100 | round>50,conditional (fixed w 0.5),r13b_c100_s2,45.8636,-0.9979,-1.2371,Correction + product
1.0,CIFAR-100 | round>50,"conditional (raw edge, adaptive w)",r13b_c100_s0,42.1982,-5.5642,-5.8517,Correction + product
1.0,CIFAR-100 | round>50,"conditional (raw edge, adaptive w)",r13b_c100_s1,40.1530,-5.9769,-6.3451,Correction + product
1.0,CIFAR-100 | round>50,"conditional (raw edge, adaptive w)",r13b_c100_s2,39.7198,-7.1418,-7.3810,Correction + product
1.0,ResNet-18 | full,conditional (adaptive w),r12_e2_res_fx40_A_s0,63.2154,-1.9265,-1.8867,Correction + fixed w 0.5
1.0,ResNet-18 | full,conditional (adaptive w),r12_e2_res_fx40_A_s1,59.3217,-5.2053,-5.3124,Correction + fixed w 0.5
1.0,ResNet-18 | full,conditional (adaptive w),r12_e2_res_fx40_A_s2,64.7936,-5.4563,-5.5886,Correction + fixed w 0.5
1.0,ResNet-18 | full,conditional (fixed w 0.5),r12_e2_res_fx40_A_s0,63.0946,-2.0473,-2.0076,Correction + fixed w 0.5
1.0,ResNet-18 | full,conditional (fixed w 0.5),r12_e2_res_fx40_A_s1,59.4581,-5.0689,-5.1760,Correction + fixed w 0.5
1.0,ResNet-18 | full,conditional (fixed w 0.5),r12_e2_res_fx40_A_s2,64.8151,-5.4349,-5.5671,Correction + fixed w 0.5
1.0,ResNet-18 | full,"conditional (raw edge, adaptive w)",r12_e2_res_fx40_A_s0,59.6765,-5.4654,-5.4257,Correction + fixed w 0.5
1.0,ResNet-18 | full,"conditional (raw edge, adaptive w)",r12_e2_res_fx40_A_s1,53.4903,-11.0367,-11.1438,Correction + fixed w 0.5
1.0,ResNet-18 | full,"conditional (raw edge, adaptive w)",r12_e2_res_fx40_A_s2,59.2850,-10.9650,-11.0972,Correction + fixed w 0.5
1.0,ResNet-18 | round<=30,conditional (adaptive w),r12_e2_res_fx40_A_s0,70.3135,-4.8906,-4.1289,Correction + fixed w 0.5
1.0,ResNet-18 | round<=30,conditional (adaptive w),r12_e2_res_fx40_A_s1,64.9941,-10.5596,-9.8281,Correction + fixed w 0.5
1.0,ResNet-18 | round<=30,conditional (adaptive w),r12_e2_res_fx40_A_s2,76.2432,-8.1377,-7.9326,Correction + fixed w 0.5
1.0,ResNet-18 | round<=30,conditional (fixed w 0.5),r12_e2_res_fx40_A_s0,69.6289,-5.5752,-4.8135,Correction + fixed w 0.5
1.0,ResNet-18 | round<=30,conditional (fixed w 0.5),r12_e2_res_fx40_A_s1,64.5391,-11.0146,-10.2832,Correction + fixed w 0.5
1.0,ResNet-18 | round<=30,conditional (fixed w 0.5),r12_e2_res_fx40_A_s2,76.2070,-8.1738,-7.9688,Correction + fixed w 0.5
1.0,ResNet-18 | round<=30,"conditional (raw edge, adaptive w)",r12_e2_res_fx40_A_s0,61.7520,-13.4521,-12.6904,Correction + fixed w 0.5
1.0,ResNet-18 | round<=30,"conditional (raw edge, adaptive w)",r12_e2_res_fx40_A_s1,56.1523,-19.4014,-18.6699,Correction + fixed w 0.5
1.0,ResNet-18 | round<=30,"conditional (raw edge, adaptive w)",r12_e2_res_fx40_A_s2,63.9756,-20.4053,-20.2002,Correction + fixed w 0.5
1.0,ResNet-18 | round>30,conditional (adaptive w),r12_e2_res_fx40_A_s0,60.8494,-0.9385,-1.1393,Correction + fixed w 0.5
1.0,ResNet-18 | round>30,conditional (adaptive w),r12_e2_res_fx40_A_s1,57.4309,-3.4205,-3.8072,Correction + fixed w 0.5
1.0,ResNet-18 | round>30,conditional (adaptive w),r12_e2_res_fx40_A_s2,60.9771,-4.5625,-4.8072,Correction + fixed w 0.5
1.0,ResNet-18 | round>30,conditional (fixed w 0.5),r12_e2_res_fx40_A_s0,60.9165,-0.8714,-1.0722,Correction + fixed w 0.5
1.0,ResNet-18 | round>30,conditional (fixed w 0.5),r12_e2_res_fx40_A_s1,57.7645,-3.0869,-3.4736,Correction + fixed w 0.5
1.0,ResNet-18 | round>30,conditional (fixed w 0.5),r12_e2_res_fx40_A_s2,61.0177,-4.5219,-4.7666,Correction + fixed w 0.5
1.0,ResNet-18 | round>30,"conditional (raw edge, adaptive w)",r12_e2_res_fx40_A_s0,58.9847,-2.8032,-3.0041,Correction + fixed w 0.5
1.0,ResNet-18 | round>30,"conditional (raw edge, adaptive w)",r12_e2_res_fx40_A_s1,52.6030,-8.2484,-8.6351,Correction + fixed w 0.5
1.0,ResNet-18 | round>30,"conditional (raw edge, adaptive w)",r12_e2_res_fx40_A_s2,57.7214,-7.8182,-8.0629,Correction + fixed w 0.5
1.0,ResNet-18 | round>50,conditional (adaptive w),r12_e2_res_fx40_A_s0,61.8355,-0.9436,-1.1409,Correction + fixed w 0.5
1.0,ResNet-18 | round>50,conditional (adaptive w),r12_e2_res_fx40_A_s1,58.7843,-2.8226,-3.3150,Correction + fixed w 0.5
1.0,ResNet-18 | round>50,conditional (adaptive w),r12_e2_res_fx40_A_s2,61.8238,-4.5740,-4.8483,Correction + fixed w 0.5
1.0,ResNet-18 | round>50,conditional (fixed w 0.5),r12_e2_res_fx40_A_s0,61.9013,-0.8778,-1.0751,Correction + fixed w 0.5
1.0,ResNet-18 | round>50,conditional (fixed w 0.5),r12_e2_res_fx40_A_s1,59.1908,-2.4161,-2.9085,Correction + fixed w 0.5
1.0,ResNet-18 | round>50,conditional (fixed w 0.5),r12_e2_res_fx40_A_s2,61.8877,-4.5101,-4.7844,Correction + fixed w 0.5
1.0,ResNet-18 | round>50,"conditional (raw edge, adaptive w)",r12_e2_res_fx40_A_s0,59.9909,-2.7882,-2.9855,Correction + fixed w 0.5
1.0,ResNet-18 | round>50,"conditional (raw edge, adaptive w)",r12_e2_res_fx40_A_s1,54.0398,-7.5672,-8.0596,Correction + fixed w 0.5
1.0,ResNet-18 | round>50,"conditional (raw edge, adaptive w)",r12_e2_res_fx40_A_s2,58.6015,-7.7963,-8.0706,Correction + fixed w 0.5
1.0,K=200 | full,conditional (adaptive w),r12_s3k200_fixed040_s0,70.3986,0.5231,0.2653,Correction + development w 0.2
1.0,K=200 | full,conditional (adaptive w),r12_s3k200_fixed040_s1,70.2998,0.5336,0.2800,Correction + development w 0.2
1.0,K=200 | full,conditional (adaptive w),r12_s3k200_fixed040_s2,67.7999,0.4556,0.2727,Correction + development w 0.2
1.0,K=200 | full,conditional (fixed w 0.5),r12_s3k200_fixed040_s0,70.3023,0.4268,0.1690,Correction + development w 0.2
1.0,K=200 | full,conditional (fixed w 0.5),r12_s3k200_fixed040_s1,70.1924,0.4262,0.1726,Correction + development w 0.2
1.0,K=200 | full,conditional (fixed w 0.5),r12_s3k200_fixed040_s2,67.7241,0.3798,0.1969,Correction + development w 0.2
1.0,K=200 | full,"conditional (raw edge, adaptive w)",r12_s3k200_fixed040_s0,65.8538,-4.0218,-4.2796,Correction + development w 0.2
1.0,K=200 | full,"conditional (raw edge, adaptive w)",r12_s3k200_fixed040_s1,66.2127,-3.5536,-3.8072,Correction + development w 0.2
1.0,K=200 | full,"conditional (raw edge, adaptive w)",r12_s3k200_fixed040_s2,63.2265,-4.1179,-4.3007,Correction + development w 0.2
1.0,K=200 | round<=30,conditional (adaptive w),r12_s3k200_fixed040_s0,71.9855,-1.0864,-1.2384,Correction + product
1.0,K=200 | round<=30,conditional (adaptive w),r12_s3k200_fixed040_s1,70.8827,-1.2048,-1.4354,Correction + product
1.0,K=200 | round<=30,conditional (adaptive w),r12_s3k200_fixed040_s2,71.1787,-1.1179,-1.2738,Correction + product
1.0,K=200 | round<=30,conditional (fixed w 0.5),r12_s3k200_fixed040_s0,71.9661,-1.1058,-1.2578,Correction + product
1.0,K=200 | round<=30,conditional (fixed w 0.5),r12_s3k200_fixed040_s1,70.8813,-1.2062,-1.4367,Correction + product
1.0,K=200 | round<=30,conditional (fixed w 0.5),r12_s3k200_fixed040_s2,71.1533,-1.1433,-1.2992,Correction + product
1.0,K=200 | round<=30,"conditional (raw edge, adaptive w)",r12_s3k200_fixed040_s0,57.3054,-15.7665,-15.9186,Correction + product
1.0,K=200 | round<=30,"conditional (raw edge, adaptive w)",r12_s3k200_fixed040_s1,56.1486,-15.9389,-16.1695,Correction + product
1.0,K=200 | round<=30,"conditional (raw edge, adaptive w)",r12_s3k200_fixed040_s2,58.2777,-14.0189,-14.1748,Correction + product
1.0,K=200 | round>30,conditional (adaptive w),r12_s3k200_fixed040_s0,69.9358,0.9925,-0.0799,Corrected edge only
1.0,K=200 | round>30,conditional (adaptive w),r12_s3k200_fixed040_s1,70.1298,1.0406,-0.1289,Corrected edge only
1.0,K=200 | round>30,conditional (adaptive w),r12_s3k200_fixed040_s2,66.8145,0.9145,-0.0360,Corrected edge only
1.0,K=200 | round>30,conditional (fixed w 0.5),r12_s3k200_fixed040_s0,69.8171,0.8738,-0.1986,Corrected edge only
1.0,K=200 | round>30,conditional (fixed w 0.5),r12_s3k200_fixed040_s1,69.9915,0.9023,-0.2672,Corrected edge only
1.0,K=200 | round>30,conditional (fixed w 0.5),r12_s3k200_fixed040_s2,66.7240,0.8240,-0.1265,Corrected edge only
1.0,K=200 | round>30,"conditional (raw edge, adaptive w)",r12_s3k200_fixed040_s0,68.3471,-0.5962,-1.6686,Corrected edge only
1.0,K=200 | round>30,"conditional (raw edge, adaptive w)",r12_s3k200_fixed040_s1,69.1480,0.0588,-1.1106,Corrected edge only
1.0,K=200 | round>30,"conditional (raw edge, adaptive w)",r12_s3k200_fixed040_s2,64.6699,-1.2300,-2.1805,Corrected edge only
1.0,K=200 | round>50,conditional (adaptive w),r12_s3k200_fixed040_s0,70.9246,0.9649,-0.0968,Corrected edge only
1.0,K=200 | round>50,conditional (adaptive w),r12_s3k200_fixed040_s1,71.0423,1.0160,-0.1512,Corrected edge only
1.0,K=200 | round>50,conditional (adaptive w),r12_s3k200_fixed040_s2,67.7389,0.8888,-0.0448,Corrected edge only
1.0,K=200 | round>50,conditional (fixed w 0.5),r12_s3k200_fixed040_s0,70.7906,0.8309,-0.2308,Corrected edge only
1.0,K=200 | round>50,conditional (fixed w 0.5),r12_s3k200_fixed040_s1,70.8877,0.8613,-0.3059,Corrected edge only
1.0,K=200 | round>50,conditional (fixed w 0.5),r12_s3k200_fixed040_s2,67.6408,0.7906,-0.1429,Corrected edge only
1.0,K=200 | round>50,"conditional (raw edge, adaptive w)",r12_s3k200_fixed040_s0,69.8121,-0.1476,-1.2093,Corrected edge only
1.0,K=200 | round>50,"conditional (raw edge, adaptive w)",r12_s3k200_fixed040_s1,70.4571,0.4308,-0.7364,Corrected edge only
1.0,K=200 | round>50,"conditional (raw edge, adaptive w)",r12_s3k200_fixed040_s2,66.0906,-0.7596,-1.6931,Corrected edge only
1.0,K=500 | full,conditional (adaptive w),r12_s3k500_fixed040_s0,70.8401,0.6504,0.4097,No correction + adaptive w
1.0,K=500 | full,conditional (adaptive w),r12_s3k500_fixed040_s1,71.0335,0.7571,0.1902,No correction + adaptive w
1.0,K=500 | full,conditional (adaptive w),r12_s3k500_fixed040_s2,70.6804,0.8131,0.1606,No correction + adaptive w
1.0,K=500 | full,conditional (fixed w 0.5),r12_s3k500_fixed040_s0,70.7503,0.5607,0.3199,No correction + adaptive w
1.0,K=500 | full,conditional (fixed w 0.5),r12_s3k500_fixed040_s1,70.9290,0.6526,0.0857,No correction + adaptive w
1.0,K=500 | full,conditional (fixed w 0.5),r12_s3k500_fixed040_s2,70.5771,0.7099,0.0573,No correction + adaptive w
1.0,K=500 | full,"conditional (raw edge, adaptive w)",r12_s3k500_fixed040_s0,66.6402,-3.5494,-3.7902,No correction + adaptive w
1.0,K=500 | full,"conditional (raw edge, adaptive w)",r12_s3k500_fixed040_s1,67.3791,-2.8973,-3.4641,No correction + adaptive w
1.0,K=500 | full,"conditional (raw edge, adaptive w)",r12_s3k500_fixed040_s2,66.7390,-3.1283,-3.7808,No correction + adaptive w
1.0,K=500 | round<=30,conditional (adaptive w),r12_s3k500_fixed040_s0,72.3945,-0.9431,-1.1053,Correction + product
1.0,K=500 | round<=30,conditional (adaptive w),r12_s3k500_fixed040_s1,71.5159,-1.0563,-1.2130,Correction + product
1.0,K=500 | round<=30,conditional (adaptive w),r12_s3k500_fixed040_s2,72.1937,-0.8215,-0.8755,Correction + product
1.0,K=500 | round<=30,conditional (fixed w 0.5),r12_s3k500_fixed040_s0,72.3822,-0.9555,-1.1177,Correction + product
1.0,K=500 | round<=30,conditional (fixed w 0.5),r12_s3k500_fixed040_s1,71.5066,-1.0656,-1.2222,Correction + product
1.0,K=500 | round<=30,conditional (fixed w 0.5),r12_s3k500_fixed040_s2,72.1608,-0.8544,-0.9084,Correction + product
1.0,K=500 | round<=30,"conditional (raw edge, adaptive w)",r12_s3k500_fixed040_s0,58.9248,-14.4128,-14.5750,Correction + product
1.0,K=500 | round<=30,"conditional (raw edge, adaptive w)",r12_s3k500_fixed040_s1,58.2663,-14.3060,-14.4626,Correction + product
1.0,K=500 | round<=30,"conditional (raw edge, adaptive w)",r12_s3k500_fixed040_s2,58.8112,-14.2039,-14.2579,Correction + product
1.0,K=500 | round>30,conditional (adaptive w),r12_s3k500_fixed040_s0,70.3867,1.1152,-0.0466,No correction + adaptive w
1.0,K=500 | round>30,conditional (adaptive w),r12_s3k500_fixed040_s1,70.8928,1.2860,-0.2684,No correction + adaptive w
1.0,K=500 | round>30,conditional (adaptive w),r12_s3k500_fixed040_s2,70.2390,1.2899,-0.3021,No correction + adaptive w
1.0,K=500 | round>30,conditional (fixed w 0.5),r12_s3k500_fixed040_s0,70.2744,1.0029,-0.1590,No correction + adaptive w
1.0,K=500 | round>30,conditional (fixed w 0.5),r12_s3k500_fixed040_s1,70.7605,1.1537,-0.4006,No correction + adaptive w
1.0,K=500 | round>30,conditional (fixed w 0.5),r12_s3k500_fixed040_s2,70.1152,1.1662,-0.4258,No correction + adaptive w
1.0,K=500 | round>30,"conditional (raw edge, adaptive w)",r12_s3k500_fixed040_s0,68.8906,-0.3809,-1.5428,No correction + adaptive w
1.0,K=500 | round>30,"conditional (raw edge, adaptive w)",r12_s3k500_fixed040_s1,70.0370,0.4302,-1.1241,No correction + adaptive w
1.0,K=500 | round>30,"conditional (raw edge, adaptive w)",r12_s3k500_fixed040_s2,69.0512,0.1021,-1.4899,No correction + adaptive w
1.0,K=500 | round>50,conditional (adaptive w),r12_s3k500_fixed040_s0,71.3510,1.0771,-0.0869,No correction + adaptive w
1.0,K=500 | round>50,conditional (adaptive w),r12_s3k500_fixed040_s1,71.8368,1.2711,-0.3448,No correction + adaptive w
1.0,K=500 | round>50,conditional (adaptive w),r12_s3k500_fixed040_s2,71.2827,1.2421,-0.2910,No correction + adaptive w
1.0,K=500 | round>50,conditional (fixed w 0.5),r12_s3k500_fixed040_s0,71.2258,0.9519,-0.2120,No correction + adaptive w
1.0,K=500 | round>50,conditional (fixed w 0.5),r12_s3k500_fixed040_s1,71.6951,1.1294,-0.4866,No correction + adaptive w
1.0,K=500 | round>50,conditional (fixed w 0.5),r12_s3k500_fixed040_s2,71.1491,1.1084,-0.4247,No correction + adaptive w
1.0,K=500 | round>50,"conditional (raw edge, adaptive w)",r12_s3k500_fixed040_s0,70.2906,0.0167,-1.1472,No correction + adaptive w
1.0,K=500 | round>50,"conditional (raw edge, adaptive w)",r12_s3k500_fixed040_s1,71.4675,0.9018,-0.7141,No correction + adaptive w
1.0,K=500 | round>50,"conditional (raw edge, adaptive w)",r12_s3k500_fixed040_s2,70.4559,0.4152,-1.1179,No correction + adaptive w
1.0,S1 | pre-commute,conditional (adaptive w),r12_s1_fixed040_s0,72.7444,-2.3221,-2.6925,Correction + product
1.0,S1 | pre-commute,conditional (adaptive w),r12_s1_fixed040_s1,71.6883,-2.3686,-2.7723,Correction + product
1.0,S1 | pre-commute,conditional (adaptive w),r12_s1_fixed040_s2,70.9439,-2.1779,-2.5887,Correction + product
1.0,S1 | pre-commute,conditional (adaptive w),r12_s1_fixed040_s3,65.7914,-1.7724,-2.0026,Correction + product
1.0,S1 | pre-commute,conditional (adaptive w),r12_s1_fixed040_s4,71.4416,-3.1285,-3.7500,Correction + product
1.0,S1 | pre-commute,conditional (fixed w 0.5),r12_s1_fixed040_s0,72.7472,-2.3193,-2.6897,Correction + product
1.0,S1 | pre-commute,conditional (fixed w 0.5),r12_s1_fixed040_s1,71.6708,-2.3861,-2.7898,Correction + product
1.0,S1 | pre-commute,conditional (fixed w 0.5),r12_s1_fixed040_s2,70.9456,-2.1762,-2.5870,Correction + product
1.0,S1 | pre-commute,conditional (fixed w 0.5),r12_s1_fixed040_s3,65.8045,-1.7592,-1.9894,Correction + product
1.0,S1 | pre-commute,conditional (fixed w 0.5),r12_s1_fixed040_s4,71.4321,-3.1380,-3.7595,Correction + product
1.0,S1 | pre-commute,"conditional (raw edge, adaptive w)",r12_s1_fixed040_s0,54.3250,-20.7415,-21.1118,Correction + product
1.0,S1 | pre-commute,"conditional (raw edge, adaptive w)",r12_s1_fixed040_s1,51.9840,-22.0729,-22.4766,Correction + product
1.0,S1 | pre-commute,"conditional (raw edge, adaptive w)",r12_s1_fixed040_s2,60.2264,-12.8954,-13.3062,Correction + product
1.0,S1 | pre-commute,"conditional (raw edge, adaptive w)",r12_s1_fixed040_s3,54.1315,-13.4323,-13.6625,Correction + product
1.0,S1 | pre-commute,"conditional (raw edge, adaptive w)",r12_s1_fixed040_s4,57.2404,-17.3297,-17.9512,Correction + product
1.0,S1 | commute,conditional (adaptive w),r12_s1_fixed040_s0,65.9150,-0.1002,-0.1618,Correction + development w 0.2
1.0,S1 | commute,conditional (adaptive w),r12_s1_fixed040_s1,67.0559,0.3403,0.0218,Correction + development w 0.2
1.0,S1 | commute,conditional (adaptive w),r12_s1_fixed040_s2,63.3178,-0.5455,-0.2142,Correction + development w 0.2
1.0,S1 | commute,conditional (adaptive w),r12_s1_fixed040_s3,59.5231,-0.1895,0.0331,Correction + development w 0.2
1.0,S1 | commute,conditional (adaptive w),r12_s1_fixed040_s4,67.9485,0.2909,-0.0411,Correction + development w 0.2
1.0,S1 | commute,conditional (fixed w 0.5),r12_s1_fixed040_s0,65.8752,-0.1399,-0.2015,Correction + development w 0.2
1.0,S1 | commute,conditional (fixed w 0.5),r12_s1_fixed040_s1,67.0005,0.2849,-0.0336,Correction + development w 0.2
1.0,S1 | commute,conditional (fixed w 0.5),r12_s1_fixed040_s2,63.3767,-0.4866,-0.1554,Correction + development w 0.2
1.0,S1 | commute,conditional (fixed w 0.5),r12_s1_fixed040_s3,59.5080,-0.2046,0.0181,Correction + development w 0.2
1.0,S1 | commute,conditional (fixed w 0.5),r12_s1_fixed040_s4,67.8888,0.2312,-0.1008,Correction + development w 0.2
1.0,S1 | commute,"conditional (raw edge, adaptive w)",r12_s1_fixed040_s0,58.8742,-7.1409,-7.2025,Correction + development w 0.2
1.0,S1 | commute,"conditional (raw edge, adaptive w)",r12_s1_fixed040_s1,60.7045,-6.0111,-6.3296,Correction + development w 0.2
1.0,S1 | commute,"conditional (raw edge, adaptive w)",r12_s1_fixed040_s2,55.2901,-8.5732,-8.2420,Correction + development w 0.2
1.0,S1 | commute,"conditional (raw edge, adaptive w)",r12_s1_fixed040_s3,53.2981,-6.4145,-6.1919,Correction + development w 0.2
1.0,S1 | commute,"conditional (raw edge, adaptive w)",r12_s1_fixed040_s4,62.7440,-4.9136,-5.2456,Correction + development w 0.2
1.0,S1 | daytime,conditional (adaptive w),r12_s1_fixed040_s0,64.6589,1.0181,-0.0953,Corrected edge only
1.0,S1 | daytime,conditional (adaptive w),r12_s1_fixed040_s1,64.5530,1.1830,-0.1360,Corrected edge only
1.0,S1 | daytime,conditional (adaptive w),r12_s1_fixed040_s2,64.2465,0.6341,0.0665,Corrected edge only
1.0,S1 | daytime,conditional (adaptive w),r12_s1_fixed040_s3,59.7573,0.3397,0.0155,Corrected edge only
1.0,S1 | daytime,conditional (adaptive w),r12_s1_fixed040_s4,67.0707,0.9644,0.0301,Corrected edge only
1.0,S1 | daytime,conditional (fixed w 0.5),r12_s1_fixed040_s0,64.5649,0.9241,-0.1892,Corrected edge only
1.0,S1 | daytime,conditional (fixed w 0.5),r12_s1_fixed040_s1,64.4532,1.0831,-0.2359,Corrected edge only
1.0,S1 | daytime,conditional (fixed w 0.5),r12_s1_fixed040_s2,64.2185,0.6061,0.0385,Corrected edge only
1.0,S1 | daytime,conditional (fixed w 0.5),r12_s1_fixed040_s3,59.7293,0.3117,-0.0125,Corrected edge only
1.0,S1 | daytime,conditional (fixed w 0.5),r12_s1_fixed040_s4,67.0048,0.8986,-0.0357,Corrected edge only
1.0,S1 | daytime,"conditional (raw edge, adaptive w)",r12_s1_fixed040_s0,61.7830,-1.8578,-2.9712,Corrected edge only
1.0,S1 | daytime,"conditional (raw edge, adaptive w)",r12_s1_fixed040_s1,63.0204,-0.3497,-1.6687,Corrected edge only
1.0,S1 | daytime,"conditional (raw edge, adaptive w)",r12_s1_fixed040_s2,60.4618,-3.1506,-3.7181,Corrected edge only
1.0,S1 | daytime,"conditional (raw edge, adaptive w)",r12_s1_fixed040_s3,55.9838,-3.4338,-3.7580,Corrected edge only
1.0,S1 | daytime,"conditional (raw edge, adaptive w)",r12_s1_fixed040_s4,65.1228,-0.9834,-1.9177,Corrected edge only
1.0,S1 | return,conditional (adaptive w),r12_s1_fixed040_s0,74.1017,0.4004,-0.0947,Corrected edge only
1.0,S1 | return,conditional (adaptive w),r12_s1_fixed040_s1,73.7581,0.4086,-0.1811,Corrected edge only
1.0,S1 | return,conditional (adaptive w),r12_s1_fixed040_s2,71.4154,0.4405,-0.1710,Corrected edge only
1.0,S1 | return,conditional (adaptive w),r12_s1_fixed040_s3,69.3678,-0.0608,-0.1411,Corrected edge only
1.0,S1 | return,conditional (adaptive w),r12_s1_fixed040_s4,74.6908,0.5575,-0.0903,Corrected edge only
1.0,S1 | return,conditional (fixed w 0.5),r12_s1_fixed040_s0,73.9260,0.2247,-0.2704,Corrected edge only
1.0,S1 | return,conditional (fixed w 0.5),r12_s1_fixed040_s1,73.6314,0.2820,-0.3078,Corrected edge only
1.0,S1 | return,conditional (fixed w 0.5),r12_s1_fixed040_s2,71.2936,0.3186,-0.2928,Corrected edge only
1.0,S1 | return,conditional (fixed w 0.5),r12_s1_fixed040_s3,69.1634,-0.2652,-0.3455,Corrected edge only
1.0,S1 | return,conditional (fixed w 0.5),r12_s1_fixed040_s4,74.6406,0.5073,-0.1404,Corrected edge only
1.0,S1 | return,"conditional (raw edge, adaptive w)",r12_s1_fixed040_s0,71.8149,-1.8864,-2.3815,Corrected edge only
1.0,S1 | return,"conditional (raw edge, adaptive w)",r12_s1_fixed040_s1,71.6303,-1.7192,-2.3089,Corrected edge only
1.0,S1 | return,"conditional (raw edge, adaptive w)",r12_s1_fixed040_s2,69.1758,-1.7991,-2.4106,Corrected edge only
1.0,S1 | return,"conditional (raw edge, adaptive w)",r12_s1_fixed040_s3,66.6541,-2.7745,-2.8548,Corrected edge only
1.0,S1 | return,"conditional (raw edge, adaptive w)",r12_s1_fixed040_s4,73.2763,-0.8570,-1.5048,Corrected edge only
1.0,S1 | evening,conditional (adaptive w),r12_s1_fixed040_s0,82.5106,-0.5760,-0.3143,Correction + fixed w 0.5
1.0,S1 | evening,conditional (adaptive w),r12_s1_fixed040_s1,82.8410,-0.2498,-0.0027,Correction + fixed w 0.5
1.0,S1 | evening,conditional (adaptive w),r12_s1_fixed040_s2,82.3532,-0.5586,-0.5201,Correction + fixed w 0.5
1.0,S1 | evening,conditional (adaptive w),r12_s1_fixed040_s3,78.4675,-0.9285,-1.0995,Correction + fixed w 0.5
1.0,S1 | evening,conditional (adaptive w),r12_s1_fixed040_s4,84.5455,-0.5721,-0.5057,Correction + fixed w 0.5
1.0,S1 | evening,conditional (fixed w 0.5),r12_s1_fixed040_s0,82.1814,-0.9052,-0.6435,Correction + fixed w 0.5
1.0,S1 | evening,conditional (fixed w 0.5),r12_s1_fixed040_s1,82.5923,-0.4986,-0.2514,Correction + fixed w 0.5
1.0,S1 | evening,conditional (fixed w 0.5),r12_s1_fixed040_s2,82.2453,-0.6665,-0.6280,Correction + fixed w 0.5
1.0,S1 | evening,conditional (fixed w 0.5),r12_s1_fixed040_s3,78.3383,-1.0576,-1.2286,Correction + fixed w 0.5
1.0,S1 | evening,conditional (fixed w 0.5),r12_s1_fixed040_s4,84.4659,-0.6518,-0.5854,Correction + fixed w 0.5
1.0,S1 | evening,"conditional (raw edge, adaptive w)",r12_s1_fixed040_s0,79.0974,-3.9892,-3.7275,Correction + fixed w 0.5
1.0,S1 | evening,"conditional (raw edge, adaptive w)",r12_s1_fixed040_s1,79.3943,-3.6965,-3.4494,Correction + fixed w 0.5
1.0,S1 | evening,"conditional (raw edge, adaptive w)",r12_s1_fixed040_s2,79.7888,-3.1230,-3.0845,Correction + fixed w 0.5
1.0,S1 | evening,"conditional (raw edge, adaptive w)",r12_s1_fixed040_s3,75.4762,-3.9198,-4.0908,Correction + fixed w 0.5
1.0,S1 | evening,"conditional (raw edge, adaptive w)",r12_s1_fixed040_s4,81.5300,-3.5877,-3.5213,Correction + fixed w 0.5
1.0,S2 | pre-commute,conditional (adaptive w),r12_s2_fixed040_s0,68.2430,-1.4786,-2.0494,Correction + product
1.0,S2 | pre-commute,conditional (adaptive w),r12_s2_fixed040_s1,69.5297,-1.2663,-1.9322,Correction + product
1.0,S2 | pre-commute,conditional (adaptive w),r12_s2_fixed040_s2,67.2642,-1.9189,-2.9692,Correction + product
1.0,S2 | pre-commute,conditional (fixed w 0.5),r12_s2_fixed040_s0,68.2687,-1.4529,-2.0237,Correction + product
1.0,S2 | pre-commute,conditional (fixed w 0.5),r12_s2_fixed040_s1,69.6367,-1.1593,-1.8252,Correction + product
1.0,S2 | pre-commute,conditional (fixed w 0.5),r12_s2_fixed040_s2,67.3496,-1.8335,-2.8838,Correction + product
1.0,S2 | pre-commute,"conditional (raw edge, adaptive w)",r12_s2_fixed040_s0,47.8644,-21.8572,-22.4280,Correction + product
1.0,S2 | pre-commute,"conditional (raw edge, adaptive w)",r12_s2_fixed040_s1,53.8985,-16.8975,-17.5634,Correction + product
1.0,S2 | pre-commute,"conditional (raw edge, adaptive w)",r12_s2_fixed040_s2,61.0806,-8.1025,-9.1528,Correction + product
1.0,S2 | commute,conditional (adaptive w),r12_s2_fixed040_s0,71.1952,-1.5179,-1.5754,Correction + product
1.0,S2 | commute,conditional (adaptive w),r12_s2_fixed040_s1,74.1623,-1.2025,-1.0646,Correction + product
1.0,S2 | commute,conditional (adaptive w),r12_s2_fixed040_s2,72.6103,-1.9745,-2.8377,Correction + product
1.0,S2 | commute,conditional (fixed w 0.5),r12_s2_fixed040_s0,71.0881,-1.6251,-1.6825,Correction + product
1.0,S2 | commute,conditional (fixed w 0.5),r12_s2_fixed040_s1,74.0455,-1.3193,-1.1813,Correction + product
1.0,S2 | commute,conditional (fixed w 0.5),r12_s2_fixed040_s2,72.5858,-1.9989,-2.8622,Correction + product
1.0,S2 | commute,"conditional (raw edge, adaptive w)",r12_s2_fixed040_s0,59.6488,-13.0644,-13.1218,Correction + product
1.0,S2 | commute,"conditional (raw edge, adaptive w)",r12_s2_fixed040_s1,68.5782,-6.7866,-6.6487,Correction + product
1.0,S2 | commute,"conditional (raw edge, adaptive w)",r12_s2_fixed040_s2,69.0560,-5.5288,-6.3920,Correction + product
1.0,S2 | daytime,conditional (adaptive w),r12_s2_fixed040_s0,68.2488,-0.5273,-0.4621,Correction + fixed w 0.5
1.0,S2 | daytime,conditional (adaptive w),r12_s2_fixed040_s1,68.8906,-0.5465,-0.5826,Correction + fixed w 0.5
1.0,S2 | daytime,conditional (adaptive w),r12_s2_fixed040_s2,70.6292,-0.8149,-1.0117,Correction + fixed w 0.5
1.0,S2 | daytime,conditional (fixed w 0.5),r12_s2_fixed040_s0,68.0865,-0.6897,-0.6245,Correction + fixed w 0.5
1.0,S2 | daytime,conditional (fixed w 0.5),r12_s2_fixed040_s1,68.6660,-0.7711,-0.8072,Correction + fixed w 0.5
1.0,S2 | daytime,conditional (fixed w 0.5),r12_s2_fixed040_s2,70.5760,-0.8680,-1.0648,Correction + fixed w 0.5
1.0,S2 | daytime,"conditional (raw edge, adaptive w)",r12_s2_fixed040_s0,62.3222,-6.4540,-6.3888,Correction + fixed w 0.5
1.0,S2 | daytime,"conditional (raw edge, adaptive w)",r12_s2_fixed040_s1,66.1593,-3.2778,-3.3139,Correction + fixed w 0.5
1.0,S2 | daytime,"conditional (raw edge, adaptive w)",r12_s2_fixed040_s2,68.9539,-2.4901,-2.6869,Correction + fixed w 0.5
1.0,S2 | return,conditional (adaptive w),r12_s2_fixed040_s0,72.6528,-0.3352,-0.1876,Correction + fixed w 0.5
1.0,S2 | return,conditional (adaptive w),r12_s2_fixed040_s1,73.9207,-0.4446,-0.3803,Correction + fixed w 0.5
1.0,S2 | return,conditional (adaptive w),r12_s2_fixed040_s2,74.1241,-0.4734,-0.3718,Correction + fixed w 0.5
1.0,S2 | return,conditional (fixed w 0.5),r12_s2_fixed040_s0,72.4478,-0.5402,-0.3926,Correction + fixed w 0.5
1.0,S2 | return,conditional (fixed w 0.5),r12_s2_fixed040_s1,73.7940,-0.5713,-0.5070,Correction + fixed w 0.5
1.0,S2 | return,conditional (fixed w 0.5),r12_s2_fixed040_s2,73.9290,-0.6685,-0.5669,Correction + fixed w 0.5
1.0,S2 | return,"conditional (raw edge, adaptive w)",r12_s2_fixed040_s0,68.2123,-4.7756,-4.6281,Correction + fixed w 0.5
1.0,S2 | return,"conditional (raw edge, adaptive w)",r12_s2_fixed040_s1,71.8516,-2.5137,-2.4494,Correction + fixed w 0.5
1.0,S2 | return,"conditional (raw edge, adaptive w)",r12_s2_fixed040_s2,73.1735,-1.4240,-1.3225,Correction + fixed w 0.5
1.0,S2 | evening,conditional (adaptive w),r12_s2_fixed040_s0,73.9829,-0.4085,-0.3212,Correction + development w 0.2
1.0,S2 | evening,conditional (adaptive w),r12_s2_fixed040_s1,76.7792,-0.2521,-0.3876,Correction + development w 0.2
1.0,S2 | evening,conditional (adaptive w),r12_s2_fixed040_s2,79.4078,-0.1740,-0.1145,Correction + development w 0.2
1.0,S2 | evening,conditional (fixed w 0.5),r12_s2_fixed040_s0,73.7546,-0.6368,-0.5495,Correction + development w 0.2
1.0,S2 | evening,conditional (fixed w 0.5),r12_s2_fixed040_s1,76.4462,-0.5851,-0.7206,Correction + development w 0.2
1.0,S2 | evening,conditional (fixed w 0.5),r12_s2_fixed040_s2,79.2491,-0.3328,-0.2733,Correction + development w 0.2
1.0,S2 | evening,"conditional (raw edge, adaptive w)",r12_s2_fixed040_s0,69.7131,-4.6783,-4.5910,Correction + development w 0.2
1.0,S2 | evening,"conditional (raw edge, adaptive w)",r12_s2_fixed040_s1,74.4361,-2.5952,-2.7307,Correction + development w 0.2
1.0,S2 | evening,"conditional (raw edge, adaptive w)",r12_s2_fixed040_s2,78.8818,-0.7001,-0.6406,Correction + development w 0.2
1.0,S1 replay | all,conditional (adaptive w),r15_s1_replay_s0,73.3513,0.9126,-0.1639,Corrected edge only
1.0,S1 replay | all,conditional (adaptive w),r15_s1_replay_s1,72.8043,0.9258,-0.0415,Corrected edge only
1.0,S1 replay | all,conditional (adaptive w),r15_s1_replay_s2,73.2383,1.0872,0.1017,Corrected edge only
1.0,S1 replay | all,conditional (adaptive w),r15_s1_replay_s3,69.7431,0.2617,0.1970,Corrected edge only
1.0,S1 replay | all,conditional (adaptive w),r15_s1_replay_s4,74.5512,0.7672,-0.0961,Corrected edge only
1.0,S1 replay | all,conditional (fixed w 0.5),r15_s1_replay_s0,73.1081,0.6694,-0.4071,Corrected edge only
1.0,S1 replay | all,conditional (fixed w 0.5),r15_s1_replay_s1,72.6142,0.7357,-0.2316,Corrected edge only
1.0,S1 replay | all,conditional (fixed w 0.5),r15_s1_replay_s2,73.2261,1.0749,0.0894,Corrected edge only
1.0,S1 replay | all,conditional (fixed w 0.5),r15_s1_replay_s3,69.8191,0.3378,0.2730,Corrected edge only
1.0,S1 replay | all,conditional (fixed w 0.5),r15_s1_replay_s4,74.4447,0.6607,-0.2026,Corrected edge only
1.0,S1 replay | all,"conditional (raw edge, adaptive w)",r15_s1_replay_s0,72.7453,0.3066,-0.7699,Corrected edge only
1.0,S1 replay | all,"conditional (raw edge, adaptive w)",r15_s1_replay_s1,71.6274,-0.2511,-1.2184,Corrected edge only
1.0,S1 replay | all,"conditional (raw edge, adaptive w)",r15_s1_replay_s2,71.8472,-0.3039,-1.2894,Corrected edge only
1.0,S1 replay | all,"conditional (raw edge, adaptive w)",r15_s1_replay_s3,68.4408,-1.0405,-1.1052,Corrected edge only
1.0,S1 replay | all,"conditional (raw edge, adaptive w)",r15_s1_replay_s4,73.3403,-0.4437,-1.3070,Corrected edge only
1.0,S1 replay | home,conditional (adaptive w),r15_s1_replay_s0,83.5982,-0.6211,-0.6463,Correction + development w 0.2
1.0,S1 replay | home,conditional (adaptive w),r15_s1_replay_s1,83.9961,-0.1751,-0.2365,Correction + development w 0.2
1.0,S1 replay | home,conditional (adaptive w),r15_s1_replay_s2,84.1864,-0.4089,-0.2210,Correction + development w 0.2
1.0,S1 replay | home,conditional (adaptive w),r15_s1_replay_s3,80.3249,-0.5193,-0.1624,Correction + development w 0.2
1.0,S1 replay | home,conditional (adaptive w),r15_s1_replay_s4,83.1030,-0.5017,-0.5434,Correction + development w 0.2
1.0,S1 replay | home,conditional (fixed w 0.5),r15_s1_replay_s0,83.1239,-1.0954,-1.1205,Correction + development w 0.2
1.0,S1 replay | home,conditional (fixed w 0.5),r15_s1_replay_s1,83.7260,-0.4452,-0.5067,Correction + development w 0.2
1.0,S1 replay | home,conditional (fixed w 0.5),r15_s1_replay_s2,84.1699,-0.4254,-0.2375,Correction + development w 0.2
1.0,S1 replay | home,conditional (fixed w 0.5),r15_s1_replay_s3,80.3818,-0.4625,-0.1055,Correction + development w 0.2
1.0,S1 replay | home,conditional (fixed w 0.5),r15_s1_replay_s4,82.8915,-0.7132,-0.7549,Correction + development w 0.2
1.0,S1 replay | home,"conditional (raw edge, adaptive w)",r15_s1_replay_s0,80.5243,-3.6949,-3.7201,Correction + development w 0.2
1.0,S1 replay | home,"conditional (raw edge, adaptive w)",r15_s1_replay_s1,80.3235,-3.8476,-3.9091,Correction + development w 0.2
1.0,S1 replay | home,"conditional (raw edge, adaptive w)",r15_s1_replay_s2,81.4062,-3.1891,-3.0012,Correction + development w 0.2
1.0,S1 replay | home,"conditional (raw edge, adaptive w)",r15_s1_replay_s3,78.0216,-2.8227,-2.4657,Correction + development w 0.2
1.0,S1 replay | home,"conditional (raw edge, adaptive w)",r15_s1_replay_s4,80.3041,-3.3006,-3.3423,Correction + development w 0.2
1.0,S1 replay | away,conditional (adaptive w),r15_s1_replay_s0,60.2005,2.8099,-2.7983,Raw edge only
1.0,S1 replay | away,conditional (adaptive w),r15_s1_replay_s1,58.0841,2.5902,-2.5092,Raw edge only
1.0,S1 replay | away,conditional (adaptive w),r15_s1_replay_s2,60.5100,2.6490,0.4827,Raw edge only
1.0,S1 replay | away,conditional (adaptive w),r15_s1_replay_s3,54.3991,1.2787,0.0962,Raw edge only
1.0,S1 replay | away,conditional (adaptive w),r15_s1_replay_s4,61.4244,2.7029,-1.0101,Raw edge only
1.0,S1 replay | away,conditional (fixed w 0.5),r15_s1_replay_s0,60.2132,2.8227,-2.7855,Raw edge only
1.0,S1 replay | away,conditional (fixed w 0.5),r15_s1_replay_s1,58.0197,2.5258,-2.5736,Raw edge only
1.0,S1 replay | away,conditional (fixed w 0.5),r15_s1_replay_s2,60.5859,2.7249,0.5586,Raw edge only
1.0,S1 replay | away,conditional (fixed w 0.5),r15_s1_replay_s3,54.5260,1.4056,0.2231,Raw edge only
1.0,S1 replay | away,conditional (fixed w 0.5),r15_s1_replay_s4,61.4526,2.7312,-0.9819,Raw edge only
1.0,S1 replay | away,"conditional (raw edge, adaptive w)",r15_s1_replay_s0,62.9968,5.6063,-0.0019,Raw edge only
1.0,S1 replay | away,"conditional (raw edge, adaptive w)",r15_s1_replay_s1,60.4627,4.9689,-0.1306,Raw edge only
1.0,S1 replay | away,"conditional (raw edge, adaptive w)",r15_s1_replay_s2,60.0656,2.2046,0.0383,Raw edge only
1.0,S1 replay | away,"conditional (raw edge, adaptive w)",r15_s1_replay_s3,54.2949,1.1746,-0.0080,Raw edge only
1.0,S1 replay | away,"conditional (raw edge, adaptive w)",r15_s1_replay_s4,62.4862,3.7648,0.0517,Raw edge only
1.0,S2 replay | all,conditional (adaptive w),r15_s2_replay_s0,73.5705,-0.2412,-0.2713,Correction + development w 0.2
1.0,S2 replay | all,conditional (adaptive w),r15_s2_replay_s1,77.0404,0.0278,-0.2706,Correction + development w 0.2
1.0,S2 replay | all,conditional (adaptive w),r15_s2_replay_s2,78.8096,0.0276,-0.0279,Correction + development w 0.2
1.0,S2 replay | all,conditional (fixed w 0.5),r15_s2_replay_s0,73.4034,-0.4084,-0.4384,Correction + development w 0.2
1.0,S2 replay | all,conditional (fixed w 0.5),r15_s2_replay_s1,76.6197,-0.3929,-0.6913,Correction + development w 0.2
1.0,S2 replay | all,conditional (fixed w 0.5),r15_s2_replay_s2,78.6549,-0.1271,-0.1826,Correction + development w 0.2
1.0,S2 replay | all,"conditional (raw edge, adaptive w)",r15_s2_replay_s0,70.1762,-3.6356,-3.6656,Correction + development w 0.2
1.0,S2 replay | all,"conditional (raw edge, adaptive w)",r15_s2_replay_s1,75.2609,-1.7517,-2.0501,Correction + development w 0.2
1.0,S2 replay | all,"conditional (raw edge, adaptive w)",r15_s2_replay_s2,78.6002,-0.1819,-0.2374,Correction + development w 0.2
1.0,S2 replay | home,conditional (adaptive w),r15_s2_replay_s0,78.5212,-0.6647,-0.4981,Correction + development w 0.2
1.0,S2 replay | home,conditional (adaptive w),r15_s2_replay_s1,83.3179,-0.3977,-0.4842,Correction + development w 0.2
1.0,S2 replay | home,conditional (adaptive w),r15_s2_replay_s2,85.7614,-0.3095,-0.1616,Correction + development w 0.2
1.0,S2 replay | home,conditional (fixed w 0.5),r15_s2_replay_s0,78.2867,-0.8992,-0.7326,Correction + development w 0.2
1.0,S2 replay | home,conditional (fixed w 0.5),r15_s2_replay_s1,82.8101,-0.9055,-0.9919,Correction + development w 0.2
1.0,S2 replay | home,conditional (fixed w 0.5),r15_s2_replay_s2,85.5681,-0.5028,-0.3549,Correction + development w 0.2
1.0,S2 replay | home,"conditional (raw edge, adaptive w)",r15_s2_replay_s0,73.8849,-5.3011,-5.1344,Correction + development w 0.2
1.0,S2 replay | home,"conditional (raw edge, adaptive w)",r15_s2_replay_s1,80.1993,-3.5163,-3.6028,Correction + development w 0.2
1.0,S2 replay | home,"conditional (raw edge, adaptive w)",r15_s2_replay_s2,84.4446,-1.6264,-1.4785,Correction + development w 0.2
1.0,S2 replay | away,conditional (adaptive w),r15_s2_replay_s0,58.1872,1.3882,-0.6516,Raw edge only
1.0,S2 replay | away,conditional (adaptive w),r15_s2_replay_s1,56.7687,1.3807,-2.2236,Raw edge only
1.0,S2 replay | away,conditional (adaptive w),r15_s2_replay_s2,57.8925,1.2830,-2.3868,Raw edge only
1.0,S2 replay | away,conditional (fixed w 0.5),r15_s2_replay_s0,58.1835,1.3845,-0.6553,Raw edge only
1.0,S2 replay | away,conditional (fixed w 0.5),r15_s2_replay_s1,56.6372,1.2493,-2.3551,Raw edge only
1.0,S2 replay | away,conditional (fixed w 0.5),r15_s2_replay_s2,57.9827,1.3732,-2.2965,Raw edge only
1.0,S2 replay | away,"conditional (raw edge, adaptive w)",r15_s2_replay_s0,58.7732,1.9742,-0.0656,Raw edge only
1.0,S2 replay | away,"conditional (raw edge, adaptive w)",r15_s2_replay_s1,58.6554,3.2674,-0.3369,Raw edge only
1.0,S2 replay | away,"conditional (raw edge, adaptive w)",r15_s2_replay_s2,60.3677,3.7582,0.0884,Raw edge only
0.5,S1 | full,conditional (adaptive w),r12_s1_fixed040_s0,68.4713,0.0408,0.0322,Correction + development w 0.2
0.5,S1 | full,conditional (adaptive w),r12_s1_fixed040_s1,68.5007,0.0747,0.0383,Correction + development w 0.2
0.5,S1 | full,conditional (adaptive w),r12_s1_fixed040_s2,67.7069,-0.0124,0.0015,Correction + development w 0.2
0.5,S1 | full,conditional (adaptive w),r12_s1_fixed040_s3,63.7499,-0.2108,-0.0297,Correction + development w 0.2
0.5,S1 | full,conditional (adaptive w),r12_s1_fixed040_s4,70.0516,-0.0605,0.0389,Correction + development w 0.2
0.5,S1 | full,conditional (fixed w 0.5),r12_s1_fixed040_s0,68.3793,-0.0511,-0.0597,Correction + development w 0.2
0.5,S1 | full,conditional (fixed w 0.5),r12_s1_fixed040_s1,68.4147,-0.0113,-0.0477,Correction + development w 0.2
0.5,S1 | full,conditional (fixed w 0.5),r12_s1_fixed040_s2,67.6543,-0.0650,-0.0511,Correction + development w 0.2
0.5,S1 | full,conditional (fixed w 0.5),r12_s1_fixed040_s3,63.7020,-0.2587,-0.0776,Correction + development w 0.2
0.5,S1 | full,conditional (fixed w 0.5),r12_s1_fixed040_s4,70.0004,-0.1117,-0.0123,Correction + development w 0.2
0.5,S1 | full,"conditional (raw edge, adaptive w)",r12_s1_fixed040_s0,64.6948,-3.7356,-3.7442,Correction + development w 0.2
0.5,S1 | full,"conditional (raw edge, adaptive w)",r12_s1_fixed040_s1,65.1244,-3.3015,-3.3380,Correction + development w 0.2
0.5,S1 | full,"conditional (raw edge, adaptive w)",r12_s1_fixed040_s2,64.7286,-2.9907,-2.9768,Correction + development w 0.2
0.5,S1 | full,"conditional (raw edge, adaptive w)",r12_s1_fixed040_s3,60.4852,-3.4755,-3.2944,Correction + development w 0.2
0.5,S1 | full,"conditional (raw edge, adaptive w)",r12_s1_fixed040_s4,67.1888,-2.9232,-2.8239,Correction + development w 0.2
0.5,S1 | round<=30,conditional (adaptive w),r12_s1_fixed040_s0,73.7131,-1.0885,-1.1932,Correction + product
0.5,S1 | round<=30,conditional (adaptive w),r12_s1_fixed040_s1,73.4103,-1.0222,-1.1535,Correction + product
0.5,S1 | round<=30,conditional (adaptive w),r12_s1_fixed040_s2,72.0372,-0.8783,-1.0092,Correction + product
0.5,S1 | round<=30,conditional (adaptive w),r12_s1_fixed040_s3,67.1051,-0.9823,-1.0872,Correction + product
0.5,S1 | round<=30,conditional (adaptive w),r12_s1_fixed040_s4,73.2819,-1.4031,-1.7253,Correction + product
0.5,S1 | round<=30,conditional (fixed w 0.5),r12_s1_fixed040_s0,73.6922,-1.1095,-1.2142,Correction + product
0.5,S1 | round<=30,conditional (fixed w 0.5),r12_s1_fixed040_s1,73.3908,-1.0418,-1.1731,Correction + product
0.5,S1 | round<=30,conditional (fixed w 0.5),r12_s1_fixed040_s2,72.0023,-0.9132,-1.0440,Correction + product
0.5,S1 | round<=30,conditional (fixed w 0.5),r12_s1_fixed040_s3,67.1019,-0.9855,-1.0903,Correction + product
0.5,S1 | round<=30,conditional (fixed w 0.5),r12_s1_fixed040_s4,73.2637,-1.4214,-1.7436,Correction + product
0.5,S1 | round<=30,"conditional (raw edge, adaptive w)",r12_s1_fixed040_s0,64.2434,-10.5583,-10.6629,Correction + product
0.5,S1 | round<=30,"conditional (raw edge, adaptive w)",r12_s1_fixed040_s1,63.4974,-10.9351,-11.0664,Correction + product
0.5,S1 | round<=30,"conditional (raw edge, adaptive w)",r12_s1_fixed040_s2,66.5057,-6.4099,-6.5407,Correction + product
0.5,S1 | round<=30,"conditional (raw edge, adaptive w)",r12_s1_fixed040_s3,60.7376,-7.3498,-7.4546,Correction + product
0.5,S1 | round<=30,"conditional (raw edge, adaptive w)",r12_s1_fixed040_s4,65.9632,-8.7218,-9.0441,Correction + product
0.5,S1 | round>30,conditional (adaptive w),r12_s1_fixed040_s0,66.9425,0.3702,-0.0399,Corrected edge only
0.5,S1 | round>30,conditional (adaptive w),r12_s1_fixed040_s1,67.0687,0.3947,-0.0590,Corrected edge only
0.5,S1 | round>30,conditional (adaptive w),r12_s1_fixed040_s2,66.4439,0.2402,0.0748,Corrected edge only
0.5,S1 | round>30,conditional (adaptive w),r12_s1_fixed040_s3,62.7713,0.0143,0.0708,Corrected edge only
0.5,S1 | round>30,conditional (adaptive w),r12_s1_fixed040_s4,69.1094,0.3311,0.0043,Corrected edge only
0.5,S1 | round>30,conditional (fixed w 0.5),r12_s1_fixed040_s0,66.8298,0.2575,-0.1526,Corrected edge only
0.5,S1 | round>30,conditional (fixed w 0.5),r12_s1_fixed040_s1,66.9633,0.2893,-0.1644,Corrected edge only
0.5,S1 | round>30,conditional (fixed w 0.5),r12_s1_fixed040_s2,66.3861,0.1824,0.0170,Corrected edge only
0.5,S1 | round>30,conditional (fixed w 0.5),r12_s1_fixed040_s3,62.7104,-0.0467,0.0099,Corrected edge only
0.5,S1 | round>30,conditional (fixed w 0.5),r12_s1_fixed040_s4,69.0486,0.2703,-0.0565,Corrected edge only
0.5,S1 | round>30,"conditional (raw edge, adaptive w)",r12_s1_fixed040_s0,64.8265,-1.7457,-2.1558,Corrected edge only
0.5,S1 | round>30,"conditional (raw edge, adaptive w)",r12_s1_fixed040_s1,65.5990,-1.0750,-1.5287,Corrected edge only
0.5,S1 | round>30,"conditional (raw edge, adaptive w)",r12_s1_fixed040_s2,64.2103,-1.9934,-2.1588,Corrected edge only
0.5,S1 | round>30,"conditional (raw edge, adaptive w)",r12_s1_fixed040_s3,60.4116,-2.3455,-2.2889,Corrected edge only
0.5,S1 | round>30,"conditional (raw edge, adaptive w)",r12_s1_fixed040_s4,67.5463,-1.2319,-1.5587,Corrected edge only
0.5,S1 | round>50,conditional (adaptive w),r12_s1_fixed040_s0,67.6418,0.3861,-0.0477,Corrected edge only
0.5,S1 | round>50,conditional (adaptive w),r12_s1_fixed040_s1,67.7862,0.3943,-0.0797,Corrected edge only
0.5,S1 | round>50,conditional (adaptive w),r12_s1_fixed040_s2,67.4433,0.3218,0.0387,Corrected edge only
0.5,S1 | round>50,conditional (adaptive w),r12_s1_fixed040_s3,63.7965,0.0105,0.0521,Corrected edge only
0.5,S1 | round>50,conditional (adaptive w),r12_s1_fixed040_s4,69.9003,0.3454,0.0082,Corrected edge only
0.5,S1 | round>50,conditional (fixed w 0.5),r12_s1_fixed040_s0,67.5174,0.2617,-0.1722,Corrected edge only
0.5,S1 | round>50,conditional (fixed w 0.5),r12_s1_fixed040_s1,67.6698,0.2779,-0.1961,Corrected edge only
0.5,S1 | round>50,conditional (fixed w 0.5),r12_s1_fixed040_s2,67.3705,0.2490,-0.0341,Corrected edge only
0.5,S1 | round>50,conditional (fixed w 0.5),r12_s1_fixed040_s3,63.7292,-0.0568,-0.0151,Corrected edge only
0.5,S1 | round>50,conditional (fixed w 0.5),r12_s1_fixed040_s4,69.8387,0.2837,-0.0534,Corrected edge only
0.5,S1 | round>50,"conditional (raw edge, adaptive w)",r12_s1_fixed040_s0,65.8395,-1.4162,-1.8501,Corrected edge only
0.5,S1 | round>50,"conditional (raw edge, adaptive w)",r12_s1_fixed040_s1,66.5155,-0.8764,-1.3504,Corrected edge only
0.5,S1 | round>50,"conditional (raw edge, adaptive w)",r12_s1_fixed040_s2,65.5770,-1.5445,-1.8276,Corrected edge only
0.5,S1 | round>50,"conditional (raw edge, adaptive w)",r12_s1_fixed040_s3,61.6442,-2.1418,-2.1002,Corrected edge only
0.5,S1 | round>50,"conditional (raw edge, adaptive w)",r12_s1_fixed040_s4,68.5784,-0.9766,-1.3137,Corrected edge only
0.5,S2 | full,conditional (adaptive w),r12_s2_fixed040_s0,69.7266,-0.4820,-0.4350,Correction + fixed w 0.5
0.5,S2 | full,conditional (adaptive w),r12_s2_fixed040_s1,71.5754,-0.3814,-0.3423,Correction + fixed w 0.5
0.5,S2 | full,conditional (adaptive w),r12_s2_fixed040_s2,72.5821,-0.5650,-0.6338,Correction + fixed w 0.5
0.5,S2 | full,conditional (fixed w 0.5),r12_s2_fixed040_s0,69.6037,-0.6049,-0.5579,Correction + fixed w 0.5
0.5,S2 | full,conditional (fixed w 0.5),r12_s2_fixed040_s1,71.4358,-0.5210,-0.4819,Correction + fixed w 0.5
0.5,S2 | full,conditional (fixed w 0.5),r12_s2_fixed040_s2,72.5005,-0.6465,-0.7154,Correction + fixed w 0.5
0.5,S2 | full,"conditional (raw edge, adaptive w)",r12_s2_fixed040_s0,64.3361,-5.8725,-5.8255,Correction + fixed w 0.5
0.5,S2 | full,"conditional (raw edge, adaptive w)",r12_s2_fixed040_s1,68.4557,-3.5012,-3.4621,Correction + fixed w 0.5
0.5,S2 | full,"conditional (raw edge, adaptive w)",r12_s2_fixed040_s2,70.9953,-2.1517,-2.2206,Correction + fixed w 0.5
0.5,S2 | round<=30,conditional (adaptive w),r12_s2_fixed040_s0,70.1147,-0.8097,-1.1201,Correction + product
0.5,S2 | round<=30,conditional (adaptive w),r12_s2_fixed040_s1,72.1441,-0.6271,-0.9070,Correction + product
0.5,S2 | round<=30,conditional (adaptive w),r12_s2_fixed040_s2,71.3017,-0.8795,-1.5134,Correction + product
0.5,S2 | round<=30,conditional (fixed w 0.5),r12_s2_fixed040_s0,70.1057,-0.8188,-1.1291,Correction + product
0.5,S2 | round<=30,conditional (fixed w 0.5),r12_s2_fixed040_s1,72.1390,-0.6321,-0.9121,Correction + product
0.5,S2 | round<=30,conditional (fixed w 0.5),r12_s2_fixed040_s2,71.3109,-0.8703,-1.5042,Correction + product
0.5,S2 | round<=30,"conditional (raw edge, adaptive w)",r12_s2_fixed040_s0,59.3648,-11.5596,-11.8700,Correction + product
0.5,S2 | round<=30,"conditional (raw edge, adaptive w)",r12_s2_fixed040_s1,64.2184,-8.5528,-8.8327,Correction + product
0.5,S2 | round<=30,"conditional (raw edge, adaptive w)",r12_s2_fixed040_s2,67.9205,-4.2607,-4.8946,Correction + product
0.5,S2 | round>30,conditional (adaptive w),r12_s2_fixed040_s0,69.6134,-0.3864,-0.3091,Correction + fixed w 0.5
0.5,S2 | round>30,conditional (adaptive w),r12_s2_fixed040_s1,71.4096,-0.3098,-0.2368,Correction + fixed w 0.5
0.5,S2 | round>30,conditional (adaptive w),r12_s2_fixed040_s2,72.9555,-0.4732,-0.4933,Correction + fixed w 0.5
0.5,S2 | round>30,conditional (fixed w 0.5),r12_s2_fixed040_s0,69.4573,-0.5425,-0.4652,Correction + fixed w 0.5
0.5,S2 | round>30,conditional (fixed w 0.5),r12_s2_fixed040_s1,71.2308,-0.4886,-0.4157,Correction + fixed w 0.5
0.5,S2 | round>30,conditional (fixed w 0.5),r12_s2_fixed040_s2,72.8474,-0.5813,-0.6014,Correction + fixed w 0.5
0.5,S2 | round>30,"conditional (raw edge, adaptive w)",r12_s2_fixed040_s0,65.7860,-4.2138,-4.1365,Correction + fixed w 0.5
0.5,S2 | round>30,"conditional (raw edge, adaptive w)",r12_s2_fixed040_s1,69.6916,-2.0278,-1.9548,Correction + fixed w 0.5
0.5,S2 | round>30,"conditional (raw edge, adaptive w)",r12_s2_fixed040_s2,71.8921,-1.5366,-1.5568,Correction + fixed w 0.5
0.5,S2 | round>50,conditional (adaptive w),r12_s2_fixed040_s0,69.3851,-0.3108,-0.2215,Correction + fixed w 0.5
0.5,S2 | round>50,conditional (adaptive w),r12_s2_fixed040_s1,71.1124,-0.2327,-0.1482,Correction + fixed w 0.5
0.5,S2 | round>50,conditional (adaptive w),r12_s2_fixed040_s2,72.8950,-0.3431,-0.3239,Correction + fixed w 0.5
0.5,S2 | round>50,conditional (fixed w 0.5),r12_s2_fixed040_s0,69.2240,-0.4719,-0.3826,Correction + fixed w 0.5
0.5,S2 | round>50,conditional (fixed w 0.5),r12_s2_fixed040_s1,70.9181,-0.4270,-0.3425,Correction + fixed w 0.5
0.5,S2 | round>50,conditional (fixed w 0.5),r12_s2_fixed040_s2,72.7829,-0.4551,-0.4359,Correction + fixed w 0.5
0.5,S2 | round>50,"conditional (raw edge, adaptive w)",r12_s2_fixed040_s0,66.0843,-3.6116,-3.5223,Correction + fixed w 0.5
0.5,S2 | round>50,"conditional (raw edge, adaptive w)",r12_s2_fixed040_s1,69.6439,-1.7012,-1.6167,Correction + fixed w 0.5
0.5,S2 | round>50,"conditional (raw edge, adaptive w)",r12_s2_fixed040_s2,72.0806,-1.1575,-1.1383,Correction + fixed w 0.5
0.5,S1-fast | full,conditional (adaptive w),r12_s1fast_fixed040_s0,68.7335,0.0693,0.0403,Correction + development w 0.2
0.5,S1-fast | full,conditional (adaptive w),r12_s1fast_fixed040_s1,68.6729,0.0705,0.0196,Correction + development w 0.2
0.5,S1-fast | full,conditional (adaptive w),r12_s1fast_fixed040_s2,67.6331,-0.0313,-0.0344,Correction + development w 0.2
0.5,S1-fast | full,conditional (fixed w 0.5),r12_s1fast_fixed040_s0,68.6538,-0.0105,-0.0394,Correction + development w 0.2
0.5,S1-fast | full,conditional (fixed w 0.5),r12_s1fast_fixed040_s1,68.5787,-0.0237,-0.0746,Correction + development w 0.2
0.5,S1-fast | full,conditional (fixed w 0.5),r12_s1fast_fixed040_s2,67.5747,-0.0896,-0.0928,Correction + development w 0.2
0.5,S1-fast | full,"conditional (raw edge, adaptive w)",r12_s1fast_fixed040_s0,64.9415,-3.7227,-3.7516,Correction + development w 0.2
0.5,S1-fast | full,"conditional (raw edge, adaptive w)",r12_s1fast_fixed040_s1,65.3638,-3.2386,-3.2895,Correction + development w 0.2
0.5,S1-fast | full,"conditional (raw edge, adaptive w)",r12_s1fast_fixed040_s2,64.6105,-3.0538,-3.0570,Correction + development w 0.2
0.5,S1-fast | round<=30,conditional (adaptive w),r12_s1fast_fixed040_s0,73.5461,-1.0394,-1.1200,Correction + product
0.5,S1-fast | round<=30,conditional (adaptive w),r12_s1fast_fixed040_s1,73.2488,-1.0013,-1.1098,Correction + product
0.5,S1-fast | round<=30,conditional (adaptive w),r12_s1fast_fixed040_s2,71.4195,-0.8525,-0.9541,Correction + product
0.5,S1-fast | round<=30,conditional (fixed w 0.5),r12_s1fast_fixed040_s0,73.5188,-1.0667,-1.1473,Correction + product
0.5,S1-fast | round<=30,conditional (fixed w 0.5),r12_s1fast_fixed040_s1,73.2227,-1.0274,-1.1359,Correction + product
0.5,S1-fast | round<=30,conditional (fixed w 0.5),r12_s1fast_fixed040_s2,71.3821,-0.8899,-0.9915,Correction + product
0.5,S1-fast | round<=30,"conditional (raw edge, adaptive w)",r12_s1fast_fixed040_s0,64.0771,-10.5084,-10.5890,Correction + product
0.5,S1-fast | round<=30,"conditional (raw edge, adaptive w)",r12_s1fast_fixed040_s1,63.3998,-10.8503,-10.9587,Correction + product
0.5,S1-fast | round<=30,"conditional (raw edge, adaptive w)",r12_s1fast_fixed040_s2,65.7783,-6.4937,-6.5952,Correction + product
0.5,S1-fast | round>30,conditional (adaptive w),r12_s1fast_fixed040_s0,67.3298,0.3926,-0.0334,Corrected edge only
0.5,S1-fast | round>30,conditional (adaptive w),r12_s1fast_fixed040_s1,67.3383,0.3832,-0.0799,Corrected edge only
0.5,S1-fast | round>30,conditional (adaptive w),r12_s1fast_fixed040_s2,66.5287,0.2083,0.0308,Corrected edge only
0.5,S1-fast | round>30,conditional (fixed w 0.5),r12_s1fast_fixed040_s0,67.2348,0.2976,-0.1284,Corrected edge only
0.5,S1-fast | round>30,conditional (fixed w 0.5),r12_s1fast_fixed040_s1,67.2242,0.2690,-0.1940,Corrected edge only
0.5,S1-fast | round>30,conditional (fixed w 0.5),r12_s1fast_fixed040_s2,66.4642,0.1438,-0.0337,Corrected edge only
0.5,S1-fast | round>30,"conditional (raw edge, adaptive w)",r12_s1fast_fixed040_s0,65.1936,-1.7435,-2.1696,Corrected edge only
0.5,S1-fast | round>30,"conditional (raw edge, adaptive w)",r12_s1fast_fixed040_s1,65.9367,-1.0185,-1.4816,Corrected edge only
0.5,S1-fast | round>30,"conditional (raw edge, adaptive w)",r12_s1fast_fixed040_s2,64.2699,-2.0505,-2.2280,Corrected edge only
0.5,S1-fast | round>50,conditional (adaptive w),r12_s1fast_fixed040_s0,68.2838,0.4225,-0.0392,Corrected edge only
0.5,S1-fast | round>50,conditional (adaptive w),r12_s1fast_fixed040_s1,68.2930,0.3757,-0.0974,Corrected edge only
0.5,S1-fast | round>50,conditional (adaptive w),r12_s1fast_fixed040_s2,67.5960,0.2722,-0.0055,Corrected edge only
0.5,S1-fast | round>50,conditional (fixed w 0.5),r12_s1fast_fixed040_s0,68.1840,0.3227,-0.1390,Corrected edge only
0.5,S1-fast | round>50,conditional (fixed w 0.5),r12_s1fast_fixed040_s1,68.1632,0.2460,-0.2272,Corrected edge only
0.5,S1-fast | round>50,conditional (fixed w 0.5),r12_s1fast_fixed040_s2,67.5140,0.1902,-0.0875,Corrected edge only
0.5,S1-fast | round>50,"conditional (raw edge, adaptive w)",r12_s1fast_fixed040_s0,66.4796,-1.3818,-1.8434,Corrected edge only
0.5,S1-fast | round>50,"conditional (raw edge, adaptive w)",r12_s1fast_fixed040_s1,67.0475,-0.8697,-1.3429,Corrected edge only
0.5,S1-fast | round>50,"conditional (raw edge, adaptive w)",r12_s1fast_fixed040_s2,65.6970,-1.6268,-1.9046,Corrected edge only
0.5,partial participation | full,conditional (adaptive w),r12_s4part05_fixed040_s0,64.1167,-0.2437,-0.2175,Correction + fixed w 0.5
0.5,partial participation | full,conditional (adaptive w),r12_s4part05_fixed040_s1,64.4445,-0.1637,-0.1158,Correction + fixed w 0.5
0.5,partial participation | full,conditional (adaptive w),r12_s4part05_fixed040_s2,63.7104,-0.3636,-0.3820,Correction + fixed w 0.5
0.5,partial participation | full,conditional (fixed w 0.5),r12_s4part05_fixed040_s0,64.0934,-0.2670,-0.2408,Correction + fixed w 0.5
0.5,partial participation | full,conditional (fixed w 0.5),r12_s4part05_fixed040_s1,64.3925,-0.2157,-0.1678,Correction + fixed w 0.5
0.5,partial participation | full,conditional (fixed w 0.5),r12_s4part05_fixed040_s2,63.6789,-0.3951,-0.4134,Correction + fixed w 0.5
0.5,partial participation | full,"conditional (raw edge, adaptive w)",r12_s4part05_fixed040_s0,59.7419,-4.6185,-4.5923,Correction + fixed w 0.5
0.5,partial participation | full,"conditional (raw edge, adaptive w)",r12_s4part05_fixed040_s1,60.1652,-4.4429,-4.3951,Correction + fixed w 0.5
0.5,partial participation | full,"conditional (raw edge, adaptive w)",r12_s4part05_fixed040_s2,59.7941,-4.2799,-4.2982,Correction + fixed w 0.5
0.5,partial participation | round<=30,conditional (adaptive w),r12_s4part05_fixed040_s0,66.3767,-1.2708,-1.8070,Correction + product
0.5,partial participation | round<=30,conditional (adaptive w),r12_s4part05_fixed040_s1,67.1712,-0.9241,-1.4118,Correction + product
0.5,partial participation | round<=30,conditional (adaptive w),r12_s4part05_fixed040_s2,65.9269,-0.8065,-1.1026,Correction + product
0.5,partial participation | round<=30,conditional (fixed w 0.5),r12_s4part05_fixed040_s0,66.4706,-1.1769,-1.7131,Correction + product
0.5,partial participation | round<=30,conditional (fixed w 0.5),r12_s4part05_fixed040_s1,67.2156,-0.8797,-1.3675,Correction + product
0.5,partial participation | round<=30,conditional (fixed w 0.5),r12_s4part05_fixed040_s2,65.9729,-0.7605,-1.0566,Correction + product
0.5,partial participation | round<=30,"conditional (raw edge, adaptive w)",r12_s4part05_fixed040_s0,57.4243,-10.2232,-10.7594,Correction + product
0.5,partial participation | round<=30,"conditional (raw edge, adaptive w)",r12_s4part05_fixed040_s1,57.7130,-10.3823,-10.8700,Correction + product
0.5,partial participation | round<=30,"conditional (raw edge, adaptive w)",r12_s4part05_fixed040_s2,60.2649,-6.4686,-6.7646,Correction + product
0.5,partial participation | round>30,conditional (adaptive w),r12_s4part05_fixed040_s0,63.4575,0.0558,0.0226,Correction + development w 0.2
0.5,partial participation | round>30,conditional (adaptive w),r12_s4part05_fixed040_s1,63.6492,0.0581,-0.0601,Correction + development w 0.2
0.5,partial participation | round>30,conditional (adaptive w),r12_s4part05_fixed040_s2,63.0639,-0.2344,-0.0715,Correction + development w 0.2
0.5,partial participation | round>30,conditional (fixed w 0.5),r12_s4part05_fixed040_s0,63.4000,-0.0016,-0.0349,Correction + development w 0.2
0.5,partial participation | round>30,conditional (fixed w 0.5),r12_s4part05_fixed040_s1,63.5691,-0.0220,-0.1402,Correction + development w 0.2
0.5,partial participation | round>30,conditional (fixed w 0.5),r12_s4part05_fixed040_s2,63.0099,-0.2885,-0.1255,Correction + development w 0.2
0.5,partial participation | round>30,"conditional (raw edge, adaptive w)",r12_s4part05_fixed040_s0,60.4178,-2.9839,-3.0171,Correction + development w 0.2
0.5,partial participation | round>30,"conditional (raw edge, adaptive w)",r12_s4part05_fixed040_s1,60.8805,-2.7106,-2.8288,Correction + development w 0.2
0.5,partial participation | round>30,"conditional (raw edge, adaptive w)",r12_s4part05_fixed040_s2,59.6568,-3.6415,-3.4786,Correction + development w 0.2
0.5,partial participation | round>50,conditional (adaptive w),r12_s4part05_fixed040_s0,64.4365,0.0571,-0.0088,Correction + development w 0.2
0.5,partial participation | round>50,conditional (adaptive w),r12_s4part05_fixed040_s1,64.8383,0.1225,-0.0496,Correction + development w 0.2
0.5,partial participation | round>50,conditional (adaptive w),r12_s4part05_fixed040_s2,64.0174,-0.1789,-0.0802,Correction + development w 0.2
0.5,partial participation | round>50,conditional (fixed w 0.5),r12_s4part05_fixed040_s0,64.3609,-0.0185,-0.0844,Correction + development w 0.2
0.5,partial participation | round>50,conditional (fixed w 0.5),r12_s4part05_fixed040_s1,64.7418,0.0261,-0.1461,Correction + development w 0.2
0.5,partial participation | round>50,conditional (fixed w 0.5),r12_s4part05_fixed040_s2,63.9509,-0.2454,-0.1467,Correction + development w 0.2
0.5,partial participation | round>50,"conditional (raw edge, adaptive w)",r12_s4part05_fixed040_s0,61.5433,-2.8361,-2.9021,Correction + development w 0.2
0.5,partial participation | round>50,"conditional (raw edge, adaptive w)",r12_s4part05_fixed040_s1,62.3130,-2.4027,-2.5748,Correction + development w 0.2
0.5,partial participation | round>50,"conditional (raw edge, adaptive w)",r12_s4part05_fixed040_s2,60.7952,-3.4011,-3.3024,Correction + development w 0.2
0.5,stepwise change | full,conditional (adaptive w),r12_t1_A_fx40_s0,73.1195,-0.0944,0.0472,Correction + fixed w 0.5
0.5,stepwise change | full,conditional (adaptive w),r12_t1_A_fx40_s1,71.9635,0.0253,0.2079,Correction + fixed w 0.5
0.5,stepwise change | full,conditional (adaptive w),r12_t1_A_fx40_s2,71.6983,-0.0900,-0.0122,Correction + fixed w 0.5
0.5,stepwise change | full,conditional (adaptive w),r12_t1_A_fx40_s3,68.5421,-0.3665,-0.3463,Correction + fixed w 0.5
0.5,stepwise change | full,conditional (adaptive w),r12_t1_A_fx40_s4,74.0426,-0.0781,0.0471,Correction + fixed w 0.5
0.5,stepwise change | full,conditional (fixed w 0.5),r12_t1_A_fx40_s0,73.0355,-0.1784,-0.0368,Correction + fixed w 0.5
0.5,stepwise change | full,conditional (fixed w 0.5),r12_t1_A_fx40_s1,71.8609,-0.0773,0.1054,Correction + fixed w 0.5
0.5,stepwise change | full,conditional (fixed w 0.5),r12_t1_A_fx40_s2,71.6285,-0.1598,-0.0820,Correction + fixed w 0.5
0.5,stepwise change | full,conditional (fixed w 0.5),r12_t1_A_fx40_s3,68.4837,-0.4249,-0.4047,Correction + fixed w 0.5
0.5,stepwise change | full,conditional (fixed w 0.5),r12_t1_A_fx40_s4,73.9763,-0.1444,-0.0192,Correction + fixed w 0.5
0.5,stepwise change | full,"conditional (raw edge, adaptive w)",r12_t1_A_fx40_s0,68.2877,-4.9262,-4.7846,Correction + fixed w 0.5
0.5,stepwise change | full,"conditional (raw edge, adaptive w)",r12_t1_A_fx40_s1,67.5019,-4.4362,-4.2536,Correction + fixed w 0.5
0.5,stepwise change | full,"conditional (raw edge, adaptive w)",r12_t1_A_fx40_s2,68.2442,-3.5441,-3.4664,Correction + fixed w 0.5
0.5,stepwise change | full,"conditional (raw edge, adaptive w)",r12_t1_A_fx40_s3,64.9214,-3.9872,-3.9671,Correction + fixed w 0.5
0.5,stepwise change | full,"conditional (raw edge, adaptive w)",r12_t1_A_fx40_s4,70.3209,-3.7998,-3.6745,Correction + fixed w 0.5
0.5,stepwise change | round<=30,conditional (adaptive w),r12_t1_A_fx40_s0,83.5519,-1.4294,-1.7147,Correction + product
0.5,stepwise change | round<=30,conditional (adaptive w),r12_t1_A_fx40_s1,82.8828,-1.1525,-1.3541,Correction + product
0.5,stepwise change | round<=30,conditional (adaptive w),r12_t1_A_fx40_s2,81.3837,-1.2166,-1.5569,Correction + product
0.5,stepwise change | round<=30,conditional (adaptive w),r12_t1_A_fx40_s3,77.3447,-1.1359,-1.3984,Correction + product
0.5,stepwise change | round<=30,conditional (adaptive w),r12_t1_A_fx40_s4,83.7172,-1.2456,-1.6766,Correction + product
0.5,stepwise change | round<=30,conditional (fixed w 0.5),r12_t1_A_fx40_s0,83.4972,-1.4841,-1.7694,Correction + product
0.5,stepwise change | round<=30,conditional (fixed w 0.5),r12_t1_A_fx40_s1,82.8425,-1.1928,-1.3944,Correction + product
0.5,stepwise change | round<=30,conditional (fixed w 0.5),r12_t1_A_fx40_s2,81.3678,-1.2325,-1.5728,Correction + product
0.5,stepwise change | round<=30,conditional (fixed w 0.5),r12_t1_A_fx40_s3,77.3178,-1.1628,-1.4253,Correction + product
0.5,stepwise change | round<=30,conditional (fixed w 0.5),r12_t1_A_fx40_s4,83.6906,-1.2722,-1.7031,Correction + product
0.5,stepwise change | round<=30,"conditional (raw edge, adaptive w)",r12_t1_A_fx40_s0,68.6384,-16.3428,-16.6281,Correction + product
0.5,stepwise change | round<=30,"conditional (raw edge, adaptive w)",r12_t1_A_fx40_s1,68.0053,-16.0300,-16.2316,Correction + product
0.5,stepwise change | round<=30,"conditional (raw edge, adaptive w)",r12_t1_A_fx40_s2,71.0750,-11.5253,-11.8656,Correction + product
0.5,stepwise change | round<=30,"conditional (raw edge, adaptive w)",r12_t1_A_fx40_s3,66.3803,-12.1003,-12.3628,Correction + product
0.5,stepwise change | round<=30,"conditional (raw edge, adaptive w)",r12_t1_A_fx40_s4,72.1981,-12.7647,-13.1956,Correction + product
0.5,stepwise change | round>30,conditional (adaptive w),r12_t1_A_fx40_s0,69.6421,0.3506,0.0452,Corrected edge only
0.5,stepwise change | round>30,conditional (adaptive w),r12_t1_A_fx40_s1,68.3237,0.4179,-0.1572,Corrected edge only
0.5,stepwise change | round>30,conditional (adaptive w),r12_t1_A_fx40_s2,68.4699,0.2855,-0.0103,Corrected edge only
0.5,stepwise change | round>30,conditional (adaptive w),r12_t1_A_fx40_s3,65.6079,-0.1100,0.0971,Corrected edge only
0.5,stepwise change | round>30,conditional (adaptive w),r12_t1_A_fx40_s4,70.8177,0.3111,-0.0076,Corrected edge only
0.5,stepwise change | round>30,conditional (fixed w 0.5),r12_t1_A_fx40_s0,69.5482,0.2568,-0.0486,Corrected edge only
0.5,stepwise change | round>30,conditional (fixed w 0.5),r12_t1_A_fx40_s1,68.2003,0.2946,-0.2805,Corrected edge only
0.5,stepwise change | round>30,conditional (fixed w 0.5),r12_t1_A_fx40_s2,68.3821,0.1978,-0.0981,Corrected edge only
0.5,stepwise change | round>30,conditional (fixed w 0.5),r12_t1_A_fx40_s3,65.5390,-0.1789,0.0281,Corrected edge only
0.5,stepwise change | round>30,conditional (fixed w 0.5),r12_t1_A_fx40_s4,70.7381,0.2315,-0.0871,Corrected edge only
0.5,stepwise change | round>30,"conditional (raw edge, adaptive w)",r12_t1_A_fx40_s0,68.1707,-1.1207,-1.4261,Corrected edge only
0.5,stepwise change | round>30,"conditional (raw edge, adaptive w)",r12_t1_A_fx40_s1,67.3342,-0.5716,-1.1467,Corrected edge only
0.5,stepwise change | round>30,"conditional (raw edge, adaptive w)",r12_t1_A_fx40_s2,67.3006,-0.8838,-1.1796,Corrected edge only
0.5,stepwise change | round>30,"conditional (raw edge, adaptive w)",r12_t1_A_fx40_s3,64.4350,-1.2829,-1.0758,Corrected edge only
0.5,stepwise change | round>30,"conditional (raw edge, adaptive w)",r12_t1_A_fx40_s4,69.6952,-0.8115,-1.1301,Corrected edge only
0.5,stepwise change | round>50,conditional (adaptive w),r12_t1_A_fx40_s0,70.7628,0.3709,0.0427,Corrected edge only
0.5,stepwise change | round>50,conditional (adaptive w),r12_t1_A_fx40_s1,69.3744,0.4119,-0.1553,Corrected edge only
0.5,stepwise change | round>50,conditional (adaptive w),r12_t1_A_fx40_s2,69.3535,0.2776,-0.0196,Corrected edge only
0.5,stepwise change | round>50,conditional (adaptive w),r12_t1_A_fx40_s3,66.5877,-0.1566,0.0727,Corrected edge only
0.5,stepwise change | round>50,conditional (adaptive w),r12_t1_A_fx40_s4,71.8139,0.3177,-0.0001,Corrected edge only
0.5,stepwise change | round>50,conditional (fixed w 0.5),r12_t1_A_fx40_s0,70.6609,0.2690,-0.0592,Corrected edge only
0.5,stepwise change | round>50,conditional (fixed w 0.5),r12_t1_A_fx40_s1,69.2428,0.2803,-0.2870,Corrected edge only
0.5,stepwise change | round>50,conditional (fixed w 0.5),r12_t1_A_fx40_s2,69.2595,0.1836,-0.1137,Corrected edge only
0.5,stepwise change | round>50,conditional (fixed w 0.5),r12_t1_A_fx40_s3,66.5089,-0.2354,-0.0061,Corrected edge only
0.5,stepwise change | round>50,conditional (fixed w 0.5),r12_t1_A_fx40_s4,71.7287,0.2325,-0.0853,Corrected edge only
0.5,stepwise change | round>50,"conditional (raw edge, adaptive w)",r12_t1_A_fx40_s0,69.4024,-0.9895,-1.3178,Corrected edge only
0.5,stepwise change | round>50,"conditional (raw edge, adaptive w)",r12_t1_A_fx40_s1,68.5222,-0.4404,-1.0076,Corrected edge only
0.5,stepwise change | round>50,"conditional (raw edge, adaptive w)",r12_t1_A_fx40_s2,68.2922,-0.7837,-1.0809,Corrected edge only
0.5,stepwise change | round>50,"conditional (raw edge, adaptive w)",r12_t1_A_fx40_s3,65.3375,-1.4068,-1.1775,Corrected edge only
0.5,stepwise change | round>50,"conditional (raw edge, adaptive w)",r12_t1_A_fx40_s4,70.7904,-0.7058,-1.0236,Corrected edge only
0.5,random mobility | full,conditional (adaptive w),r12_t1_mob_fx40_s0,71.1302,-0.0434,0.0924,Correction + fixed w 0.5
0.5,random mobility | full,conditional (adaptive w),r12_t1_mob_fx40_s1,70.9841,-0.0199,0.1036,Correction + fixed w 0.5
0.5,random mobility | full,conditional (adaptive w),r12_t1_mob_fx40_s2,69.9421,0.0708,0.1688,Correction + fixed w 0.5
0.5,random mobility | full,conditional (fixed w 0.5),r12_t1_mob_fx40_s0,71.0964,-0.0773,0.0586,Correction + fixed w 0.5
0.5,random mobility | full,conditional (fixed w 0.5),r12_t1_mob_fx40_s1,70.9341,-0.0698,0.0537,Correction + fixed w 0.5
0.5,random mobility | full,conditional (fixed w 0.5),r12_t1_mob_fx40_s2,69.9189,0.0476,0.1456,Correction + fixed w 0.5
0.5,random mobility | full,"conditional (raw edge, adaptive w)",r12_t1_mob_fx40_s0,63.4244,-7.7492,-7.6134,Correction + fixed w 0.5
0.5,random mobility | full,"conditional (raw edge, adaptive w)",r12_t1_mob_fx40_s1,63.6005,-7.4034,-7.2799,Correction + fixed w 0.5
0.5,random mobility | full,"conditional (raw edge, adaptive w)",r12_t1_mob_fx40_s2,63.3831,-6.4882,-6.3902,Correction + fixed w 0.5
0.5,random mobility | round<=30,conditional (adaptive w),r12_t1_mob_fx40_s0,84.3019,-0.8066,-1.0787,Correction + product
0.5,random mobility | round<=30,conditional (adaptive w),r12_t1_mob_fx40_s1,83.9528,-0.8297,-0.9175,Correction + product
0.5,random mobility | round<=30,conditional (adaptive w),r12_t1_mob_fx40_s2,82.8969,-0.8119,-1.0016,Correction + product
0.5,random mobility | round<=30,conditional (fixed w 0.5),r12_t1_mob_fx40_s0,84.3022,-0.8063,-1.0784,Correction + product
0.5,random mobility | round<=30,conditional (fixed w 0.5),r12_t1_mob_fx40_s1,83.9259,-0.8566,-0.9444,Correction + product
0.5,random mobility | round<=30,conditional (fixed w 0.5),r12_t1_mob_fx40_s2,82.9084,-0.8003,-0.9900,Correction + product
0.5,random mobility | round<=30,"conditional (raw edge, adaptive w)",r12_t1_mob_fx40_s0,66.5272,-18.5812,-18.8534,Correction + product
0.5,random mobility | round<=30,"conditional (raw edge, adaptive w)",r12_t1_mob_fx40_s1,65.8153,-18.9672,-19.0550,Correction + product
0.5,random mobility | round<=30,"conditional (raw edge, adaptive w)",r12_t1_mob_fx40_s2,68.4587,-15.2500,-15.4397,Correction + product
0.5,random mobility | round>30,conditional (adaptive w),r12_t1_mob_fx40_s0,65.2762,0.2957,0.1271,Corrected edge only
0.5,random mobility | round>30,conditional (adaptive w),r12_t1_mob_fx40_s1,65.2202,0.3400,-0.0466,Corrected edge only
0.5,random mobility | round>30,conditional (adaptive w),r12_t1_mob_fx40_s2,64.1845,0.4631,0.0445,Corrected edge only
0.5,random mobility | round>30,conditional (fixed w 0.5),r12_t1_mob_fx40_s0,65.2272,0.2467,0.0781,Corrected edge only
0.5,random mobility | round>30,conditional (fixed w 0.5),r12_t1_mob_fx40_s1,65.1600,0.2798,-0.1067,Corrected edge only
0.5,random mobility | round>30,conditional (fixed w 0.5),r12_t1_mob_fx40_s2,64.1458,0.4245,0.0059,Corrected edge only
0.5,random mobility | round>30,"conditional (raw edge, adaptive w)",r12_t1_mob_fx40_s0,62.0454,-2.9350,-3.1037,Corrected edge only
0.5,random mobility | round>30,"conditional (raw edge, adaptive w)",r12_t1_mob_fx40_s1,62.6162,-2.2640,-2.6505,Corrected edge only
0.5,random mobility | round>30,"conditional (raw edge, adaptive w)",r12_t1_mob_fx40_s2,61.1273,-2.5941,-3.0127,Corrected edge only
0.5,random mobility | round>50,conditional (adaptive w),r12_t1_mob_fx40_s0,59.0205,0.9072,-0.4754,No correction + adaptive w
0.5,random mobility | round>50,conditional (adaptive w),r12_t1_mob_fx40_s1,58.6120,0.8109,-0.5260,No correction + adaptive w
0.5,random mobility | round>50,conditional (adaptive w),r12_t1_mob_fx40_s2,57.6772,0.9152,-0.4932,No correction + adaptive w
0.5,random mobility | round>50,conditional (fixed w 0.5),r12_t1_mob_fx40_s0,58.9768,0.8635,-0.5191,No correction + adaptive w
0.5,random mobility | round>50,conditional (fixed w 0.5),r12_t1_mob_fx40_s1,58.5538,0.7526,-0.5842,No correction + adaptive w
0.5,random mobility | round>50,conditional (fixed w 0.5),r12_t1_mob_fx40_s2,57.6370,0.8750,-0.5334,No correction + adaptive w
0.5,random mobility | round>50,"conditional (raw edge, adaptive w)",r12_t1_mob_fx40_s0,58.4697,0.3564,-1.0262,No correction + adaptive w
0.5,random mobility | round>50,"conditional (raw edge, adaptive w)",r12_t1_mob_fx40_s1,58.8517,1.0506,-0.2863,No correction + adaptive w
0.5,random mobility | round>50,"conditional (raw edge, adaptive w)",r12_t1_mob_fx40_s2,57.3097,0.5477,-0.8606,No correction + adaptive w
0.5,CIFAR-100 | full,conditional (adaptive w),r13b_c100_s0,39.0406,-0.2916,-0.5914,Correction + product
0.5,CIFAR-100 | full,conditional (adaptive w),r13b_c100_s1,37.8893,-0.3118,-0.5698,Correction + product
0.5,CIFAR-100 | full,conditional (adaptive w),r13b_c100_s2,38.0261,-0.3378,-0.5835,Correction + product
0.5,CIFAR-100 | full,conditional (fixed w 0.5),r13b_c100_s0,38.9321,-0.4001,-0.6999,Correction + product
0.5,CIFAR-100 | full,conditional (fixed w 0.5),r13b_c100_s1,37.7806,-0.4204,-0.6785,Correction + product
0.5,CIFAR-100 | full,conditional (fixed w 0.5),r13b_c100_s2,37.8927,-0.4713,-0.7169,Correction + product
0.5,CIFAR-100 | full,"conditional (raw edge, adaptive w)",r13b_c100_s0,35.8325,-3.4998,-3.7996,Correction + product
0.5,CIFAR-100 | full,"conditional (raw edge, adaptive w)",r13b_c100_s1,34.5436,-3.6574,-3.9155,Correction + product
0.5,CIFAR-100 | full,"conditional (raw edge, adaptive w)",r13b_c100_s2,34.2207,-4.1433,-4.3889,Correction + product
0.5,CIFAR-100 | round<=30,conditional (adaptive w),r13b_c100_s0,26.8291,-0.2140,-0.5814,Correction + product
0.5,CIFAR-100 | round<=30,conditional (adaptive w),r13b_c100_s1,26.9774,-0.2177,-0.5937,Correction + product
0.5,CIFAR-100 | round<=30,conditional (adaptive w),r13b_c100_s2,26.0784,-0.2389,-0.6060,Correction + product
0.5,CIFAR-100 | round<=30,conditional (fixed w 0.5),r13b_c100_s0,26.7806,-0.2626,-0.6300,Correction + product
0.5,CIFAR-100 | round<=30,conditional (fixed w 0.5),r13b_c100_s1,26.9416,-0.2535,-0.6294,Correction + product
0.5,CIFAR-100 | round<=30,conditional (fixed w 0.5),r13b_c100_s2,26.0232,-0.2941,-0.6612,Correction + product
0.5,CIFAR-100 | round<=30,"conditional (raw edge, adaptive w)",r13b_c100_s0,22.6751,-4.3680,-4.7354,Correction + product
0.5,CIFAR-100 | round<=30,"conditional (raw edge, adaptive w)",r13b_c100_s1,22.5884,-4.6067,-4.9827,Correction + product
0.5,CIFAR-100 | round<=30,"conditional (raw edge, adaptive w)",r13b_c100_s2,21.2271,-5.0902,-5.4573,Correction + product
0.5,CIFAR-100 | round>30,conditional (adaptive w),r13b_c100_s0,42.6023,-0.3142,-0.5944,Correction + product
0.5,CIFAR-100 | round>30,conditional (adaptive w),r13b_c100_s1,41.0719,-0.3392,-0.5629,Correction + product
0.5,CIFAR-100 | round>30,conditional (adaptive w),r13b_c100_s2,41.5109,-0.3667,-0.5770,Correction + product
0.5,CIFAR-100 | round>30,conditional (fixed w 0.5),r13b_c100_s0,42.4764,-0.4402,-0.7204,Correction + product
0.5,CIFAR-100 | round>30,conditional (fixed w 0.5),r13b_c100_s1,40.9420,-0.4692,-0.6928,Correction + product
0.5,CIFAR-100 | round>30,conditional (fixed w 0.5),r13b_c100_s2,41.3547,-0.5229,-0.7332,Correction + product
0.5,CIFAR-100 | round>30,"conditional (raw edge, adaptive w)",r13b_c100_s0,39.6701,-3.2465,-3.5267,Correction + product
0.5,CIFAR-100 | round>30,"conditional (raw edge, adaptive w)",r13b_c100_s1,38.0306,-3.3806,-3.6042,Correction + product
0.5,CIFAR-100 | round>30,"conditional (raw edge, adaptive w)",r13b_c100_s2,38.0105,-3.8671,-4.0773,Correction + product
0.5,CIFAR-100 | round>50,conditional (adaptive w),r13b_c100_s0,44.3507,-0.3410,-0.6563,Correction + product
0.5,CIFAR-100 | round>50,conditional (adaptive w),r13b_c100_s1,42.6912,-0.3687,-0.6486,Correction + product
0.5,CIFAR-100 | round>50,conditional (adaptive w),r13b_c100_s2,43.2288,-0.3872,-0.6376,Correction + product
0.5,CIFAR-100 | round>50,conditional (fixed w 0.5),r13b_c100_s0,44.2171,-0.4746,-0.7899,Correction + product
0.5,CIFAR-100 | round>50,conditional (fixed w 0.5),r13b_c100_s1,42.5518,-0.5080,-0.7879,Correction + product
0.5,CIFAR-100 | round>50,conditional (fixed w 0.5),r13b_c100_s2,43.0627,-0.5533,-0.8037,Correction + product
0.5,CIFAR-100 | round>50,"conditional (raw edge, adaptive w)",r13b_c100_s0,41.5201,-3.1716,-3.4869,Correction + product
0.5,CIFAR-100 | round>50,"conditional (raw edge, adaptive w)",r13b_c100_s1,39.7666,-3.2932,-3.5731,Correction + product
0.5,CIFAR-100 | round>50,"conditional (raw edge, adaptive w)",r13b_c100_s2,39.8323,-3.7838,-4.0342,Correction + product
0.5,ResNet-18 | full,conditional (adaptive w),r12_e2_res_fx40_A_s0,63.9149,-1.2306,-1.2253,Correction + fixed w 0.5
0.5,ResNet-18 | full,conditional (adaptive w),r12_e2_res_fx40_A_s1,61.7672,-2.9753,-3.0001,Correction + fixed w 0.5
0.5,ResNet-18 | full,conditional (adaptive w),r12_e2_res_fx40_A_s2,66.8495,-3.4849,-3.5636,Correction + fixed w 0.5
0.5,ResNet-18 | full,conditional (fixed w 0.5),r12_e2_res_fx40_A_s0,63.8605,-1.2850,-1.2797,Correction + fixed w 0.5
0.5,ResNet-18 | full,conditional (fixed w 0.5),r12_e2_res_fx40_A_s1,61.7847,-2.9578,-2.9826,Correction + fixed w 0.5
0.5,ResNet-18 | full,conditional (fixed w 0.5),r12_e2_res_fx40_A_s2,66.8721,-3.4623,-3.5410,Correction + fixed w 0.5
0.5,ResNet-18 | full,"conditional (raw edge, adaptive w)",r12_e2_res_fx40_A_s0,61.9271,-3.2184,-3.2130,Correction + fixed w 0.5
0.5,ResNet-18 | full,"conditional (raw edge, adaptive w)",r12_e2_res_fx40_A_s1,58.8988,-5.8437,-5.8685,Correction + fixed w 0.5
0.5,ResNet-18 | full,"conditional (raw edge, adaptive w)",r12_e2_res_fx40_A_s2,63.5753,-6.7591,-6.8378,Correction + fixed w 0.5
0.5,ResNet-18 | round<=30,conditional (adaptive w),r12_e2_res_fx40_A_s0,71.5693,-3.4922,-3.1523,Correction + fixed w 0.5
0.5,ResNet-18 | round<=30,conditional (adaptive w),r12_e2_res_fx40_A_s1,68.7461,-6.9629,-6.6279,Correction + fixed w 0.5
0.5,ResNet-18 | round<=30,conditional (adaptive w),r12_e2_res_fx40_A_s2,78.6846,-5.7705,-5.8057,Correction + fixed w 0.5
0.5,ResNet-18 | round<=30,conditional (fixed w 0.5),r12_e2_res_fx40_A_s0,71.2422,-3.8193,-3.4795,Correction + fixed w 0.5
0.5,ResNet-18 | round<=30,conditional (fixed w 0.5),r12_e2_res_fx40_A_s1,68.3838,-7.3252,-6.9902,Correction + fixed w 0.5
0.5,ResNet-18 | round<=30,conditional (fixed w 0.5),r12_e2_res_fx40_A_s2,78.6992,-5.7559,-5.7910,Correction + fixed w 0.5
0.5,ResNet-18 | round<=30,"conditional (raw edge, adaptive w)",r12_e2_res_fx40_A_s0,66.4883,-8.5732,-8.2334,Correction + fixed w 0.5
0.5,ResNet-18 | round<=30,"conditional (raw edge, adaptive w)",r12_e2_res_fx40_A_s1,63.5000,-12.2090,-11.8740,Correction + fixed w 0.5
0.5,ResNet-18 | round<=30,"conditional (raw edge, adaptive w)",r12_e2_res_fx40_A_s2,70.5322,-13.9229,-13.9580,Correction + fixed w 0.5
0.5,ResNet-18 | round>30,conditional (adaptive w),r12_e2_res_fx40_A_s0,61.3634,-0.4768,-0.7926,Probability average
0.5,ResNet-18 | round>30,conditional (adaptive w),r12_e2_res_fx40_A_s1,59.4409,-1.6461,-1.6019,Probability average
0.5,ResNet-18 | round>30,conditional (adaptive w),r12_e2_res_fx40_A_s2,62.9044,-2.7231,-2.8111,Probability average
0.5,ResNet-18 | round>30,conditional (fixed w 0.5),r12_e2_res_fx40_A_s0,61.3999,-0.4402,-0.7560,Probability average
0.5,ResNet-18 | round>30,conditional (fixed w 0.5),r12_e2_res_fx40_A_s1,59.5850,-1.5020,-1.4578,Probability average
0.5,ResNet-18 | round>30,conditional (fixed w 0.5),r12_e2_res_fx40_A_s2,62.9297,-2.6978,-2.7858,Probability average
0.5,ResNet-18 | round>30,"conditional (raw edge, adaptive w)",r12_e2_res_fx40_A_s0,60.4068,-1.4334,-1.7492,Probability average
0.5,ResNet-18 | round>30,"conditional (raw edge, adaptive w)",r12_e2_res_fx40_A_s1,57.3651,-3.7219,-3.6778,Probability average
0.5,ResNet-18 | round>30,"conditional (raw edge, adaptive w)",r12_e2_res_fx40_A_s2,61.2563,-4.3712,-4.4592,Probability average
0.5,ResNet-18 | round>50,conditional (adaptive w),r12_e2_res_fx40_A_s0,62.3250,-0.5016,-0.7775,Probability average
0.5,ResNet-18 | round>50,conditional (adaptive w),r12_e2_res_fx40_A_s1,60.5358,-1.3582,-1.3738,Probability average
0.5,ResNet-18 | round>50,conditional (adaptive w),r12_e2_res_fx40_A_s2,63.7277,-2.7673,-2.8593,Probability average
0.5,ResNet-18 | round>50,conditional (fixed w 0.5),r12_e2_res_fx40_A_s0,62.3590,-0.4676,-0.7434,Probability average
0.5,ResNet-18 | round>50,conditional (fixed w 0.5),r12_e2_res_fx40_A_s1,60.7206,-1.1734,-1.1890,Probability average
0.5,ResNet-18 | round>50,conditional (fixed w 0.5),r12_e2_res_fx40_A_s2,63.7647,-2.7303,-2.8223,Probability average
0.5,ResNet-18 | round>50,"conditional (raw edge, adaptive w)",r12_e2_res_fx40_A_s0,61.3302,-1.4964,-1.7722,Probability average
0.5,ResNet-18 | round>50,"conditional (raw edge, adaptive w)",r12_e2_res_fx40_A_s1,58.5116,-3.3825,-3.3981,Probability average
0.5,ResNet-18 | round>50,"conditional (raw edge, adaptive w)",r12_e2_res_fx40_A_s2,62.0833,-4.4117,-4.5037,Probability average
0.5,K=200 | full,conditional (adaptive w),r12_s3k200_fixed040_s0,68.9101,0.3218,0.0887,Corrected edge only
0.5,K=200 | full,conditional (adaptive w),r12_s3k200_fixed040_s1,69.1168,0.2992,0.0904,Corrected edge only
0.5,K=200 | full,conditional (adaptive w),r12_s3k200_fixed040_s2,66.7325,0.2783,0.1050,Corrected edge only
0.5,K=200 | full,conditional (fixed w 0.5),r12_s3k200_fixed040_s0,68.8286,0.2404,0.0073,Corrected edge only
0.5,K=200 | full,conditional (fixed w 0.5),r12_s3k200_fixed040_s1,69.0231,0.2055,-0.0033,Corrected edge only
0.5,K=200 | full,conditional (fixed w 0.5),r12_s3k200_fixed040_s2,66.6640,0.2098,0.0364,Corrected edge only
0.5,K=200 | full,"conditional (raw edge, adaptive w)",r12_s3k200_fixed040_s0,66.4371,-2.1512,-2.3843,Corrected edge only
0.5,K=200 | full,"conditional (raw edge, adaptive w)",r12_s3k200_fixed040_s1,66.7328,-2.0848,-2.2936,Corrected edge only
0.5,K=200 | full,"conditional (raw edge, adaptive w)",r12_s3k200_fixed040_s2,64.1229,-2.3313,-2.5046,Corrected edge only
0.5,K=200 | round<=30,conditional (adaptive w),r12_s3k200_fixed040_s0,72.5995,-0.5767,-0.6127,Correction + product
0.5,K=200 | round<=30,conditional (adaptive w),r12_s3k200_fixed040_s1,71.6427,-0.5785,-0.6634,Correction + product
0.5,K=200 | round<=30,conditional (adaptive w),r12_s3k200_fixed040_s2,71.8093,-0.5673,-0.6006,Correction + product
0.5,K=200 | round<=30,conditional (fixed w 0.5),r12_s3k200_fixed040_s0,72.5745,-0.6016,-0.6376,Correction + product
0.5,K=200 | round<=30,conditional (fixed w 0.5),r12_s3k200_fixed040_s1,71.6238,-0.5975,-0.6823,Correction + product
0.5,K=200 | round<=30,conditional (fixed w 0.5),r12_s3k200_fixed040_s2,71.7749,-0.6018,-0.6351,Correction + product
0.5,K=200 | round<=30,"conditional (raw edge, adaptive w)",r12_s3k200_fixed040_s0,64.5868,-8.5893,-8.6253,Correction + product
0.5,K=200 | round<=30,"conditional (raw edge, adaptive w)",r12_s3k200_fixed040_s1,63.8703,-8.3510,-8.4358,Correction + product
0.5,K=200 | round<=30,"conditional (raw edge, adaptive w)",r12_s3k200_fixed040_s2,64.8118,-7.5648,-7.5982,Correction + product
0.5,K=200 | round>30,conditional (adaptive w),r12_s3k200_fixed040_s0,67.8340,0.5839,-0.0171,Corrected edge only
0.5,K=200 | round>30,conditional (adaptive w),r12_s3k200_fixed040_s1,68.3801,0.5552,-0.0573,Corrected edge only
0.5,K=200 | round>30,conditional (adaptive w),r12_s3k200_fixed040_s2,65.2518,0.5249,0.0070,Corrected edge only
0.5,K=200 | round>30,conditional (fixed w 0.5),r12_s3k200_fixed040_s0,67.7361,0.4860,-0.1150,Corrected edge only
0.5,K=200 | round>30,conditional (fixed w 0.5),r12_s3k200_fixed040_s1,68.2646,0.4397,-0.1728,Corrected edge only
0.5,K=200 | round>30,conditional (fixed w 0.5),r12_s3k200_fixed040_s2,65.1733,0.4465,-0.0714,Corrected edge only
0.5,K=200 | round>30,"conditional (raw edge, adaptive w)",r12_s3k200_fixed040_s0,66.9767,-0.2734,-0.8743,Corrected edge only
0.5,K=200 | round>30,"conditional (raw edge, adaptive w)",r12_s3k200_fixed040_s1,67.5677,-0.2572,-0.8698,Corrected edge only
0.5,K=200 | round>30,"conditional (raw edge, adaptive w)",r12_s3k200_fixed040_s2,63.9220,-0.8049,-1.3228,Corrected edge only
0.5,K=200 | round>50,conditional (adaptive w),r12_s3k200_fixed040_s0,68.8088,0.5500,-0.0302,Corrected edge only
0.5,K=200 | round>50,conditional (adaptive w),r12_s3k200_fixed040_s1,69.2800,0.5283,-0.0744,Corrected edge only
0.5,K=200 | round>50,conditional (adaptive w),r12_s3k200_fixed040_s2,66.1757,0.5035,0.0000,Corrected edge only
0.5,K=200 | round>50,conditional (fixed w 0.5),r12_s3k200_fixed040_s0,68.6993,0.4405,-0.1397,Corrected edge only
0.5,K=200 | round>50,conditional (fixed w 0.5),r12_s3k200_fixed040_s1,69.1531,0.4014,-0.2013,Corrected edge only
0.5,K=200 | round>50,conditional (fixed w 0.5),r12_s3k200_fixed040_s2,66.0917,0.4195,-0.0840,Corrected edge only
0.5,K=200 | round>50,"conditional (raw edge, adaptive w)",r12_s3k200_fixed040_s0,68.1444,-0.1144,-0.6946,Corrected edge only
0.5,K=200 | round>50,"conditional (raw edge, adaptive w)",r12_s3k200_fixed040_s1,68.6933,-0.0583,-0.6611,Corrected edge only
0.5,K=200 | round>50,"conditional (raw edge, adaptive w)",r12_s3k200_fixed040_s2,65.0909,-0.5813,-1.0848,Corrected edge only
0.5,K=500 | full,conditional (adaptive w),r12_s3k500_fixed040_s0,69.3275,0.3751,0.1178,Corrected edge only
0.5,K=500 | full,conditional (adaptive w),r12_s3k500_fixed040_s1,69.6932,0.4453,0.0454,Corrected edge only
0.5,K=500 | full,conditional (adaptive w),r12_s3k500_fixed040_s2,69.2959,0.4679,0.0388,Corrected edge only
0.5,K=500 | full,conditional (fixed w 0.5),r12_s3k500_fixed040_s0,69.2558,0.3033,0.0461,Corrected edge only
0.5,K=500 | full,conditional (fixed w 0.5),r12_s3k500_fixed040_s1,69.5988,0.3510,-0.0490,Corrected edge only
0.5,K=500 | full,conditional (fixed w 0.5),r12_s3k500_fixed040_s2,69.2081,0.3802,-0.0490,Corrected edge only
0.5,K=500 | full,"conditional (raw edge, adaptive w)",r12_s3k500_fixed040_s0,66.9528,-1.9997,-2.2569,Corrected edge only
0.5,K=500 | full,"conditional (raw edge, adaptive w)",r12_s3k500_fixed040_s1,67.6209,-1.6269,-2.0269,Corrected edge only
0.5,K=500 | full,"conditional (raw edge, adaptive w)",r12_s3k500_fixed040_s2,67.1370,-1.6909,-2.1200,Corrected edge only
0.5,K=500 | round<=30,conditional (adaptive w),r12_s3k500_fixed040_s0,72.8673,-0.4902,-0.5469,Correction + product
0.5,K=500 | round<=30,conditional (adaptive w),r12_s3k500_fixed040_s1,72.1687,-0.4899,-0.4959,Correction + product
0.5,K=500 | round<=30,conditional (adaptive w),r12_s3k500_fixed040_s2,72.6130,-0.4310,-0.3790,Correction + product
0.5,K=500 | round<=30,conditional (fixed w 0.5),r12_s3k500_fixed040_s0,72.8457,-0.5117,-0.5684,Correction + product
0.5,K=500 | round<=30,conditional (fixed w 0.5),r12_s3k500_fixed040_s1,72.1413,-0.5173,-0.5232,Correction + product
0.5,K=500 | round<=30,conditional (fixed w 0.5),r12_s3k500_fixed040_s2,72.5716,-0.4724,-0.4203,Correction + product
0.5,K=500 | round<=30,"conditional (raw edge, adaptive w)",r12_s3k500_fixed040_s0,65.5285,-7.8289,-7.8856,Correction + product
0.5,K=500 | round<=30,"conditional (raw edge, adaptive w)",r12_s3k500_fixed040_s1,65.0944,-7.5643,-7.5702,Correction + product
0.5,K=500 | round<=30,"conditional (raw edge, adaptive w)",r12_s3k500_fixed040_s2,65.5578,-7.4862,-7.4342,Correction + product
0.5,K=500 | round>30,conditional (adaptive w),r12_s3k500_fixed040_s0,68.2951,0.6274,-0.0489,No correction + adaptive w
0.5,K=500 | round>30,conditional (adaptive w),r12_s3k500_fixed040_s1,68.9711,0.7181,-0.2487,No correction + adaptive w
0.5,K=500 | round>30,conditional (adaptive w),r12_s3k500_fixed040_s2,68.3284,0.7301,-0.2627,No correction + adaptive w
0.5,K=500 | round>30,conditional (fixed w 0.5),r12_s3k500_fixed040_s0,68.2087,0.5411,-0.1352,No correction + adaptive w
0.5,K=500 | round>30,conditional (fixed w 0.5),r12_s3k500_fixed040_s1,68.8572,0.6042,-0.3626,No correction + adaptive w
0.5,K=500 | round>30,conditional (fixed w 0.5),r12_s3k500_fixed040_s2,68.2271,0.6288,-0.3640,No correction + adaptive w
0.5,K=500 | round>30,"conditional (raw edge, adaptive w)",r12_s3k500_fixed040_s0,67.3682,-0.2995,-0.9758,No correction + adaptive w
0.5,K=500 | round>30,"conditional (raw edge, adaptive w)",r12_s3k500_fixed040_s1,68.3579,0.1048,-0.8620,No correction + adaptive w
0.5,K=500 | round>30,"conditional (raw edge, adaptive w)",r12_s3k500_fixed040_s2,67.5976,-0.0006,-0.9935,No correction + adaptive w
0.5,K=500 | round>50,conditional (adaptive w),r12_s3k500_fixed040_s0,69.2585,0.5921,-0.0715,No correction + adaptive w
0.5,K=500 | round>50,conditional (adaptive w),r12_s3k500_fixed040_s1,69.9149,0.6964,-0.2963,No correction + adaptive w
0.5,K=500 | round>50,conditional (adaptive w),r12_s3k500_fixed040_s2,69.3483,0.6822,-0.2547,No correction + adaptive w
0.5,K=500 | round>50,conditional (fixed w 0.5),r12_s3k500_fixed040_s0,69.1616,0.4952,-0.1684,No correction + adaptive w
0.5,K=500 | round>50,conditional (fixed w 0.5),r12_s3k500_fixed040_s1,69.7934,0.5748,-0.4178,No correction + adaptive w
0.5,K=500 | round>50,conditional (fixed w 0.5),r12_s3k500_fixed040_s2,69.2400,0.5739,-0.3630,No correction + adaptive w
0.5,K=500 | round>50,"conditional (raw edge, adaptive w)",r12_s3k500_fixed040_s0,68.5268,-0.1396,-0.8032,No correction + adaptive w
0.5,K=500 | round>50,"conditional (raw edge, adaptive w)",r12_s3k500_fixed040_s1,69.5272,0.3086,-0.6840,No correction + adaptive w
0.5,K=500 | round>50,"conditional (raw edge, adaptive w)",r12_s3k500_fixed040_s2,68.7430,0.0769,-0.8600,No correction + adaptive w
0.5,S1 | pre-commute,conditional (adaptive w),r12_s1_fixed040_s0,74.4426,-1.1946,-1.3346,Correction + product
0.5,S1 | pre-commute,conditional (adaptive w),r12_s1_fixed040_s1,73.4286,-1.1119,-1.2987,Correction + product
0.5,S1 | pre-commute,conditional (adaptive w),r12_s1_fixed040_s2,72.6663,-0.9979,-1.1494,Correction + product
0.5,S1 | pre-commute,conditional (adaptive w),r12_s1_fixed040_s3,67.8316,-1.0669,-1.1649,Correction + product
0.5,S1 | pre-commute,conditional (adaptive w),r12_s1_fixed040_s4,73.3238,-1.6116,-2.0223,Correction + product
0.5,S1 | pre-commute,conditional (fixed w 0.5),r12_s1_fixed040_s0,74.4239,-1.2133,-1.3534,Correction + product
0.5,S1 | pre-commute,conditional (fixed w 0.5),r12_s1_fixed040_s1,73.4145,-1.1260,-1.3128,Correction + product
0.5,S1 | pre-commute,conditional (fixed w 0.5),r12_s1_fixed040_s2,72.6274,-1.0368,-1.1882,Correction + product
0.5,S1 | pre-commute,conditional (fixed w 0.5),r12_s1_fixed040_s3,67.8291,-1.0694,-1.1674,Correction + product
0.5,S1 | pre-commute,conditional (fixed w 0.5),r12_s1_fixed040_s4,73.3139,-1.6215,-2.0321,Correction + product
0.5,S1 | pre-commute,"conditional (raw edge, adaptive w)",r12_s1_fixed040_s0,64.3038,-11.3333,-11.4734,Correction + product
0.5,S1 | pre-commute,"conditional (raw edge, adaptive w)",r12_s1_fixed040_s1,62.8746,-11.6659,-11.8527,Correction + product
0.5,S1 | pre-commute,"conditional (raw edge, adaptive w)",r12_s1_fixed040_s2,66.9302,-6.7340,-6.8854,Correction + product
0.5,S1 | pre-commute,"conditional (raw edge, adaptive w)",r12_s1_fixed040_s3,61.2253,-7.6732,-7.7712,Correction + product
0.5,S1 | pre-commute,"conditional (raw edge, adaptive w)",r12_s1_fixed040_s4,65.5263,-9.4091,-9.8197,Correction + product
0.5,S1 | commute,conditional (adaptive w),r12_s1_fixed040_s0,65.0497,0.0951,-0.0182,Correction + development w 0.2
0.5,S1 | commute,conditional (adaptive w),r12_s1_fixed040_s1,66.0872,0.1430,0.0052,Correction + development w 0.2
0.5,S1 | commute,conditional (adaptive w),r12_s1_fixed040_s2,63.3994,-0.1825,0.0414,Correction + development w 0.2
0.5,S1 | commute,conditional (adaptive w),r12_s1_fixed040_s3,59.1839,-0.1257,0.1081,Correction + development w 0.2
0.5,S1 | commute,conditional (adaptive w),r12_s1_fixed040_s4,67.0363,0.1353,-0.0675,Correction + development w 0.2
0.5,S1 | commute,conditional (fixed w 0.5),r12_s1_fixed040_s0,65.0110,0.0564,-0.0569,Correction + development w 0.2
0.5,S1 | commute,conditional (fixed w 0.5),r12_s1_fixed040_s1,66.0369,0.0926,-0.0451,Correction + development w 0.2
0.5,S1 | commute,conditional (fixed w 0.5),r12_s1_fixed040_s2,63.4154,-0.1666,0.0573,Correction + development w 0.2
0.5,S1 | commute,conditional (fixed w 0.5),r12_s1_fixed040_s3,59.1751,-0.1345,0.0993,Correction + development w 0.2
0.5,S1 | commute,conditional (fixed w 0.5),r12_s1_fixed040_s4,66.9752,0.0742,-0.1286,Correction + development w 0.2
0.5,S1 | commute,"conditional (raw edge, adaptive w)",r12_s1_fixed040_s0,60.8348,-4.1198,-4.2331,Correction + development w 0.2
0.5,S1 | commute,"conditional (raw edge, adaptive w)",r12_s1_fixed040_s1,62.5611,-3.3831,-3.5209,Correction + development w 0.2
0.5,S1 | commute,"conditional (raw edge, adaptive w)",r12_s1_fixed040_s2,59.1820,-4.4000,-4.1761,Correction + development w 0.2
0.5,S1 | commute,"conditional (raw edge, adaptive w)",r12_s1_fixed040_s3,55.3622,-3.9474,-3.7136,Correction + development w 0.2
0.5,S1 | commute,"conditional (raw edge, adaptive w)",r12_s1_fixed040_s4,63.7516,-3.1494,-3.3522,Correction + development w 0.2
0.5,S1 | daytime,conditional (adaptive w),r12_s1_fixed040_s0,62.7111,0.6177,-0.0330,Corrected edge only
0.5,S1 | daytime,conditional (adaptive w),r12_s1_fixed040_s1,62.8186,0.6208,-0.0548,Corrected edge only
0.5,S1 | daytime,conditional (adaptive w),r12_s1_fixed040_s2,63.1771,0.4187,0.1154,Corrected edge only
0.5,S1 | daytime,conditional (adaptive w),r12_s1_fixed040_s3,58.7543,0.2180,0.0852,Corrected edge only
0.5,S1 | daytime,conditional (adaptive w),r12_s1_fixed040_s4,65.6241,0.5237,0.0386,Corrected edge only
0.5,S1 | daytime,conditional (fixed w 0.5),r12_s1_fixed040_s0,62.6243,0.5308,-0.1199,Corrected edge only
0.5,S1 | daytime,conditional (fixed w 0.5),r12_s1_fixed040_s1,62.7312,0.5334,-0.1422,Corrected edge only
0.5,S1 | daytime,conditional (fixed w 0.5),r12_s1_fixed040_s2,63.1358,0.3774,0.0740,Corrected edge only
0.5,S1 | daytime,conditional (fixed w 0.5),r12_s1_fixed040_s3,58.7288,0.1924,0.0596,Corrected edge only
0.5,S1 | daytime,conditional (fixed w 0.5),r12_s1_fixed040_s4,65.5643,0.4639,-0.0212,Corrected edge only
0.5,S1 | daytime,"conditional (raw edge, adaptive w)",r12_s1_fixed040_s0,60.8809,-1.2125,-1.8632,Corrected edge only
0.5,S1 | daytime,"conditional (raw edge, adaptive w)",r12_s1_fixed040_s1,61.8945,-0.3034,-0.9789,Corrected edge only
0.5,S1 | daytime,"conditional (raw edge, adaptive w)",r12_s1_fixed040_s2,60.9637,-1.7947,-2.0980,Corrected edge only
0.5,S1 | daytime,"conditional (raw edge, adaptive w)",r12_s1_fixed040_s3,56.4862,-2.0501,-2.1829,Corrected edge only
0.5,S1 | daytime,"conditional (raw edge, adaptive w)",r12_s1_fixed040_s4,64.2953,-0.8051,-1.2902,Corrected edge only
0.5,S1 | return,conditional (adaptive w),r12_s1_fixed040_s0,72.6691,0.1470,-0.0152,Corrected edge only
0.5,S1 | return,conditional (adaptive w),r12_s1_fixed040_s1,72.8132,0.1502,-0.0814,Corrected edge only
0.5,S1 | return,conditional (adaptive w),r12_s1_fixed040_s2,70.5927,0.2863,-0.0814,Corrected edge only
0.5,S1 | return,conditional (adaptive w),r12_s1_fixed040_s3,68.5358,-0.1555,-0.0438,Corrected edge only
0.5,S1 | return,conditional (adaptive w),r12_s1_fixed040_s4,73.5919,0.2351,-0.0405,Corrected edge only
0.5,S1 | return,conditional (fixed w 0.5),r12_s1_fixed040_s0,72.5270,0.0048,-0.1573,Corrected edge only
0.5,S1 | return,conditional (fixed w 0.5),r12_s1_fixed040_s1,72.6810,0.0181,-0.2136,Corrected edge only
0.5,S1 | return,conditional (fixed w 0.5),r12_s1_fixed040_s2,70.4642,0.1578,-0.2098,Corrected edge only
0.5,S1 | return,conditional (fixed w 0.5),r12_s1_fixed040_s3,68.3908,-0.3004,-0.1887,Corrected edge only
0.5,S1 | return,conditional (fixed w 0.5),r12_s1_fixed040_s4,73.5295,0.1726,-0.1029,Corrected edge only
0.5,S1 | return,"conditional (raw edge, adaptive w)",r12_s1_fixed040_s0,70.9431,-1.5791,-1.7413,Corrected edge only
0.5,S1 | return,"conditional (raw edge, adaptive w)",r12_s1_fixed040_s1,71.1515,-1.5114,-1.7431,Corrected edge only
0.5,S1 | return,"conditional (raw edge, adaptive w)",r12_s1_fixed040_s2,69.1656,-1.1408,-1.5085,Corrected edge only
0.5,S1 | return,"conditional (raw edge, adaptive w)",r12_s1_fixed040_s3,66.5067,-2.1846,-2.0729,Corrected edge only
0.5,S1 | return,"conditional (raw edge, adaptive w)",r12_s1_fixed040_s4,72.4175,-0.9394,-1.2149,Corrected edge only
0.5,S1 | evening,conditional (adaptive w),r12_s1_fixed040_s0,82.2485,-0.4292,-0.2171,Correction + fixed w 0.5
0.5,S1 | evening,conditional (adaptive w),r12_s1_fixed040_s1,82.5396,-0.2778,-0.0842,Correction + fixed w 0.5
0.5,S1 | evening,conditional (adaptive w),r12_s1_fixed040_s2,82.2299,-0.4142,-0.3723,Correction + fixed w 0.5
0.5,S1 | evening,conditional (adaptive w),r12_s1_fixed040_s3,78.7506,-0.7651,-0.8520,Correction + fixed w 0.5
0.5,S1 | evening,conditional (adaptive w),r12_s1_fixed040_s4,84.4232,-0.4820,-0.4510,Correction + fixed w 0.5
0.5,S1 | evening,conditional (fixed w 0.5),r12_s1_fixed040_s0,81.9474,-0.7303,-0.5183,Correction + fixed w 0.5
0.5,S1 | evening,conditional (fixed w 0.5),r12_s1_fixed040_s1,82.3144,-0.5030,-0.3094,Correction + fixed w 0.5
0.5,S1 | evening,conditional (fixed w 0.5),r12_s1_fixed040_s2,82.1537,-0.4903,-0.4484,Correction + fixed w 0.5
0.5,S1 | evening,conditional (fixed w 0.5),r12_s1_fixed040_s3,78.6342,-0.8815,-0.9684,Correction + fixed w 0.5
0.5,S1 | evening,conditional (fixed w 0.5),r12_s1_fixed040_s4,84.3574,-0.5478,-0.5168,Correction + fixed w 0.5
0.5,S1 | evening,"conditional (raw edge, adaptive w)",r12_s1_fixed040_s0,79.6339,-3.0439,-2.8318,Correction + fixed w 0.5
0.5,S1 | evening,"conditional (raw edge, adaptive w)",r12_s1_fixed040_s1,79.9140,-2.9033,-2.7097,Correction + fixed w 0.5
0.5,S1 | evening,"conditional (raw edge, adaptive w)",r12_s1_fixed040_s2,80.3784,-2.2657,-2.2238,Correction + fixed w 0.5
0.5,S1 | evening,"conditional (raw edge, adaptive w)",r12_s1_fixed040_s3,76.4401,-3.0757,-3.1625,Correction + fixed w 0.5
0.5,S1 | evening,"conditional (raw edge, adaptive w)",r12_s1_fixed040_s4,82.1729,-2.7323,-2.7013,Correction + fixed w 0.5
0.5,S2 | pre-commute,conditional (adaptive w),r12_s2_fixed040_s0,69.5200,-0.7402,-1.0637,Correction + product
0.5,S2 | pre-commute,conditional (adaptive w),r12_s2_fixed040_s1,71.0996,-0.6179,-1.0083,Correction + product
0.5,S2 | pre-commute,conditional (adaptive w),r12_s2_fixed040_s2,70.5863,-0.8237,-1.4441,Correction + product
0.5,S2 | pre-commute,conditional (fixed w 0.5),r12_s2_fixed040_s0,69.5181,-0.7421,-1.0655,Correction + product
0.5,S2 | pre-commute,conditional (fixed w 0.5),r12_s2_fixed040_s1,71.1329,-0.5846,-0.9749,Correction + product
0.5,S2 | pre-commute,conditional (fixed w 0.5),r12_s2_fixed040_s2,70.6054,-0.8047,-1.4251,Correction + product
0.5,S2 | pre-commute,"conditional (raw edge, adaptive w)",r12_s2_fixed040_s0,58.3660,-11.8942,-12.2176,Correction + product
0.5,S2 | pre-commute,"conditional (raw edge, adaptive w)",r12_s2_fixed040_s1,62.5643,-9.1532,-9.5436,Correction + product
0.5,S2 | pre-commute,"conditional (raw edge, adaptive w)",r12_s2_fixed040_s2,67.0942,-4.3158,-4.9362,Correction + product
0.5,S2 | commute,conditional (adaptive w),r12_s2_fixed040_s0,71.6608,-0.9131,-0.9238,Correction + fixed w 0.5
0.5,S2 | commute,conditional (adaptive w),r12_s2_fixed040_s1,74.4939,-0.7642,-0.7301,Correction + fixed w 0.5
0.5,S2 | commute,conditional (adaptive w),r12_s2_fixed040_s2,74.3947,-1.2178,-1.5081,Correction + fixed w 0.5
0.5,S2 | commute,conditional (fixed w 0.5),r12_s2_fixed040_s0,71.5452,-1.0288,-1.0395,Correction + fixed w 0.5
0.5,S2 | commute,conditional (fixed w 0.5),r12_s2_fixed040_s1,74.3509,-0.9072,-0.8731,Correction + fixed w 0.5
0.5,S2 | commute,conditional (fixed w 0.5),r12_s2_fixed040_s2,74.3263,-1.2862,-1.5766,Correction + fixed w 0.5
0.5,S2 | commute,"conditional (raw edge, adaptive w)",r12_s2_fixed040_s0,64.5538,-8.0201,-8.0309,Correction + fixed w 0.5
0.5,S2 | commute,"conditional (raw edge, adaptive w)",r12_s2_fixed040_s1,71.0308,-4.2273,-4.1932,Correction + fixed w 0.5
0.5,S2 | commute,"conditional (raw edge, adaptive w)",r12_s2_fixed040_s2,71.9981,-3.6144,-3.9047,Correction + fixed w 0.5
0.5,S2 | daytime,conditional (adaptive w),r12_s2_fixed040_s0,67.6091,-0.3741,-0.3097,Correction + fixed w 0.5
0.5,S2 | daytime,conditional (adaptive w),r12_s2_fixed040_s1,69.0329,-0.2742,-0.2146,Correction + fixed w 0.5
0.5,S2 | daytime,conditional (adaptive w),r12_s2_fixed040_s2,71.1381,-0.4640,-0.5296,Correction + fixed w 0.5
0.5,S2 | daytime,conditional (fixed w 0.5),r12_s2_fixed040_s0,67.4669,-0.5163,-0.4518,Correction + fixed w 0.5
0.5,S2 | daytime,conditional (fixed w 0.5),r12_s2_fixed040_s1,68.8198,-0.4873,-0.4277,Correction + fixed w 0.5
0.5,S2 | daytime,conditional (fixed w 0.5),r12_s2_fixed040_s2,71.0677,-0.5343,-0.5999,Correction + fixed w 0.5
0.5,S2 | daytime,"conditional (raw edge, adaptive w)",r12_s2_fixed040_s0,63.9196,-4.0635,-3.9991,Correction + fixed w 0.5
0.5,S2 | daytime,"conditional (raw edge, adaptive w)",r12_s2_fixed040_s1,67.4147,-1.8924,-1.8328,Correction + fixed w 0.5
0.5,S2 | daytime,"conditional (raw edge, adaptive w)",r12_s2_fixed040_s2,69.9828,-1.6192,-1.6849,Correction + fixed w 0.5
0.5,S2 | return,conditional (adaptive w),r12_s2_fixed040_s0,71.9692,-0.2230,-0.2077,Correction + development w 0.2
0.5,S2 | return,conditional (adaptive w),r12_s2_fixed040_s1,73.9567,-0.2087,-0.1221,Correction + development w 0.2
0.5,S2 | return,conditional (adaptive w),r12_s2_fixed040_s2,74.2718,-0.2498,-0.1476,Correction + development w 0.2
0.5,S2 | return,conditional (fixed w 0.5),r12_s2_fixed040_s0,71.7815,-0.4107,-0.3953,Correction + development w 0.2
0.5,S2 | return,conditional (fixed w 0.5),r12_s2_fixed040_s1,73.8531,-0.3123,-0.2256,Correction + development w 0.2
0.5,S2 | return,conditional (fixed w 0.5),r12_s2_fixed040_s2,74.0854,-0.4362,-0.3340,Correction + development w 0.2
0.5,S2 | return,"conditional (raw edge, adaptive w)",r12_s2_fixed040_s0,69.0378,-3.1544,-3.1390,Correction + development w 0.2
0.5,S2 | return,"conditional (raw edge, adaptive w)",r12_s2_fixed040_s1,72.6802,-1.4852,-1.3986,Correction + development w 0.2
0.5,S2 | return,"conditional (raw edge, adaptive w)",r12_s2_fixed040_s2,73.7793,-0.7422,-0.6401,Correction + development w 0.2
0.5,S2 | evening,conditional (adaptive w),r12_s2_fixed040_s0,73.5143,-0.3234,-0.2165,Correction + development w 0.2
0.5,S2 | evening,conditional (adaptive w),r12_s2_fixed040_s1,76.5488,-0.1217,-0.2363,Correction + development w 0.2
0.5,S2 | evening,conditional (adaptive w),r12_s2_fixed040_s2,79.2607,-0.0850,-0.0414,Correction + development w 0.2
0.5,S2 | evening,conditional (fixed w 0.5),r12_s2_fixed040_s0,73.3338,-0.5038,-0.3969,Correction + development w 0.2
0.5,S2 | evening,conditional (fixed w 0.5),r12_s2_fixed040_s1,76.2666,-0.4039,-0.5185,Correction + development w 0.2
0.5,S2 | evening,conditional (fixed w 0.5),r12_s2_fixed040_s2,79.0921,-0.2536,-0.2101,Correction + development w 0.2
0.5,S2 | evening,"conditional (raw edge, adaptive w)",r12_s2_fixed040_s0,70.4125,-3.4251,-3.3182,Correction + development w 0.2
0.5,S2 | evening,"conditional (raw edge, adaptive w)",r12_s2_fixed040_s1,75.0726,-1.5979,-1.7125,Correction + development w 0.2
0.5,S2 | evening,"conditional (raw edge, adaptive w)",r12_s2_fixed040_s2,78.9218,-0.4239,-0.3804,Correction + development w 0.2
0.5,S1 replay | all,conditional (adaptive w),r15_s1_replay_s0,71.7862,0.4512,-0.1006,Corrected edge only
0.5,S1 replay | all,conditional (adaptive w),r15_s1_replay_s1,71.6362,0.4415,-0.0075,Corrected edge only
0.5,S1 replay | all,conditional (adaptive w),r15_s1_replay_s2,72.1336,0.5891,0.1053,Corrected edge only
0.5,S1 replay | all,conditional (adaptive w),r15_s1_replay_s3,68.9698,0.0418,0.1664,Corrected edge only
0.5,S1 replay | all,conditional (adaptive w),r15_s1_replay_s4,73.3568,0.3326,-0.0414,Corrected edge only
0.5,S1 replay | all,conditional (fixed w 0.5),r15_s1_replay_s0,71.5740,0.2389,-0.3128,Corrected edge only
0.5,S1 replay | all,conditional (fixed w 0.5),r15_s1_replay_s1,71.4657,0.2710,-0.1781,Corrected edge only
0.5,S1 replay | all,conditional (fixed w 0.5),r15_s1_replay_s2,72.1176,0.5730,0.0892,Corrected edge only
0.5,S1 replay | all,conditional (fixed w 0.5),r15_s1_replay_s3,69.0288,0.1008,0.2253,Corrected edge only
0.5,S1 replay | all,conditional (fixed w 0.5),r15_s1_replay_s4,73.2405,0.2163,-0.1576,Corrected edge only
0.5,S1 replay | all,"conditional (raw edge, adaptive w)",r15_s1_replay_s0,71.3740,0.0390,-0.5128,Corrected edge only
0.5,S1 replay | all,"conditional (raw edge, adaptive w)",r15_s1_replay_s1,70.6627,-0.5319,-0.9810,Corrected edge only
0.5,S1 replay | all,"conditional (raw edge, adaptive w)",r15_s1_replay_s2,71.3570,-0.1876,-0.6713,Corrected edge only
0.5,S1 replay | all,"conditional (raw edge, adaptive w)",r15_s1_replay_s3,67.9802,-0.9478,-0.8233,Corrected edge only
0.5,S1 replay | all,"conditional (raw edge, adaptive w)",r15_s1_replay_s4,72.5467,-0.4775,-0.8514,Corrected edge only
0.5,S1 replay | home,conditional (adaptive w),r15_s1_replay_s0,83.3903,-0.4598,-0.4390,Correction + development w 0.2
0.5,S1 replay | home,conditional (adaptive w),r15_s1_replay_s1,83.6481,-0.1981,-0.2307,Correction + development w 0.2
0.5,S1 replay | home,conditional (adaptive w),r15_s1_replay_s2,84.2172,-0.2736,-0.0968,Correction + development w 0.2
0.5,S1 replay | home,conditional (adaptive w),r15_s1_replay_s3,80.3464,-0.4204,-0.0891,Correction + development w 0.2
0.5,S1 replay | home,conditional (adaptive w),r15_s1_replay_s4,82.9859,-0.4112,-0.3593,Correction + development w 0.2
0.5,S1 replay | home,conditional (fixed w 0.5),r15_s1_replay_s0,82.9462,-0.9039,-0.8831,Correction + development w 0.2
0.5,S1 replay | home,conditional (fixed w 0.5),r15_s1_replay_s1,83.4201,-0.4261,-0.4587,Correction + development w 0.2
0.5,S1 replay | home,conditional (fixed w 0.5),r15_s1_replay_s2,84.1842,-0.3067,-0.1299,Correction + development w 0.2
0.5,S1 replay | home,conditional (fixed w 0.5),r15_s1_replay_s3,80.3857,-0.3811,-0.0497,Correction + development w 0.2
0.5,S1 replay | home,conditional (fixed w 0.5),r15_s1_replay_s4,82.7505,-0.6466,-0.5947,Correction + development w 0.2
0.5,S1 replay | home,"conditional (raw edge, adaptive w)",r15_s1_replay_s0,81.0901,-2.7600,-2.7392,Correction + development w 0.2
0.5,S1 replay | home,"conditional (raw edge, adaptive w)",r15_s1_replay_s1,80.9263,-2.9198,-2.9525,Correction + development w 0.2
0.5,S1 replay | home,"conditional (raw edge, adaptive w)",r15_s1_replay_s2,82.2212,-2.2696,-2.0928,Correction + development w 0.2
0.5,S1 replay | home,"conditional (raw edge, adaptive w)",r15_s1_replay_s3,78.5279,-2.2389,-1.9075,Correction + development w 0.2
0.5,S1 replay | home,"conditional (raw edge, adaptive w)",r15_s1_replay_s4,80.8896,-2.5075,-2.4556,Correction + development w 0.2
0.5,S1 replay | away,conditional (adaptive w),r15_s1_replay_s0,56.9450,1.5766,-2.2096,Raw edge only
0.5,S1 replay | away,conditional (adaptive w),r15_s1_replay_s1,55.8019,1.3827,-1.4635,Raw edge only
0.5,S1 replay | away,conditional (adaptive w),r15_s1_replay_s2,57.1421,1.5463,-0.2586,Raw edge only
0.5,S1 replay | away,conditional (adaptive w),r15_s1_replay_s3,52.4109,0.6020,0.1052,Raw edge only
0.5,S1 replay | away,conditional (adaptive w),r15_s1_replay_s4,58.5417,1.4809,-1.0742,Raw edge only
0.5,S1 replay | away,conditional (fixed w 0.5),r15_s1_replay_s0,56.9761,1.6076,-2.1786,Raw edge only
0.5,S1 replay | away,conditional (fixed w 0.5),r15_s1_replay_s1,55.7274,1.3081,-1.5380,Raw edge only
0.5,S1 replay | away,conditional (fixed w 0.5),r15_s1_replay_s2,57.2001,1.6043,-0.2006,Raw edge only
0.5,S1 replay | away,conditional (fixed w 0.5),r15_s1_replay_s3,52.5259,0.7171,0.2203,Raw edge only
0.5,S1 replay | away,conditional (fixed w 0.5),r15_s1_replay_s4,58.5701,1.5093,-1.0458,Raw edge only
0.5,S1 replay | away,"conditional (raw edge, adaptive w)",r15_s1_replay_s0,59.1559,3.7875,0.0013,Raw edge only
0.5,S1 replay | away,"conditional (raw edge, adaptive w)",r15_s1_replay_s1,57.1994,2.7801,-0.0660,Raw edge only
0.5,S1 replay | away,"conditional (raw edge, adaptive w)",r15_s1_replay_s2,57.4256,1.8298,0.0248,Raw edge only
0.5,S1 replay | away,"conditional (raw edge, adaptive w)",r15_s1_replay_s3,52.2843,0.4754,-0.0214,Raw edge only
0.5,S1 replay | away,"conditional (raw edge, adaptive w)",r15_s1_replay_s4,59.6391,2.5783,0.0232,Raw edge only
0.5,S2 replay | all,conditional (adaptive w),r15_s2_replay_s0,72.8896,-0.2214,-0.1533,Correction + development w 0.2
0.5,S2 replay | all,conditional (adaptive w),r15_s2_replay_s1,76.4956,-0.0026,-0.1630,Correction + development w 0.2
0.5,S2 replay | all,conditional (adaptive w),r15_s2_replay_s2,78.4613,0.0492,0.0292,Correction + development w 0.2
0.5,S2 replay | all,conditional (fixed w 0.5),r15_s2_replay_s0,72.7794,-0.3317,-0.2635,Correction + development w 0.2
0.5,S2 replay | all,conditional (fixed w 0.5),r15_s2_replay_s1,76.1457,-0.3525,-0.5129,Correction + development w 0.2
0.5,S2 replay | all,conditional (fixed w 0.5),r15_s2_replay_s2,78.3010,-0.1112,-0.1311,Correction + development w 0.2
0.5,S2 replay | all,"conditional (raw edge, adaptive w)",r15_s2_replay_s0,70.4734,-2.6377,-2.5695,Correction + development w 0.2
0.5,S2 replay | all,"conditional (raw edge, adaptive w)",r15_s2_replay_s1,75.3461,-1.1521,-1.3125,Correction + development w 0.2
0.5,S2 replay | all,"conditional (raw edge, adaptive w)",r15_s2_replay_s2,78.3688,-0.0434,-0.0633,Correction + development w 0.2
0.5,S2 replay | home,conditional (adaptive w),r15_s2_replay_s0,78.4888,-0.4681,-0.2900,Correction + development w 0.2
0.5,S2 replay | home,conditional (adaptive w),r15_s2_replay_s1,83.0574,-0.3114,-0.3324,Correction + development w 0.2
0.5,S2 replay | home,conditional (adaptive w),r15_s2_replay_s2,85.7934,-0.1780,-0.0593,Correction + development w 0.2
0.5,S2 replay | home,conditional (fixed w 0.5),r15_s2_replay_s0,78.3368,-0.6201,-0.4420,Correction + development w 0.2
0.5,S2 replay | home,conditional (fixed w 0.5),r15_s2_replay_s1,82.6326,-0.7362,-0.7571,Correction + development w 0.2
0.5,S2 replay | home,conditional (fixed w 0.5),r15_s2_replay_s2,85.5855,-0.3859,-0.2672,Correction + development w 0.2
0.5,S2 replay | home,"conditional (raw edge, adaptive w)",r15_s2_replay_s0,75.1234,-3.8334,-3.6554,Correction + development w 0.2
0.5,S2 replay | home,"conditional (raw edge, adaptive w)",r15_s2_replay_s1,80.7467,-2.6221,-2.6431,Correction + development w 0.2
0.5,S2 replay | home,"conditional (raw edge, adaptive w)",r15_s2_replay_s2,84.7197,-1.2517,-1.1330,Correction + development w 0.2
0.5,S2 replay | away,conditional (adaptive w),r15_s2_replay_s0,55.4297,0.7049,-0.4634,Raw edge only
0.5,S2 replay | away,conditional (adaptive w),r15_s2_replay_s1,55.3363,0.9580,-2.2199,Raw edge only
0.5,S2 replay | away,conditional (adaptive w),r15_s2_replay_s2,56.1919,0.8507,-2.6388,Raw edge only
0.5,S2 replay | away,conditional (fixed w 0.5),r15_s2_replay_s0,55.4190,0.6941,-0.4741,Raw edge only
0.5,S2 replay | away,conditional (fixed w 0.5),r15_s2_replay_s1,55.2130,0.8347,-2.3432,Raw edge only
0.5,S2 replay | away,conditional (fixed w 0.5),r15_s2_replay_s2,56.2547,0.9136,-2.5760,Raw edge only
0.5,S2 replay | away,"conditional (raw edge, adaptive w)",r15_s2_replay_s0,55.8156,1.0908,-0.0775,Raw edge only
0.5,S2 replay | away,"conditional (raw edge, adaptive w)",r15_s2_replay_s1,57.4202,3.0420,-0.1359,Raw edge only
0.5,S2 replay | away,"conditional (raw edge, adaptive w)",r15_s2_replay_s2,58.9134,3.5722,0.0827,Raw edge only
0.75,S1 | full,conditional (adaptive w),r12_s1_fixed040_s0,69.1588,0.0283,0.0468,Correction + development w 0.2
0.75,S1 | full,conditional (adaptive w),r12_s1_fixed040_s1,69.0501,0.1095,0.0694,Correction + development w 0.2
0.75,S1 | full,conditional (adaptive w),r12_s1_fixed040_s2,67.9988,-0.0667,-0.0320,Correction + development w 0.2
0.75,S1 | full,conditional (adaptive w),r12_s1_fixed040_s3,64.0274,-0.2612,-0.0012,Correction + development w 0.2
0.75,S1 | full,conditional (adaptive w),r12_s1_fixed040_s4,70.5254,-0.0588,0.1078,Correction + development w 0.2
0.75,S1 | full,conditional (fixed w 0.5),r12_s1_fixed040_s0,69.0525,-0.0780,-0.0595,Correction + development w 0.2
0.75,S1 | full,conditional (fixed w 0.5),r12_s1_fixed040_s1,68.9530,0.0125,-0.0277,Correction + development w 0.2
0.75,S1 | full,conditional (fixed w 0.5),r12_s1_fixed040_s2,67.9524,-0.1131,-0.0784,Correction + development w 0.2
0.75,S1 | full,conditional (fixed w 0.5),r12_s1_fixed040_s3,63.9633,-0.3253,-0.0653,Correction + development w 0.2
0.75,S1 | full,conditional (fixed w 0.5),r12_s1_fixed040_s4,70.4701,-0.1140,0.0525,Correction + development w 0.2
0.75,S1 | full,"conditional (raw edge, adaptive w)",r12_s1_fixed040_s0,63.8827,-5.2478,-5.2293,Correction + development w 0.2
0.75,S1 | full,"conditional (raw edge, adaptive w)",r12_s1_fixed040_s1,64.2430,-4.6976,-4.7377,Correction + development w 0.2
0.75,S1 | full,"conditional (raw edge, adaptive w)",r12_s1_fixed040_s2,63.6005,-4.4650,-4.4303,Correction + development w 0.2
0.75,S1 | full,"conditional (raw edge, adaptive w)",r12_s1_fixed040_s3,59.5024,-4.7861,-4.5261,Correction + development w 0.2
0.75,S1 | full,"conditional (raw edge, adaptive w)",r12_s1_fixed040_s4,66.5688,-4.0153,-3.8488,Correction + development w 0.2
0.75,S1 | round<=30,conditional (adaptive w),r12_s1_fixed040_s0,72.8833,-1.7072,-1.9333,Correction + product
0.75,S1 | round<=30,conditional (adaptive w),r12_s1_fixed040_s1,72.5518,-1.6947,-1.9329,Correction + product
0.75,S1 | round<=30,conditional (adaptive w),r12_s1_fixed040_s2,71.2063,-1.4075,-1.6923,Correction + product
0.75,S1 | round<=30,conditional (adaptive w),r12_s1_fixed040_s3,66.1081,-1.3135,-1.4836,Correction + product
0.75,S1 | round<=30,conditional (adaptive w),r12_s1_fixed040_s4,72.4144,-2.0959,-2.5617,Correction + product
0.75,S1 | round<=30,conditional (fixed w 0.5),r12_s1_fixed040_s0,72.8760,-1.7145,-1.9406,Correction + product
0.75,S1 | round<=30,conditional (fixed w 0.5),r12_s1_fixed040_s1,72.5279,-1.7186,-1.9567,Correction + product
0.75,S1 | round<=30,conditional (fixed w 0.5),r12_s1_fixed040_s2,71.1998,-1.4141,-1.6988,Correction + product
0.75,S1 | round<=30,conditional (fixed w 0.5),r12_s1_fixed040_s3,66.1155,-1.3062,-1.4762,Correction + product
0.75,S1 | round<=30,conditional (fixed w 0.5),r12_s1_fixed040_s4,72.3981,-2.1122,-2.5780,Correction + product
0.75,S1 | round<=30,"conditional (raw edge, adaptive w)",r12_s1_fixed040_s0,59.1560,-15.4345,-15.6605,Correction + product
0.75,S1 | round<=30,"conditional (raw edge, adaptive w)",r12_s1_fixed040_s1,58.1210,-16.1255,-16.3636,Correction + product
0.75,S1 | round<=30,"conditional (raw edge, adaptive w)",r12_s1_fixed040_s2,62.9888,-9.6250,-9.9098,Correction + product
0.75,S1 | round<=30,"conditional (raw edge, adaptive w)",r12_s1_fixed040_s3,57.1161,-10.3055,-10.4756,Correction + product
0.75,S1 | round<=30,"conditional (raw edge, adaptive w)",r12_s1_fixed040_s4,61.8214,-12.6890,-13.1548,Correction + product
0.75,S1 | round>30,conditional (adaptive w),r12_s1_fixed040_s0,68.0725,0.5344,-0.0852,Corrected edge only
0.75,S1 | round>30,conditional (adaptive w),r12_s1_fixed040_s1,68.0288,0.6358,-0.1252,Corrected edge only
0.75,S1 | round>30,conditional (adaptive w),r12_s1_fixed040_s2,67.0633,0.3244,0.0466,Corrected edge only
0.75,S1 | round>30,conditional (adaptive w),r12_s1_fixed040_s3,63.4205,0.0458,0.0250,Corrected edge only
0.75,S1 | round>30,conditional (adaptive w),r12_s1_fixed040_s4,69.9744,0.5354,-0.0143,Corrected edge only
0.75,S1 | round>30,conditional (fixed w 0.5),r12_s1_fixed040_s0,67.9373,0.3993,-0.2204,Corrected edge only
0.75,S1 | round>30,conditional (fixed w 0.5),r12_s1_fixed040_s1,67.9103,0.5173,-0.2437,Corrected edge only
0.75,S1 | round>30,conditional (fixed w 0.5),r12_s1_fixed040_s2,67.0053,0.2664,-0.0115,Corrected edge only
0.75,S1 | round>30,conditional (fixed w 0.5),r12_s1_fixed040_s3,63.3356,-0.0392,-0.0600,Corrected edge only
0.75,S1 | round>30,conditional (fixed w 0.5),r12_s1_fixed040_s4,69.9077,0.4688,-0.0810,Corrected edge only
0.75,S1 | round>30,"conditional (raw edge, adaptive w)",r12_s1_fixed040_s0,65.2613,-2.2767,-2.8964,Corrected edge only
0.75,S1 | round>30,"conditional (raw edge, adaptive w)",r12_s1_fixed040_s1,66.0286,-1.3644,-2.1254,Corrected edge only
0.75,S1 | round>30,"conditional (raw edge, adaptive w)",r12_s1_fixed040_s2,63.7789,-2.9600,-3.2379,Corrected edge only
0.75,S1 | round>30,"conditional (raw edge, adaptive w)",r12_s1_fixed040_s3,60.1985,-3.1763,-3.1971,Corrected edge only
0.75,S1 | round>30,"conditional (raw edge, adaptive w)",r12_s1_fixed040_s4,67.9535,-1.4855,-2.0352,Corrected edge only
0.75,S1 | round>50,conditional (adaptive w),r12_s1_fixed040_s0,68.8288,0.5896,-0.0982,Corrected edge only
0.75,S1 | round>50,conditional (adaptive w),r12_s1_fixed040_s1,68.7507,0.6424,-0.1482,Corrected edge only
0.75,S1 | round>50,conditional (adaptive w),r12_s1_fixed040_s2,68.1830,0.4599,0.0013,Corrected edge only
0.75,S1 | round>50,conditional (adaptive w),r12_s1_fixed040_s3,64.4658,0.0561,0.0029,Corrected edge only
0.75,S1 | round>50,conditional (adaptive w),r12_s1_fixed040_s4,70.7857,0.5598,-0.0133,Corrected edge only
0.75,S1 | round>50,conditional (fixed w 0.5),r12_s1_fixed040_s0,68.6787,0.4395,-0.2483,Corrected edge only
0.75,S1 | round>50,conditional (fixed w 0.5),r12_s1_fixed040_s1,68.6213,0.5130,-0.2776,Corrected edge only
0.75,S1 | round>50,conditional (fixed w 0.5),r12_s1_fixed040_s2,68.1059,0.3829,-0.0757,Corrected edge only
0.75,S1 | round>50,conditional (fixed w 0.5),r12_s1_fixed040_s3,64.3736,-0.0361,-0.0893,Corrected edge only
0.75,S1 | round>50,conditional (fixed w 0.5),r12_s1_fixed040_s4,70.7179,0.4920,-0.0810,Corrected edge only
0.75,S1 | round>50,"conditional (raw edge, adaptive w)",r12_s1_fixed040_s0,66.4780,-1.7613,-2.4490,Corrected edge only
0.75,S1 | round>50,"conditional (raw edge, adaptive w)",r12_s1_fixed040_s1,67.0987,-1.0096,-1.8002,Corrected edge only
0.75,S1 | round>50,"conditional (raw edge, adaptive w)",r12_s1_fixed040_s2,65.5170,-2.2060,-2.6646,Corrected edge only
0.75,S1 | round>50,"conditional (raw edge, adaptive w)",r12_s1_fixed040_s3,61.5652,-2.8446,-2.8977,Corrected edge only
0.75,S1 | round>50,"conditional (raw edge, adaptive w)",r12_s1_fixed040_s4,69.1029,-1.1231,-1.6961,Corrected edge only
0.75,S2 | full,conditional (adaptive w),r12_s2_fixed040_s0,69.8839,-0.6911,-0.6416,Correction + fixed w 0.5
0.75,S2 | full,conditional (adaptive w),r12_s2_fixed040_s1,71.3710,-0.5946,-0.5933,Correction + fixed w 0.5
0.75,S2 | full,conditional (adaptive w),r12_s2_fixed040_s2,71.9727,-0.8463,-0.9922,Correction + fixed w 0.5
0.75,S2 | full,conditional (fixed w 0.5),r12_s2_fixed040_s0,69.7454,-0.8296,-0.7801,Correction + fixed w 0.5
0.75,S2 | full,conditional (fixed w 0.5),r12_s2_fixed040_s1,71.2269,-0.7386,-0.7374,Correction + fixed w 0.5
0.75,S2 | full,conditional (fixed w 0.5),r12_s2_fixed040_s2,71.8996,-0.9194,-1.0652,Correction + fixed w 0.5
0.75,S2 | full,"conditional (raw edge, adaptive w)",r12_s2_fixed040_s0,62.2260,-8.3490,-8.2995,Correction + fixed w 0.5
0.75,S2 | full,"conditional (raw edge, adaptive w)",r12_s2_fixed040_s1,66.8612,-5.1043,-5.1031,Correction + fixed w 0.5
0.75,S2 | full,"conditional (raw edge, adaptive w)",r12_s2_fixed040_s2,69.7200,-3.0990,-3.2448,Correction + fixed w 0.5
0.75,S2 | round<=30,conditional (adaptive w),r12_s2_fixed040_s0,69.4133,-1.2282,-1.6791,Correction + product
0.75,S2 | round<=30,conditional (adaptive w),r12_s2_fixed040_s1,71.2575,-0.9587,-1.4427,Correction + product
0.75,S2 | round<=30,conditional (adaptive w),r12_s2_fixed040_s2,69.4174,-1.4035,-2.3175,Correction + product
0.75,S2 | round<=30,conditional (fixed w 0.5),r12_s2_fixed040_s0,69.4113,-1.2302,-1.6810,Correction + product
0.75,S2 | round<=30,conditional (fixed w 0.5),r12_s2_fixed040_s1,71.2907,-0.9255,-1.4095,Correction + product
0.75,S2 | round<=30,conditional (fixed w 0.5),r12_s2_fixed040_s2,69.4533,-1.3676,-2.2816,Correction + product
0.75,S2 | round<=30,"conditional (raw edge, adaptive w)",r12_s2_fixed040_s0,53.6594,-16.9821,-17.4330,Correction + product
0.75,S2 | round<=30,"conditional (raw edge, adaptive w)",r12_s2_fixed040_s1,59.7004,-12.5158,-12.9998,Correction + product
0.75,S2 | round<=30,"conditional (raw edge, adaptive w)",r12_s2_fixed040_s2,64.5070,-6.3138,-7.2278,Correction + product
0.75,S2 | round>30,conditional (adaptive w),r12_s2_fixed040_s0,70.0211,-0.5344,-0.4447,Correction + fixed w 0.5
0.75,S2 | round>30,conditional (adaptive w),r12_s2_fixed040_s1,71.4040,-0.4884,-0.4446,Correction + fixed w 0.5
0.75,S2 | round>30,conditional (adaptive w),r12_s2_fixed040_s2,72.7180,-0.6838,-0.7609,Correction + fixed w 0.5
0.75,S2 | round>30,conditional (fixed w 0.5),r12_s2_fixed040_s0,69.8428,-0.7128,-0.6230,Correction + fixed w 0.5
0.75,S2 | round>30,conditional (fixed w 0.5),r12_s2_fixed040_s1,71.2084,-0.6841,-0.6403,Correction + fixed w 0.5
0.75,S2 | round>30,conditional (fixed w 0.5),r12_s2_fixed040_s2,72.6132,-0.7887,-0.8657,Correction + fixed w 0.5
0.75,S2 | round>30,"conditional (raw edge, adaptive w)",r12_s2_fixed040_s0,64.7246,-5.8310,-5.7413,Correction + fixed w 0.5
0.75,S2 | round>30,"conditional (raw edge, adaptive w)",r12_s2_fixed040_s1,68.9498,-2.9427,-2.8989,Correction + fixed w 0.5
0.75,S2 | round>30,"conditional (raw edge, adaptive w)",r12_s2_fixed040_s2,71.2405,-2.1613,-2.2384,Correction + fixed w 0.5
0.75,S2 | round>50,conditional (adaptive w),r12_s2_fixed040_s0,69.8722,-0.4263,-0.3209,Correction + fixed w 0.5
0.75,S2 | round>50,conditional (adaptive w),r12_s2_fixed040_s1,71.1351,-0.3916,-0.3397,Correction + fixed w 0.5
0.75,S2 | round>50,conditional (adaptive w),r12_s2_fixed040_s2,72.8134,-0.5007,-0.5115,Correction + fixed w 0.5
0.75,S2 | round>50,conditional (fixed w 0.5),r12_s2_fixed040_s0,69.6870,-0.6115,-0.5061,Correction + fixed w 0.5
0.75,S2 | round>50,conditional (fixed w 0.5),r12_s2_fixed040_s1,70.9198,-0.6069,-0.5550,Correction + fixed w 0.5
0.75,S2 | round>50,conditional (fixed w 0.5),r12_s2_fixed040_s2,72.7023,-0.6118,-0.6225,Correction + fixed w 0.5
0.75,S2 | round>50,"conditional (raw edge, adaptive w)",r12_s2_fixed040_s0,65.3140,-4.9844,-4.8791,Correction + fixed w 0.5
0.75,S2 | round>50,"conditional (raw edge, adaptive w)",r12_s2_fixed040_s1,69.0177,-2.5090,-2.4571,Correction + fixed w 0.5
0.75,S2 | round>50,"conditional (raw edge, adaptive w)",r12_s2_fixed040_s2,71.6700,-1.6441,-1.6549,Correction + fixed w 0.5
0.75,S1-fast | full,conditional (adaptive w),r12_s1fast_fixed040_s0,69.4165,0.0643,0.0659,Correction + development w 0.2
0.75,S1-fast | full,conditional (adaptive w),r12_s1fast_fixed040_s1,69.2023,0.1095,0.0459,Correction + development w 0.2
0.75,S1-fast | full,conditional (adaptive w),r12_s1fast_fixed040_s2,67.9355,-0.0870,-0.0750,Correction + development w 0.2
0.75,S1-fast | full,conditional (fixed w 0.5),r12_s1fast_fixed040_s0,69.3261,-0.0261,-0.0245,Correction + development w 0.2
0.75,S1-fast | full,conditional (fixed w 0.5),r12_s1fast_fixed040_s1,69.0999,0.0071,-0.0565,Correction + development w 0.2
0.75,S1-fast | full,conditional (fixed w 0.5),r12_s1fast_fixed040_s2,67.8845,-0.1381,-0.1260,Correction + development w 0.2
0.75,S1-fast | full,"conditional (raw edge, adaptive w)",r12_s1fast_fixed040_s0,64.1342,-5.2180,-5.2164,Correction + development w 0.2
0.75,S1-fast | full,"conditional (raw edge, adaptive w)",r12_s1fast_fixed040_s1,64.4744,-4.6183,-4.6820,Correction + development w 0.2
0.75,S1-fast | full,"conditional (raw edge, adaptive w)",r12_s1fast_fixed040_s2,63.4915,-4.5311,-4.5190,Correction + development w 0.2
0.75,S1-fast | round<=30,conditional (adaptive w),r12_s1fast_fixed040_s0,72.7635,-1.6653,-1.8564,Correction + product
0.75,S1-fast | round<=30,conditional (adaptive w),r12_s1fast_fixed040_s1,72.4107,-1.6605,-1.8748,Correction + product
0.75,S1-fast | round<=30,conditional (adaptive w),r12_s1fast_fixed040_s2,70.6043,-1.3749,-1.6392,Correction + product
0.75,S1-fast | round<=30,conditional (fixed w 0.5),r12_s1fast_fixed040_s0,72.7445,-1.6843,-1.8754,Correction + product
0.75,S1-fast | round<=30,conditional (fixed w 0.5),r12_s1fast_fixed040_s1,72.3852,-1.6860,-1.9004,Correction + product
0.75,S1-fast | round<=30,conditional (fixed w 0.5),r12_s1fast_fixed040_s2,70.5884,-1.3909,-1.6551,Correction + product
0.75,S1-fast | round<=30,"conditional (raw edge, adaptive w)",r12_s1fast_fixed040_s0,59.0041,-15.4247,-15.6158,Correction + product
0.75,S1-fast | round<=30,"conditional (raw edge, adaptive w)",r12_s1fast_fixed040_s1,58.0691,-16.0021,-16.2164,Correction + product
0.75,S1-fast | round<=30,"conditional (raw edge, adaptive w)",r12_s1fast_fixed040_s2,62.1988,-9.7804,-10.0447,Correction + product
0.75,S1-fast | round>30,conditional (adaptive w),r12_s1fast_fixed040_s0,68.4402,0.5687,-0.0632,Corrected edge only
0.75,S1-fast | round>30,conditional (adaptive w),r12_s1fast_fixed040_s1,68.2665,0.6258,-0.1448,Corrected edge only
0.75,S1-fast | round>30,conditional (adaptive w),r12_s1fast_fixed040_s2,67.1571,0.2886,-0.0186,Corrected edge only
0.75,S1-fast | round>30,conditional (fixed w 0.5),r12_s1fast_fixed040_s0,68.3291,0.4576,-0.1743,Corrected edge only
0.75,S1-fast | round>30,conditional (fixed w 0.5),r12_s1fast_fixed040_s1,68.1417,0.5010,-0.2696,Corrected edge only
0.75,S1-fast | round>30,conditional (fixed w 0.5),r12_s1fast_fixed040_s2,67.0958,0.2273,-0.0798,Corrected edge only
0.75,S1-fast | round>30,"conditional (raw edge, adaptive w)",r12_s1fast_fixed040_s0,65.6305,-2.2411,-2.8730,Corrected edge only
0.75,S1-fast | round>30,"conditional (raw edge, adaptive w)",r12_s1fast_fixed040_s1,66.3426,-1.2981,-2.0687,Corrected edge only
0.75,S1-fast | round>30,"conditional (raw edge, adaptive w)",r12_s1fast_fixed040_s2,63.8685,-3.0000,-3.3071,Corrected edge only
0.75,S1-fast | round>50,conditional (adaptive w),r12_s1fast_fixed040_s0,69.4278,0.6259,-0.0740,Corrected edge only
0.75,S1-fast | round>50,conditional (adaptive w),r12_s1fast_fixed040_s1,69.2188,0.6226,-0.1627,Corrected edge only
0.75,S1-fast | round>50,conditional (adaptive w),r12_s1fast_fixed040_s2,68.3126,0.3959,-0.0663,Corrected edge only
0.75,S1-fast | round>50,conditional (fixed w 0.5),r12_s1fast_fixed040_s0,69.3119,0.5099,-0.1900,Corrected edge only
0.75,S1-fast | round>50,conditional (fixed w 0.5),r12_s1fast_fixed040_s1,69.0770,0.4809,-0.3044,Corrected edge only
0.75,S1-fast | round>50,conditional (fixed w 0.5),r12_s1fast_fixed040_s2,68.2326,0.3158,-0.1464,Corrected edge only
0.75,S1-fast | round>50,"conditional (raw edge, adaptive w)",r12_s1fast_fixed040_s0,67.0898,-1.7121,-2.4120,Corrected edge only
0.75,S1-fast | round>50,"conditional (raw edge, adaptive w)",r12_s1fast_fixed040_s1,67.5811,-1.0151,-1.8003,Corrected edge only
0.75,S1-fast | round>50,"conditional (raw edge, adaptive w)",r12_s1fast_fixed040_s2,65.6003,-2.3164,-2.7786,Corrected edge only
0.75,partial participation | full,conditional (adaptive w),r12_s4part05_fixed040_s0,64.3410,-0.4292,-0.4048,Correction + fixed w 0.5
0.75,partial participation | full,conditional (adaptive w),r12_s4part05_fixed040_s1,64.6216,-0.3313,-0.2868,Correction + fixed w 0.5
0.75,partial participation | full,conditional (adaptive w),r12_s4part05_fixed040_s2,63.6417,-0.6254,-0.6912,Correction + fixed w 0.5
0.75,partial participation | full,conditional (fixed w 0.5),r12_s4part05_fixed040_s0,64.3288,-0.4414,-0.4170,Correction + fixed w 0.5
0.75,partial participation | full,conditional (fixed w 0.5),r12_s4part05_fixed040_s1,64.5728,-0.3801,-0.3357,Correction + fixed w 0.5
0.75,partial participation | full,conditional (fixed w 0.5),r12_s4part05_fixed040_s2,63.6294,-0.6376,-0.7034,Correction + fixed w 0.5
0.75,partial participation | full,"conditional (raw edge, adaptive w)",r12_s4part05_fixed040_s0,58.0591,-6.7110,-6.6867,Correction + fixed w 0.5
0.75,partial participation | full,"conditional (raw edge, adaptive w)",r12_s4part05_fixed040_s1,58.1971,-6.7558,-6.7113,Correction + fixed w 0.5
0.75,partial participation | full,"conditional (raw edge, adaptive w)",r12_s4part05_fixed040_s2,57.6241,-6.6429,-6.7087,Correction + fixed w 0.5
0.75,partial participation | round<=30,conditional (adaptive w),r12_s4part05_fixed040_s0,65.5141,-2.0717,-2.8654,Correction + product
0.75,partial participation | round<=30,conditional (adaptive w),r12_s4part05_fixed040_s1,66.7059,-1.6480,-2.2729,Correction + product
0.75,partial participation | round<=30,conditional (adaptive w),r12_s4part05_fixed040_s2,65.6136,-1.2750,-1.7623,Correction + product
0.75,partial participation | round<=30,conditional (fixed w 0.5),r12_s4part05_fixed040_s0,65.6631,-1.9227,-2.7164,Correction + product
0.75,partial participation | round<=30,conditional (fixed w 0.5),r12_s4part05_fixed040_s1,66.7755,-1.5784,-2.2033,Correction + product
0.75,partial participation | round<=30,conditional (fixed w 0.5),r12_s4part05_fixed040_s2,65.7038,-1.1847,-1.6720,Correction + product
0.75,partial participation | round<=30,"conditional (raw edge, adaptive w)",r12_s4part05_fixed040_s0,52.2833,-15.3024,-16.0961,Correction + product
0.75,partial participation | round<=30,"conditional (raw edge, adaptive w)",r12_s4part05_fixed040_s1,52.8856,-15.4683,-16.0932,Correction + product
0.75,partial participation | round<=30,"conditional (raw edge, adaptive w)",r12_s4part05_fixed040_s2,56.7739,-10.1146,-10.6019,Correction + product
0.75,partial participation | round>30,conditional (adaptive w),r12_s4part05_fixed040_s0,63.9988,0.0499,-0.0076,Correction + development w 0.2
0.75,partial participation | round>30,conditional (adaptive w),r12_s4part05_fixed040_s1,64.0137,0.0527,-0.1200,Correction + development w 0.2
0.75,partial participation | round>30,conditional (adaptive w),r12_s4part05_fixed040_s2,63.0665,-0.4359,-0.1920,Correction + development w 0.2
0.75,partial participation | round>30,conditional (fixed w 0.5),r12_s4part05_fixed040_s0,63.9396,-0.0093,-0.0668,Correction + development w 0.2
0.75,partial participation | round>30,conditional (fixed w 0.5),r12_s4part05_fixed040_s1,63.9303,-0.0306,-0.2034,Correction + development w 0.2
0.75,partial participation | round>30,conditional (fixed w 0.5),r12_s4part05_fixed040_s2,63.0244,-0.4781,-0.2341,Correction + development w 0.2
0.75,partial participation | round>30,"conditional (raw edge, adaptive w)",r12_s4part05_fixed040_s0,59.7437,-4.2052,-4.2627,Correction + development w 0.2
0.75,partial participation | round>30,"conditional (raw edge, adaptive w)",r12_s4part05_fixed040_s1,59.7463,-4.2147,-4.3874,Correction + development w 0.2
0.75,partial participation | round>30,"conditional (raw edge, adaptive w)",r12_s4part05_fixed040_s2,57.8721,-5.6304,-5.3865,Correction + development w 0.2
0.75,partial participation | round>50,conditional (adaptive w),r12_s4part05_fixed040_s0,65.0267,0.0614,-0.0448,Correction + development w 0.2
0.75,partial participation | round>50,conditional (adaptive w),r12_s4part05_fixed040_s1,65.3408,0.1696,-0.0897,Correction + development w 0.2
0.75,partial participation | round>50,conditional (adaptive w),r12_s4part05_fixed040_s2,64.1493,-0.3206,-0.1871,Correction + development w 0.2
0.75,partial participation | round>50,conditional (fixed w 0.5),r12_s4part05_fixed040_s0,64.9444,-0.0209,-0.1271,Correction + development w 0.2
0.75,partial participation | round>50,conditional (fixed w 0.5),r12_s4part05_fixed040_s1,65.2407,0.0695,-0.1898,Correction + development w 0.2
0.75,partial participation | round>50,conditional (fixed w 0.5),r12_s4part05_fixed040_s2,64.0931,-0.3768,-0.2433,Correction + development w 0.2
0.75,partial participation | round>50,"conditional (raw edge, adaptive w)",r12_s4part05_fixed040_s0,61.0816,-3.8837,-3.9899,Correction + development w 0.2
0.75,partial participation | round>50,"conditional (raw edge, adaptive w)",r12_s4part05_fixed040_s1,61.5393,-3.6319,-3.8912,Correction + development w 0.2
0.75,partial participation | round>50,"conditional (raw edge, adaptive w)",r12_s4part05_fixed040_s2,59.3075,-5.1624,-5.0289,Correction + development w 0.2
0.75,stepwise change | full,conditional (adaptive w),r12_t1_A_fx40_s0,73.5965,-0.1442,0.0354,Correction + fixed w 0.5
0.75,stepwise change | full,conditional (adaptive w),r12_t1_A_fx40_s1,72.1615,-0.0091,0.1947,Correction + fixed w 0.5
0.75,stepwise change | full,conditional (adaptive w),r12_t1_A_fx40_s2,71.8002,-0.1694,-0.0809,Correction + fixed w 0.5
0.75,stepwise change | full,conditional (adaptive w),r12_t1_A_fx40_s3,68.5839,-0.4521,-0.4407,Correction + fixed w 0.5
0.75,stepwise change | full,conditional (adaptive w),r12_t1_A_fx40_s4,74.5041,-0.0748,0.1015,Correction + fixed w 0.5
0.75,stepwise change | full,conditional (fixed w 0.5),r12_t1_A_fx40_s0,73.5025,-0.2382,-0.0586,Correction + fixed w 0.5
0.75,stepwise change | full,conditional (fixed w 0.5),r12_t1_A_fx40_s1,72.0591,-0.1115,0.0924,Correction + fixed w 0.5
0.75,stepwise change | full,conditional (fixed w 0.5),r12_t1_A_fx40_s2,71.7276,-0.2421,-0.1536,Correction + fixed w 0.5
0.75,stepwise change | full,conditional (fixed w 0.5),r12_t1_A_fx40_s3,68.5137,-0.5222,-0.5108,Correction + fixed w 0.5
0.75,stepwise change | full,conditional (fixed w 0.5),r12_t1_A_fx40_s4,74.4253,-0.1536,0.0227,Correction + fixed w 0.5
0.75,stepwise change | full,"conditional (raw edge, adaptive w)",r12_t1_A_fx40_s0,66.9716,-6.7691,-6.5895,Correction + fixed w 0.5
0.75,stepwise change | full,"conditional (raw edge, adaptive w)",r12_t1_A_fx40_s1,66.0051,-6.1655,-5.9617,Correction + fixed w 0.5
0.75,stepwise change | full,"conditional (raw edge, adaptive w)",r12_t1_A_fx40_s2,66.7242,-5.2454,-5.1569,Correction + fixed w 0.5
0.75,stepwise change | full,"conditional (raw edge, adaptive w)",r12_t1_A_fx40_s3,63.5806,-5.4553,-5.4440,Correction + fixed w 0.5
0.75,stepwise change | full,"conditional (raw edge, adaptive w)",r12_t1_A_fx40_s4,69.3570,-5.2218,-5.0455,Correction + fixed w 0.5
0.75,stepwise change | round<=30,conditional (adaptive w),r12_t1_A_fx40_s0,82.4891,-2.0097,-2.5141,Correction + product
0.75,stepwise change | round<=30,conditional (adaptive w),r12_t1_A_fx40_s1,82.0241,-1.6531,-1.9916,Correction + product
0.75,stepwise change | round<=30,conditional (adaptive w),r12_t1_A_fx40_s2,80.0672,-1.7756,-2.3338,Correction + product
0.75,stepwise change | round<=30,conditional (adaptive w),r12_t1_A_fx40_s3,76.4053,-1.4828,-1.9003,Correction + product
0.75,stepwise change | round<=30,conditional (adaptive w),r12_t1_A_fx40_s4,82.7600,-1.8197,-2.4475,Correction + product
0.75,stepwise change | round<=30,conditional (fixed w 0.5),r12_t1_A_fx40_s0,82.4319,-2.0669,-2.5712,Correction + product
0.75,stepwise change | round<=30,conditional (fixed w 0.5),r12_t1_A_fx40_s1,81.9928,-1.6844,-2.0228,Correction + product
0.75,stepwise change | round<=30,conditional (fixed w 0.5),r12_t1_A_fx40_s2,80.0675,-1.7753,-2.3334,Correction + product
0.75,stepwise change | round<=30,conditional (fixed w 0.5),r12_t1_A_fx40_s3,76.3675,-1.5206,-1.9381,Correction + product
0.75,stepwise change | round<=30,conditional (fixed w 0.5),r12_t1_A_fx40_s4,82.7166,-1.8631,-2.4909,Correction + product
0.75,stepwise change | round<=30,"conditional (raw edge, adaptive w)",r12_t1_A_fx40_s0,61.8847,-22.6141,-23.1184,Correction + product
0.75,stepwise change | round<=30,"conditional (raw edge, adaptive w)",r12_t1_A_fx40_s1,61.4144,-22.2628,-22.6012,Correction + product
0.75,stepwise change | round<=30,"conditional (raw edge, adaptive w)",r12_t1_A_fx40_s2,64.9237,-16.9191,-17.4772,Correction + product
0.75,stepwise change | round<=30,"conditional (raw edge, adaptive w)",r12_t1_A_fx40_s3,60.9878,-16.9003,-17.3178,Correction + product
0.75,stepwise change | round<=30,"conditional (raw edge, adaptive w)",r12_t1_A_fx40_s4,66.5725,-18.0072,-18.6350,Correction + product
0.75,stepwise change | round>30,conditional (adaptive w),r12_t1_A_fx40_s0,70.6324,0.4777,0.0184,Corrected edge only
0.75,stepwise change | round>30,conditional (adaptive w),r12_t1_A_fx40_s1,68.8739,0.5389,-0.2408,Corrected edge only
0.75,stepwise change | round>30,conditional (adaptive w),r12_t1_A_fx40_s2,69.0446,0.3660,-0.0326,Corrected edge only
0.75,stepwise change | round>30,conditional (adaptive w),r12_t1_A_fx40_s3,65.9767,-0.1085,0.0570,Corrected edge only
0.75,stepwise change | round>30,conditional (adaptive w),r12_t1_A_fx40_s4,71.7521,0.5069,-0.0441,Corrected edge only
0.75,stepwise change | round>30,conditional (fixed w 0.5),r12_t1_A_fx40_s0,70.5261,0.3714,-0.0879,Corrected edge only
0.75,stepwise change | round>30,conditional (fixed w 0.5),r12_t1_A_fx40_s1,68.7479,0.4128,-0.3668,Corrected edge only
0.75,stepwise change | round>30,conditional (fixed w 0.5),r12_t1_A_fx40_s2,68.9476,0.2690,-0.1296,Corrected edge only
0.75,stepwise change | round>30,conditional (fixed w 0.5),r12_t1_A_fx40_s3,65.8958,-0.1894,-0.0240,Corrected edge only
0.75,stepwise change | round>30,conditional (fixed w 0.5),r12_t1_A_fx40_s4,71.6615,0.4163,-0.1347,Corrected edge only
0.75,stepwise change | round>30,"conditional (raw edge, adaptive w)",r12_t1_A_fx40_s0,68.6673,-1.4874,-1.9466,Corrected edge only
0.75,stepwise change | round>30,"conditional (raw edge, adaptive w)",r12_t1_A_fx40_s1,67.5353,-0.7997,-1.5794,Corrected edge only
0.75,stepwise change | round>30,"conditional (raw edge, adaptive w)",r12_t1_A_fx40_s2,67.3244,-1.3542,-1.7528,Corrected edge only
0.75,stepwise change | round>30,"conditional (raw edge, adaptive w)",r12_t1_A_fx40_s3,64.4448,-1.6404,-1.4749,Corrected edge only
0.75,stepwise change | round>30,"conditional (raw edge, adaptive w)",r12_t1_A_fx40_s4,70.2852,-0.9601,-1.5111,Corrected edge only
0.75,stepwise change | round>50,conditional (adaptive w),r12_t1_A_fx40_s0,71.7914,0.5248,0.0194,Corrected edge only
0.75,stepwise change | round>50,conditional (adaptive w),r12_t1_A_fx40_s1,69.9653,0.5581,-0.2333,Corrected edge only
0.75,stepwise change | round>50,conditional (adaptive w),r12_t1_A_fx40_s2,69.9599,0.3717,-0.0520,Corrected edge only
0.75,stepwise change | round>50,conditional (adaptive w),r12_t1_A_fx40_s3,66.9809,-0.1389,0.0321,Corrected edge only
0.75,stepwise change | round>50,conditional (adaptive w),r12_t1_A_fx40_s4,72.7806,0.5362,-0.0344,Corrected edge only
0.75,stepwise change | round>50,conditional (fixed w 0.5),r12_t1_A_fx40_s0,71.6749,0.4083,-0.0970,Corrected edge only
0.75,stepwise change | round>50,conditional (fixed w 0.5),r12_t1_A_fx40_s1,69.8287,0.4215,-0.3699,Corrected edge only
0.75,stepwise change | round>50,conditional (fixed w 0.5),r12_t1_A_fx40_s2,69.8537,0.2655,-0.1582,Corrected edge only
0.75,stepwise change | round>50,conditional (fixed w 0.5),r12_t1_A_fx40_s3,66.8892,-0.2305,-0.0596,Corrected edge only
0.75,stepwise change | round>50,conditional (fixed w 0.5),r12_t1_A_fx40_s4,72.6845,0.4400,-0.1306,Corrected edge only
0.75,stepwise change | round>50,"conditional (raw edge, adaptive w)",r12_t1_A_fx40_s0,70.0426,-1.2240,-1.7294,Corrected edge only
0.75,stepwise change | round>50,"conditional (raw edge, adaptive w)",r12_t1_A_fx40_s1,68.8876,-0.5196,-1.3111,Corrected edge only
0.75,stepwise change | round>50,"conditional (raw edge, adaptive w)",r12_t1_A_fx40_s2,68.4780,-1.1102,-1.5340,Corrected edge only
0.75,stepwise change | round>50,"conditional (raw edge, adaptive w)",r12_t1_A_fx40_s3,65.4388,-1.6809,-1.5100,Corrected edge only
0.75,stepwise change | round>50,"conditional (raw edge, adaptive w)",r12_t1_A_fx40_s4,71.4901,-0.7543,-1.3249,Corrected edge only
0.75,random mobility | full,conditional (adaptive w),r12_t1_mob_fx40_s0,71.6150,-0.0710,0.1070,Correction + fixed w 0.5
0.75,random mobility | full,conditional (adaptive w),r12_t1_mob_fx40_s1,71.1677,-0.0382,0.0813,Correction + fixed w 0.5
0.75,random mobility | full,conditional (adaptive w),r12_t1_mob_fx40_s2,70.2545,0.1232,0.2355,Correction + fixed w 0.5
0.75,random mobility | full,conditional (fixed w 0.5),r12_t1_mob_fx40_s0,71.5752,-0.1109,0.0672,Correction + fixed w 0.5
0.75,random mobility | full,conditional (fixed w 0.5),r12_t1_mob_fx40_s1,71.1224,-0.0834,0.0360,Correction + fixed w 0.5
0.75,random mobility | full,conditional (fixed w 0.5),r12_t1_mob_fx40_s2,70.2470,0.1156,0.2279,Correction + fixed w 0.5
0.75,random mobility | full,"conditional (raw edge, adaptive w)",r12_t1_mob_fx40_s0,60.8179,-10.8681,-10.6901,Correction + fixed w 0.5
0.75,random mobility | full,"conditional (raw edge, adaptive w)",r12_t1_mob_fx40_s1,61.0979,-10.1079,-9.9885,Correction + fixed w 0.5
0.75,random mobility | full,"conditional (raw edge, adaptive w)",r12_t1_mob_fx40_s2,60.7267,-9.4046,-9.2923,Correction + fixed w 0.5
0.75,random mobility | round<=30,conditional (adaptive w),r12_t1_mob_fx40_s0,83.4606,-1.2922,-1.7063,Correction + product
0.75,random mobility | round<=30,conditional (adaptive w),r12_t1_mob_fx40_s1,83.1906,-1.3025,-1.4487,Correction + product
0.75,random mobility | round<=30,conditional (adaptive w),r12_t1_mob_fx40_s2,81.9963,-1.1900,-1.5444,Correction + product
0.75,random mobility | round<=30,conditional (fixed w 0.5),r12_t1_mob_fx40_s0,83.4706,-1.2822,-1.6962,Correction + product
0.75,random mobility | round<=30,conditional (fixed w 0.5),r12_t1_mob_fx40_s1,83.1684,-1.3247,-1.4709,Correction + product
0.75,random mobility | round<=30,conditional (fixed w 0.5),r12_t1_mob_fx40_s2,82.0456,-1.1406,-1.4950,Correction + product
0.75,random mobility | round<=30,"conditional (raw edge, adaptive w)",r12_t1_mob_fx40_s0,58.1972,-26.5556,-26.9697,Correction + product
0.75,random mobility | round<=30,"conditional (raw edge, adaptive w)",r12_t1_mob_fx40_s1,57.7684,-26.7247,-26.8709,Correction + product
0.75,random mobility | round<=30,"conditional (raw edge, adaptive w)",r12_t1_mob_fx40_s2,61.0312,-22.1550,-22.5094,Correction + product
0.75,random mobility | round>30,conditional (adaptive w),r12_t1_mob_fx40_s0,66.3503,0.4717,0.1000,Corrected edge only
0.75,random mobility | round>30,conditional (adaptive w),r12_t1_mob_fx40_s1,65.8242,0.5238,-0.1122,Corrected edge only
0.75,random mobility | round>30,conditional (adaptive w),r12_t1_mob_fx40_s2,65.0360,0.7069,0.0595,Corrected edge only
0.75,random mobility | round>30,conditional (fixed w 0.5),r12_t1_mob_fx40_s0,66.2883,0.4097,0.0380,Corrected edge only
0.75,random mobility | round>30,conditional (fixed w 0.5),r12_t1_mob_fx40_s1,65.7686,0.4682,-0.1677,Corrected edge only
0.75,random mobility | round>30,conditional (fixed w 0.5),r12_t1_mob_fx40_s2,65.0031,0.6740,0.0266,Corrected edge only
0.75,random mobility | round>30,"conditional (raw edge, adaptive w)",r12_t1_mob_fx40_s0,61.9827,-3.8959,-4.2676,Corrected edge only
0.75,random mobility | round>30,"conditional (raw edge, adaptive w)",r12_t1_mob_fx40_s1,62.5777,-2.7227,-3.3587,Corrected edge only
0.75,random mobility | round>30,"conditional (raw edge, adaptive w)",r12_t1_mob_fx40_s2,60.5914,-3.7378,-4.3851,Corrected edge only
0.75,random mobility | round>50,conditional (adaptive w),r12_t1_mob_fx40_s0,60.6779,1.3079,-0.4087,No correction + adaptive w
0.75,random mobility | round>50,conditional (adaptive w),r12_t1_mob_fx40_s1,59.5034,1.1120,-0.4470,No correction + adaptive w
0.75,random mobility | round>50,conditional (adaptive w),r12_t1_mob_fx40_s2,58.9618,1.3478,-0.3958,No correction + adaptive w
0.75,random mobility | round>50,conditional (fixed w 0.5),r12_t1_mob_fx40_s0,60.6161,1.2461,-0.4706,No correction + adaptive w
0.75,random mobility | round>50,conditional (fixed w 0.5),r12_t1_mob_fx40_s1,59.4452,1.0538,-0.5052,No correction + adaptive w
0.75,random mobility | round>50,conditional (fixed w 0.5),r12_t1_mob_fx40_s2,58.9176,1.3035,-0.4400,No correction + adaptive w
0.75,random mobility | round>50,"conditional (raw edge, adaptive w)",r12_t1_mob_fx40_s0,59.8222,0.4522,-1.2644,No correction + adaptive w
0.75,random mobility | round>50,"conditional (raw edge, adaptive w)",r12_t1_mob_fx40_s1,59.9665,1.5751,0.0161,No correction + adaptive w
0.75,random mobility | round>50,"conditional (raw edge, adaptive w)",r12_t1_mob_fx40_s2,58.1526,0.5386,-1.2049,No correction + adaptive w
0.75,CIFAR-100 | full,conditional (adaptive w),r13b_c100_s0,40.6795,-0.3987,-0.7896,Correction + product
0.75,CIFAR-100 | full,conditional (adaptive w),r13b_c100_s1,39.4832,-0.4124,-0.8085,Correction + product
0.75,CIFAR-100 | full,conditional (adaptive w),r13b_c100_s2,39.6563,-0.4928,-0.8056,Correction + product
0.75,CIFAR-100 | full,conditional (fixed w 0.5),r13b_c100_s0,40.5319,-0.5462,-0.9372,Correction + product
0.75,CIFAR-100 | full,conditional (fixed w 0.5),r13b_c100_s1,39.3395,-0.5561,-0.9523,Correction + product
0.75,CIFAR-100 | full,conditional (fixed w 0.5),r13b_c100_s2,39.4597,-0.6894,-1.0022,Correction + product
0.75,CIFAR-100 | full,"conditional (raw edge, adaptive w)",r13b_c100_s0,35.8788,-5.1993,-5.5903,Correction + product
0.75,CIFAR-100 | full,"conditional (raw edge, adaptive w)",r13b_c100_s1,34.5030,-5.3926,-5.7888,Correction + product
0.75,CIFAR-100 | full,"conditional (raw edge, adaptive w)",r13b_c100_s2,33.8971,-6.2520,-6.5648,Correction + product
0.75,CIFAR-100 | round<=30,conditional (adaptive w),r13b_c100_s0,27.6577,-0.2561,-0.9374,Correction + product
0.75,CIFAR-100 | round<=30,conditional (adaptive w),r13b_c100_s1,27.7895,-0.1932,-0.9237,Correction + product
0.75,CIFAR-100 | round<=30,conditional (adaptive w),r13b_c100_s2,26.9441,-0.3158,-0.9334,Correction + product
0.75,CIFAR-100 | round<=30,conditional (fixed w 0.5),r13b_c100_s0,27.5986,-0.3152,-0.9965,Correction + product
0.75,CIFAR-100 | round<=30,conditional (fixed w 0.5),r13b_c100_s1,27.7489,-0.2338,-0.9643,Correction + product
0.75,CIFAR-100 | round<=30,conditional (fixed w 0.5),r13b_c100_s2,26.8560,-0.4039,-1.0215,Correction + product
0.75,CIFAR-100 | round<=30,"conditional (raw edge, adaptive w)",r13b_c100_s0,21.1904,-6.7234,-7.4047,Correction + product
0.75,CIFAR-100 | round<=30,"conditional (raw edge, adaptive w)",r13b_c100_s1,21.1002,-6.8825,-7.6130,Correction + product
0.75,CIFAR-100 | round<=30,"conditional (raw edge, adaptive w)",r13b_c100_s2,19.5267,-7.7332,-8.3509,Correction + product
0.75,CIFAR-100 | round>30,conditional (adaptive w),r13b_c100_s0,44.4775,-0.4402,-0.7466,Correction + product
0.75,CIFAR-100 | round>30,conditional (adaptive w),r13b_c100_s1,42.8939,-0.4763,-0.7749,Correction + product
0.75,CIFAR-100 | round>30,conditional (adaptive w),r13b_c100_s2,43.3640,-0.5444,-0.7684,Correction + product
0.75,CIFAR-100 | round>30,conditional (fixed w 0.5),r13b_c100_s0,44.3041,-0.6136,-0.9199,Correction + product
0.75,CIFAR-100 | round>30,conditional (fixed w 0.5),r13b_c100_s1,42.7201,-0.6501,-0.9488,Correction + product
0.75,CIFAR-100 | round>30,conditional (fixed w 0.5),r13b_c100_s2,43.1358,-0.7726,-0.9966,Correction + product
0.75,CIFAR-100 | round>30,"conditional (raw edge, adaptive w)",r13b_c100_s0,40.1630,-4.7548,-5.0611,Correction + product
0.75,CIFAR-100 | round>30,"conditional (raw edge, adaptive w)",r13b_c100_s1,38.4121,-4.9581,-5.2567,Correction + product
0.75,CIFAR-100 | round>30,"conditional (raw edge, adaptive w)",r13b_c100_s2,38.0884,-5.8200,-6.0439,Correction + product
0.75,CIFAR-100 | round>50,conditional (adaptive w),r13b_c100_s0,46.2062,-0.4760,-0.8235,Correction + product
0.75,CIFAR-100 | round>50,conditional (adaptive w),r13b_c100_s1,44.4692,-0.5194,-0.8873,Correction + product
0.75,CIFAR-100 | round>50,conditional (adaptive w),r13b_c100_s2,45.0366,-0.5762,-0.8493,Correction + product
0.75,CIFAR-100 | round>50,conditional (fixed w 0.5),r13b_c100_s0,46.0243,-0.6579,-1.0054,Correction + product
0.75,CIFAR-100 | round>50,conditional (fixed w 0.5),r13b_c100_s1,44.2881,-0.7005,-1.0684,Correction + product
0.75,CIFAR-100 | round>50,conditional (fixed w 0.5),r13b_c100_s2,44.7959,-0.8169,-1.0901,Correction + product
0.75,CIFAR-100 | round>50,"conditional (raw edge, adaptive w)",r13b_c100_s0,42.0752,-4.6070,-4.9545,Correction + product
0.75,CIFAR-100 | round>50,"conditional (raw edge, adaptive w)",r13b_c100_s1,40.1656,-4.8230,-5.1909,Correction + product
0.75,CIFAR-100 | round>50,"conditional (raw edge, adaptive w)",r13b_c100_s2,39.9313,-5.6815,-5.9546,Correction + product
0.75,ResNet-18 | full,conditional (adaptive w),r12_e2_res_fx40_A_s0,63.3397,-1.7963,-1.7773,Correction + fixed w 0.5
0.75,ResNet-18 | full,conditional (adaptive w),r12_e2_res_fx40_A_s1,60.0419,-4.5210,-4.6158,Correction + fixed w 0.5
0.75,ResNet-18 | full,conditional (adaptive w),r12_e2_res_fx40_A_s2,65.2166,-5.0223,-5.1681,Correction + fixed w 0.5
0.75,ResNet-18 | full,conditional (fixed w 0.5),r12_e2_res_fx40_A_s0,63.2561,-1.8799,-1.8609,Correction + fixed w 0.5
0.75,ResNet-18 | full,conditional (fixed w 0.5),r12_e2_res_fx40_A_s1,60.1353,-4.4276,-4.5224,Correction + fixed w 0.5
0.75,ResNet-18 | full,conditional (fixed w 0.5),r12_e2_res_fx40_A_s2,65.2415,-4.9975,-5.1432,Correction + fixed w 0.5
0.75,ResNet-18 | full,"conditional (raw edge, adaptive w)",r12_e2_res_fx40_A_s0,60.3854,-4.7506,-4.7316,Correction + fixed w 0.5
0.75,ResNet-18 | full,"conditional (raw edge, adaptive w)",r12_e2_res_fx40_A_s1,55.3952,-9.1677,-9.2625,Correction + fixed w 0.5
0.75,ResNet-18 | full,"conditional (raw edge, adaptive w)",r12_e2_res_fx40_A_s2,60.3318,-9.9072,-10.0529,Correction + fixed w 0.5
0.75,ResNet-18 | round<=30,conditional (adaptive w),r12_e2_res_fx40_A_s0,70.5889,-4.5020,-3.9600,Correction + fixed w 0.5
0.75,ResNet-18 | round<=30,conditional (adaptive w),r12_e2_res_fx40_A_s1,66.0957,-9.3115,-8.8193,Correction + fixed w 0.5
0.75,ResNet-18 | round<=30,conditional (adaptive w),r12_e2_res_fx40_A_s2,76.8398,-7.4160,-7.3672,Correction + fixed w 0.5
0.75,ResNet-18 | round<=30,conditional (fixed w 0.5),r12_e2_res_fx40_A_s0,70.0879,-5.0029,-4.4609,Correction + fixed w 0.5
0.75,ResNet-18 | round<=30,conditional (fixed w 0.5),r12_e2_res_fx40_A_s1,65.6914,-9.7158,-9.2236,Correction + fixed w 0.5
0.75,ResNet-18 | round<=30,conditional (fixed w 0.5),r12_e2_res_fx40_A_s2,76.8203,-7.4355,-7.3867,Correction + fixed w 0.5
0.75,ResNet-18 | round<=30,"conditional (raw edge, adaptive w)",r12_e2_res_fx40_A_s0,63.4170,-11.6738,-11.1318,Correction + fixed w 0.5
0.75,ResNet-18 | round<=30,"conditional (raw edge, adaptive w)",r12_e2_res_fx40_A_s1,58.7041,-16.7031,-16.2109,Correction + fixed w 0.5
0.75,ResNet-18 | round<=30,"conditional (raw edge, adaptive w)",r12_e2_res_fx40_A_s2,65.9258,-18.3301,-18.2812,Correction + fixed w 0.5
0.75,ResNet-18 | round>30,conditional (adaptive w),r12_e2_res_fx40_A_s0,60.9233,-0.8945,-1.0498,Correction + fixed w 0.5
0.75,ResNet-18 | round>30,conditional (adaptive w),r12_e2_res_fx40_A_s1,58.0240,-2.9241,-3.2146,Correction + fixed w 0.5
0.75,ResNet-18 | round>30,conditional (adaptive w),r12_e2_res_fx40_A_s2,61.3422,-4.2244,-4.4350,Correction + fixed w 0.5
0.75,ResNet-18 | round>30,conditional (fixed w 0.5),r12_e2_res_fx40_A_s0,60.9789,-0.8389,-0.9942,Correction + fixed w 0.5
0.75,ResNet-18 | round>30,conditional (fixed w 0.5),r12_e2_res_fx40_A_s1,58.2833,-2.6649,-2.9554,Correction + fixed w 0.5
0.75,ResNet-18 | round>30,conditional (fixed w 0.5),r12_e2_res_fx40_A_s2,61.3819,-4.1848,-4.3954,Correction + fixed w 0.5
0.75,ResNet-18 | round>30,"conditional (raw edge, adaptive w)",r12_e2_res_fx40_A_s0,59.3749,-2.4429,-2.5982,Correction + fixed w 0.5
0.75,ResNet-18 | round>30,"conditional (raw edge, adaptive w)",r12_e2_res_fx40_A_s1,54.2923,-6.6559,-6.9464,Correction + fixed w 0.5
0.75,ResNet-18 | round>30,"conditional (raw edge, adaptive w)",r12_e2_res_fx40_A_s2,58.4671,-7.0995,-7.3101,Correction + fixed w 0.5
0.75,ResNet-18 | round>50,conditional (adaptive w),r12_e2_res_fx40_A_s0,61.9052,-0.9111,-1.0566,Correction + fixed w 0.5
0.75,ResNet-18 | round>50,conditional (adaptive w),r12_e2_res_fx40_A_s1,59.2689,-2.4669,-2.8258,Correction + fixed w 0.5
0.75,ResNet-18 | round>50,conditional (adaptive w),r12_e2_res_fx40_A_s2,62.2023,-4.2328,-4.4618,Correction + fixed w 0.5
0.75,ResNet-18 | round>50,conditional (fixed w 0.5),r12_e2_res_fx40_A_s0,61.9572,-0.8591,-1.0046,Correction + fixed w 0.5
0.75,ResNet-18 | round>50,conditional (fixed w 0.5),r12_e2_res_fx40_A_s1,59.5895,-2.1463,-2.5052,Correction + fixed w 0.5
0.75,ResNet-18 | round>50,conditional (fixed w 0.5),r12_e2_res_fx40_A_s2,62.2591,-4.1760,-4.4050,Correction + fixed w 0.5
0.75,ResNet-18 | round>50,"conditional (raw edge, adaptive w)",r12_e2_res_fx40_A_s0,60.3589,-2.4574,-2.6029,Correction + fixed w 0.5
0.75,ResNet-18 | round>50,"conditional (raw edge, adaptive w)",r12_e2_res_fx40_A_s1,55.5786,-6.1573,-6.5161,Correction + fixed w 0.5
0.75,ResNet-18 | round>50,"conditional (raw edge, adaptive w)",r12_e2_res_fx40_A_s2,59.3619,-7.0732,-7.3023,Correction + fixed w 0.5
0.75,K=200 | full,conditional (adaptive w),r12_s3k200_fixed040_s0,69.9781,0.4573,0.1994,Correction + development w 0.2
0.75,K=200 | full,conditional (adaptive w),r12_s3k200_fixed040_s1,70.0808,0.4876,0.2067,Correction + development w 0.2
0.75,K=200 | full,conditional (adaptive w),r12_s3k200_fixed040_s2,67.5657,0.4104,0.2006,Correction + development w 0.2
0.75,K=200 | full,conditional (fixed w 0.5),r12_s3k200_fixed040_s0,69.8803,0.3596,0.1016,Correction + development w 0.2
0.75,K=200 | full,conditional (fixed w 0.5),r12_s3k200_fixed040_s1,69.9723,0.3790,0.0982,Correction + development w 0.2
0.75,K=200 | full,conditional (fixed w 0.5),r12_s3k200_fixed040_s2,67.4855,0.3303,0.1204,Correction + development w 0.2
0.75,K=200 | full,"conditional (raw edge, adaptive w)",r12_s3k200_fixed040_s0,66.4235,-3.0972,-3.3552,Correction + development w 0.2
0.75,K=200 | full,"conditional (raw edge, adaptive w)",r12_s3k200_fixed040_s1,66.7648,-2.8284,-3.1093,Correction + development w 0.2
0.75,K=200 | full,"conditional (raw edge, adaptive w)",r12_s3k200_fixed040_s2,63.8299,-3.3253,-3.5352,Correction + development w 0.2
0.75,K=200 | round<=30,conditional (adaptive w),r12_s3k200_fixed040_s0,72.2590,-0.8582,-0.9700,Correction + product
0.75,K=200 | round<=30,conditional (adaptive w),r12_s3k200_fixed040_s1,71.2638,-0.9016,-1.0852,Correction + product
0.75,K=200 | round<=30,conditional (adaptive w),r12_s3k200_fixed040_s2,71.4954,-0.8660,-0.9714,Correction + product
0.75,K=200 | round<=30,conditional (fixed w 0.5),r12_s3k200_fixed040_s0,72.2351,-0.8820,-0.9938,Correction + product
0.75,K=200 | round<=30,conditional (fixed w 0.5),r12_s3k200_fixed040_s1,71.2577,-0.9077,-1.0913,Correction + product
0.75,K=200 | round<=30,conditional (fixed w 0.5),r12_s3k200_fixed040_s2,71.4642,-0.8972,-1.0026,Correction + product
0.75,K=200 | round<=30,"conditional (raw edge, adaptive w)",r12_s3k200_fixed040_s0,60.6767,-12.4404,-12.5522,Correction + product
0.75,K=200 | round<=30,"conditional (raw edge, adaptive w)",r12_s3k200_fixed040_s1,59.7553,-12.4101,-12.5937,Correction + product
0.75,K=200 | round<=30,"conditional (raw edge, adaptive w)",r12_s3k200_fixed040_s2,61.2747,-11.0867,-11.1921,Correction + product
0.75,K=200 | round>30,conditional (adaptive w),r12_s3k200_fixed040_s0,69.3128,0.8410,-0.0679,Corrected edge only
0.75,K=200 | round>30,conditional (adaptive w),r12_s3k200_fixed040_s1,69.7358,0.8928,-0.1184,Corrected edge only
0.75,K=200 | round>30,conditional (adaptive w),r12_s3k200_fixed040_s2,66.4195,0.7827,-0.0256,Corrected edge only
0.75,K=200 | round>30,conditional (fixed w 0.5),r12_s3k200_fixed040_s0,69.1935,0.7217,-0.1872,Corrected edge only
0.75,K=200 | round>30,conditional (fixed w 0.5),r12_s3k200_fixed040_s1,69.5974,0.7543,-0.2568,Corrected edge only
0.75,K=200 | round>30,conditional (fixed w 0.5),r12_s3k200_fixed040_s2,66.3250,0.6883,-0.1201,Corrected edge only
0.75,K=200 | round>30,"conditional (raw edge, adaptive w)",r12_s3k200_fixed040_s0,68.0997,-0.3721,-1.2810,Corrected edge only
0.75,K=200 | round>30,"conditional (raw edge, adaptive w)",r12_s3k200_fixed040_s1,68.8093,-0.0337,-1.0448,Corrected edge only
0.75,K=200 | round>30,"conditional (raw edge, adaptive w)",r12_s3k200_fixed040_s2,64.5752,-1.0616,-1.8699,Corrected edge only
0.75,K=200 | round>50,conditional (adaptive w),r12_s3k200_fixed040_s0,70.3068,0.8083,-0.0832,Corrected edge only
0.75,K=200 | round>50,conditional (adaptive w),r12_s3k200_fixed040_s1,70.6430,0.8692,-0.1397,Corrected edge only
0.75,K=200 | round>50,conditional (adaptive w),r12_s3k200_fixed040_s2,67.3473,0.7608,-0.0335,Corrected edge only
0.75,K=200 | round>50,conditional (fixed w 0.5),r12_s3k200_fixed040_s0,70.1734,0.6749,-0.2166,Corrected edge only
0.75,K=200 | round>50,conditional (fixed w 0.5),r12_s3k200_fixed040_s1,70.4897,0.7159,-0.2929,Corrected edge only
0.75,K=200 | round>50,conditional (fixed w 0.5),r12_s3k200_fixed040_s2,67.2454,0.6589,-0.1354,Corrected edge only
0.75,K=200 | round>50,"conditional (raw edge, adaptive w)",r12_s3k200_fixed040_s0,69.4122,-0.0864,-0.9779,Corrected edge only
0.75,K=200 | round>50,"conditional (raw edge, adaptive w)",r12_s3k200_fixed040_s1,70.0465,0.2727,-0.7361,Corrected edge only
0.75,K=200 | round>50,"conditional (raw edge, adaptive w)",r12_s3k200_fixed040_s2,65.8852,-0.7014,-1.4956,Corrected edge only
0.75,K=500 | full,conditional (adaptive w),r12_s3k500_fixed040_s0,70.4471,0.5589,0.2267,Corrected edge only
0.75,K=500 | full,conditional (adaptive w),r12_s3k500_fixed040_s1,70.7412,0.6853,0.1628,Corrected edge only
0.75,K=500 | full,conditional (adaptive w),r12_s3k500_fixed040_s2,70.3779,0.7210,0.1298,Corrected edge only
0.75,K=500 | full,conditional (fixed w 0.5),r12_s3k500_fixed040_s0,70.3573,0.4691,0.1368,Corrected edge only
0.75,K=500 | full,conditional (fixed w 0.5),r12_s3k500_fixed040_s1,70.6330,0.5771,0.0546,Corrected edge only
0.75,K=500 | full,conditional (fixed w 0.5),r12_s3k500_fixed040_s2,70.2735,0.6165,0.0254,Corrected edge only
0.75,K=500 | full,"conditional (raw edge, adaptive w)",r12_s3k500_fixed040_s0,67.0701,-2.8181,-3.1504,Corrected edge only
0.75,K=500 | full,"conditional (raw edge, adaptive w)",r12_s3k500_fixed040_s1,67.8176,-2.2383,-2.7608,Corrected edge only
0.75,K=500 | full,"conditional (raw edge, adaptive w)",r12_s3k500_fixed040_s2,67.3023,-2.3546,-2.9458,Corrected edge only
0.75,K=500 | round<=30,conditional (adaptive w),r12_s3k500_fixed040_s0,72.6195,-0.7450,-0.8729,Correction + product
0.75,K=500 | round<=30,conditional (adaptive w),r12_s3k500_fixed040_s1,71.8541,-0.7847,-0.8827,Correction + product
0.75,K=500 | round<=30,conditional (adaptive w),r12_s3k500_fixed040_s2,72.4593,-0.6289,-0.6296,Correction + product
0.75,K=500 | round<=30,conditional (fixed w 0.5),r12_s3k500_fixed040_s0,72.6034,-0.7610,-0.8890,Correction + product
0.75,K=500 | round<=30,conditional (fixed w 0.5),r12_s3k500_fixed040_s1,71.8354,-0.8034,-0.9014,Correction + product
0.75,K=500 | round<=30,conditional (fixed w 0.5),r12_s3k500_fixed040_s2,72.4210,-0.6672,-0.6679,Correction + product
0.75,K=500 | round<=30,"conditional (raw edge, adaptive w)",r12_s3k500_fixed040_s0,61.9487,-11.4158,-11.5437,Correction + product
0.75,K=500 | round<=30,"conditional (raw edge, adaptive w)",r12_s3k500_fixed040_s1,61.4472,-11.1915,-11.2896,Correction + product
0.75,K=500 | round<=30,"conditional (raw edge, adaptive w)",r12_s3k500_fixed040_s2,62.1113,-10.9770,-10.9777,Correction + product
0.75,K=500 | round>30,conditional (adaptive w),r12_s3k500_fixed040_s0,69.8135,0.9392,-0.0646,No correction + adaptive w
0.75,K=500 | round>30,conditional (adaptive w),r12_s3k500_fixed040_s1,70.4166,1.1141,-0.2864,No correction + adaptive w
0.75,K=500 | round>30,conditional (adaptive w),r12_s3k500_fixed040_s2,69.7708,1.1147,-0.3185,No correction + adaptive w
0.75,K=500 | round>30,conditional (fixed w 0.5),r12_s3k500_fixed040_s0,69.7021,0.8278,-0.1759,No correction + adaptive w
0.75,K=500 | round>30,conditional (fixed w 0.5),r12_s3k500_fixed040_s1,70.2823,0.9797,-0.4208,No correction + adaptive w
0.75,K=500 | round>30,conditional (fixed w 0.5),r12_s3k500_fixed040_s2,69.6471,0.9910,-0.4423,No correction + adaptive w
0.75,K=500 | round>30,"conditional (raw edge, adaptive w)",r12_s3k500_fixed040_s0,68.5638,-0.3105,-1.3143,No correction + adaptive w
0.75,K=500 | round>30,"conditional (raw edge, adaptive w)",r12_s3k500_fixed040_s1,69.6756,0.3730,-1.0274,No correction + adaptive w
0.75,K=500 | round>30,"conditional (raw edge, adaptive w)",r12_s3k500_fixed040_s2,68.8163,0.1602,-1.2730,No correction + adaptive w
0.75,K=500 | round>50,conditional (adaptive w),r12_s3k500_fixed040_s0,70.7862,0.9023,-0.0976,No correction + adaptive w
0.75,K=500 | round>50,conditional (adaptive w),r12_s3k500_fixed040_s1,71.3624,1.0973,-0.3513,No correction + adaptive w
0.75,K=500 | round>50,conditional (adaptive w),r12_s3k500_fixed040_s2,70.8100,1.0664,-0.3071,No correction + adaptive w
0.75,K=500 | round>50,conditional (fixed w 0.5),r12_s3k500_fixed040_s0,70.6621,0.7782,-0.2216,No correction + adaptive w
0.75,K=500 | round>50,conditional (fixed w 0.5),r12_s3k500_fixed040_s1,71.2188,0.9538,-0.4949,No correction + adaptive w
0.75,K=500 | round>50,conditional (fixed w 0.5),r12_s3k500_fixed040_s2,70.6767,0.9331,-0.4404,No correction + adaptive w
0.75,K=500 | round>50,"conditional (raw edge, adaptive w)",r12_s3k500_fixed040_s0,69.8530,-0.0309,-1.0308,No correction + adaptive w
0.75,K=500 | round>50,"conditional (raw edge, adaptive w)",r12_s3k500_fixed040_s1,70.9919,0.7269,-0.7218,No correction + adaptive w
0.75,K=500 | round>50,"conditional (raw edge, adaptive w)",r12_s3k500_fixed040_s2,70.0862,0.3427,-1.0309,No correction + adaptive w
0.75,S1 | pre-commute,conditional (adaptive w),r12_s1_fixed040_s0,73.4698,-1.8609,-2.1355,Correction + product
0.75,S1 | pre-commute,conditional (adaptive w),r12_s1_fixed040_s1,72.4300,-1.8570,-2.1728,Correction + product
0.75,S1 | pre-commute,conditional (adaptive w),r12_s1_fixed040_s2,71.6780,-1.5954,-1.9261,Correction + product
0.75,S1 | pre-commute,conditional (adaptive w),r12_s1_fixed040_s3,66.6666,-1.4442,-1.6230,Correction + product
0.75,S1 | pre-commute,conditional (adaptive w),r12_s1_fixed040_s4,72.2311,-2.4198,-3.0043,Correction + product
0.75,S1 | pre-commute,conditional (fixed w 0.5),r12_s1_fixed040_s0,73.4649,-1.8658,-2.1404,Correction + product
0.75,S1 | pre-commute,conditional (fixed w 0.5),r12_s1_fixed040_s1,72.4114,-1.8756,-2.1914,Correction + product
0.75,S1 | pre-commute,conditional (fixed w 0.5),r12_s1_fixed040_s2,71.6679,-1.6055,-1.9361,Correction + product
0.75,S1 | pre-commute,conditional (fixed w 0.5),r12_s1_fixed040_s3,66.6761,-1.4347,-1.6135,Correction + product
0.75,S1 | pre-commute,conditional (fixed w 0.5),r12_s1_fixed040_s4,72.2256,-2.4252,-3.0098,Correction + product
0.75,S1 | pre-commute,"conditional (raw edge, adaptive w)",r12_s1_fixed040_s0,58.7395,-16.5912,-16.8658,Correction + product
0.75,S1 | pre-commute,"conditional (raw edge, adaptive w)",r12_s1_fixed040_s1,56.9982,-17.2887,-17.6046,Correction + product
0.75,S1 | pre-commute,"conditional (raw edge, adaptive w)",r12_s1_fixed040_s2,63.1301,-10.1433,-10.4739,Correction + product
0.75,S1 | pre-commute,"conditional (raw edge, adaptive w)",r12_s1_fixed040_s3,57.2663,-10.8445,-11.0233,Correction + product
0.75,S1 | pre-commute,"conditional (raw edge, adaptive w)",r12_s1_fixed040_s4,60.8761,-13.7748,-14.3593,Correction + product
0.75,S1 | commute,conditional (adaptive w),r12_s1_fixed040_s0,65.6708,-0.0220,-0.1089,Correction + development w 0.2
0.75,S1 | commute,conditional (adaptive w),r12_s1_fixed040_s1,66.7673,0.2314,-0.0075,Correction + development w 0.2
0.75,S1 | commute,conditional (adaptive w),r12_s1_fixed040_s2,63.4111,-0.3804,-0.0985,Correction + development w 0.2
0.75,S1 | commute,conditional (adaptive w),r12_s1_fixed040_s3,59.5277,-0.1920,0.0584,Correction + development w 0.2
0.75,S1 | commute,conditional (adaptive w),r12_s1_fixed040_s4,67.7098,0.2443,-0.0428,Correction + development w 0.2
0.75,S1 | commute,conditional (fixed w 0.5),r12_s1_fixed040_s0,65.6329,-0.0599,-0.1468,Correction + development w 0.2
0.75,S1 | commute,conditional (fixed w 0.5),r12_s1_fixed040_s1,66.7069,0.1709,-0.0680,Correction + development w 0.2
0.75,S1 | commute,conditional (fixed w 0.5),r12_s1_fixed040_s2,63.4504,-0.3411,-0.0592,Correction + development w 0.2
0.75,S1 | commute,conditional (fixed w 0.5),r12_s1_fixed040_s3,59.5050,-0.2147,0.0357,Correction + development w 0.2
0.75,S1 | commute,conditional (fixed w 0.5),r12_s1_fixed040_s4,67.6437,0.1782,-0.1089,Correction + development w 0.2
0.75,S1 | commute,"conditional (raw edge, adaptive w)",r12_s1_fixed040_s0,59.7713,-5.9215,-6.0084,Correction + development w 0.2
0.75,S1 | commute,"conditional (raw edge, adaptive w)",r12_s1_fixed040_s1,61.6097,-4.9263,-5.1652,Correction + development w 0.2
0.75,S1 | commute,"conditional (raw edge, adaptive w)",r12_s1_fixed040_s2,56.8636,-6.9279,-6.6460,Correction + development w 0.2
0.75,S1 | commute,"conditional (raw edge, adaptive w)",r12_s1_fixed040_s3,54.1928,-5.5269,-5.2766,Correction + development w 0.2
0.75,S1 | commute,"conditional (raw edge, adaptive w)",r12_s1_fixed040_s4,63.2853,-4.1803,-4.4674,Correction + development w 0.2
0.75,S1 | daytime,conditional (adaptive w),r12_s1_fixed040_s0,64.0983,0.8778,-0.0756,Corrected edge only
0.75,S1 | daytime,conditional (adaptive w),r12_s1_fixed040_s1,64.0384,0.9577,-0.1219,Corrected edge only
0.75,S1 | daytime,conditional (adaptive w),r12_s1_fixed040_s2,63.9954,0.5866,0.0891,Corrected edge only
0.75,S1 | daytime,conditional (adaptive w),r12_s1_fixed040_s3,59.5841,0.3007,0.0379,Corrected edge only
0.75,S1 | daytime,conditional (adaptive w),r12_s1_fixed040_s4,66.6699,0.8031,0.0280,Corrected edge only
0.75,S1 | daytime,conditional (fixed w 0.5),r12_s1_fixed040_s0,63.9955,0.7750,-0.1784,Corrected edge only
0.75,S1 | daytime,conditional (fixed w 0.5),r12_s1_fixed040_s1,63.9348,0.8541,-0.2255,Corrected edge only
0.75,S1 | daytime,conditional (fixed w 0.5),r12_s1_fixed040_s2,63.9538,0.5449,0.0475,Corrected edge only
0.75,S1 | daytime,conditional (fixed w 0.5),r12_s1_fixed040_s3,59.5468,0.2635,0.0006,Corrected edge only
0.75,S1 | daytime,conditional (fixed w 0.5),r12_s1_fixed040_s4,66.6016,0.7348,-0.0404,Corrected edge only
0.75,S1 | daytime,"conditional (raw edge, adaptive w)",r12_s1_fixed040_s0,61.6245,-1.5960,-2.5494,Corrected edge only
0.75,S1 | daytime,"conditional (raw edge, adaptive w)",r12_s1_fixed040_s1,62.7454,-0.3353,-1.4149,Corrected edge only
0.75,S1 | daytime,"conditional (raw edge, adaptive w)",r12_s1_fixed040_s2,60.7469,-2.6619,-3.1594,Corrected edge only
0.75,S1 | daytime,"conditional (raw edge, adaptive w)",r12_s1_fixed040_s3,56.3673,-2.9161,-3.1789,Corrected edge only
0.75,S1 | daytime,"conditional (raw edge, adaptive w)",r12_s1_fixed040_s4,64.9144,-0.9523,-1.7275,Corrected edge only
0.75,S1 | return,conditional (adaptive w),r12_s1_fixed040_s0,73.6988,0.2982,-0.0668,Corrected edge only
0.75,S1 | return,conditional (adaptive w),r12_s1_fixed040_s1,73.4838,0.2875,-0.1564,Corrected edge only
0.75,S1 | return,conditional (adaptive w),r12_s1_fixed040_s2,71.2628,0.4080,-0.1485,Corrected edge only
0.75,S1 | return,conditional (adaptive w),r12_s1_fixed040_s3,69.1766,-0.1231,-0.1108,Corrected edge only
0.75,S1 | return,conditional (adaptive w),r12_s1_fixed040_s4,74.3824,0.3995,-0.0778,Corrected edge only
0.75,S1 | return,conditional (fixed w 0.5),r12_s1_fixed040_s0,73.5201,0.1195,-0.2455,Corrected edge only
0.75,S1 | return,conditional (fixed w 0.5),r12_s1_fixed040_s1,73.3456,0.1493,-0.2946,Corrected edge only
0.75,S1 | return,conditional (fixed w 0.5),r12_s1_fixed040_s2,71.1326,0.2777,-0.2788,Corrected edge only
0.75,S1 | return,conditional (fixed w 0.5),r12_s1_fixed040_s3,68.9781,-0.3216,-0.3093,Corrected edge only
0.75,S1 | return,conditional (fixed w 0.5),r12_s1_fixed040_s4,74.3236,0.3407,-0.1366,Corrected edge only
0.75,S1 | return,"conditional (raw edge, adaptive w)",r12_s1_fixed040_s0,71.5268,-1.8738,-2.2388,Corrected edge only
0.75,S1 | return,"conditional (raw edge, adaptive w)",r12_s1_fixed040_s1,71.4080,-1.7883,-2.2322,Corrected edge only
0.75,S1 | return,"conditional (raw edge, adaptive w)",r12_s1_fixed040_s2,69.2758,-1.5791,-2.1355,Corrected edge only
0.75,S1 | return,"conditional (raw edge, adaptive w)",r12_s1_fixed040_s3,66.6662,-2.6336,-2.6212,Corrected edge only
0.75,S1 | return,"conditional (raw edge, adaptive w)",r12_s1_fixed040_s4,72.9770,-1.0059,-1.4832,Corrected edge only
0.75,S1 | evening,conditional (adaptive w),r12_s1_fixed040_s0,82.4752,-0.5354,-0.2778,Correction + fixed w 0.5
0.75,S1 | evening,conditional (adaptive w),r12_s1_fixed040_s1,82.7508,-0.2818,-0.0526,Correction + fixed w 0.5
0.75,S1 | evening,conditional (adaptive w),r12_s1_fixed040_s2,82.3671,-0.5230,-0.4783,Correction + fixed w 0.5
0.75,S1 | evening,conditional (adaptive w),r12_s1_fixed040_s3,78.5429,-0.9168,-1.0563,Correction + fixed w 0.5
0.75,S1 | evening,conditional (adaptive w),r12_s1_fixed040_s4,84.5289,-0.5589,-0.5068,Correction + fixed w 0.5
0.75,S1 | evening,conditional (fixed w 0.5),r12_s1_fixed040_s0,82.1225,-0.8881,-0.6305,Correction + fixed w 0.5
0.75,S1 | evening,conditional (fixed w 0.5),r12_s1_fixed040_s1,82.5115,-0.5211,-0.2919,Correction + fixed w 0.5
0.75,S1 | evening,conditional (fixed w 0.5),r12_s1_fixed040_s2,82.2611,-0.6290,-0.5843,Correction + fixed w 0.5
0.75,S1 | evening,conditional (fixed w 0.5),r12_s1_fixed040_s3,78.4038,-1.0559,-1.1954,Correction + fixed w 0.5
0.75,S1 | evening,conditional (fixed w 0.5),r12_s1_fixed040_s4,84.4409,-0.6468,-0.5948,Correction + fixed w 0.5
0.75,S1 | evening,"conditional (raw edge, adaptive w)",r12_s1_fixed040_s0,79.2812,-3.7294,-3.4718,Correction + fixed w 0.5
0.75,S1 | evening,"conditional (raw edge, adaptive w)",r12_s1_fixed040_s1,79.4832,-3.5495,-3.3202,Correction + fixed w 0.5
0.75,S1 | evening,"conditional (raw edge, adaptive w)",r12_s1_fixed040_s2,80.0081,-2.8820,-2.8374,Correction + fixed w 0.5
0.75,S1 | evening,"conditional (raw edge, adaptive w)",r12_s1_fixed040_s3,75.7173,-3.7425,-3.8819,Correction + fixed w 0.5
0.75,S1 | evening,"conditional (raw edge, adaptive w)",r12_s1_fixed040_s4,81.7429,-3.3449,-3.2928,Correction + fixed w 0.5
0.75,S2 | pre-commute,conditional (adaptive w),r12_s2_fixed040_s0,68.8270,-1.1387,-1.6030,Correction + product
0.75,S2 | pre-commute,conditional (adaptive w),r12_s2_fixed040_s1,70.0974,-0.9429,-1.5647,Correction + product
0.75,S2 | pre-commute,conditional (adaptive w),r12_s2_fixed040_s2,68.6329,-1.3433,-2.2361,Correction + product
0.75,S2 | pre-commute,conditional (fixed w 0.5),r12_s2_fixed040_s0,68.8318,-1.1338,-1.5982,Correction + product
0.75,S2 | pre-commute,conditional (fixed w 0.5),r12_s2_fixed040_s1,70.1733,-0.8670,-1.4888,Correction + product
0.75,S2 | pre-commute,conditional (fixed w 0.5),r12_s2_fixed040_s2,68.6837,-1.2925,-2.1852,Correction + product
0.75,S2 | pre-commute,"conditional (raw edge, adaptive w)",r12_s2_fixed040_s0,52.3867,-17.5789,-18.0433,Correction + product
0.75,S2 | pre-commute,"conditional (raw edge, adaptive w)",r12_s2_fixed040_s1,57.6188,-13.4215,-14.0433,Correction + product
0.75,S2 | pre-commute,"conditional (raw edge, adaptive w)",r12_s2_fixed040_s2,63.5014,-6.4747,-7.3675,Correction + product
0.75,S2 | commute,conditional (adaptive w),r12_s2_fixed040_s0,71.4145,-1.3123,-1.3092,Correction + product
0.75,S2 | commute,conditional (adaptive w),r12_s2_fixed040_s1,74.2809,-1.1104,-0.9331,Correction + product
0.75,S2 | commute,conditional (adaptive w),r12_s2_fixed040_s2,73.1741,-1.7751,-2.4901,Correction + product
0.75,S2 | commute,conditional (fixed w 0.5),r12_s2_fixed040_s0,71.2969,-1.4300,-1.4269,Correction + product
0.75,S2 | commute,conditional (fixed w 0.5),r12_s2_fixed040_s1,74.1473,-1.2441,-1.0668,Correction + product
0.75,S2 | commute,conditional (fixed w 0.5),r12_s2_fixed040_s2,73.1201,-1.8292,-2.5441,Correction + product
0.75,S2 | commute,"conditional (raw edge, adaptive w)",r12_s2_fixed040_s0,61.4836,-11.2433,-11.2402,Correction + product
0.75,S2 | commute,"conditional (raw edge, adaptive w)",r12_s2_fixed040_s1,69.4752,-5.9161,-5.7389,Correction + product
0.75,S2 | commute,"conditional (raw edge, adaptive w)",r12_s2_fixed040_s2,69.8785,-5.0707,-5.7857,Correction + product
0.75,S2 | daytime,conditional (adaptive w),r12_s2_fixed040_s0,68.0679,-0.5078,-0.4380,Correction + fixed w 0.5
0.75,S2 | daytime,conditional (adaptive w),r12_s2_fixed040_s1,69.0161,-0.4389,-0.4348,Correction + fixed w 0.5
0.75,S2 | daytime,conditional (adaptive w),r12_s2_fixed040_s2,70.9374,-0.6571,-0.7836,Correction + fixed w 0.5
0.75,S2 | daytime,conditional (fixed w 0.5),r12_s2_fixed040_s0,67.9051,-0.6706,-0.6009,Correction + fixed w 0.5
0.75,S2 | daytime,conditional (fixed w 0.5),r12_s2_fixed040_s1,68.7877,-0.6673,-0.6632,Correction + fixed w 0.5
0.75,S2 | daytime,conditional (fixed w 0.5),r12_s2_fixed040_s2,70.8727,-0.7219,-0.8484,Correction + fixed w 0.5
0.75,S2 | daytime,"conditional (raw edge, adaptive w)",r12_s2_fixed040_s0,62.9239,-5.6518,-5.5820,Correction + fixed w 0.5
0.75,S2 | daytime,"conditional (raw edge, adaptive w)",r12_s2_fixed040_s1,66.6511,-2.8038,-2.7998,Correction + fixed w 0.5
0.75,S2 | daytime,"conditional (raw edge, adaptive w)",r12_s2_fixed040_s2,69.3905,-2.2040,-2.3305,Correction + fixed w 0.5
0.75,S2 | return,conditional (adaptive w),r12_s2_fixed040_s0,72.5164,-0.3170,-0.3071,Correction + development w 0.2
0.75,S2 | return,conditional (adaptive w),r12_s2_fixed040_s1,74.0066,-0.3651,-0.2343,Correction + development w 0.2
0.75,S2 | return,conditional (adaptive w),r12_s2_fixed040_s2,74.2601,-0.3759,-0.2108,Correction + development w 0.2
0.75,S2 | return,conditional (fixed w 0.5),r12_s2_fixed040_s0,72.3025,-0.5308,-0.5210,Correction + development w 0.2
0.75,S2 | return,conditional (fixed w 0.5),r12_s2_fixed040_s1,73.8778,-0.4939,-0.3631,Correction + development w 0.2
0.75,S2 | return,conditional (fixed w 0.5),r12_s2_fixed040_s2,74.0638,-0.5722,-0.4071,Correction + development w 0.2
0.75,S2 | return,"conditional (raw edge, adaptive w)",r12_s2_fixed040_s0,68.4848,-4.3485,-4.3387,Correction + development w 0.2
0.75,S2 | return,"conditional (raw edge, adaptive w)",r12_s2_fixed040_s1,72.2005,-2.1712,-2.0404,Correction + development w 0.2
0.75,S2 | return,"conditional (raw edge, adaptive w)",r12_s2_fixed040_s2,73.4630,-1.1730,-1.0079,Correction + development w 0.2
0.75,S2 | evening,conditional (adaptive w),r12_s2_fixed040_s0,73.8995,-0.4197,-0.2937,Correction + development w 0.2
0.75,S2 | evening,conditional (adaptive w),r12_s2_fixed040_s1,76.7716,-0.2191,-0.3572,Correction + development w 0.2
0.75,S2 | evening,conditional (adaptive w),r12_s2_fixed040_s2,79.4563,-0.1393,-0.0888,Correction + development w 0.2
0.75,S2 | evening,conditional (fixed w 0.5),r12_s2_fixed040_s0,73.6734,-0.6458,-0.5198,Correction + development w 0.2
0.75,S2 | evening,conditional (fixed w 0.5),r12_s2_fixed040_s1,76.4500,-0.5407,-0.6789,Correction + development w 0.2
0.75,S2 | evening,conditional (fixed w 0.5),r12_s2_fixed040_s2,79.2893,-0.3063,-0.2558,Correction + development w 0.2
0.75,S2 | evening,"conditional (raw edge, adaptive w)",r12_s2_fixed040_s0,69.9153,-4.4039,-4.2779,Correction + development w 0.2
0.75,S2 | evening,"conditional (raw edge, adaptive w)",r12_s2_fixed040_s1,74.7086,-2.2821,-2.4202,Correction + development w 0.2
0.75,S2 | evening,"conditional (raw edge, adaptive w)",r12_s2_fixed040_s2,78.9716,-0.6239,-0.5734,Correction + development w 0.2
0.75,S1 replay | all,conditional (adaptive w),r15_s1_replay_s0,72.9218,0.7384,-0.1645,Corrected edge only
0.75,S1 replay | all,conditional (adaptive w),r15_s1_replay_s1,72.5043,0.7447,-0.0398,Corrected edge only
0.75,S1 replay | all,conditional (adaptive w),r15_s1_replay_s2,72.9948,0.9273,0.1019,Corrected edge only
0.75,S1 replay | all,conditional (adaptive w),r15_s1_replay_s3,69.5783,0.1730,0.2026,Corrected edge only
0.75,S1 replay | all,conditional (adaptive w),r15_s1_replay_s4,74.1988,0.5608,-0.0799,Corrected edge only
0.75,S1 replay | all,conditional (fixed w 0.5),r15_s1_replay_s0,72.6755,0.4922,-0.4108,Corrected edge only
0.75,S1 replay | all,conditional (fixed w 0.5),r15_s1_replay_s1,72.3163,0.5567,-0.2278,Corrected edge only
0.75,S1 replay | all,conditional (fixed w 0.5),r15_s1_replay_s2,72.9786,0.9110,0.0856,Corrected edge only
0.75,S1 replay | all,conditional (fixed w 0.5),r15_s1_replay_s3,69.6421,0.2368,0.2664,Corrected edge only
0.75,S1 replay | all,conditional (fixed w 0.5),r15_s1_replay_s4,74.0735,0.4355,-0.2052,Corrected edge only
0.75,S1 replay | all,"conditional (raw edge, adaptive w)",r15_s1_replay_s0,72.3535,0.1702,-0.7328,Corrected edge only
0.75,S1 replay | all,"conditional (raw edge, adaptive w)",r15_s1_replay_s1,71.2874,-0.4723,-1.2568,Corrected edge only
0.75,S1 replay | all,"conditional (raw edge, adaptive w)",r15_s1_replay_s2,71.8397,-0.2278,-1.0532,Corrected edge only
0.75,S1 replay | all,"conditional (raw edge, adaptive w)",r15_s1_replay_s3,68.2954,-1.1099,-1.0803,Corrected edge only
0.75,S1 replay | all,"conditional (raw edge, adaptive w)",r15_s1_replay_s4,73.1059,-0.5321,-1.1727,Corrected edge only
0.75,S1 replay | home,conditional (adaptive w),r15_s1_replay_s0,83.5873,-0.5690,-0.5807,Correction + development w 0.2
0.75,S1 replay | home,conditional (adaptive w),r15_s1_replay_s1,83.8991,-0.1968,-0.2539,Correction + development w 0.2
0.75,S1 replay | home,conditional (adaptive w),r15_s1_replay_s2,84.2182,-0.3760,-0.1802,Correction + development w 0.2
0.75,S1 replay | home,conditional (adaptive w),r15_s1_replay_s3,80.3609,-0.4899,-0.1243,Correction + development w 0.2
0.75,S1 replay | home,conditional (adaptive w),r15_s1_replay_s4,83.1192,-0.4880,-0.4838,Correction + development w 0.2
0.75,S1 replay | home,conditional (fixed w 0.5),r15_s1_replay_s0,83.1062,-1.0501,-1.0619,Correction + development w 0.2
0.75,S1 replay | home,conditional (fixed w 0.5),r15_s1_replay_s1,83.6405,-0.4554,-0.5124,Correction + development w 0.2
0.75,S1 replay | home,conditional (fixed w 0.5),r15_s1_replay_s2,84.1949,-0.3993,-0.2035,Correction + development w 0.2
0.75,S1 replay | home,conditional (fixed w 0.5),r15_s1_replay_s3,80.4073,-0.4435,-0.0779,Correction + development w 0.2
0.75,S1 replay | home,conditional (fixed w 0.5),r15_s1_replay_s4,82.8757,-0.7315,-0.7273,Correction + development w 0.2
0.75,S1 replay | home,"conditional (raw edge, adaptive w)",r15_s1_replay_s0,80.7604,-3.3959,-3.4076,Correction + development w 0.2
0.75,S1 replay | home,"conditional (raw edge, adaptive w)",r15_s1_replay_s1,80.5138,-3.5821,-3.6391,Correction + development w 0.2
0.75,S1 replay | home,"conditional (raw edge, adaptive w)",r15_s1_replay_s2,81.6308,-2.9634,-2.7677,Correction + development w 0.2
0.75,S1 replay | home,"conditional (raw edge, adaptive w)",r15_s1_replay_s3,78.1691,-2.6817,-2.3161,Correction + development w 0.2
0.75,S1 replay | home,"conditional (raw edge, adaptive w)",r15_s1_replay_s4,80.5988,-3.0084,-3.0042,Correction + development w 0.2
0.75,S1 replay | away,conditional (adaptive w),r15_s1_replay_s0,59.2594,2.3646,-2.5730,Raw edge only
0.75,S1 replay | away,conditional (adaptive w),r15_s1_replay_s1,57.4775,2.1395,-1.9174,Raw edge only
0.75,S1 replay | away,conditional (adaptive w),r15_s1_replay_s2,59.9013,2.3372,0.1176,Raw edge only
0.75,S1 replay | away,conditional (adaptive w),r15_s1_replay_s3,53.9180,1.0072,0.2063,Raw edge only
0.75,S1 replay | away,conditional (adaptive w),r15_s1_replay_s4,60.5011,2.1674,-0.9552,Raw edge only
0.75,S1 replay | away,conditional (fixed w 0.5),r15_s1_replay_s0,59.2675,2.3727,-2.5649,Raw edge only
0.75,S1 replay | away,conditional (fixed w 0.5),r15_s1_replay_s1,57.3997,2.0617,-1.9953,Raw edge only
0.75,S1 replay | away,conditional (fixed w 0.5),r15_s1_replay_s2,59.9735,2.4094,0.1898,Raw edge only
0.75,S1 replay | away,conditional (fixed w 0.5),r15_s1_replay_s3,54.0334,1.1225,0.3216,Raw edge only
0.75,S1 replay | away,conditional (fixed w 0.5),r15_s1_replay_s4,60.5244,2.1906,-0.9319,Raw edge only
0.75,S1 replay | away,"conditional (raw edge, adaptive w)",r15_s1_replay_s0,61.8174,4.9226,-0.0150,Raw edge only
0.75,S1 replay | away,"conditional (raw edge, adaptive w)",r15_s1_replay_s1,59.2734,3.9354,-0.1215,Raw edge only
0.75,S1 replay | away,"conditional (raw edge, adaptive w)",r15_s1_replay_s2,59.8037,2.2396,0.0200,Raw edge only
0.75,S1 replay | away,"conditional (raw edge, adaptive w)",r15_s1_replay_s3,53.7011,0.7903,-0.0106,Raw edge only
0.75,S1 replay | away,"conditional (raw edge, adaptive w)",r15_s1_replay_s4,61.5020,3.1682,0.0457,Raw edge only
0.75,S2 replay | all,conditional (adaptive w),r15_s2_replay_s0,73.4083,-0.2538,-0.2334,Correction + development w 0.2
0.75,S2 replay | all,conditional (adaptive w),r15_s2_replay_s1,76.9702,0.0187,-0.2490,Correction + development w 0.2
0.75,S2 replay | all,conditional (adaptive w),r15_s2_replay_s2,78.7733,0.0210,-0.0117,Correction + development w 0.2
0.75,S2 replay | all,conditional (fixed w 0.5),r15_s2_replay_s0,73.2465,-0.4157,-0.3953,Correction + development w 0.2
0.75,S2 replay | all,conditional (fixed w 0.5),r15_s2_replay_s1,76.5546,-0.3970,-0.6647,Correction + development w 0.2
0.75,S2 replay | all,conditional (fixed w 0.5),r15_s2_replay_s2,78.6075,-0.1448,-0.1775,Correction + development w 0.2
0.75,S2 replay | all,"conditional (raw edge, adaptive w)",r15_s2_replay_s0,70.2669,-3.3953,-3.3749,Correction + development w 0.2
0.75,S2 replay | all,"conditional (raw edge, adaptive w)",r15_s2_replay_s1,75.4077,-1.5439,-1.8116,Correction + development w 0.2
0.75,S2 replay | all,"conditional (raw edge, adaptive w)",r15_s2_replay_s2,78.5905,-0.1618,-0.1946,Correction + development w 0.2
0.75,S2 replay | home,conditional (adaptive w),r15_s2_replay_s0,78.5503,-0.6041,-0.4125,Correction + development w 0.2
0.75,S2 replay | home,conditional (adaptive w),r15_s2_replay_s1,83.2964,-0.3865,-0.4635,Correction + development w 0.2
0.75,S2 replay | home,conditional (adaptive w),r15_s2_replay_s2,85.7953,-0.2817,-0.1275,Correction + development w 0.2
0.75,S2 replay | home,conditional (fixed w 0.5),r15_s2_replay_s0,78.3248,-0.8296,-0.6379,Correction + development w 0.2
0.75,S2 replay | home,conditional (fixed w 0.5),r15_s2_replay_s1,82.7975,-0.8854,-0.9624,Correction + development w 0.2
0.75,S2 replay | home,conditional (fixed w 0.5),r15_s2_replay_s2,85.5864,-0.4906,-0.3364,Correction + development w 0.2
0.75,S2 replay | home,"conditional (raw edge, adaptive w)",r15_s2_replay_s0,74.2473,-4.9072,-4.7155,Correction + development w 0.2
0.75,S2 replay | home,"conditional (raw edge, adaptive w)",r15_s2_replay_s1,80.4024,-3.2806,-3.3576,Correction + development w 0.2
0.75,S2 replay | home,"conditional (raw edge, adaptive w)",r15_s2_replay_s2,84.5082,-1.5688,-1.4146,Correction + development w 0.2
0.75,S2 replay | away,conditional (adaptive w),r15_s2_replay_s0,57.4561,1.1246,-0.5842,Raw edge only
0.75,S2 replay | away,conditional (adaptive w),r15_s2_replay_s1,56.5559,1.2957,-2.3982,Raw edge only
0.75,S2 replay | away,conditional (adaptive w),r15_s2_replay_s2,57.5616,1.1456,-2.6314,Raw edge only
0.75,S2 replay | away,conditional (fixed w 0.5),r15_s2_replay_s0,57.4450,1.1135,-0.5953,Raw edge only
0.75,S2 replay | away,conditional (fixed w 0.5),r15_s2_replay_s1,56.4035,1.1432,-2.5506,Raw edge only
0.75,S2 replay | away,conditional (fixed w 0.5),r15_s2_replay_s2,57.6471,1.2311,-2.5459,Raw edge only
0.75,S2 replay | away,"conditional (raw edge, adaptive w)",r15_s2_replay_s0,57.9546,1.6232,-0.0856,Raw edge only
0.75,S2 replay | away,"conditional (raw edge, adaptive w)",r15_s2_replay_s1,58.6691,3.4089,-0.2850,Raw edge only
0.75,S2 replay | away,"conditional (raw edge, adaptive w)",r15_s2_replay_s2,60.2623,3.8463,0.0693,Raw edge only
0.25,S1 | full,conditional (adaptive w),r12_s1_fixed040_s0,66.9481,0.0332,0.0337,Correction + development w 0.2
0.25,S1 | full,conditional (adaptive w),r12_s1_fixed040_s1,67.2869,0.0775,0.0596,Correction + development w 0.2
0.25,S1 | full,conditional (adaptive w),r12_s1_fixed040_s2,66.9011,0.0212,0.0187,Correction + development w 0.2
0.25,S1 | full,conditional (adaptive w),r12_s1_fixed040_s3,62.8862,-0.0954,-0.0057,Correction + development w 0.2
0.25,S1 | full,conditional (adaptive w),r12_s1_fixed040_s4,68.9226,-0.0643,0.0028,Correction + development w 0.2
0.25,S1 | full,conditional (fixed w 0.5),r12_s1_fixed040_s0,66.9082,-0.0067,-0.0062,Correction + development w 0.2
0.25,S1 | full,conditional (fixed w 0.5),r12_s1_fixed040_s1,67.2435,0.0341,0.0162,Correction + development w 0.2
0.25,S1 | full,conditional (fixed w 0.5),r12_s1_fixed040_s2,66.8709,-0.0090,-0.0116,Correction + development w 0.2
0.25,S1 | full,conditional (fixed w 0.5),r12_s1_fixed040_s3,62.8750,-0.1066,-0.0169,Correction + development w 0.2
0.25,S1 | full,conditional (fixed w 0.5),r12_s1_fixed040_s4,68.8945,-0.0923,-0.0253,Correction + development w 0.2
0.25,S1 | full,"conditional (raw edge, adaptive w)",r12_s1_fixed040_s0,64.9329,-1.9819,-1.9814,Correction + development w 0.2
0.25,S1 | full,"conditional (raw edge, adaptive w)",r12_s1_fixed040_s1,65.6007,-1.6087,-1.6266,Correction + development w 0.2
0.25,S1 | full,"conditional (raw edge, adaptive w)",r12_s1_fixed040_s2,65.5168,-1.3631,-1.3656,Correction + development w 0.2
0.25,S1 | full,"conditional (raw edge, adaptive w)",r12_s1_fixed040_s3,61.2354,-1.7462,-1.6565,Correction + development w 0.2
0.25,S1 | full,"conditional (raw edge, adaptive w)",r12_s1_fixed040_s4,67.3869,-1.5999,-1.5329,Correction + development w 0.2
0.25,S1 | round<=30,conditional (adaptive w),r12_s1_fixed040_s0,74.2202,-0.4658,-0.4828,Correction + product
0.25,S1 | round<=30,conditional (adaptive w),r12_s1_fixed040_s1,74.0972,-0.3792,-0.4312,Correction + product
0.25,S1 | round<=30,conditional (adaptive w),r12_s1_fixed040_s2,72.7572,-0.3983,-0.4079,Correction + product
0.25,S1 | round<=30,conditional (adaptive w),r12_s1_fixed040_s3,68.1708,-0.5030,-0.5757,Correction + product
0.25,S1 | round<=30,conditional (adaptive w),r12_s1_fixed040_s4,74.1624,-0.6926,-0.8128,Correction + product
0.25,S1 | round<=30,conditional (fixed w 0.5),r12_s1_fixed040_s0,74.2057,-0.4803,-0.4973,Correction + product
0.25,S1 | round<=30,conditional (fixed w 0.5),r12_s1_fixed040_s1,74.0871,-0.3893,-0.4413,Correction + product
0.25,S1 | round<=30,conditional (fixed w 0.5),r12_s1_fixed040_s2,72.7250,-0.4305,-0.4401,Correction + product
0.25,S1 | round<=30,conditional (fixed w 0.5),r12_s1_fixed040_s3,68.1736,-0.5002,-0.5729,Correction + product
0.25,S1 | round<=30,conditional (fixed w 0.5),r12_s1_fixed040_s4,74.1424,-0.7126,-0.8328,Correction + product
0.25,S1 | round<=30,"conditional (raw edge, adaptive w)",r12_s1_fixed040_s0,69.3407,-5.3453,-5.3623,Correction + product
0.25,S1 | round<=30,"conditional (raw edge, adaptive w)",r12_s1_fixed040_s1,69.1346,-5.3418,-5.3937,Correction + product
0.25,S1 | round<=30,"conditional (raw edge, adaptive w)",r12_s1_fixed040_s2,70.0119,-3.1437,-3.1533,Correction + product
0.25,S1 | round<=30,"conditional (raw edge, adaptive w)",r12_s1_fixed040_s3,64.7799,-3.8938,-3.9665,Correction + product
0.25,S1 | round<=30,"conditional (raw edge, adaptive w)",r12_s1_fixed040_s4,70.4594,-4.3956,-4.5159,Correction + product
0.25,S1 | round>30,conditional (adaptive w),r12_s1_fixed040_s0,64.8270,0.1787,0.0160,Corrected edge only
0.25,S1 | round>30,conditional (adaptive w),r12_s1_fixed040_s1,65.3006,0.2108,0.0350,Corrected edge only
0.25,S1 | round>30,conditional (adaptive w),r12_s1_fixed040_s2,65.1930,0.1436,0.0807,Corrected edge only
0.25,S1 | round>30,conditional (adaptive w),r12_s1_fixed040_s3,61.3448,0.0235,0.0742,Corrected edge only
0.25,S1 | round>30,conditional (adaptive w),r12_s1_fixed040_s4,67.3943,0.1190,0.0435,Corrected edge only
0.25,S1 | round>30,conditional (fixed w 0.5),r12_s1_fixed040_s0,64.7797,0.1314,-0.0313,Corrected edge only
0.25,S1 | round>30,conditional (fixed w 0.5),r12_s1_fixed040_s1,65.2474,0.1576,-0.0182,Corrected edge only
0.25,S1 | round>30,conditional (fixed w 0.5),r12_s1_fixed040_s2,65.1634,0.1139,0.0511,Corrected edge only
0.25,S1 | round>30,conditional (fixed w 0.5),r12_s1_fixed040_s3,61.3295,0.0082,0.0589,Corrected edge only
0.25,S1 | round>30,conditional (fixed w 0.5),r12_s1_fixed040_s4,67.3639,0.0885,0.0131,Corrected edge only
0.25,S1 | round>30,"conditional (raw edge, adaptive w)",r12_s1_fixed040_s0,63.6473,-1.0010,-1.1637,Corrected edge only
0.25,S1 | round>30,"conditional (raw edge, adaptive w)",r12_s1_fixed040_s1,64.5699,-0.5199,-0.6957,Corrected edge only
0.25,S1 | round>30,"conditional (raw edge, adaptive w)",r12_s1_fixed040_s2,64.2058,-0.8437,-0.9065,Corrected edge only
0.25,S1 | round>30,"conditional (raw edge, adaptive w)",r12_s1_fixed040_s3,60.2016,-1.1198,-1.0691,Corrected edge only
0.25,S1 | round>30,"conditional (raw edge, adaptive w)",r12_s1_fixed040_s4,66.4908,-0.7845,-0.8600,Corrected edge only
0.25,S1 | round>50,conditional (adaptive w),r12_s1_fixed040_s0,65.4603,0.1771,0.0111,Corrected edge only
0.25,S1 | round>50,conditional (adaptive w),r12_s1_fixed040_s1,65.9717,0.1982,0.0192,Corrected edge only
0.25,S1 | round>50,conditional (adaptive w),r12_s1_fixed040_s2,66.0145,0.1679,0.0662,Corrected edge only
0.25,S1 | round>50,conditional (adaptive w),r12_s1_fixed040_s3,62.3334,0.0182,0.0633,Corrected edge only
0.25,S1 | round>50,conditional (adaptive w),r12_s1_fixed040_s4,68.1623,0.1214,0.0476,Corrected edge only
0.25,S1 | round>50,conditional (fixed w 0.5),r12_s1_fixed040_s0,65.4069,0.1238,-0.0422,Corrected edge only
0.25,S1 | round>50,conditional (fixed w 0.5),r12_s1_fixed040_s1,65.9107,0.1372,-0.0418,Corrected edge only
0.25,S1 | round>50,conditional (fixed w 0.5),r12_s1_fixed040_s2,65.9782,0.1316,0.0298,Corrected edge only
0.25,S1 | round>50,conditional (fixed w 0.5),r12_s1_fixed040_s3,62.3148,-0.0004,0.0447,Corrected edge only
0.25,S1 | round>50,conditional (fixed w 0.5),r12_s1_fixed040_s4,68.1319,0.0910,0.0172,Corrected edge only
0.25,S1 | round>50,"conditional (raw edge, adaptive w)",r12_s1_fixed040_s0,64.4374,-0.8457,-1.0118,Corrected edge only
0.25,S1 | round>50,"conditional (raw edge, adaptive w)",r12_s1_fixed040_s1,65.3144,-0.4591,-0.6381,Corrected edge only
0.25,S1 | round>50,"conditional (raw edge, adaptive w)",r12_s1_fixed040_s2,65.1737,-0.6729,-0.7746,Corrected edge only
0.25,S1 | round>50,"conditional (raw edge, adaptive w)",r12_s1_fixed040_s3,61.2928,-1.0224,-0.9773,Corrected edge only
0.25,S1 | round>50,"conditional (raw edge, adaptive w)",r12_s1_fixed040_s4,67.3936,-0.6473,-0.7211,Corrected edge only
0.25,S2 | full,conditional (adaptive w),r12_s2_fixed040_s0,68.9005,-0.2244,-0.1986,Correction + fixed w 0.5
0.25,S2 | full,conditional (adaptive w),r12_s2_fixed040_s1,71.1223,-0.1440,-0.1098,Correction + fixed w 0.5
0.25,S2 | full,conditional (adaptive w),r12_s2_fixed040_s2,72.8716,-0.2529,-0.2820,Correction + fixed w 0.5
0.25,S2 | full,conditional (fixed w 0.5),r12_s2_fixed040_s0,68.8320,-0.2930,-0.2671,Correction + fixed w 0.5
0.25,S2 | full,conditional (fixed w 0.5),r12_s2_fixed040_s1,71.0426,-0.2238,-0.1896,Correction + fixed w 0.5
0.25,S2 | full,conditional (fixed w 0.5),r12_s2_fixed040_s2,72.8175,-0.3070,-0.3361,Correction + fixed w 0.5
0.25,S2 | full,"conditional (raw edge, adaptive w)",r12_s2_fixed040_s0,66.1436,-2.9814,-2.9555,Correction + fixed w 0.5
0.25,S2 | full,"conditional (raw edge, adaptive w)",r12_s2_fixed040_s1,69.5816,-1.6848,-1.6505,Correction + fixed w 0.5
0.25,S2 | full,"conditional (raw edge, adaptive w)",r12_s2_fixed040_s2,72.1320,-0.9925,-1.0216,Correction + fixed w 0.5
0.25,S2 | round<=30,conditional (adaptive w),r12_s2_fixed040_s0,70.5250,-0.4119,-0.5687,Correction + product
0.25,S2 | round<=30,conditional (adaptive w),r12_s2_fixed040_s1,72.5281,-0.3219,-0.4336,Correction + product
0.25,S2 | round<=30,conditional (adaptive w),r12_s2_fixed040_s2,73.0830,-0.3864,-0.6676,Correction + product
0.25,S2 | round<=30,conditional (fixed w 0.5),r12_s2_fixed040_s0,70.5127,-0.4243,-0.5811,Correction + product
0.25,S2 | round<=30,conditional (fixed w 0.5),r12_s2_fixed040_s1,72.5268,-0.3233,-0.4349,Correction + product
0.25,S2 | round<=30,conditional (fixed w 0.5),r12_s2_fixed040_s2,73.0677,-0.4018,-0.6830,Correction + product
0.25,S2 | round<=30,"conditional (raw edge, adaptive w)",r12_s2_fixed040_s0,65.1002,-5.8368,-5.9936,Correction + product
0.25,S2 | round<=30,"conditional (raw edge, adaptive w)",r12_s2_fixed040_s1,68.5247,-4.3254,-4.4370,Correction + product
0.25,S2 | round<=30,"conditional (raw edge, adaptive w)",r12_s2_fixed040_s2,71.3781,-2.0914,-2.3726,Correction + product
0.25,S2 | round>30,conditional (adaptive w),r12_s2_fixed040_s0,68.4267,-0.1697,-0.1300,Correction + fixed w 0.5
0.25,S2 | round>30,conditional (adaptive w),r12_s2_fixed040_s1,70.7123,-0.0922,-0.0407,Correction + fixed w 0.5
0.25,S2 | round>30,conditional (adaptive w),r12_s2_fixed040_s2,72.8100,-0.2139,-0.2261,Correction + fixed w 0.5
0.25,S2 | round>30,conditional (fixed w 0.5),r12_s2_fixed040_s0,68.3418,-0.2546,-0.2149,Correction + fixed w 0.5
0.25,S2 | round>30,conditional (fixed w 0.5),r12_s2_fixed040_s1,70.6097,-0.1948,-0.1434,Correction + fixed w 0.5
0.25,S2 | round>30,conditional (fixed w 0.5),r12_s2_fixed040_s2,72.7445,-0.2794,-0.2916,Correction + fixed w 0.5
0.25,S2 | round>30,"conditional (raw edge, adaptive w)",r12_s2_fixed040_s0,66.4479,-2.1486,-2.1088,Correction + fixed w 0.5
0.25,S2 | round>30,"conditional (raw edge, adaptive w)",r12_s2_fixed040_s1,69.8899,-0.9146,-0.8632,Correction + fixed w 0.5
0.25,S2 | round>30,"conditional (raw edge, adaptive w)",r12_s2_fixed040_s2,72.3519,-0.6720,-0.6842,Correction + fixed w 0.5
0.25,S2 | round>50,conditional (adaptive w),r12_s2_fixed040_s0,68.0861,-0.1282,-0.0851,Correction + fixed w 0.5
0.25,S2 | round>50,conditional (adaptive w),r12_s2_fixed040_s1,70.3380,-0.0500,0.0087,Correction + fixed w 0.5
0.25,S2 | round>50,conditional (adaptive w),r12_s2_fixed040_s2,72.5365,-0.1465,-0.1419,Correction + fixed w 0.5
0.25,S2 | round>50,conditional (fixed w 0.5),r12_s2_fixed040_s0,68.0019,-0.2123,-0.1693,Correction + fixed w 0.5
0.25,S2 | round>50,conditional (fixed w 0.5),r12_s2_fixed040_s1,70.2294,-0.1586,-0.0999,Correction + fixed w 0.5
0.25,S2 | round>50,conditional (fixed w 0.5),r12_s2_fixed040_s2,72.4693,-0.2137,-0.2091,Correction + fixed w 0.5
0.25,S2 | round>50,"conditional (raw edge, adaptive w)",r12_s2_fixed040_s0,66.3905,-1.8238,-1.7807,Correction + fixed w 0.5
0.25,S2 | round>50,"conditional (raw edge, adaptive w)",r12_s2_fixed040_s1,69.6400,-0.7480,-0.6893,Correction + fixed w 0.5
0.25,S2 | round>50,"conditional (raw edge, adaptive w)",r12_s2_fixed040_s2,72.2102,-0.4728,-0.4682,Correction + fixed w 0.5
0.25,S1-fast | full,conditional (adaptive w),r12_s1fast_fixed040_s0,67.2200,0.0464,0.0354,Correction + development w 0.2
0.25,S1-fast | full,conditional (adaptive w),r12_s1fast_fixed040_s1,67.4354,0.0731,0.0552,Correction + development w 0.2
0.25,S1-fast | full,conditional (adaptive w),r12_s1fast_fixed040_s2,66.7931,0.0127,0.0099,Correction + development w 0.2
0.25,S1-fast | full,conditional (fixed w 0.5),r12_s1fast_fixed040_s0,67.1802,0.0066,-0.0044,Correction + development w 0.2
0.25,S1-fast | full,conditional (fixed w 0.5),r12_s1fast_fixed040_s1,67.3939,0.0315,0.0136,Correction + development w 0.2
0.25,S1-fast | full,conditional (fixed w 0.5),r12_s1fast_fixed040_s2,66.7535,-0.0269,-0.0297,Correction + development w 0.2
0.25,S1-fast | full,"conditional (raw edge, adaptive w)",r12_s1fast_fixed040_s0,65.1907,-1.9829,-1.9939,Correction + development w 0.2
0.25,S1-fast | full,"conditional (raw edge, adaptive w)",r12_s1fast_fixed040_s1,65.7893,-1.5731,-1.5910,Correction + development w 0.2
0.25,S1-fast | full,"conditional (raw edge, adaptive w)",r12_s1fast_fixed040_s2,65.3862,-1.3943,-1.3971,Correction + development w 0.2
0.25,S1-fast | round<=30,conditional (adaptive w),r12_s1fast_fixed040_s0,73.9588,-0.4387,-0.4420,Correction + product
0.25,S1-fast | round<=30,conditional (adaptive w),r12_s1fast_fixed040_s1,73.8791,-0.3585,-0.4000,Correction + product
0.25,S1-fast | round<=30,conditional (adaptive w),r12_s1fast_fixed040_s2,72.0519,-0.3809,-0.3710,Correction + product
0.25,S1-fast | round<=30,conditional (fixed w 0.5),r12_s1fast_fixed040_s0,73.9397,-0.4578,-0.4611,Correction + product
0.25,S1-fast | round<=30,conditional (fixed w 0.5),r12_s1fast_fixed040_s1,73.8684,-0.3692,-0.4107,Correction + product
0.25,S1-fast | round<=30,conditional (fixed w 0.5),r12_s1fast_fixed040_s2,72.0154,-0.4174,-0.4075,Correction + product
0.25,S1-fast | round<=30,"conditional (raw edge, adaptive w)",r12_s1fast_fixed040_s0,69.0838,-5.3137,-5.3170,Correction + product
0.25,S1-fast | round<=30,"conditional (raw edge, adaptive w)",r12_s1fast_fixed040_s1,68.9408,-5.2967,-5.3383,Correction + product
0.25,S1-fast | round<=30,"conditional (raw edge, adaptive w)",r12_s1fast_fixed040_s2,69.2455,-3.1873,-3.1774,Correction + product
0.25,S1-fast | round>30,conditional (adaptive w),r12_s1fast_fixed040_s0,65.2545,0.1878,0.0220,Corrected edge only
0.25,S1-fast | round>30,conditional (adaptive w),r12_s1fast_fixed040_s1,65.5560,0.1990,0.0329,Corrected edge only
0.25,S1-fast | round>30,conditional (adaptive w),r12_s1fast_fixed040_s2,65.2593,0.1275,0.0710,Corrected edge only
0.25,S1-fast | round>30,conditional (fixed w 0.5),r12_s1fast_fixed040_s0,65.2086,0.1420,-0.0238,Corrected edge only
0.25,S1-fast | round>30,conditional (fixed w 0.5),r12_s1fast_fixed040_s1,65.5055,0.1484,-0.0177,Corrected edge only
0.25,S1-fast | round>30,conditional (fixed w 0.5),r12_s1fast_fixed040_s2,65.2188,0.0870,0.0305,Corrected edge only
0.25,S1-fast | round>30,"conditional (raw edge, adaptive w)",r12_s1fast_fixed040_s0,64.0552,-1.0114,-1.1772,Corrected edge only
0.25,S1-fast | round>30,"conditional (raw edge, adaptive w)",r12_s1fast_fixed040_s1,64.8701,-0.4870,-0.6531,Corrected edge only
0.25,S1-fast | round>30,"conditional (raw edge, adaptive w)",r12_s1fast_fixed040_s2,64.2605,-0.8713,-0.9278,Corrected edge only
0.25,S1-fast | round>50,conditional (adaptive w),r12_s1fast_fixed040_s0,66.1357,0.1941,0.0194,Corrected edge only
0.25,S1-fast | round>50,conditional (adaptive w),r12_s1fast_fixed040_s1,66.4609,0.1765,0.0194,Corrected edge only
0.25,S1-fast | round>50,conditional (adaptive w),r12_s1fast_fixed040_s2,66.1766,0.1449,0.0550,Corrected edge only
0.25,S1-fast | round>50,conditional (fixed w 0.5),r12_s1fast_fixed040_s0,66.0881,0.1464,-0.0283,Corrected edge only
0.25,S1-fast | round>50,conditional (fixed w 0.5),r12_s1fast_fixed040_s1,66.4036,0.1191,-0.0380,Corrected edge only
0.25,S1-fast | round>50,conditional (fixed w 0.5),r12_s1fast_fixed040_s2,66.1253,0.0936,0.0037,Corrected edge only
0.25,S1-fast | round>50,"conditional (raw edge, adaptive w)",r12_s1fast_fixed040_s0,65.1019,-0.8397,-1.0144,Corrected edge only
0.25,S1-fast | round>50,"conditional (raw edge, adaptive w)",r12_s1fast_fixed040_s1,65.8324,-0.4521,-0.6092,Corrected edge only
0.25,S1-fast | round>50,"conditional (raw edge, adaptive w)",r12_s1fast_fixed040_s2,65.3259,-0.7059,-0.7957,Corrected edge only
0.25,partial participation | full,conditional (adaptive w),r12_s4part05_fixed040_s0,63.4229,-0.0857,-0.0707,Correction + fixed w 0.5
0.25,partial participation | full,conditional (adaptive w),r12_s4part05_fixed040_s1,63.8536,-0.0113,0.0167,Correction + fixed w 0.5
0.25,partial participation | full,conditional (adaptive w),r12_s4part05_fixed040_s2,63.4729,-0.1220,-0.1146,Correction + fixed w 0.5
0.25,partial participation | full,conditional (fixed w 0.5),r12_s4part05_fixed040_s0,63.4087,-0.1000,-0.0849,Correction + fixed w 0.5
0.25,partial participation | full,conditional (fixed w 0.5),r12_s4part05_fixed040_s1,63.8305,-0.0344,-0.0064,Correction + fixed w 0.5
0.25,partial participation | full,conditional (fixed w 0.5),r12_s4part05_fixed040_s2,63.4432,-0.1517,-0.1443,Correction + fixed w 0.5
0.25,partial participation | full,"conditional (raw edge, adaptive w)",r12_s4part05_fixed040_s0,61.2067,-2.3019,-2.2869,Correction + fixed w 0.5
0.25,partial participation | full,"conditional (raw edge, adaptive w)",r12_s4part05_fixed040_s1,61.8459,-2.0189,-1.9910,Correction + fixed w 0.5
0.25,partial participation | full,"conditional (raw edge, adaptive w)",r12_s4part05_fixed040_s2,61.7356,-1.8593,-1.8519,Correction + fixed w 0.5
0.25,partial participation | round<=30,conditional (adaptive w),r12_s4part05_fixed040_s0,67.1270,-0.5487,-0.7817,Correction + product
0.25,partial participation | round<=30,conditional (adaptive w),r12_s4part05_fixed040_s1,67.6483,-0.3431,-0.6025,Correction + product
0.25,partial participation | round<=30,conditional (adaptive w),r12_s4part05_fixed040_s2,66.3438,-0.3711,-0.4715,Correction + product
0.25,partial participation | round<=30,conditional (fixed w 0.5),r12_s4part05_fixed040_s0,67.1579,-0.5177,-0.7508,Correction + product
0.25,partial participation | round<=30,conditional (fixed w 0.5),r12_s4part05_fixed040_s1,67.6696,-0.3218,-0.5811,Correction + product
0.25,partial participation | round<=30,conditional (fixed w 0.5),r12_s4part05_fixed040_s2,66.3436,-0.3713,-0.4716,Correction + product
0.25,partial participation | round<=30,"conditional (raw edge, adaptive w)",r12_s4part05_fixed040_s0,62.6837,-4.9920,-5.2250,Correction + product
0.25,partial participation | round<=30,"conditional (raw edge, adaptive w)",r12_s4part05_fixed040_s1,62.8774,-5.1140,-5.3734,Correction + product
0.25,partial participation | round<=30,"conditional (raw edge, adaptive w)",r12_s4part05_fixed040_s2,63.7108,-3.0041,-3.1044,Correction + product
0.25,partial participation | round>30,conditional (adaptive w),r12_s4part05_fixed040_s0,62.3425,0.0493,0.0365,Correction + development w 0.2
0.25,partial participation | round>30,conditional (adaptive w),r12_s4part05_fixed040_s1,62.7468,0.0855,0.0318,Correction + development w 0.2
0.25,partial participation | round>30,conditional (adaptive w),r12_s4part05_fixed040_s2,62.6356,-0.0494,0.0133,Correction + development w 0.2
0.25,partial participation | round>30,conditional (fixed w 0.5),r12_s4part05_fixed040_s0,62.3151,0.0219,0.0091,Correction + development w 0.2
0.25,partial participation | round>30,conditional (fixed w 0.5),r12_s4part05_fixed040_s1,62.7107,0.0495,-0.0043,Correction + development w 0.2
0.25,partial participation | round>30,conditional (fixed w 0.5),r12_s4part05_fixed040_s2,62.5973,-0.0877,-0.0250,Correction + development w 0.2
0.25,partial participation | round>30,"conditional (raw edge, adaptive w)",r12_s4part05_fixed040_s0,60.7759,-1.5173,-1.5300,Correction + development w 0.2
0.25,partial participation | round>30,"conditional (raw edge, adaptive w)",r12_s4part05_fixed040_s1,61.5451,-1.1162,-1.1699,Correction + development w 0.2
0.25,partial participation | round>30,"conditional (raw edge, adaptive w)",r12_s4part05_fixed040_s2,61.1595,-1.5255,-1.4628,Correction + development w 0.2
0.25,partial participation | round>50,conditional (adaptive w),r12_s4part05_fixed040_s0,63.2186,0.0484,0.0222,Correction + development w 0.2
0.25,partial participation | round>50,conditional (adaptive w),r12_s4part05_fixed040_s1,63.7354,0.1065,0.0327,Correction + development w 0.2
0.25,partial participation | round>50,conditional (adaptive w),r12_s4part05_fixed040_s2,63.4399,-0.0354,0.0095,Correction + development w 0.2
0.25,partial participation | round>50,conditional (fixed w 0.5),r12_s4part05_fixed040_s0,63.1824,0.0122,-0.0140,Correction + development w 0.2
0.25,partial participation | round>50,conditional (fixed w 0.5),r12_s4part05_fixed040_s1,63.6907,0.0618,-0.0120,Correction + development w 0.2
0.25,partial participation | round>50,conditional (fixed w 0.5),r12_s4part05_fixed040_s2,63.3948,-0.0806,-0.0357,Correction + development w 0.2
0.25,partial participation | round>50,"conditional (raw edge, adaptive w)",r12_s4part05_fixed040_s0,61.6906,-1.4796,-1.5058,Correction + development w 0.2
0.25,partial participation | round>50,"conditional (raw edge, adaptive w)",r12_s4part05_fixed040_s1,62.6297,-0.9993,-1.0730,Correction + development w 0.2
0.25,partial participation | round>50,"conditional (raw edge, adaptive w)",r12_s4part05_fixed040_s2,62.0253,-1.4501,-1.4052,Correction + development w 0.2
0.25,stepwise change | full,conditional (adaptive w),r12_t1_A_fx40_s0,72.0400,-0.0100,0.0563,Correction + fixed w 0.5
0.25,stepwise change | full,conditional (adaptive w),r12_t1_A_fx40_s1,71.0992,0.0484,0.1465,Correction + fixed w 0.5
0.25,stepwise change | full,conditional (adaptive w),r12_t1_A_fx40_s2,71.0497,-0.0434,0.0078,Correction + fixed w 0.5
0.25,stepwise change | full,conditional (adaptive w),r12_t1_A_fx40_s3,68.1400,-0.1550,-0.1437,Correction + fixed w 0.5
0.25,stepwise change | full,conditional (adaptive w),r12_t1_A_fx40_s4,72.8895,-0.1050,-0.0659,Correction + fixed w 0.5
0.25,stepwise change | full,conditional (fixed w 0.5),r12_t1_A_fx40_s0,71.9965,-0.0535,0.0128,Correction + fixed w 0.5
0.25,stepwise change | full,conditional (fixed w 0.5),r12_t1_A_fx40_s1,71.0442,-0.0067,0.0915,Correction + fixed w 0.5
0.25,stepwise change | full,conditional (fixed w 0.5),r12_t1_A_fx40_s2,71.0010,-0.0921,-0.0409,Correction + fixed w 0.5
0.25,stepwise change | full,conditional (fixed w 0.5),r12_t1_A_fx40_s3,68.1149,-0.1801,-0.1688,Correction + fixed w 0.5
0.25,stepwise change | full,conditional (fixed w 0.5),r12_t1_A_fx40_s4,72.8602,-0.1343,-0.0952,Correction + fixed w 0.5
0.25,stepwise change | full,"conditional (raw edge, adaptive w)",r12_t1_A_fx40_s0,69.3250,-2.7250,-2.6587,Correction + fixed w 0.5
0.25,stepwise change | full,"conditional (raw edge, adaptive w)",r12_t1_A_fx40_s1,68.6882,-2.3627,-2.2645,Correction + fixed w 0.5
0.25,stepwise change | full,"conditional (raw edge, adaptive w)",r12_t1_A_fx40_s2,69.2901,-1.8030,-1.7518,Correction + fixed w 0.5
0.25,stepwise change | full,"conditional (raw edge, adaptive w)",r12_t1_A_fx40_s3,66.2443,-2.0507,-2.0394,Correction + fixed w 0.5
0.25,stepwise change | full,"conditional (raw edge, adaptive w)",r12_t1_A_fx40_s4,70.8407,-2.1538,-2.1147,Correction + fixed w 0.5
0.25,stepwise change | round<=30,conditional (adaptive w),r12_t1_A_fx40_s0,84.6134,-0.7178,-0.8150,Correction + product
0.25,stepwise change | round<=30,conditional (adaptive w),r12_t1_A_fx40_s1,83.7756,-0.4994,-0.5972,Correction + product
0.25,stepwise change | round<=30,conditional (adaptive w),r12_t1_A_fx40_s2,82.7441,-0.6638,-0.7772,Correction + product
0.25,stepwise change | round<=30,conditional (adaptive w),r12_t1_A_fx40_s3,78.6772,-0.6078,-0.7447,Correction + product
0.25,stepwise change | round<=30,conditional (adaptive w),r12_t1_A_fx40_s4,84.7588,-0.6706,-0.8434,Correction + product
0.25,stepwise change | round<=30,conditional (fixed w 0.5),r12_t1_A_fx40_s0,84.5856,-0.7456,-0.8428,Correction + product
0.25,stepwise change | round<=30,conditional (fixed w 0.5),r12_t1_A_fx40_s1,83.7569,-0.5181,-0.6159,Correction + product
0.25,stepwise change | round<=30,conditional (fixed w 0.5),r12_t1_A_fx40_s2,82.7231,-0.6847,-0.7981,Correction + product
0.25,stepwise change | round<=30,conditional (fixed w 0.5),r12_t1_A_fx40_s3,78.6659,-0.6191,-0.7559,Correction + product
0.25,stepwise change | round<=30,conditional (fixed w 0.5),r12_t1_A_fx40_s4,84.7378,-0.6916,-0.8644,Correction + product
0.25,stepwise change | round<=30,"conditional (raw edge, adaptive w)",r12_t1_A_fx40_s0,76.3156,-9.0156,-9.1128,Correction + product
0.25,stepwise change | round<=30,"conditional (raw edge, adaptive w)",r12_t1_A_fx40_s1,75.7197,-8.5553,-8.6531,Correction + product
0.25,stepwise change | round<=30,"conditional (raw edge, adaptive w)",r12_t1_A_fx40_s2,77.2831,-6.1247,-6.2381,Correction + product
0.25,stepwise change | round<=30,"conditional (raw edge, adaptive w)",r12_t1_A_fx40_s3,72.7516,-6.5334,-6.6703,Correction + product
0.25,stepwise change | round<=30,"conditional (raw edge, adaptive w)",r12_t1_A_fx40_s4,78.4528,-6.9766,-7.1494,Correction + product
0.25,stepwise change | round>30,conditional (adaptive w),r12_t1_A_fx40_s0,67.8488,0.2259,0.1056,Correction + development w 0.2
0.25,stepwise change | round>30,conditional (adaptive w),r12_t1_A_fx40_s1,66.8738,0.2309,0.0405,Correction + development w 0.2
0.25,stepwise change | round>30,conditional (adaptive w),r12_t1_A_fx40_s2,67.1516,0.1634,0.0438,Correction + development w 0.2
0.25,stepwise change | round>30,conditional (adaptive w),r12_t1_A_fx40_s3,64.6276,-0.0040,0.0374,Correction + development w 0.2
0.25,stepwise change | round>30,conditional (adaptive w),r12_t1_A_fx40_s4,68.9331,0.0835,0.0309,Correction + development w 0.2
0.25,stepwise change | round>30,conditional (fixed w 0.5),r12_t1_A_fx40_s0,67.8001,0.1772,0.0569,Correction + development w 0.2
0.25,stepwise change | round>30,conditional (fixed w 0.5),r12_t1_A_fx40_s1,66.8066,0.1638,-0.0267,Correction + development w 0.2
0.25,stepwise change | round>30,conditional (fixed w 0.5),r12_t1_A_fx40_s2,67.0936,0.1054,-0.0141,Correction + development w 0.2
0.25,stepwise change | round>30,conditional (fixed w 0.5),r12_t1_A_fx40_s3,64.5979,-0.0337,0.0077,Correction + development w 0.2
0.25,stepwise change | round>30,conditional (fixed w 0.5),r12_t1_A_fx40_s4,68.9010,0.0514,-0.0012,Correction + development w 0.2
0.25,stepwise change | round>30,"conditional (raw edge, adaptive w)",r12_t1_A_fx40_s0,66.9948,-0.6281,-0.7484,Correction + development w 0.2
0.25,stepwise change | round>30,"conditional (raw edge, adaptive w)",r12_t1_A_fx40_s1,66.3444,-0.2985,-0.4889,Correction + development w 0.2
0.25,stepwise change | round>30,"conditional (raw edge, adaptive w)",r12_t1_A_fx40_s2,66.6258,-0.3624,-0.4820,Correction + development w 0.2
0.25,stepwise change | round>30,"conditional (raw edge, adaptive w)",r12_t1_A_fx40_s3,64.0752,-0.5564,-0.5150,Correction + development w 0.2
0.25,stepwise change | round>30,"conditional (raw edge, adaptive w)",r12_t1_A_fx40_s4,68.3033,-0.5463,-0.5989,Correction + development w 0.2
0.25,stepwise change | round>50,conditional (adaptive w),r12_t1_A_fx40_s0,68.8883,0.2095,0.0903,Correction + development w 0.2
0.25,stepwise change | round>50,conditional (adaptive w),r12_t1_A_fx40_s1,67.9147,0.2061,0.0308,Correction + development w 0.2
0.25,stepwise change | round>50,conditional (adaptive w),r12_t1_A_fx40_s2,67.9846,0.1491,0.0392,Correction + development w 0.2
0.25,stepwise change | round>50,conditional (adaptive w),r12_t1_A_fx40_s3,65.5971,-0.0369,0.0136,Correction + development w 0.2
0.25,stepwise change | round>50,conditional (adaptive w),r12_t1_A_fx40_s4,69.9288,0.0841,0.0350,Correction + development w 0.2
0.25,stepwise change | round>50,conditional (fixed w 0.5),r12_t1_A_fx40_s0,68.8333,0.1545,0.0353,Correction + development w 0.2
0.25,stepwise change | round>50,conditional (fixed w 0.5),r12_t1_A_fx40_s1,67.8412,0.1326,-0.0427,Correction + development w 0.2
0.25,stepwise change | round>50,conditional (fixed w 0.5),r12_t1_A_fx40_s2,67.9241,0.0886,-0.0214,Correction + development w 0.2
0.25,stepwise change | round>50,conditional (fixed w 0.5),r12_t1_A_fx40_s3,65.5614,-0.0727,-0.0222,Correction + development w 0.2
0.25,stepwise change | round>50,conditional (fixed w 0.5),r12_t1_A_fx40_s4,69.8921,0.0474,-0.0017,Correction + development w 0.2
0.25,stepwise change | round>50,"conditional (raw edge, adaptive w)",r12_t1_A_fx40_s0,68.0595,-0.6193,-0.7385,Correction + development w 0.2
0.25,stepwise change | round>50,"conditional (raw edge, adaptive w)",r12_t1_A_fx40_s1,67.4044,-0.3042,-0.4795,Correction + development w 0.2
0.25,stepwise change | round>50,"conditional (raw edge, adaptive w)",r12_t1_A_fx40_s2,67.4850,-0.3505,-0.4604,Correction + development w 0.2
0.25,stepwise change | round>50,"conditional (raw edge, adaptive w)",r12_t1_A_fx40_s3,64.9545,-0.6795,-0.6290,Correction + development w 0.2
0.25,stepwise change | round>50,"conditional (raw edge, adaptive w)",r12_t1_A_fx40_s4,69.3110,-0.5337,-0.5829,Correction + development w 0.2
0.25,random mobility | full,conditional (adaptive w),r12_t1_mob_fx40_s0,70.1030,-0.0020,0.0616,Correction + fixed w 0.5
0.25,random mobility | full,conditional (adaptive w),r12_t1_mob_fx40_s1,70.2295,0.0113,0.0793,Correction + fixed w 0.5
0.25,random mobility | full,conditional (adaptive w),r12_t1_mob_fx40_s2,69.1430,0.0010,0.0533,Correction + fixed w 0.5
0.25,random mobility | full,conditional (fixed w 0.5),r12_t1_mob_fx40_s0,70.0864,-0.0186,0.0450,Correction + fixed w 0.5
0.25,random mobility | full,conditional (fixed w 0.5),r12_t1_mob_fx40_s1,70.2023,-0.0159,0.0522,Correction + fixed w 0.5
0.25,random mobility | full,conditional (fixed w 0.5),r12_t1_mob_fx40_s2,69.1211,-0.0209,0.0314,Correction + fixed w 0.5
0.25,random mobility | full,"conditional (raw edge, adaptive w)",r12_t1_mob_fx40_s0,65.9153,-4.1897,-4.1260,Correction + fixed w 0.5
0.25,random mobility | full,"conditional (raw edge, adaptive w)",r12_t1_mob_fx40_s1,66.1765,-4.0417,-3.9736,Correction + fixed w 0.5
0.25,random mobility | full,"conditional (raw edge, adaptive w)",r12_t1_mob_fx40_s2,65.8145,-3.3274,-3.2752,Correction + fixed w 0.5
0.25,random mobility | round<=30,conditional (adaptive w),r12_t1_mob_fx40_s0,84.9453,-0.3531,-0.4875,Correction + product
0.25,random mobility | round<=30,conditional (adaptive w),r12_t1_mob_fx40_s1,84.4956,-0.3309,-0.3566,Correction + product
0.25,random mobility | round<=30,conditional (adaptive w),r12_t1_mob_fx40_s2,83.7600,-0.4300,-0.4862,Correction + product
0.25,random mobility | round<=30,conditional (fixed w 0.5),r12_t1_mob_fx40_s0,84.9422,-0.3563,-0.4906,Correction + product
0.25,random mobility | round<=30,conditional (fixed w 0.5),r12_t1_mob_fx40_s1,84.4778,-0.3488,-0.3744,Correction + product
0.25,random mobility | round<=30,conditional (fixed w 0.5),r12_t1_mob_fx40_s2,83.7625,-0.4275,-0.4838,Correction + product
0.25,random mobility | round<=30,"conditional (raw edge, adaptive w)",r12_t1_mob_fx40_s0,75.4131,-9.8853,-10.0197,Correction + product
0.25,random mobility | round<=30,"conditional (raw edge, adaptive w)",r12_t1_mob_fx40_s1,74.7628,-10.0638,-10.0894,Correction + product
0.25,random mobility | round<=30,"conditional (raw edge, adaptive w)",r12_t1_mob_fx40_s2,76.1700,-8.0200,-8.0763,Correction + product
0.25,random mobility | round>30,conditional (adaptive w),r12_t1_mob_fx40_s0,63.5064,0.1540,0.1174,Correction + development w 0.2
0.25,random mobility | round>30,conditional (adaptive w),r12_t1_mob_fx40_s1,63.8890,0.1634,0.0456,Correction + development w 0.2
0.25,random mobility | round>30,conditional (adaptive w),r12_t1_mob_fx40_s2,62.6465,0.1925,0.0410,Correction + development w 0.2
0.25,random mobility | round>30,conditional (fixed w 0.5),r12_t1_mob_fx40_s0,63.4838,0.1315,0.0948,Correction + development w 0.2
0.25,random mobility | round>30,conditional (fixed w 0.5),r12_t1_mob_fx40_s1,63.8577,0.1321,0.0143,Correction + development w 0.2
0.25,random mobility | round>30,conditional (fixed w 0.5),r12_t1_mob_fx40_s2,62.6138,0.1598,0.0083,Correction + development w 0.2
0.25,random mobility | round>30,"conditional (raw edge, adaptive w)",r12_t1_mob_fx40_s0,61.6941,-1.6583,-1.6950,Correction + development w 0.2
0.25,random mobility | round>30,"conditional (raw edge, adaptive w)",r12_t1_mob_fx40_s1,62.3604,-1.3652,-1.4830,Correction + development w 0.2
0.25,random mobility | round>30,"conditional (raw edge, adaptive w)",r12_t1_mob_fx40_s2,61.2121,-1.2418,-1.3934,Correction + development w 0.2
0.25,random mobility | round>50,conditional (adaptive w),r12_t1_mob_fx40_s0,56.4522,0.4631,-0.3191,No correction + adaptive w
0.25,random mobility | round>50,conditional (adaptive w),r12_t1_mob_fx40_s1,56.7246,0.3945,-0.4267,No correction + adaptive w
0.25,random mobility | round>50,conditional (adaptive w),r12_t1_mob_fx40_s2,55.5539,0.4208,-0.4797,No correction + adaptive w
0.25,random mobility | round>50,conditional (fixed w 0.5),r12_t1_mob_fx40_s0,56.4381,0.4490,-0.3332,No correction + adaptive w
0.25,random mobility | round>50,conditional (fixed w 0.5),r12_t1_mob_fx40_s1,56.6958,0.3657,-0.4555,No correction + adaptive w
0.25,random mobility | round>50,conditional (fixed w 0.5),r12_t1_mob_fx40_s2,55.5227,0.3896,-0.5109,No correction + adaptive w
0.25,random mobility | round>50,"conditional (raw edge, adaptive w)",r12_t1_mob_fx40_s0,56.1970,0.2079,-0.5743,No correction + adaptive w
0.25,random mobility | round>50,"conditional (raw edge, adaptive w)",r12_t1_mob_fx40_s1,56.8196,0.4895,-0.3316,No correction + adaptive w
0.25,random mobility | round>50,"conditional (raw edge, adaptive w)",r12_t1_mob_fx40_s2,55.6172,0.4841,-0.4164,No correction + adaptive w
0.25,CIFAR-100 | full,conditional (adaptive w),r13b_c100_s0,37.0611,-0.1547,-0.3307,Correction + product
0.25,CIFAR-100 | full,conditional (adaptive w),r13b_c100_s1,35.8897,-0.1654,-0.3013,Correction + product
0.25,CIFAR-100 | full,conditional (adaptive w),r13b_c100_s2,36.0157,-0.1785,-0.3202,Correction + product
0.25,CIFAR-100 | full,conditional (fixed w 0.5),r13b_c100_s0,36.9989,-0.2169,-0.3928,Correction + product
0.25,CIFAR-100 | full,conditional (fixed w 0.5),r13b_c100_s1,35.8274,-0.2277,-0.3635,Correction + product
0.25,CIFAR-100 | full,conditional (fixed w 0.5),r13b_c100_s2,35.9483,-0.2460,-0.3877,Correction + product
0.25,CIFAR-100 | full,"conditional (raw edge, adaptive w)",r13b_c100_s0,35.4410,-1.7748,-1.9507,Correction + product
0.25,CIFAR-100 | full,"conditional (raw edge, adaptive w)",r13b_c100_s1,34.1946,-1.8605,-1.9963,Correction + product
0.25,CIFAR-100 | full,"conditional (raw edge, adaptive w)",r13b_c100_s2,34.1372,-2.0570,-2.1987,Correction + product
0.25,CIFAR-100 | round<=30,conditional (adaptive w),r13b_c100_s0,25.7265,-0.1084,-0.2588,Correction + product
0.25,CIFAR-100 | round<=30,conditional (adaptive w),r13b_c100_s1,25.7087,-0.1222,-0.2801,Correction + product
0.25,CIFAR-100 | round<=30,conditional (adaptive w),r13b_c100_s2,24.9386,-0.1351,-0.3165,Correction + product
0.25,CIFAR-100 | round<=30,conditional (fixed w 0.5),r13b_c100_s0,25.7060,-0.1289,-0.2793,Correction + product
0.25,CIFAR-100 | round<=30,conditional (fixed w 0.5),r13b_c100_s1,25.6918,-0.1392,-0.2970,Correction + product
0.25,CIFAR-100 | round<=30,conditional (fixed w 0.5),r13b_c100_s2,24.9150,-0.1588,-0.3402,Correction + product
0.25,CIFAR-100 | round<=30,"conditional (raw edge, adaptive w)",r13b_c100_s0,23.7097,-2.1252,-2.2757,Correction + product
0.25,CIFAR-100 | round<=30,"conditional (raw edge, adaptive w)",r13b_c100_s1,23.4933,-2.3376,-2.4955,Correction + product
0.25,CIFAR-100 | round<=30,"conditional (raw edge, adaptive w)",r13b_c100_s2,22.5694,-2.5044,-2.6858,Correction + product
0.25,CIFAR-100 | round>30,conditional (adaptive w),r13b_c100_s0,40.3670,-0.1683,-0.3516,Correction + product
0.25,CIFAR-100 | round>30,conditional (adaptive w),r13b_c100_s1,38.8591,-0.1780,-0.3075,Correction + product
0.25,CIFAR-100 | round>30,conditional (adaptive w),r13b_c100_s2,39.2466,-0.1912,-0.3213,Correction + product
0.25,CIFAR-100 | round>30,conditional (fixed w 0.5),r13b_c100_s0,40.2927,-0.2426,-0.4259,Correction + product
0.25,CIFAR-100 | round>30,conditional (fixed w 0.5),r13b_c100_s1,38.7837,-0.2535,-0.3829,Correction + product
0.25,CIFAR-100 | round>30,conditional (fixed w 0.5),r13b_c100_s2,39.1663,-0.2714,-0.4015,Correction + product
0.25,CIFAR-100 | round>30,"conditional (raw edge, adaptive w)",r13b_c100_s0,38.8627,-1.6726,-1.8560,Correction + product
0.25,CIFAR-100 | round>30,"conditional (raw edge, adaptive w)",r13b_c100_s1,37.3158,-1.7213,-1.8508,Correction + product
0.25,CIFAR-100 | round>30,"conditional (raw edge, adaptive w)",r13b_c100_s2,37.5112,-1.9266,-2.0567,Correction + product
0.25,CIFAR-100 | round>50,conditional (adaptive w),r13b_c100_s0,42.1283,-0.1869,-0.3936,Correction + product
0.25,CIFAR-100 | round>50,conditional (adaptive w),r13b_c100_s1,40.5129,-0.1958,-0.3591,Correction + product
0.25,CIFAR-100 | round>50,conditional (adaptive w),r13b_c100_s2,41.0195,-0.2027,-0.3526,Correction + product
0.25,CIFAR-100 | round>50,conditional (fixed w 0.5),r13b_c100_s0,42.0500,-0.2652,-0.4719,Correction + product
0.25,CIFAR-100 | round>50,conditional (fixed w 0.5),r13b_c100_s1,40.4321,-0.2766,-0.4400,Correction + product
0.25,CIFAR-100 | round>50,conditional (fixed w 0.5),r13b_c100_s2,40.9334,-0.2888,-0.4386,Correction + product
0.25,CIFAR-100 | round>50,"conditional (raw edge, adaptive w)",r13b_c100_s0,40.6719,-1.6433,-1.8500,Correction + product
0.25,CIFAR-100 | round>50,"conditional (raw edge, adaptive w)",r13b_c100_s1,39.0356,-1.6731,-1.8364,Correction + product
0.25,CIFAR-100 | round>50,"conditional (raw edge, adaptive w)",r13b_c100_s2,39.3379,-1.8842,-2.0341,Correction + product
0.25,ResNet-18 | full,conditional (adaptive w),r12_e2_res_fx40_A_s0,64.7586,-0.5309,-0.5173,Correction + fixed w 0.5
0.25,ResNet-18 | full,conditional (adaptive w),r12_e2_res_fx40_A_s1,63.6307,-1.2336,-1.2226,Correction + fixed w 0.5
0.25,ResNet-18 | full,conditional (adaptive w),r12_e2_res_fx40_A_s2,68.8234,-1.4781,-1.4974,Correction + fixed w 0.5
0.25,ResNet-18 | full,conditional (fixed w 0.5),r12_e2_res_fx40_A_s0,64.7432,-0.5464,-0.5327,Correction + fixed w 0.5
0.25,ResNet-18 | full,conditional (fixed w 0.5),r12_e2_res_fx40_A_s1,63.6046,-1.2597,-1.2486,Correction + fixed w 0.5
0.25,ResNet-18 | full,conditional (fixed w 0.5),r12_e2_res_fx40_A_s2,68.8425,-1.4591,-1.4784,Correction + fixed w 0.5
0.25,ResNet-18 | full,"conditional (raw edge, adaptive w)",r12_e2_res_fx40_A_s0,63.8848,-1.4047,-1.3911,Correction + fixed w 0.5
0.25,ResNet-18 | full,"conditional (raw edge, adaptive w)",r12_e2_res_fx40_A_s1,62.4260,-2.4383,-2.4273,Correction + fixed w 0.5
0.25,ResNet-18 | full,"conditional (raw edge, adaptive w)",r12_e2_res_fx40_A_s2,67.2156,-3.0860,-3.1052,Correction + fixed w 0.5
0.25,ResNet-18 | round<=30,conditional (adaptive w),r12_e2_res_fx40_A_s0,73.8350,-1.8613,-1.7139,Correction + fixed w 0.5
0.25,ResNet-18 | round<=30,conditional (adaptive w),r12_e2_res_fx40_A_s1,73.1826,-3.4189,-3.3008,Correction + fixed w 0.5
0.25,ResNet-18 | round<=30,conditional (adaptive w),r12_e2_res_fx40_A_s2,81.6582,-3.0264,-3.0576,Correction + fixed w 0.5
0.25,ResNet-18 | round<=30,conditional (fixed w 0.5),r12_e2_res_fx40_A_s0,73.7031,-1.9932,-1.8457,Correction + fixed w 0.5
0.25,ResNet-18 | round<=30,conditional (fixed w 0.5),r12_e2_res_fx40_A_s1,73.0479,-3.5537,-3.4355,Correction + fixed w 0.5
0.25,ResNet-18 | round<=30,conditional (fixed w 0.5),r12_e2_res_fx40_A_s2,81.6895,-2.9951,-3.0264,Correction + fixed w 0.5
0.25,ResNet-18 | round<=30,"conditional (raw edge, adaptive w)",r12_e2_res_fx40_A_s0,71.3408,-4.3555,-4.2080,Correction + fixed w 0.5
0.25,ResNet-18 | round<=30,"conditional (raw edge, adaptive w)",r12_e2_res_fx40_A_s1,70.5518,-6.0498,-5.9316,Correction + fixed w 0.5
0.25,ResNet-18 | round<=30,"conditional (raw edge, adaptive w)",r12_e2_res_fx40_A_s2,77.2520,-7.4326,-7.4639,Correction + fixed w 0.5
0.25,ResNet-18 | round>30,conditional (adaptive w),r12_e2_res_fx40_A_s0,61.7332,-0.0874,-0.2557,Logit sum
0.25,ResNet-18 | round>30,conditional (adaptive w),r12_e2_res_fx40_A_s1,60.4468,-0.5051,-0.5281,Logit sum
0.25,ResNet-18 | round>30,conditional (adaptive w),r12_e2_res_fx40_A_s2,64.5452,-0.9621,-1.0009,Logit sum
0.25,ResNet-18 | round>30,conditional (fixed w 0.5),r12_e2_res_fx40_A_s0,61.7565,-0.0641,-0.2324,Logit sum
0.25,ResNet-18 | round>30,conditional (fixed w 0.5),r12_e2_res_fx40_A_s1,60.4569,-0.4950,-0.5180,Logit sum
0.25,ResNet-18 | round>30,conditional (fixed w 0.5),r12_e2_res_fx40_A_s2,64.5601,-0.9471,-0.9859,Logit sum
0.25,ResNet-18 | round>30,"conditional (raw edge, adaptive w)",r12_e2_res_fx40_A_s0,61.3994,-0.4212,-0.5895,Logit sum
0.25,ResNet-18 | round>30,"conditional (raw edge, adaptive w)",r12_e2_res_fx40_A_s1,59.7174,-1.2345,-1.2575,Logit sum
0.25,ResNet-18 | round>30,"conditional (raw edge, adaptive w)",r12_e2_res_fx40_A_s2,63.8702,-1.6371,-1.6759,Logit sum
0.25,ResNet-18 | round>50,conditional (adaptive w),r12_e2_res_fx40_A_s0,62.6473,-0.1275,-0.2511,Logit sum
0.25,ResNet-18 | round>50,conditional (adaptive w),r12_e2_res_fx40_A_s1,61.3349,-0.4052,-0.4189,Logit sum
0.25,ResNet-18 | round>50,conditional (adaptive w),r12_e2_res_fx40_A_s2,65.3530,-1.0083,-1.0212,Logit sum
0.25,ResNet-18 | round>50,conditional (fixed w 0.5),r12_e2_res_fx40_A_s0,62.6676,-0.1073,-0.2308,Logit sum
0.25,ResNet-18 | round>50,conditional (fixed w 0.5),r12_e2_res_fx40_A_s1,61.3487,-0.3915,-0.4052,Logit sum
0.25,ResNet-18 | round>50,conditional (fixed w 0.5),r12_e2_res_fx40_A_s2,65.3735,-0.9877,-1.0006,Logit sum
0.25,ResNet-18 | round>50,"conditional (raw edge, adaptive w)",r12_e2_res_fx40_A_s0,62.2558,-0.5191,-0.6427,Logit sum
0.25,ResNet-18 | round>50,"conditional (raw edge, adaptive w)",r12_e2_res_fx40_A_s1,60.6164,-1.1237,-1.1374,Logit sum
0.25,ResNet-18 | round>50,"conditional (raw edge, adaptive w)",r12_e2_res_fx40_A_s2,64.6350,-1.7262,-1.7391,Logit sum
0.25,K=200 | full,conditional (adaptive w),r12_s3k200_fixed040_s0,66.8743,0.1623,0.0604,Corrected edge only
0.25,K=200 | full,conditional (adaptive w),r12_s3k200_fixed040_s1,66.9811,0.1150,0.0466,Corrected edge only
0.25,K=200 | full,conditional (adaptive w),r12_s3k200_fixed040_s2,64.9804,0.1279,0.0579,Corrected edge only
0.25,K=200 | full,conditional (fixed w 0.5),r12_s3k200_fixed040_s0,66.8431,0.1311,0.0292,Corrected edge only
0.25,K=200 | full,conditional (fixed w 0.5),r12_s3k200_fixed040_s1,66.9392,0.0730,0.0047,Corrected edge only
0.25,K=200 | full,conditional (fixed w 0.5),r12_s3k200_fixed040_s2,64.9500,0.0976,0.0275,Corrected edge only
0.25,K=200 | full,"conditional (raw edge, adaptive w)",r12_s3k200_fixed040_s0,65.5957,-1.1163,-1.2182,Corrected edge only
0.25,K=200 | full,"conditional (raw edge, adaptive w)",r12_s3k200_fixed040_s1,65.7058,-1.1603,-1.2287,Corrected edge only
0.25,K=200 | full,"conditional (raw edge, adaptive w)",r12_s3k200_fixed040_s2,63.6490,-1.2034,-1.2735,Corrected edge only
0.25,K=200 | round<=30,conditional (adaptive w),r12_s3k200_fixed040_s0,72.6583,-0.2695,-0.2721,Correction + fixed w 0.5
0.25,K=200 | round<=30,conditional (adaptive w),r12_s3k200_fixed040_s1,71.7062,-0.2703,-0.2573,Correction + fixed w 0.5
0.25,K=200 | round<=30,conditional (adaptive w),r12_s3k200_fixed040_s2,71.7644,-0.2755,-0.2821,Correction + fixed w 0.5
0.25,K=200 | round<=30,conditional (fixed w 0.5),r12_s3k200_fixed040_s0,72.6453,-0.2825,-0.2851,Correction + fixed w 0.5
0.25,K=200 | round<=30,conditional (fixed w 0.5),r12_s3k200_fixed040_s1,71.6932,-0.2833,-0.2703,Correction + fixed w 0.5
0.25,K=200 | round<=30,conditional (fixed w 0.5),r12_s3k200_fixed040_s2,71.7386,-0.3014,-0.3079,Correction + fixed w 0.5
0.25,K=200 | round<=30,"conditional (raw edge, adaptive w)",r12_s3k200_fixed040_s0,68.5367,-4.3911,-4.3937,Correction + fixed w 0.5
0.25,K=200 | round<=30,"conditional (raw edge, adaptive w)",r12_s3k200_fixed040_s1,67.7776,-4.1989,-4.1859,Correction + fixed w 0.5
0.25,K=200 | round<=30,"conditional (raw edge, adaptive w)",r12_s3k200_fixed040_s2,68.1801,-3.8598,-3.8664,Correction + fixed w 0.5
0.25,K=200 | round>30,conditional (adaptive w),r12_s3k200_fixed040_s0,65.1873,0.2883,0.0129,No correction + adaptive w
0.25,K=200 | round>30,conditional (adaptive w),r12_s3k200_fixed040_s1,65.6030,0.2273,-0.0172,No correction + adaptive w
0.25,K=200 | round>30,conditional (adaptive w),r12_s3k200_fixed040_s2,63.0017,0.2456,0.1223,No correction + adaptive w
0.25,K=200 | round>30,conditional (fixed w 0.5),r12_s3k200_fixed040_s0,65.1508,0.2518,-0.0236,No correction + adaptive w
0.25,K=200 | round>30,conditional (fixed w 0.5),r12_s3k200_fixed040_s1,65.5526,0.1770,-0.0676,No correction + adaptive w
0.25,K=200 | round>30,conditional (fixed w 0.5),r12_s3k200_fixed040_s2,62.9700,0.2139,0.0905,No correction + adaptive w
0.25,K=200 | round>30,"conditional (raw edge, adaptive w)",r12_s3k200_fixed040_s0,64.7379,-0.1611,-0.4365,No correction + adaptive w
0.25,K=200 | round>30,"conditional (raw edge, adaptive w)",r12_s3k200_fixed040_s1,65.1016,-0.2741,-0.5187,No correction + adaptive w
0.25,K=200 | round>30,"conditional (raw edge, adaptive w)",r12_s3k200_fixed040_s2,62.3275,-0.4286,-0.5520,No correction + adaptive w
0.25,K=200 | round>50,conditional (adaptive w),r12_s3k200_fixed040_s0,66.0912,0.2599,-0.0022,No correction + adaptive w
0.25,K=200 | round>50,conditional (adaptive w),r12_s3k200_fixed040_s1,66.4737,0.2023,-0.0493,No correction + adaptive w
0.25,K=200 | round>50,conditional (adaptive w),r12_s3k200_fixed040_s2,63.9062,0.2284,0.0953,No correction + adaptive w
0.25,K=200 | round>50,conditional (fixed w 0.5),r12_s3k200_fixed040_s0,66.0500,0.2187,-0.0435,No correction + adaptive w
0.25,K=200 | round>50,conditional (fixed w 0.5),r12_s3k200_fixed040_s1,66.4180,0.1466,-0.1050,No correction + adaptive w
0.25,K=200 | round>50,conditional (fixed w 0.5),r12_s3k200_fixed040_s2,63.8716,0.1938,0.0607,No correction + adaptive w
0.25,K=200 | round>50,"conditional (raw edge, adaptive w)",r12_s3k200_fixed040_s0,65.7228,-0.1086,-0.3707,No correction + adaptive w
0.25,K=200 | round>50,"conditional (raw edge, adaptive w)",r12_s3k200_fixed040_s1,66.0816,-0.1899,-0.4414,No correction + adaptive w
0.25,K=200 | round>50,"conditional (raw edge, adaptive w)",r12_s3k200_fixed040_s2,63.3492,-0.3286,-0.4617,No correction + adaptive w
0.25,K=500 | full,conditional (adaptive w),r12_s3k500_fixed040_s0,67.1918,0.1693,0.0648,Corrected edge only
0.25,K=500 | full,conditional (adaptive w),r12_s3k500_fixed040_s1,67.4255,0.1889,0.0267,Corrected edge only
0.25,K=500 | full,conditional (adaptive w),r12_s3k500_fixed040_s2,67.0518,0.1971,0.0293,Corrected edge only
0.25,K=500 | full,conditional (fixed w 0.5),r12_s3k500_fixed040_s0,67.1624,0.1400,0.0354,Corrected edge only
0.25,K=500 | full,conditional (fixed w 0.5),r12_s3k500_fixed040_s1,67.3840,0.1474,-0.0147,Corrected edge only
0.25,K=500 | full,conditional (fixed w 0.5),r12_s3k500_fixed040_s2,67.0140,0.1594,-0.0084,Corrected edge only
0.25,K=500 | full,"conditional (raw edge, adaptive w)",r12_s3k500_fixed040_s0,65.9408,-1.0817,-1.1863,Corrected edge only
0.25,K=500 | full,"conditional (raw edge, adaptive w)",r12_s3k500_fixed040_s1,66.3077,-0.9289,-1.0911,Corrected edge only
0.25,K=500 | full,"conditional (raw edge, adaptive w)",r12_s3k500_fixed040_s2,65.8703,-0.9844,-1.1522,Corrected edge only
0.25,K=500 | round<=30,conditional (adaptive w),r12_s3k500_fixed040_s0,72.8540,-0.2309,-0.2290,Correction + fixed w 0.5
0.25,K=500 | round<=30,conditional (adaptive w),r12_s3k500_fixed040_s1,72.0096,-0.2135,-0.2019,Correction + fixed w 0.5
0.25,K=500 | round<=30,conditional (adaptive w),r12_s3k500_fixed040_s2,72.3287,-0.2206,-0.2062,Correction + fixed w 0.5
0.25,K=500 | round<=30,conditional (fixed w 0.5),r12_s3k500_fixed040_s0,72.8382,-0.2467,-0.2448,Correction + fixed w 0.5
0.25,K=500 | round<=30,conditional (fixed w 0.5),r12_s3k500_fixed040_s1,71.9907,-0.2324,-0.2208,Correction + fixed w 0.5
0.25,K=500 | round<=30,conditional (fixed w 0.5),r12_s3k500_fixed040_s2,72.3003,-0.2491,-0.2347,Correction + fixed w 0.5
0.25,K=500 | round<=30,"conditional (raw edge, adaptive w)",r12_s3k500_fixed040_s0,69.1176,-3.9673,-3.9654,Correction + fixed w 0.5
0.25,K=500 | round<=30,"conditional (raw edge, adaptive w)",r12_s3k500_fixed040_s1,68.3867,-3.8364,-3.8248,Correction + fixed w 0.5
0.25,K=500 | round<=30,"conditional (raw edge, adaptive w)",r12_s3k500_fixed040_s2,68.6890,-3.8604,-3.8459,Correction + fixed w 0.5
0.25,K=500 | round>30,conditional (adaptive w),r12_s3k500_fixed040_s0,65.5403,0.2861,-0.0056,No correction + adaptive w
0.25,K=500 | round>30,conditional (adaptive w),r12_s3k500_fixed040_s1,66.0884,0.3062,-0.1194,No correction + adaptive w
0.25,K=500 | round>30,conditional (adaptive w),r12_s3k500_fixed040_s2,65.5126,0.3190,-0.1071,No correction + adaptive w
0.25,K=500 | round>30,conditional (fixed w 0.5),r12_s3k500_fixed040_s0,65.5070,0.2527,-0.0390,No correction + adaptive w
0.25,K=500 | round>30,conditional (fixed w 0.5),r12_s3k500_fixed040_s1,66.0404,0.2582,-0.1674,No correction + adaptive w
0.25,K=500 | round>30,conditional (fixed w 0.5),r12_s3k500_fixed040_s2,65.4722,0.2786,-0.1475,No correction + adaptive w
0.25,K=500 | round>30,"conditional (raw edge, adaptive w)",r12_s3k500_fixed040_s0,65.0142,-0.2401,-0.5318,No correction + adaptive w
0.25,K=500 | round>30,"conditional (raw edge, adaptive w)",r12_s3k500_fixed040_s1,65.7013,-0.0810,-0.5066,No correction + adaptive w
0.25,K=500 | round>30,"conditional (raw edge, adaptive w)",r12_s3k500_fixed040_s2,65.0481,-0.1455,-0.5716,No correction + adaptive w
0.25,K=500 | round>50,conditional (adaptive w),r12_s3k500_fixed040_s0,66.4419,0.2590,-0.0182,No correction + adaptive w
0.25,K=500 | round>50,conditional (adaptive w),r12_s3k500_fixed040_s1,66.9983,0.2840,-0.1434,No correction + adaptive w
0.25,K=500 | round>50,conditional (adaptive w),r12_s3k500_fixed040_s2,66.4964,0.2824,-0.0986,No correction + adaptive w
0.25,K=500 | round>50,conditional (fixed w 0.5),r12_s3k500_fixed040_s0,66.4038,0.2208,-0.0563,No correction + adaptive w
0.25,K=500 | round>50,conditional (fixed w 0.5),r12_s3k500_fixed040_s1,66.9478,0.2334,-0.1940,No correction + adaptive w
0.25,K=500 | round>50,conditional (fixed w 0.5),r12_s3k500_fixed040_s2,66.4534,0.2394,-0.1417,No correction + adaptive w
0.25,K=500 | round>50,"conditional (raw edge, adaptive w)",r12_s3k500_fixed040_s0,66.0018,-0.1812,-0.4584,No correction + adaptive w
0.25,K=500 | round>50,"conditional (raw edge, adaptive w)",r12_s3k500_fixed040_s1,66.7094,-0.0049,-0.4323,No correction + adaptive w
0.25,K=500 | round>50,"conditional (raw edge, adaptive w)",r12_s3k500_fixed040_s2,66.0758,-0.1381,-0.5192,No correction + adaptive w
0.25,S1 | pre-commute,conditional (adaptive w),r12_s1_fixed040_s0,75.1139,-0.5166,-0.5513,Correction + product
0.25,S1 | pre-commute,conditional (adaptive w),r12_s1_fixed040_s1,74.2881,-0.4112,-0.4891,Correction + product
0.25,S1 | pre-commute,conditional (adaptive w),r12_s1_fixed040_s2,73.5676,-0.4524,-0.4684,Correction + product
0.25,S1 | pre-commute,conditional (adaptive w),r12_s1_fixed040_s3,69.0846,-0.5417,-0.6074,Correction + product
0.25,S1 | pre-commute,conditional (adaptive w),r12_s1_fixed040_s4,74.5309,-0.7877,-0.9497,Correction + product
0.25,S1 | pre-commute,conditional (fixed w 0.5),r12_s1_fixed040_s0,75.0990,-0.5315,-0.5662,Correction + product
0.25,S1 | pre-commute,conditional (fixed w 0.5),r12_s1_fixed040_s1,74.2796,-0.4197,-0.4976,Correction + product
0.25,S1 | pre-commute,conditional (fixed w 0.5),r12_s1_fixed040_s2,73.5331,-0.4869,-0.5028,Correction + product
0.25,S1 | pre-commute,conditional (fixed w 0.5),r12_s1_fixed040_s3,69.0863,-0.5400,-0.6057,Correction + product
0.25,S1 | pre-commute,conditional (fixed w 0.5),r12_s1_fixed040_s4,74.5146,-0.8041,-0.9660,Correction + product
0.25,S1 | pre-commute,"conditional (raw edge, adaptive w)",r12_s1_fixed040_s0,69.8953,-5.7352,-5.7699,Correction + product
0.25,S1 | pre-commute,"conditional (raw edge, adaptive w)",r12_s1_fixed040_s1,69.0044,-5.6949,-5.7728,Correction + product
0.25,S1 | pre-commute,"conditional (raw edge, adaptive w)",r12_s1_fixed040_s2,70.7098,-3.3103,-3.3262,Correction + product
0.25,S1 | pre-commute,"conditional (raw edge, adaptive w)",r12_s1_fixed040_s3,65.5930,-4.0334,-4.0991,Correction + product
0.25,S1 | pre-commute,"conditional (raw edge, adaptive w)",r12_s1_fixed040_s4,70.6344,-4.6842,-4.8462,Correction + product
0.25,S1 | commute,conditional (adaptive w),r12_s1_fixed040_s0,63.6223,0.0948,0.0383,Correction + development w 0.2
0.25,S1 | commute,conditional (adaptive w),r12_s1_fixed040_s1,64.9363,0.1537,0.0794,Correction + development w 0.2
0.25,S1 | commute,conditional (adaptive w),r12_s1_fixed040_s2,63.0684,-0.0071,0.0705,Correction + development w 0.2
0.25,S1 | commute,conditional (adaptive w),r12_s1_fixed040_s3,58.3912,-0.0405,0.0919,Correction + development w 0.2
0.25,S1 | commute,conditional (adaptive w),r12_s1_fixed040_s4,65.6106,0.0317,-0.0249,Correction + development w 0.2
0.25,S1 | commute,conditional (fixed w 0.5),r12_s1_fixed040_s0,63.6086,0.0811,0.0245,Correction + development w 0.2
0.25,S1 | commute,conditional (fixed w 0.5),r12_s1_fixed040_s1,64.9199,0.1373,0.0631,Correction + development w 0.2
0.25,S1 | commute,conditional (fixed w 0.5),r12_s1_fixed040_s2,63.0708,-0.0047,0.0729,Correction + development w 0.2
0.25,S1 | commute,conditional (fixed w 0.5),r12_s1_fixed040_s3,58.3985,-0.0332,0.0992,Correction + development w 0.2
0.25,S1 | commute,conditional (fixed w 0.5),r12_s1_fixed040_s4,65.5754,-0.0034,-0.0600,Correction + development w 0.2
0.25,S1 | commute,"conditional (raw edge, adaptive w)",r12_s1_fixed040_s0,61.4094,-2.1181,-2.1746,Correction + development w 0.2
0.25,S1 | commute,"conditional (raw edge, adaptive w)",r12_s1_fixed040_s1,63.2871,-1.4955,-1.5698,Correction + development w 0.2
0.25,S1 | commute,"conditional (raw edge, adaptive w)",r12_s1_fixed040_s2,61.2612,-1.8142,-1.7366,Correction + development w 0.2
0.25,S1 | commute,"conditional (raw edge, adaptive w)",r12_s1_fixed040_s3,56.4603,-1.9714,-1.8390,Correction + development w 0.2
0.25,S1 | commute,"conditional (raw edge, adaptive w)",r12_s1_fixed040_s4,63.7538,-1.8251,-1.8817,Correction + development w 0.2
0.25,S1 | daytime,conditional (adaptive w),r12_s1_fixed040_s0,60.2645,0.3041,0.0258,Corrected edge only
0.25,S1 | daytime,conditional (adaptive w),r12_s1_fixed040_s1,60.6280,0.3188,0.0445,Corrected edge only
0.25,S1 | daytime,conditional (adaptive w),r12_s1_fixed040_s2,61.6870,0.2309,0.1127,Corrected edge only
0.25,S1 | daytime,conditional (adaptive w),r12_s1_fixed040_s3,57.0430,0.1307,0.0806,Corrected edge only
0.25,S1 | daytime,conditional (adaptive w),r12_s1_fixed040_s4,63.5999,0.2090,0.0668,Corrected edge only
0.25,S1 | daytime,conditional (fixed w 0.5),r12_s1_fixed040_s0,60.2297,0.2693,-0.0089,Corrected edge only
0.25,S1 | daytime,conditional (fixed w 0.5),r12_s1_fixed040_s1,60.5863,0.2772,0.0028,Corrected edge only
0.25,S1 | daytime,conditional (fixed w 0.5),r12_s1_fixed040_s2,61.6687,0.2126,0.0944,Corrected edge only
0.25,S1 | daytime,conditional (fixed w 0.5),r12_s1_fixed040_s3,57.0402,0.1279,0.0778,Corrected edge only
0.25,S1 | daytime,conditional (fixed w 0.5),r12_s1_fixed040_s4,63.5699,0.1790,0.0368,Corrected edge only
0.25,S1 | daytime,"conditional (raw edge, adaptive w)",r12_s1_fixed040_s0,59.2581,-0.7024,-0.9806,Corrected edge only
0.25,S1 | daytime,"conditional (raw edge, adaptive w)",r12_s1_fixed040_s1,60.1974,-0.1118,-0.3861,Corrected edge only
0.25,S1 | daytime,"conditional (raw edge, adaptive w)",r12_s1_fixed040_s2,60.7196,-0.7365,-0.8547,Corrected edge only
0.25,S1 | daytime,"conditional (raw edge, adaptive w)",r12_s1_fixed040_s3,56.0135,-0.8988,-0.9490,Corrected edge only
0.25,S1 | daytime,"conditional (raw edge, adaptive w)",r12_s1_fixed040_s4,62.8423,-0.5486,-0.6908,Corrected edge only
0.25,S1 | return,conditional (adaptive w),r12_s1_fixed040_s0,70.7085,0.0499,0.0140,Correction + development w 0.2
0.25,S1 | return,conditional (adaptive w),r12_s1_fixed040_s1,71.4349,0.0659,0.0171,Correction + development w 0.2
0.25,S1 | return,conditional (adaptive w),r12_s1_fixed040_s2,69.1286,0.1262,0.0161,Correction + development w 0.2
0.25,S1 | return,conditional (adaptive w),r12_s1_fixed040_s3,67.1027,-0.0869,-0.0422,Correction + development w 0.2
0.25,S1 | return,conditional (adaptive w),r12_s1_fixed040_s4,72.0238,0.0711,-0.0080,Correction + development w 0.2
0.25,S1 | return,conditional (fixed w 0.5),r12_s1_fixed040_s0,70.6512,-0.0073,-0.0432,Correction + development w 0.2
0.25,S1 | return,conditional (fixed w 0.5),r12_s1_fixed040_s1,71.3607,-0.0082,-0.0570,Correction + development w 0.2
0.25,S1 | return,conditional (fixed w 0.5),r12_s1_fixed040_s2,69.0612,0.0588,-0.0514,Correction + development w 0.2
0.25,S1 | return,conditional (fixed w 0.5),r12_s1_fixed040_s3,67.0658,-0.1238,-0.0791,Correction + development w 0.2
0.25,S1 | return,conditional (fixed w 0.5),r12_s1_fixed040_s4,71.9919,0.0392,-0.0399,Correction + development w 0.2
0.25,S1 | return,"conditional (raw edge, adaptive w)",r12_s1_fixed040_s0,69.7140,-0.9446,-0.9805,Correction + development w 0.2
0.25,S1 | return,"conditional (raw edge, adaptive w)",r12_s1_fixed040_s1,70.5394,-0.8296,-0.8784,Correction + development w 0.2
0.25,S1 | return,"conditional (raw edge, adaptive w)",r12_s1_fixed040_s2,68.4672,-0.5353,-0.6454,Correction + development w 0.2
0.25,S1 | return,"conditional (raw edge, adaptive w)",r12_s1_fixed040_s3,66.0239,-1.1657,-1.1210,Correction + development w 0.2
0.25,S1 | return,"conditional (raw edge, adaptive w)",r12_s1_fixed040_s4,71.3156,-0.6371,-0.7162,Correction + development w 0.2
0.25,S1 | evening,conditional (adaptive w),r12_s1_fixed040_s0,81.2640,-0.2519,-0.1523,Correction + fixed w 0.5
0.25,S1 | evening,conditional (adaptive w),r12_s1_fixed040_s1,81.8237,-0.1417,-0.0705,Correction + fixed w 0.5
0.25,S1 | evening,conditional (adaptive w),r12_s1_fixed040_s2,81.7761,-0.1793,-0.1680,Correction + fixed w 0.5
0.25,S1 | evening,conditional (adaptive w),r12_s1_fixed040_s3,78.6114,-0.3616,-0.4175,Correction + fixed w 0.5
0.25,S1 | evening,conditional (adaptive w),r12_s1_fixed040_s4,84.0154,-0.2684,-0.2662,Correction + fixed w 0.5
0.25,S1 | evening,conditional (fixed w 0.5),r12_s1_fixed040_s0,81.1153,-0.4006,-0.3009,Correction + fixed w 0.5
0.25,S1 | evening,conditional (fixed w 0.5),r12_s1_fixed040_s1,81.7019,-0.2635,-0.1922,Correction + fixed w 0.5
0.25,S1 | evening,conditional (fixed w 0.5),r12_s1_fixed040_s2,81.7276,-0.2278,-0.2165,Correction + fixed w 0.5
0.25,S1 | evening,conditional (fixed w 0.5),r12_s1_fixed040_s3,78.5471,-0.4259,-0.4818,Correction + fixed w 0.5
0.25,S1 | evening,conditional (fixed w 0.5),r12_s1_fixed040_s4,83.9905,-0.2933,-0.2910,Correction + fixed w 0.5
0.25,S1 | evening,"conditional (raw edge, adaptive w)",r12_s1_fixed040_s0,79.6365,-1.8794,-1.7798,Correction + fixed w 0.5
0.25,S1 | evening,"conditional (raw edge, adaptive w)",r12_s1_fixed040_s1,80.3218,-1.6436,-1.5723,Correction + fixed w 0.5
0.25,S1 | evening,"conditional (raw edge, adaptive w)",r12_s1_fixed040_s2,80.7803,-1.1752,-1.1639,Correction + fixed w 0.5
0.25,S1 | evening,"conditional (raw edge, adaptive w)",r12_s1_fixed040_s3,77.2899,-1.6830,-1.7390,Correction + fixed w 0.5
0.25,S1 | evening,"conditional (raw edge, adaptive w)",r12_s1_fixed040_s4,82.6650,-1.6188,-1.6166,Correction + fixed w 0.5
0.25,S2 | pre-commute,conditional (adaptive w),r12_s2_fixed040_s0,69.9359,-0.3717,-0.5345,Correction + product
0.25,S2 | pre-commute,conditional (adaptive w),r12_s2_fixed040_s1,71.6560,-0.3346,-0.5031,Correction + product
0.25,S2 | pre-commute,conditional (adaptive w),r12_s2_fixed040_s2,72.4282,-0.3574,-0.6312,Correction + product
0.25,S2 | pre-commute,conditional (fixed w 0.5),r12_s2_fixed040_s0,69.9300,-0.3775,-0.5404,Correction + product
0.25,S2 | pre-commute,conditional (fixed w 0.5),r12_s2_fixed040_s1,71.6751,-0.3155,-0.4840,Correction + product
0.25,S2 | pre-commute,conditional (fixed w 0.5),r12_s2_fixed040_s2,72.4187,-0.3669,-0.6407,Correction + product
0.25,S2 | pre-commute,"conditional (raw edge, adaptive w)",r12_s2_fixed040_s0,64.3510,-5.9565,-6.1194,Correction + product
0.25,S2 | pre-commute,"conditional (raw edge, adaptive w)",r12_s2_fixed040_s1,67.3523,-4.6383,-4.8068,Correction + product
0.25,S2 | pre-commute,"conditional (raw edge, adaptive w)",r12_s2_fixed040_s2,70.6767,-2.1090,-2.3827,Correction + product
0.25,S2 | commute,conditional (adaptive w),r12_s2_fixed040_s0,71.3437,-0.4617,-0.4493,Correction + fixed w 0.5
0.25,S2 | commute,conditional (adaptive w),r12_s2_fixed040_s1,74.1295,-0.3148,-0.2859,Correction + fixed w 0.5
0.25,S2 | commute,conditional (adaptive w),r12_s2_fixed040_s2,75.5373,-0.5911,-0.7105,Correction + fixed w 0.5
0.25,S2 | commute,conditional (fixed w 0.5),r12_s2_fixed040_s0,71.2604,-0.5450,-0.5326,Correction + fixed w 0.5
0.25,S2 | commute,conditional (fixed w 0.5),r12_s2_fixed040_s1,74.0393,-0.4050,-0.3761,Correction + fixed w 0.5
0.25,S2 | commute,conditional (fixed w 0.5),r12_s2_fixed040_s2,75.4845,-0.6439,-0.7634,Correction + fixed w 0.5
0.25,S2 | commute,"conditional (raw edge, adaptive w)",r12_s2_fixed040_s0,67.5910,-4.2144,-4.2020,Correction + fixed w 0.5
0.25,S2 | commute,"conditional (raw edge, adaptive w)",r12_s2_fixed040_s1,72.3809,-2.0634,-2.0345,Correction + fixed w 0.5
0.25,S2 | commute,"conditional (raw edge, adaptive w)",r12_s2_fixed040_s2,74.3603,-1.7681,-1.8875,Correction + fixed w 0.5
0.25,S2 | daytime,conditional (adaptive w),r12_s2_fixed040_s0,66.4160,-0.1588,-0.1278,Correction + fixed w 0.5
0.25,S2 | daytime,conditional (adaptive w),r12_s2_fixed040_s1,68.3222,-0.0581,-0.0051,Correction + fixed w 0.5
0.25,S2 | daytime,conditional (adaptive w),r12_s2_fixed040_s2,71.0607,-0.2077,-0.2456,Correction + fixed w 0.5
0.25,S2 | daytime,conditional (fixed w 0.5),r12_s2_fixed040_s0,66.3408,-0.2340,-0.2030,Correction + fixed w 0.5
0.25,S2 | daytime,conditional (fixed w 0.5),r12_s2_fixed040_s1,68.2015,-0.1788,-0.1258,Correction + fixed w 0.5
0.25,S2 | daytime,conditional (fixed w 0.5),r12_s2_fixed040_s2,71.0202,-0.2482,-0.2861,Correction + fixed w 0.5
0.25,S2 | daytime,"conditional (raw edge, adaptive w)",r12_s2_fixed040_s0,64.5118,-2.0630,-2.0320,Correction + fixed w 0.5
0.25,S2 | daytime,"conditional (raw edge, adaptive w)",r12_s2_fixed040_s1,67.5786,-0.8017,-0.7488,Correction + fixed w 0.5
0.25,S2 | daytime,"conditional (raw edge, adaptive w)",r12_s2_fixed040_s2,70.5518,-0.7167,-0.7546,Correction + fixed w 0.5
0.25,S2 | return,conditional (adaptive w),r12_s2_fixed040_s0,70.4701,-0.0936,-0.0672,Correction + development w 0.2
0.25,S2 | return,conditional (adaptive w),r12_s2_fixed040_s1,73.2431,-0.0584,-0.0091,Correction + development w 0.2
0.25,S2 | return,conditional (adaptive w),r12_s2_fixed040_s2,73.6099,-0.0987,-0.0577,Correction + development w 0.2
0.25,S2 | return,conditional (fixed w 0.5),r12_s2_fixed040_s0,70.3724,-0.1913,-0.1649,Correction + development w 0.2
0.25,S2 | return,conditional (fixed w 0.5),r12_s2_fixed040_s1,73.1848,-0.1167,-0.0675,Correction + development w 0.2
0.25,S2 | return,conditional (fixed w 0.5),r12_s2_fixed040_s2,73.4965,-0.2121,-0.1711,Correction + development w 0.2
0.25,S2 | return,"conditional (raw edge, adaptive w)",r12_s2_fixed040_s0,68.9777,-1.5860,-1.5596,Correction + development w 0.2
0.25,S2 | return,"conditional (raw edge, adaptive w)",r12_s2_fixed040_s1,72.6059,-0.6956,-0.6463,Correction + development w 0.2
0.25,S2 | return,"conditional (raw edge, adaptive w)",r12_s2_fixed040_s2,73.4625,-0.2461,-0.2052,Correction + development w 0.2
0.25,S2 | evening,conditional (adaptive w),r12_s2_fixed040_s0,72.3487,-0.1274,-0.0897,Correction + development w 0.2
0.25,S2 | evening,conditional (adaptive w),r12_s2_fixed040_s1,75.3458,-0.0463,-0.0938,Correction + development w 0.2
0.25,S2 | evening,conditional (adaptive w),r12_s2_fixed040_s2,78.4268,-0.0190,0.0122,Correction + development w 0.2
0.25,S2 | evening,conditional (fixed w 0.5),r12_s2_fixed040_s0,72.2528,-0.2233,-0.1856,Correction + development w 0.2
0.25,S2 | evening,conditional (fixed w 0.5),r12_s2_fixed040_s1,75.1918,-0.2003,-0.2478,Correction + development w 0.2
0.25,S2 | evening,conditional (fixed w 0.5),r12_s2_fixed040_s2,78.3248,-0.1210,-0.0898,Correction + development w 0.2
0.25,S2 | evening,"conditional (raw edge, adaptive w)",r12_s2_fixed040_s0,70.7303,-1.7459,-1.7082,Correction + development w 0.2
0.25,S2 | evening,"conditional (raw edge, adaptive w)",r12_s2_fixed040_s1,74.6182,-0.7738,-0.8214,Correction + development w 0.2
0.25,S2 | evening,"conditional (raw edge, adaptive w)",r12_s2_fixed040_s2,78.3212,-0.1246,-0.0934,Correction + development w 0.2
0.25,S1 replay | all,conditional (adaptive w),r15_s1_replay_s0,69.4034,0.1748,-0.1515,No correction + adaptive w
0.25,S1 replay | all,conditional (adaptive w),r15_s1_replay_s1,69.8017,0.1491,0.0496,No correction + adaptive w
0.25,S1 replay | all,conditional (adaptive w),r15_s1_replay_s2,70.5460,0.2533,-0.0212,No correction + adaptive w
0.25,S1 replay | all,conditional (adaptive w),r15_s1_replay_s3,67.7732,0.0361,0.0801,No correction + adaptive w
0.25,S1 replay | all,conditional (adaptive w),r15_s1_replay_s4,71.4255,0.1161,0.0094,No correction + adaptive w
0.25,S1 replay | all,conditional (fixed w 0.5),r15_s1_replay_s0,69.3094,0.0808,-0.2455,No correction + adaptive w
0.25,S1 replay | all,conditional (fixed w 0.5),r15_s1_replay_s1,69.7254,0.0728,-0.0266,No correction + adaptive w
0.25,S1 replay | all,conditional (fixed w 0.5),r15_s1_replay_s2,70.5422,0.2495,-0.0250,No correction + adaptive w
0.25,S1 replay | all,conditional (fixed w 0.5),r15_s1_replay_s3,67.7909,0.0538,0.0978,No correction + adaptive w
0.25,S1 replay | all,conditional (fixed w 0.5),r15_s1_replay_s4,71.3918,0.0825,-0.0242,No correction + adaptive w
0.25,S1 replay | all,"conditional (raw edge, adaptive w)",r15_s1_replay_s0,69.0907,-0.1379,-0.4642,No correction + adaptive w
0.25,S1 replay | all,"conditional (raw edge, adaptive w)",r15_s1_replay_s1,69.2792,-0.3734,-0.4729,No correction + adaptive w
0.25,S1 replay | all,"conditional (raw edge, adaptive w)",r15_s1_replay_s2,70.2813,-0.0115,-0.2859,No correction + adaptive w
0.25,S1 replay | all,"conditional (raw edge, adaptive w)",r15_s1_replay_s3,67.3032,-0.4339,-0.3899,No correction + adaptive w
0.25,S1 replay | all,"conditional (raw edge, adaptive w)",r15_s1_replay_s4,70.9400,-0.3693,-0.4760,No correction + adaptive w
0.25,S1 replay | home,conditional (adaptive w),r15_s1_replay_s0,82.2959,-0.2522,-0.1333,Correction + fixed w 0.5
0.25,S1 replay | home,conditional (adaptive w),r15_s1_replay_s1,82.8545,-0.1387,-0.0867,Correction + fixed w 0.5
0.25,S1 replay | home,conditional (adaptive w),r15_s1_replay_s2,83.9051,-0.1072,-0.1058,Correction + fixed w 0.5
0.25,S1 replay | home,conditional (adaptive w),r15_s1_replay_s3,80.0960,-0.1996,-0.2463,Correction + fixed w 0.5
0.25,S1 replay | home,conditional (adaptive w),r15_s1_replay_s4,82.1409,-0.2255,-0.1713,Correction + fixed w 0.5
0.25,S1 replay | home,conditional (fixed w 0.5),r15_s1_replay_s0,82.0693,-0.4788,-0.3598,Correction + fixed w 0.5
0.25,S1 replay | home,conditional (fixed w 0.5),r15_s1_replay_s1,82.7391,-0.2541,-0.2021,Correction + fixed w 0.5
0.25,S1 replay | home,conditional (fixed w 0.5),r15_s1_replay_s2,83.8816,-0.1307,-0.1293,Correction + fixed w 0.5
0.25,S1 replay | home,conditional (fixed w 0.5),r15_s1_replay_s3,80.0908,-0.2047,-0.2514,Correction + fixed w 0.5
0.25,S1 replay | home,conditional (fixed w 0.5),r15_s1_replay_s4,82.0607,-0.3057,-0.2515,Correction + fixed w 0.5
0.25,S1 replay | home,"conditional (raw edge, adaptive w)",r15_s1_replay_s0,80.8495,-1.6986,-1.5797,Correction + fixed w 0.5
0.25,S1 replay | home,"conditional (raw edge, adaptive w)",r15_s1_replay_s1,81.2552,-1.7379,-1.6860,Correction + fixed w 0.5
0.25,S1 replay | home,"conditional (raw edge, adaptive w)",r15_s1_replay_s2,82.8524,-1.1599,-1.1585,Correction + fixed w 0.5
0.25,S1 replay | home,"conditional (raw edge, adaptive w)",r15_s1_replay_s3,79.0429,-1.2527,-1.2994,Correction + fixed w 0.5
0.25,S1 replay | home,"conditional (raw edge, adaptive w)",r15_s1_replay_s4,80.8057,-1.5607,-1.5066,Correction + fixed w 0.5
0.25,S1 replay | away,conditional (adaptive w),r15_s1_replay_s0,52.9171,0.7019,-1.2383,Raw edge only
0.25,S1 replay | away,conditional (adaptive w),r15_s1_replay_s1,52.5619,0.5922,-0.9032,Raw edge only
0.25,S1 replay | away,conditional (adaptive w),r15_s1_replay_s2,53.5434,0.6565,-0.4963,Raw edge only
0.25,S1 replay | away,conditional (adaptive w),r15_s1_replay_s3,49.9427,0.3525,-0.2475,Raw edge only
0.25,S1 replay | away,conditional (adaptive w),r15_s1_replay_s4,54.8181,0.6450,-0.7760,Raw edge only
0.25,S1 replay | away,conditional (fixed w 0.5),r15_s1_replay_s0,52.9609,0.7457,-1.1945,Raw edge only
0.25,S1 replay | away,conditional (fixed w 0.5),r15_s1_replay_s1,52.5464,0.5767,-0.9187,Raw edge only
0.25,S1 replay | away,conditional (fixed w 0.5),r15_s1_replay_s2,53.6110,0.7241,-0.4287,Raw edge only
0.25,S1 replay | away,conditional (fixed w 0.5),r15_s1_replay_s3,50.0119,0.4216,-0.1783,Raw edge only
0.25,S1 replay | away,conditional (fixed w 0.5),r15_s1_replay_s4,54.8468,0.6736,-0.7474,Raw edge only
0.25,S1 replay | away,"conditional (raw edge, adaptive w)",r15_s1_replay_s0,54.1605,1.9453,0.0051,Raw edge only
0.25,S1 replay | away,"conditional (raw edge, adaptive w)",r15_s1_replay_s1,53.4411,1.4714,-0.0240,Raw edge only
0.25,S1 replay | away,"conditional (raw edge, adaptive w)",r15_s1_replay_s2,54.0869,1.2000,0.0472,Raw edge only
0.25,S1 replay | away,"conditional (raw edge, adaptive w)",r15_s1_replay_s3,50.1674,0.5772,-0.0228,Raw edge only
0.25,S1 replay | away,"conditional (raw edge, adaptive w)",r15_s1_replay_s4,55.5847,1.4115,-0.0095,Raw edge only
0.25,S2 replay | all,conditional (adaptive w),r15_s2_replay_s0,71.6391,-0.0725,-0.0230,Correction + development w 0.2
0.25,S2 replay | all,conditional (adaptive w),r15_s2_replay_s1,74.8161,-0.0073,-0.0493,Correction + development w 0.2
0.25,S2 replay | all,conditional (adaptive w),r15_s2_replay_s2,77.4774,0.0482,0.0361,Correction + development w 0.2
0.25,S2 replay | all,conditional (fixed w 0.5),r15_s2_replay_s0,71.5895,-0.1221,-0.0726,Correction + development w 0.2
0.25,S2 replay | all,conditional (fixed w 0.5),r15_s2_replay_s1,74.6197,-0.2037,-0.2457,Correction + development w 0.2
0.25,S2 replay | all,conditional (fixed w 0.5),r15_s2_replay_s2,77.3904,-0.0387,-0.0508,Correction + development w 0.2
0.25,S2 replay | all,"conditional (raw edge, adaptive w)",r15_s2_replay_s0,70.3098,-1.4018,-1.3523,Correction + development w 0.2
0.25,S2 replay | all,"conditional (raw edge, adaptive w)",r15_s2_replay_s1,74.2787,-0.5448,-0.5867,Correction + development w 0.2
0.25,S2 replay | all,"conditional (raw edge, adaptive w)",r15_s2_replay_s2,77.4974,0.0682,0.0562,Correction + development w 0.2
0.25,S2 replay | home,conditional (adaptive w),r15_s2_replay_s0,77.7894,-0.2097,-0.1079,Correction + development w 0.2
0.25,S2 replay | home,conditional (adaptive w),r15_s2_replay_s1,81.7023,-0.1611,-0.1384,Correction + development w 0.2
0.25,S2 replay | home,conditional (adaptive w),r15_s2_replay_s2,85.3001,-0.0498,-0.0041,Correction + development w 0.2
0.25,S2 replay | home,conditional (fixed w 0.5),r15_s2_replay_s0,77.7167,-0.2825,-0.1806,Correction + development w 0.2
0.25,S2 replay | home,conditional (fixed w 0.5),r15_s2_replay_s1,81.4540,-0.4093,-0.3867,Correction + development w 0.2
0.25,S2 replay | home,conditional (fixed w 0.5),r15_s2_replay_s2,85.1834,-0.1664,-0.1208,Correction + development w 0.2
0.25,S2 replay | home,"conditional (raw edge, adaptive w)",r15_s2_replay_s0,75.8293,-2.1699,-2.0680,Correction + development w 0.2
0.25,S2 replay | home,"conditional (raw edge, adaptive w)",r15_s2_replay_s1,80.4187,-1.4447,-1.4220,Correction + development w 0.2
0.25,S2 replay | home,"conditional (raw edge, adaptive w)",r15_s2_replay_s2,84.7215,-0.6283,-0.5827,Correction + development w 0.2
0.25,S2 replay | away,conditional (adaptive w),r15_s2_replay_s0,52.0690,0.3804,-0.4375,Raw edge only
0.25,S2 replay | away,conditional (adaptive w),r15_s2_replay_s1,52.6218,0.4865,-1.5589,Raw edge only
0.25,S2 replay | away,conditional (adaptive w),r15_s2_replay_s2,53.6581,0.3967,-1.7457,Raw edge only
0.25,S2 replay | away,conditional (fixed w 0.5),r15_s2_replay_s0,52.0851,0.3965,-0.4215,Raw edge only
0.25,S2 replay | away,conditional (fixed w 0.5),r15_s2_replay_s1,52.5649,0.4296,-1.6157,Raw edge only
0.25,S2 replay | away,conditional (fixed w 0.5),r15_s2_replay_s2,53.6922,0.4309,-1.7116,Raw edge only
0.25,S2 replay | away,"conditional (raw edge, adaptive w)",r15_s2_replay_s0,52.4746,0.7860,-0.0319,Raw edge only
0.25,S2 replay | away,"conditional (raw edge, adaptive w)",r15_s2_replay_s1,54.1512,2.0159,-0.0294,Raw edge only
0.25,S2 replay | away,"conditional (raw edge, adaptive w)",r15_s2_replay_s2,55.4694,2.2080,0.0656,Raw edge only
