run_id,method,dataset,model,split_point,seed,drift_type,schedule,rho_setting,topology,delay,packet_loss,mobility,lambda_mode,Lambda_mode,signal,controller,avg_accuracy,main_accuracy,oop_accuracy,oor_accuracy,worst_cluster,p10_client,cluster_gap,detection_auroc,detection_delay,communication_bytes,runtime,status
legacy_20260711_154012_7cdd11,splitomcplus,cifar10,cnn,middle,0,traffic-composition,A,A,line,0,0,False,legacy,legacy,delta_hard,legacy,0.6254,0.6702,0.3243,0.0953,0.5625,0.4851,0.1466,,,,142.8,completed
legacy_20260711_155111_50075a,splitomcplus,cifar10,cnn,middle,1,traffic-composition,A,A,line,0,0,False,legacy,legacy,delta_hard,legacy,0.6311,0.7037,0.2615,0.087,0.5415,0.465,0.144,,,,141.4,completed
legacy_20260711_114904_02b589,splitomcplus,cifar10,cnn,middle,2,traffic-composition,A,A,line,0,0,False,legacy,legacy,delta_hard,legacy,0.6237,0.7119,0.2181,0.0636,0.5289,0.4582,0.177,,,,131.5,completed
legacy_20260711_202404_85bb76,splitomcplus,cifar10,cnn,middle,0,traffic-composition,abrupt,abrupt,line,0,0,False,legacy,legacy,delta_hard,legacy,0.6076,0.6553,0.2766,0.103,0.5368,0.4591,0.1602,,,,150.6,completed
legacy_20260711_162703_6e8700,splitomcplus,cifar10,cnn,middle,1,traffic-composition,abrupt,abrupt,line,0,0,False,legacy,legacy,delta_hard,legacy,0.6154,0.6908,0.2252,0.0971,0.5253,0.4465,0.1514,,,,140.1,completed
legacy_20260711_162110_7a7f02,splitomcplus,cifar10,cnn,middle,2,traffic-composition,abrupt,abrupt,line,0,0,False,legacy,legacy,delta_hard,legacy,0.6023,0.7053,0.179,0.0631,0.4965,0.4368,0.1893,,,,129.4,completed
selfcal_20260711_070025_d9afbd,splitomcplus,cifar10,cnn,middle,0,traffic-composition,A,A,line,0,0,False,selfcal,selfcal,delta_hard,selfcal,0.6149,0.7266,0.1833,0.0268,0.5614,0.4706,0.1131,,,,146.0,completed
selfcal_20260711_070051_2dceb7,splitomcplus,cifar10,cnn,middle,1,traffic-composition,A,A,line,0,0,False,selfcal,selfcal,delta_hard,selfcal,0.6059,0.7325,0.1435,0.0251,0.5288,0.4276,0.1325,,,,140.7,completed
selfcal_20260711_132950_5936fc,splitomcplus,cifar10,cnn,middle,2,traffic-composition,A,A,line,0,0,False,selfcal,selfcal,delta_hard,selfcal,0.6195,0.7481,0.1383,0.0204,0.5253,0.4401,0.1776,,,,130.2,completed
selfcal_20260711_113109_372e41,splitomcplus,cifar10,cnn,middle,0,traffic-composition,abrupt,abrupt,line,0,0,False,selfcal,selfcal,delta_hard,selfcal,0.5938,0.7244,0.1439,0.029,0.5366,0.4474,0.1208,,,,146.4,completed
selfcal_20260711_180309_a419ba,splitomcplus,cifar10,cnn,middle,1,traffic-composition,abrupt,abrupt,line,0,0,False,selfcal,selfcal,delta_hard,selfcal,0.5866,0.7299,0.1149,0.0273,0.5062,0.4084,0.1342,,,,149.5,completed
selfcal_20260711_181242_3832f2,splitomcplus,cifar10,cnn,middle,2,traffic-composition,abrupt,abrupt,line,0,0,False,selfcal,selfcal,delta_hard,selfcal,0.596,0.748,0.1031,0.0191,0.4955,0.4155,0.1863,,,,131.2,completed
selfcal_20260711_133952_be28f7,splitomcplus,cifar10,cnn,middle,0,traffic-composition,A,A,line,0,0,False,selfcal,selfcal,delta_hard,selfcal,0.6149,0.7212,0.1973,0.0305,0.5564,0.4722,0.1203,,,,145.7,completed
selfcal_20260711_134052_98a3da,splitomcplus,cifar10,cnn,middle,1,traffic-composition,A,A,line,0,0,False,selfcal,selfcal,delta_hard,selfcal,0.6046,0.7289,0.1515,0.0283,0.5253,0.4187,0.1358,,,,142.5,completed
selfcal_20260711_160333_05460f,splitomcplus,cifar10,cnn,middle,2,traffic-composition,A,A,line,0,0,False,selfcal,selfcal,delta_hard,selfcal,0.6208,0.7447,0.1503,0.0239,0.5256,0.4486,0.1785,,,,130.9,completed
selfcal_20260711_160543_f085e6,splitomcplus,cifar10,cnn,middle,0,traffic-composition,abrupt,abrupt,line,0,0,False,selfcal,selfcal,delta_hard,selfcal,0.6038,0.7102,0.1861,0.044,0.5374,0.4592,0.1373,,,,145.4,completed
selfcal_20260711_181434_7d95d0,splitomcplus,cifar10,cnn,middle,1,traffic-composition,abrupt,abrupt,line,0,0,False,selfcal,selfcal,delta_hard,selfcal,0.5879,0.7254,0.1268,0.0329,0.506,0.4122,0.1385,,,,147.4,completed
selfcal_20260711_183114_7e6cad,splitomcplus,cifar10,cnn,middle,2,traffic-composition,abrupt,abrupt,line,0,0,False,selfcal,selfcal,delta_hard,selfcal,0.598,0.7445,0.1125,0.0242,0.5003,0.4188,0.1839,,,,126.6,completed
selfcal_20260711_233537_0f2dc1,splitomcplus,cifar10,cnn,middle,0,traffic-composition,A,A,line,0,0,False,selfcal,selfcal,delta_hard,selfcal,0.6194,0.7182,0.2115,0.0349,0.5621,0.4751,0.1213,,,,143.6,completed
selfcal_20260711_234309_4c6646,splitomcplus,cifar10,cnn,middle,1,traffic-composition,A,A,line,0,0,False,selfcal,selfcal,delta_hard,selfcal,0.6051,0.7278,0.1539,0.0294,0.5245,0.4154,0.1374,,,,141.2,completed
selfcal_20260712_011352_5a42e0,splitomcplus,cifar10,cnn,middle,2,traffic-composition,A,A,line,0,0,False,selfcal,selfcal,delta_hard,selfcal,0.6245,0.7416,0.1626,0.029,0.5298,0.4602,0.1771,,,,128.4,completed
selfcal_20260712_012113_fa1567,splitomcplus,cifar10,cnn,middle,0,traffic-composition,abrupt,abrupt,line,0,0,False,selfcal,selfcal,delta_hard,selfcal,0.6165,0.6972,0.229,0.0622,0.5475,0.4722,0.1438,,,,149.5,completed
selfcal_20260712_015923_f76602,splitomcplus,cifar10,cnn,middle,1,traffic-composition,abrupt,abrupt,line,0,0,False,selfcal,selfcal,delta_hard,selfcal,0.5956,0.7167,0.1532,0.0456,0.5144,0.4263,0.1422,,,,140.8,completed
selfcal_20260712_020429_7b0da2,splitomcplus,cifar10,cnn,middle,2,traffic-composition,abrupt,abrupt,line,0,0,False,selfcal,selfcal,delta_hard,selfcal,0.6099,0.7324,0.1523,0.0427,0.5139,0.4405,0.1808,,,,127.9,completed
selfcal_20260711_132949_31f493,splitomcplus,cifar10,cnn,middle,0,traffic-composition,A,A,line,0,0,False,selfcal,selfcal,ent_client,selfcal,0.6134,0.7287,0.1767,0.0252,0.5573,0.4675,0.1148,,,,141.2,completed
selfcal_20260711_092635_d21d0f,splitomcplus,cifar10,cnn,middle,1,traffic-composition,A,A,line,0,0,False,selfcal,selfcal,ent_client,selfcal,0.6058,0.7329,0.1424,0.0247,0.5307,0.4247,0.1297,,,,142.3,completed
selfcal_20260711_092141_4a35af,splitomcplus,cifar10,cnn,middle,2,traffic-composition,A,A,line,0,0,False,selfcal,selfcal,ent_client,selfcal,0.6199,0.7496,0.136,0.0198,0.527,0.449,0.1745,,,,129.3,completed
selfcal_20260711_140043_7ba767,splitomcplus,cifar10,cnn,middle,0,traffic-composition,abrupt,abrupt,line,0,0,False,selfcal,selfcal,ent_client,selfcal,0.5904,0.7282,0.1313,0.0255,0.535,0.4434,0.1156,,,,146.2,completed
selfcal_20260711_135741_bb3e62,splitomcplus,cifar10,cnn,middle,1,traffic-composition,abrupt,abrupt,line,0,0,False,selfcal,selfcal,ent_client,selfcal,0.5842,0.7318,0.1078,0.0245,0.5035,0.3931,0.1343,,,,143.3,completed
selfcal_20260711_203247_878741,splitomcplus,cifar10,cnn,middle,2,traffic-composition,abrupt,abrupt,line,0,0,False,selfcal,selfcal,ent_client,selfcal,0.5948,0.7494,0.0979,0.0174,0.4947,0.4132,0.1858,,,,132.6,completed
selfcal_20260713_045751_9113ca,splitomcplus,cifar10,cnn,middle,0,traffic-composition,static,equal_spread,line,0,0,False,selfcal,selfcal,delta_hard,selfcal,0.5777,0.7132,0.2603,0.0629,0.4817,0.4495,0.2056,,,,143.6,completed
selfcal_20260712_054847_b73648,splitomcplus,cifar10,cnn,middle,1,traffic-composition,static,equal_spread,line,0,0,False,selfcal,selfcal,delta_hard,selfcal,0.5676,0.7229,0.193,0.0467,0.4616,0.3961,0.3026,,,,147.0,completed
selfcal_20260712_083114_d0b21d,splitomcplus,cifar10,cnn,middle,2,traffic-composition,static,equal_spread,line,0,0,False,selfcal,selfcal,delta_hard,selfcal,0.5984,0.7461,0.2015,0.0577,0.4405,0.4109,0.3869,,,,132.5,completed
selfcal_20260711_204207_ba41b4,splitomcplus,cifar10,cnn,middle,0,traffic-composition,static,equal_spread,line,0,0,False,selfcal,selfcal,delta_hard,selfcal,0.5888,0.6971,0.3163,0.0792,0.5149,0.4593,0.1748,,,,149.3,completed
selfcal_20260711_211803_62e077,splitomcplus,cifar10,cnn,middle,1,traffic-composition,static,equal_spread,line,0,0,False,selfcal,selfcal,delta_hard,selfcal,0.57,0.7141,0.213,0.0576,0.465,0.401,0.3012,,,,144.9,completed
selfcal_20260711_231133_eb48bc,splitomcplus,cifar10,cnn,middle,2,traffic-composition,static,equal_spread,line,0,0,False,selfcal,selfcal,delta_hard,selfcal,0.6064,0.7297,0.2406,0.0911,0.4615,0.4201,0.3659,,,,129.5,completed
selfcal_20260711_185114_c05f8e,splitomcplus,cifar10,cnn,middle,0,traffic-composition,static,equal_spread,line,0,0,False,selfcal,selfcal,delta_hard,selfcal,0.5802,0.7171,0.264,0.0564,0.4987,0.4539,0.1899,,,,144.2,completed
selfcal_20260712_032223_78e3d4,splitomcplus,cifar10,cnn,middle,0,traffic-composition,static,equal_spread,line,0,0,False,selfcal,selfcal,delta_hard,selfcal,0.5723,0.7041,0.2534,0.0623,0.464,0.4345,0.2391,,,,146.2,completed
selfcal_20260712_061009_1d441a,splitomcplus,cifar10,cnn,middle,1,traffic-composition,static,equal_spread,line,0,0,False,selfcal,selfcal,delta_hard,selfcal,0.5666,0.7192,0.1961,0.0572,0.4612,0.3813,0.3206,,,,140.9,completed
selfcal_20260712_085622_3c9003,splitomcplus,cifar10,cnn,middle,2,traffic-composition,static,equal_spread,line,0,0,False,selfcal,selfcal,delta_hard,selfcal,0.587,0.7183,0.2116,0.0684,0.4205,0.3803,0.4187,,,,135.3,completed
selfcal_20260712_104354_d8d89f,splitomcplus,cifar10,cnn,middle,0,traffic-composition,static,equal_spread,line,0,0,False,selfcal,selfcal,delta_hard,selfcal,0.5806,0.7156,0.2655,0.0585,0.4702,0.4445,0.2274,,,,144.5,completed
fixed_20260712_035050_0ead2b,splitomcplus,cifar10,cnn,middle,0,traffic-composition,static,equal_spread,line,0,0,False,fixed,fixed,delta_hard,fixed,0.5958,0.6544,0.4589,0.1161,0.5461,0.4703,0.1251,,,,139.2,completed
fixed_20260712_063619_468cf0,splitomcplus,cifar10,cnn,middle,1,traffic-composition,static,equal_spread,line,0,0,False,fixed,fixed,delta_hard,fixed,0.5824,0.6652,0.3603,0.1232,0.4821,0.4475,0.2287,,,,139.9,completed
fixed_20260712_090734_aabc73,splitomcplus,cifar10,cnn,middle,2,traffic-composition,static,equal_spread,line,0,0,False,fixed,fixed,delta_hard,fixed,0.6104,0.6915,0.3558,0.1052,0.4758,0.4503,0.3109,,,,132.2,completed
fixed_20260712_041234_31cee3,splitomcplus,cifar10,cnn,middle,0,traffic-composition,static,equal_spread,line,0,0,False,fixed,fixed,delta_hard,fixed,0.5962,0.6788,0.4044,0.0957,0.5363,0.4777,0.133,,,,143.6,completed
fixed_20260712_064321_c4d3b6,splitomcplus,cifar10,cnn,middle,1,traffic-composition,static,equal_spread,line,0,0,False,fixed,fixed,delta_hard,fixed,0.5789,0.691,0.2987,0.0885,0.4848,0.431,0.2471,,,,144.1,completed
fixed_20260712_102458_331a1e,splitomcplus,cifar10,cnn,middle,2,traffic-composition,static,equal_spread,line,0,0,False,fixed,fixed,delta_hard,fixed,0.6097,0.7134,0.3079,0.0822,0.4633,0.4435,0.3364,,,,126.4,completed
selfcal_20260711_185115_723af9,splitomcplus,cifar10,cnn,middle,0,traffic-composition,static,equal_spread,line,0,0,False,selfcal,selfcal,delta_hard,selfcal,0.5873,0.7273,0.2685,0.0428,0.5014,0.4586,0.1991,,,,146.7,completed
selfcal_20260712_042020_50937f,splitomcplus,cifar10,cnn,middle,1,traffic-composition,static,equal_spread,line,0,0,False,selfcal,selfcal,delta_hard,selfcal,0.5727,0.7311,0.1965,0.0288,0.4714,0.4045,0.3032,,,,142.9,completed
selfcal_20260712_081604_08562f,splitomcplus,cifar10,cnn,middle,2,traffic-composition,static,equal_spread,line,0,0,False,selfcal,selfcal,delta_hard,selfcal,0.5988,0.7498,0.2019,0.0284,0.4296,0.4064,0.405,,,,128.4,completed
selfcal_20260711_203757_76b2db,splitomcplus,cifar10,cnn,middle,0,traffic-composition,static,equal_spread,line,0,0,False,selfcal,selfcal,delta_hard,selfcal,0.5971,0.7085,0.3242,0.0582,0.5217,0.464,0.1804,,,,144.8,completed
selfcal_20260711_211534_9fdc10,splitomcplus,cifar10,cnn,middle,1,traffic-composition,static,equal_spread,line,0,0,False,selfcal,selfcal,delta_hard,selfcal,0.5754,0.7227,0.2185,0.0367,0.4764,0.4136,0.2982,,,,139.9,completed
selfcal_20260711_230251_3f14f0,splitomcplus,cifar10,cnn,middle,2,traffic-composition,static,equal_spread,line,0,0,False,selfcal,selfcal,delta_hard,selfcal,0.6057,0.7369,0.2388,0.0419,0.4431,0.4207,0.3912,,,,130.9,completed
selfcal_20260716_144101_4a573d,splitomcplus,cifar10,cnn,middle,0,traffic-composition,asym_return,asym_return,line,0,0,False,selfcal,selfcal,delta_hard,selfcal,0.6477,0.7416,0.3134,0.0823,0.5868,0.5225,0.1306,,,,226.9,completed
selfcal_20260716_182426_3f63c9,splitomcplus,cifar10,cnn,middle,1,traffic-composition,asym_return,asym_return,line,0,0,False,selfcal,selfcal,delta_hard,selfcal,0.6334,0.7617,0.2223,0.0647,0.5635,0.4899,0.1234,,,,230.8,completed
selfcal_20260716_221343_ae23ba,splitomcplus,cifar10,cnn,middle,2,traffic-composition,asym_return,asym_return,line,0,0,False,selfcal,selfcal,delta_hard,selfcal,0.6404,0.7713,0.2154,0.0595,0.5556,0.5067,0.1567,,,,201.8,completed
selfcal_20260716_144056_1e5e1e,splitomcplus,cifar10,cnn,middle,0,traffic-composition,gradual_sigmoid,gradual_sigmoid,line,0,0,False,selfcal,selfcal,delta_hard,selfcal,0.6335,0.718,0.4933,0.1283,0.5756,0.5033,0.1325,,,,223.3,completed
selfcal_20260716_182425_6174ff,splitomcplus,cifar10,cnn,middle,1,traffic-composition,gradual_sigmoid,gradual_sigmoid,line,0,0,False,selfcal,selfcal,delta_hard,selfcal,0.6104,0.7482,0.3601,0.0954,0.5331,0.4598,0.1318,,,,229.1,completed
selfcal_20260716_220848_6d7cfc,splitomcplus,cifar10,cnn,middle,2,traffic-composition,gradual_sigmoid,gradual_sigmoid,line,0,0,False,selfcal,selfcal,delta_hard,selfcal,0.6263,0.746,0.3845,0.1212,0.5498,0.4885,0.1446,,,,200.1,completed
selfcal_20260716_144104_e0c9cb,splitomcplus,cifar10,cnn,middle,0,traffic-composition,piecewise_random,piecewise_random,line,0,0,False,selfcal,selfcal,delta_hard,selfcal,0.6045,0.7472,0.4319,0.0909,0.5533,0.5055,0.1173,,,,225.3,completed
selfcal_20260716_182637_669ecd,splitomcplus,cifar10,cnn,middle,1,traffic-composition,piecewise_random,piecewise_random,line,0,0,False,selfcal,selfcal,delta_hard,selfcal,0.6565,0.7643,0.3059,0.0658,0.5807,0.4984,0.1278,,,,220.3,completed
selfcal_20260716_221525_d7c301,splitomcplus,cifar10,cnn,middle,2,traffic-composition,piecewise_random,piecewise_random,line,0,0,False,selfcal,selfcal,delta_hard,selfcal,0.5855,0.7751,0.2992,0.0637,0.5187,0.4797,0.1207,,,,232.8,completed
selfcal_20260714_093138_55ac03,splitomcplus,cifar10,cnn,middle,0,traffic-composition,asym_return,asym_return,line,0,0,False,selfcal,selfcal,ent_client,selfcal,0.6331,0.7622,0.2381,0.0537,0.5784,0.5123,0.1089,,,,220.2,completed
selfcal_20260714_105151_27374a,splitomcplus,cifar10,cnn,middle,1,traffic-composition,asym_return,asym_return,line,0,0,False,selfcal,selfcal,ent_client,selfcal,0.6236,0.7743,0.1743,0.0432,0.5546,0.4754,0.1204,,,,221.8,completed
selfcal_20260714_115717_a02bb9,splitomcplus,cifar10,cnn,middle,2,traffic-composition,asym_return,asym_return,line,0,0,False,selfcal,selfcal,ent_client,selfcal,0.6298,0.7817,0.1722,0.0402,0.5413,0.4885,0.1609,,,,195.7,completed
selfcal_20260713_225934_22a134,splitomcplus,cifar10,cnn,middle,0,traffic-composition,gradual_sigmoid,gradual_sigmoid,line,0,0,False,selfcal,selfcal,ent_client,selfcal,0.6082,0.7602,0.3582,0.0658,0.5567,0.4915,0.1054,,,,218.4,completed
selfcal_20260713_230025_a08932,splitomcplus,cifar10,cnn,middle,1,traffic-composition,gradual_sigmoid,gradual_sigmoid,line,0,0,False,selfcal,selfcal,ent_client,selfcal,0.5934,0.773,0.2775,0.053,0.5203,0.4442,0.1209,,,,217.0,completed
selfcal_20260713_232018_f64d49,splitomcplus,cifar10,cnn,middle,2,traffic-composition,gradual_sigmoid,gradual_sigmoid,line,0,0,False,selfcal,selfcal,ent_client,selfcal,0.5994,0.7816,0.2768,0.0486,0.5105,0.4554,0.1588,,,,199.5,completed
selfcal_20260714_224359_2e4525,splitomcplus,cifar10,cnn,middle,0,traffic-composition,piecewise_random,piecewise_random,line,0,0,False,selfcal,selfcal,ent_client,selfcal,0.59,0.762,0.3595,0.0685,0.5453,0.495,0.0977,,,,225.3,completed
selfcal_20260714_234853_05e5fa,splitomcplus,cifar10,cnn,middle,1,traffic-composition,piecewise_random,piecewise_random,line,0,0,False,selfcal,selfcal,ent_client,selfcal,0.6576,0.7749,0.2715,0.0521,0.5848,0.4988,0.1233,,,,214.3,completed
selfcal_20260714_235134_041335,splitomcplus,cifar10,cnn,middle,2,traffic-composition,piecewise_random,piecewise_random,line,0,0,False,selfcal,selfcal,ent_client,selfcal,0.5837,0.7753,0.285,0.062,0.5169,0.4743,0.1258,,,,204.5,completed
fixed_20260714_055250_43181a,splitomcplus,cifar10,cnn,middle,0,traffic-composition,asym_return,asym_return,line,0,0,False,fixed,fixed,delta_hard,fixed,0.6402,0.6926,0.4322,0.1551,0.5771,0.5099,0.1391,,,,214.0,completed
fixed_20260714_055805_e6d38b,splitomcplus,cifar10,cnn,middle,1,traffic-composition,asym_return,asym_return,line,0,0,False,fixed,fixed,delta_hard,fixed,0.6373,0.7048,0.3869,0.1738,0.5472,0.4949,0.1449,,,,213.4,completed
fixed_20260714_061709_ebae3c,splitomcplus,cifar10,cnn,middle,2,traffic-composition,asym_return,asym_return,line,0,0,False,fixed,fixed,delta_hard,fixed,0.6389,0.7247,0.3383,0.1431,0.56,0.499,0.1536,,,,190.3,completed
fixed_20260714_071545_b85d4e,splitomcplus,cifar10,cnn,middle,3,traffic-composition,asym_return,asym_return,line,0,0,False,fixed,fixed,delta_hard,fixed,0.6247,0.6889,0.371,0.1769,0.5716,0.4531,0.1114,,,,215.9,completed
fixed_20260714_084352_8294d3,splitomcplus,cifar10,cnn,middle,4,traffic-composition,asym_return,asym_return,line,0,0,False,fixed,fixed,delta_hard,fixed,0.6706,0.73,0.4191,0.2025,0.5645,0.5189,0.2295,,,,193.3,completed
fixed_20260713_163940_f7e380,splitomcplus,cifar10,cnn,middle,0,traffic-composition,gradual_sigmoid,gradual_sigmoid,line,0,0,False,fixed,fixed,delta_hard,fixed,0.6318,0.6926,0.5767,0.1661,0.5699,0.5,0.1371,,,,216.6,completed
fixed_20260713_192446_63cba1,splitomcplus,cifar10,cnn,middle,1,traffic-composition,gradual_sigmoid,gradual_sigmoid,line,0,0,False,fixed,fixed,delta_hard,fixed,0.6271,0.7042,0.5074,0.1898,0.5406,0.484,0.1428,,,,215.5,completed
fixed_20260713_193849_6beb62,splitomcplus,cifar10,cnn,middle,2,traffic-composition,gradual_sigmoid,gradual_sigmoid,line,0,0,False,fixed,fixed,delta_hard,fixed,0.6271,0.7248,0.4571,0.1563,0.5493,0.4919,0.1486,,,,197.1,completed
fixed_20260713_194449_7bd67c,splitomcplus,cifar10,cnn,middle,3,traffic-composition,gradual_sigmoid,gradual_sigmoid,line,0,0,False,fixed,fixed,delta_hard,fixed,0.6152,0.689,0.498,0.2223,0.5637,0.4524,0.1086,,,,215.3,completed
fixed_20260713_194516_f4e6ca,splitomcplus,cifar10,cnn,middle,4,traffic-composition,gradual_sigmoid,gradual_sigmoid,line,0,0,False,fixed,fixed,delta_hard,fixed,0.6606,0.7298,0.5541,0.2333,0.5561,0.5039,0.23,,,,194.2,completed
fixed_20260714_184253_f0489f,splitomcplus,cifar10,cnn,middle,0,traffic-composition,piecewise_random,piecewise_random,line,0,0,False,fixed,fixed,delta_hard,fixed,0.6164,0.6925,0.5769,0.1729,0.5634,0.5075,0.1298,,,,225.1,completed
fixed_20260714_185524_aa9e7e,splitomcplus,cifar10,cnn,middle,1,traffic-composition,piecewise_random,piecewise_random,line,0,0,False,fixed,fixed,delta_hard,fixed,0.651,0.7045,0.505,0.19,0.5555,0.4965,0.1482,,,,228.4,completed
fixed_20260714_185830_621abb,splitomcplus,cifar10,cnn,middle,2,traffic-composition,piecewise_random,piecewise_random,line,0,0,False,fixed,fixed,delta_hard,fixed,0.602,0.7247,0.4485,0.1664,0.5413,0.4997,0.1171,,,,211.2,completed
fixed_20260714_201601_78776b,splitomcplus,cifar10,cnn,middle,3,traffic-composition,piecewise_random,piecewise_random,line,0,0,False,fixed,fixed,delta_hard,fixed,0.6105,0.6888,0.4933,0.2183,0.5579,0.4613,0.1098,,,,215.4,completed
fixed_20260714_203238_1b9933,splitomcplus,cifar10,cnn,middle,4,traffic-composition,piecewise_random,piecewise_random,line,0,0,False,fixed,fixed,delta_hard,fixed,0.6619,0.7299,0.5603,0.2406,0.5626,0.5189,0.2227,,,,196.1,completed
fixed_20260714_085952_8dde28,splitomcplus,cifar10,cnn,middle,0,traffic-composition,asym_return,asym_return,line,0,0,False,fixed,fixed,delta_hard,fixed,0.6447,0.7257,0.3653,0.1141,0.5858,0.5204,0.13,,,,214.9,completed
fixed_20260714_091033_f8be99,splitomcplus,cifar10,cnn,middle,1,traffic-composition,asym_return,asym_return,line,0,0,False,fixed,fixed,delta_hard,fixed,0.6372,0.7388,0.3028,0.1175,0.5558,0.4937,0.1351,,,,219.1,completed
fixed_20260714_092052_569abc,splitomcplus,cifar10,cnn,middle,2,traffic-composition,asym_return,asym_return,line,0,0,False,fixed,fixed,delta_hard,fixed,0.6417,0.7551,0.273,0.1031,0.5618,0.508,0.1496,,,,196.9,completed
fixed_20260714_092658_df9941,splitomcplus,cifar10,cnn,middle,3,traffic-composition,asym_return,asym_return,line,0,0,False,fixed,fixed,delta_hard,fixed,0.6166,0.7093,0.2981,0.1231,0.5642,0.4414,0.1118,,,,210.4,completed
fixed_20260714_092737_7e5833,splitomcplus,cifar10,cnn,middle,4,traffic-composition,asym_return,asym_return,line,0,0,False,fixed,fixed,delta_hard,fixed,0.673,0.7653,0.338,0.1482,0.5732,0.5181,0.2115,,,,195.2,completed
fixed_20260713_195351_94965b,splitomcplus,cifar10,cnn,middle,0,traffic-composition,gradual_sigmoid,gradual_sigmoid,line,0,0,False,fixed,fixed,delta_hard,fixed,0.627,0.7258,0.495,0.1274,0.5676,0.4987,0.1306,,,,211.6,completed
fixed_20260713_195634_6fb96c,splitomcplus,cifar10,cnn,middle,1,traffic-composition,gradual_sigmoid,gradual_sigmoid,line,0,0,False,fixed,fixed,delta_hard,fixed,0.6168,0.7391,0.4123,0.1319,0.536,0.4701,0.1342,,,,219.5,completed
fixed_20260713_201246_f468e4,splitomcplus,cifar10,cnn,middle,2,traffic-composition,gradual_sigmoid,gradual_sigmoid,line,0,0,False,fixed,fixed,delta_hard,fixed,0.6198,0.7548,0.3865,0.1169,0.5393,0.485,0.1478,,,,197.9,completed
fixed_20260713_201628_b30312,splitomcplus,cifar10,cnn,middle,3,traffic-composition,gradual_sigmoid,gradual_sigmoid,line,0,0,False,fixed,fixed,delta_hard,fixed,0.5995,0.7096,0.4089,0.1551,0.5488,0.4338,0.1081,,,,219.1,completed
fixed_20260713_225606_4ec793,splitomcplus,cifar10,cnn,middle,4,traffic-composition,gradual_sigmoid,gradual_sigmoid,line,0,0,False,fixed,fixed,delta_hard,fixed,0.6532,0.7651,0.4605,0.1732,0.5529,0.4956,0.2161,,,,195.2,completed
fixed_20260714_203951_531ffd,splitomcplus,cifar10,cnn,middle,0,traffic-composition,piecewise_random,piecewise_random,line,0,0,False,fixed,fixed,delta_hard,fixed,0.6115,0.7258,0.4985,0.1323,0.5598,0.5121,0.1218,,,,217.5,completed
fixed_20260714_220345_854285,splitomcplus,cifar10,cnn,middle,1,traffic-composition,piecewise_random,piecewise_random,line,0,0,False,fixed,fixed,delta_hard,fixed,0.6573,0.7388,0.4074,0.1298,0.572,0.4983,0.1363,,,,211.5,completed
fixed_20260714_222811_5b5e38,splitomcplus,cifar10,cnn,middle,2,traffic-composition,piecewise_random,piecewise_random,line,0,0,False,fixed,fixed,delta_hard,fixed,0.5974,0.7551,0.3769,0.1211,0.5357,0.4961,0.1143,,,,196.2,completed
fixed_20260714_222952_f3a85d,splitomcplus,cifar10,cnn,middle,3,traffic-composition,piecewise_random,piecewise_random,line,0,0,False,fixed,fixed,delta_hard,fixed,0.6004,0.7092,0.4033,0.1527,0.5487,0.4496,0.1089,,,,217.0,completed
fixed_20260714_223052_5d8a19,splitomcplus,cifar10,cnn,middle,4,traffic-composition,piecewise_random,piecewise_random,line,0,0,False,fixed,fixed,delta_hard,fixed,0.6631,0.7653,0.4684,0.1821,0.569,0.5222,0.2064,,,,198.4,completed
legacy_20260714_033549_11f759,splitomcplus,cifar10,cnn,middle,0,traffic-composition,asym_return,asym_return,line,0,0,False,legacy,legacy,delta_hard,legacy,0.6512,0.7107,0.3705,0.131,0.5907,0.5232,0.1349,,,,219.8,completed
legacy_20260714_051730_9f6a58,splitomcplus,cifar10,cnn,middle,1,traffic-composition,asym_return,asym_return,line,0,0,False,legacy,legacy,delta_hard,legacy,0.6502,0.7511,0.261,0.097,0.5781,0.513,0.1228,,,,222.2,completed
legacy_20260714_052635_41a924,splitomcplus,cifar10,cnn,middle,2,traffic-composition,asym_return,asym_return,line,0,0,False,legacy,legacy,delta_hard,legacy,0.6351,0.757,0.2171,0.0692,0.5478,0.4994,0.1569,,,,197.1,completed
legacy_20260714_053829_470334,splitomcplus,cifar10,cnn,middle,3,traffic-composition,asym_return,asym_return,line,0,0,False,legacy,legacy,delta_hard,legacy,0.6257,0.7132,0.279,0.1092,0.5782,0.4682,0.0988,,,,222.2,completed
legacy_20260714_054842_d86059,splitomcplus,cifar10,cnn,middle,4,traffic-composition,asym_return,asym_return,line,0,0,False,legacy,legacy,delta_hard,legacy,0.6772,0.7702,0.291,0.1215,0.5877,0.5313,0.193,,,,201.7,completed
legacy_20260713_160743_497fcc,splitomcplus,cifar10,cnn,middle,0,traffic-composition,gradual_sigmoid,gradual_sigmoid,line,0,0,False,legacy,legacy,delta_hard,legacy,0.6296,0.6915,0.5558,0.1727,0.5666,0.4965,0.1429,,,,217.0,completed
legacy_20260713_161952_103e7e,splitomcplus,cifar10,cnn,middle,1,traffic-composition,gradual_sigmoid,gradual_sigmoid,line,0,0,False,legacy,legacy,delta_hard,legacy,0.6094,0.7542,0.3467,0.0911,0.536,0.4599,0.1254,,,,216.5,completed
legacy_20260713_162735_010185,splitomcplus,cifar10,cnn,middle,2,traffic-composition,gradual_sigmoid,gradual_sigmoid,line,0,0,False,legacy,legacy,delta_hard,legacy,0.6008,0.7577,0.3225,0.0755,0.5094,0.459,0.1641,,,,197.5,completed
legacy_20260713_162941_b92d3f,splitomcplus,cifar10,cnn,middle,3,traffic-composition,gradual_sigmoid,gradual_sigmoid,line,0,0,False,legacy,legacy,delta_hard,legacy,0.5942,0.6969,0.4076,0.1435,0.5437,0.4319,0.1069,,,,222.9,completed
legacy_20260713_163756_1bbe2f,splitomcplus,cifar10,cnn,middle,4,traffic-composition,gradual_sigmoid,gradual_sigmoid,line,0,0,False,legacy,legacy,delta_hard,legacy,0.647,0.7649,0.4208,0.1468,0.55,0.4816,0.2062,,,,195.8,completed
legacy_20260714_163337_55b3d8,splitomcplus,cifar10,cnn,middle,0,traffic-composition,piecewise_random,piecewise_random,line,0,0,False,legacy,legacy,delta_hard,legacy,0.6178,0.6965,0.5587,0.1785,0.5644,0.5124,0.1305,,,,238.8,completed
legacy_20260714_163611_fa6b41,splitomcplus,cifar10,cnn,middle,1,traffic-composition,piecewise_random,piecewise_random,line,0,0,False,legacy,legacy,delta_hard,legacy,0.6599,0.7745,0.2784,0.0575,0.5891,0.5071,0.1182,,,,243.5,completed
legacy_20260714_163725_9c2443,splitomcplus,cifar10,cnn,middle,2,traffic-composition,piecewise_random,piecewise_random,line,0,0,False,legacy,legacy,delta_hard,legacy,0.5844,0.7598,0.3147,0.0838,0.5128,0.4787,0.129,,,,218.4,completed
legacy_20260714_182852_004385,splitomcplus,cifar10,cnn,middle,3,traffic-composition,piecewise_random,piecewise_random,line,0,0,False,legacy,legacy,delta_hard,legacy,0.6087,0.7167,0.3754,0.1314,0.5582,0.4638,0.1053,,,,241.8,completed
legacy_20260714_183110_0b2198,splitomcplus,cifar10,cnn,middle,4,traffic-composition,piecewise_random,piecewise_random,line,0,0,False,legacy,legacy,delta_hard,legacy,0.6549,0.7711,0.3977,0.141,0.5688,0.5098,0.1908,,,,212.4,completed
selfcal_20260713_235542_a50184,splitomcplus,cifar10,cnn,middle,0,traffic-composition,asym_return,asym_return,line,0,0,False,selfcal,selfcal,delta_hard,selfcal,0.6465,0.754,0.2719,0.0656,0.5846,0.5243,0.1265,,,,219.9,completed
selfcal_20260714_021126_5c32a3,splitomcplus,cifar10,cnn,middle,1,traffic-composition,asym_return,asym_return,line,0,0,False,selfcal,selfcal,delta_hard,selfcal,0.6311,0.7678,0.2037,0.0563,0.5625,0.4898,0.121,,,,217.1,completed
selfcal_20260714_023732_febae8,splitomcplus,cifar10,cnn,middle,2,traffic-composition,asym_return,asym_return,line,0,0,False,selfcal,selfcal,delta_hard,selfcal,0.6392,0.7731,0.206,0.0562,0.5531,0.5057,0.1581,,,,195.2,completed
selfcal_20260714_023808_3d1e07,splitomcplus,cifar10,cnn,middle,3,traffic-composition,asym_return,asym_return,line,0,0,False,selfcal,selfcal,delta_hard,selfcal,0.6197,0.727,0.2433,0.0802,0.5726,0.4605,0.0964,,,,218.8,completed
selfcal_20260714_023957_8f78fb,splitomcplus,cifar10,cnn,middle,4,traffic-composition,asym_return,asym_return,line,0,0,False,selfcal,selfcal,delta_hard,selfcal,0.6806,0.7746,0.3029,0.124,0.5906,0.5302,0.1973,,,,198.0,completed
selfcal_20260713_125347_02ccf5,splitomcplus,cifar10,cnn,middle,0,traffic-composition,gradual_sigmoid,gradual_sigmoid,line,0,0,False,selfcal,selfcal,delta_hard,selfcal,0.6358,0.7227,0.4658,0.1215,0.5773,0.5111,0.1305,,,,225.7,completed
selfcal_20260713_125409_239204,splitomcplus,cifar10,cnn,middle,1,traffic-composition,gradual_sigmoid,gradual_sigmoid,line,0,0,False,selfcal,selfcal,delta_hard,selfcal,0.613,0.7439,0.3592,0.0993,0.5361,0.46,0.1328,,,,223.6,completed
selfcal_20260713_130144_b98832,splitomcplus,cifar10,cnn,middle,2,traffic-composition,gradual_sigmoid,gradual_sigmoid,line,0,0,False,selfcal,selfcal,delta_hard,selfcal,0.6252,0.7512,0.3726,0.1118,0.5458,0.4858,0.1489,,,,207.8,completed
selfcal_20260713_155545_6f8620,splitomcplus,cifar10,cnn,middle,3,traffic-composition,gradual_sigmoid,gradual_sigmoid,line,0,0,False,selfcal,selfcal,delta_hard,selfcal,0.5977,0.707,0.3734,0.1201,0.548,0.4352,0.1038,,,,222.9,completed
selfcal_20260713_160528_26efb5,splitomcplus,cifar10,cnn,middle,4,traffic-composition,gradual_sigmoid,gradual_sigmoid,line,0,0,False,selfcal,selfcal,delta_hard,selfcal,0.6645,0.7571,0.4539,0.1711,0.5649,0.501,0.2125,,,,199.1,completed
selfcal_20260714_124952_33a127,splitomcplus,cifar10,cnn,middle,0,traffic-composition,piecewise_random,piecewise_random,line,0,0,False,selfcal,selfcal,delta_hard,selfcal,0.5864,0.7654,0.3417,0.0585,0.5341,0.4826,0.1105,,,,226.2,completed
selfcal_20260714_125732_d197e6,splitomcplus,cifar10,cnn,middle,1,traffic-composition,piecewise_random,piecewise_random,line,0,0,False,selfcal,selfcal,delta_hard,selfcal,0.6568,0.7693,0.2843,0.058,0.5808,0.502,0.1285,,,,219.7,completed
selfcal_20260714_131157_1b87a3,splitomcplus,cifar10,cnn,middle,2,traffic-composition,piecewise_random,piecewise_random,line,0,0,False,selfcal,selfcal,delta_hard,selfcal,0.5849,0.7769,0.2894,0.0611,0.5168,0.4771,0.1227,,,,201.5,completed
selfcal_20260714_143347_dc9cc5,splitomcplus,cifar10,cnn,middle,3,traffic-composition,piecewise_random,piecewise_random,line,0,0,False,selfcal,selfcal,delta_hard,selfcal,0.5923,0.733,0.3023,0.0733,0.5411,0.4465,0.1058,,,,234.9,completed
selfcal_20260714_151306_82870a,splitomcplus,cifar10,cnn,middle,4,traffic-composition,piecewise_random,piecewise_random,line,0,0,False,selfcal,selfcal,delta_hard,selfcal,0.6532,0.7868,0.3563,0.1048,0.5695,0.5106,0.1842,,,,209.6,completed
oracle_greedy_20260714_123458_fb80ef,splitomcplus,cifar10,cnn,middle,0,traffic-composition,asym_return,asym_return,line,0,0,False,oracle_greedy,oracle_greedy,delta_hard,oracle_greedy,0.6595,0.7416,0.3737,0.1172,0.6093,0.5345,0.1211,,,,380.3,completed
oracle_greedy_20260714_123756_c01738,splitomcplus,cifar10,cnn,middle,1,traffic-composition,asym_return,asym_return,line,0,0,False,oracle_greedy,oracle_greedy,delta_hard,oracle_greedy,0.6553,0.767,0.3012,0.1145,0.5872,0.5238,0.1144,,,,380.4,completed
oracle_greedy_20260714_124257_b9f27d,splitomcplus,cifar10,cnn,middle,2,traffic-composition,asym_return,asym_return,line,0,0,False,oracle_greedy,oracle_greedy,delta_hard,oracle_greedy,0.6458,0.7714,0.2633,0.0949,0.5819,0.5179,0.128,,,,348.1,completed
oracle_greedy_20260713_232537_6fc438,splitomcplus,cifar10,cnn,middle,0,traffic-composition,gradual_sigmoid,gradual_sigmoid,line,0,0,False,oracle_greedy,oracle_greedy,delta_hard,oracle_greedy,0.6479,0.7365,0.5221,0.1316,0.5962,0.5154,0.1218,,,,360.8,completed
oracle_greedy_20260713_233049_4f0425,splitomcplus,cifar10,cnn,middle,1,traffic-composition,gradual_sigmoid,gradual_sigmoid,line,0,0,False,oracle_greedy,oracle_greedy,delta_hard,oracle_greedy,0.6371,0.772,0.3743,0.1133,0.5689,0.5005,0.117,,,,367.5,completed
oracle_greedy_20260713_233611_64f644,splitomcplus,cifar10,cnn,middle,2,traffic-composition,gradual_sigmoid,gradual_sigmoid,line,0,0,False,oracle_greedy,oracle_greedy,delta_hard,oracle_greedy,0.633,0.7708,0.364,0.1093,0.574,0.4958,0.1214,,,,341.1,completed
oracle_greedy_20260715_001732_726088,splitomcplus,cifar10,cnn,middle,0,traffic-composition,piecewise_random,piecewise_random,line,0,0,False,oracle_greedy,oracle_greedy,delta_hard,oracle_greedy,0.63,0.7405,0.5267,0.1393,0.578,0.5276,0.127,,,,385.8,completed
oracle_greedy_20260715_013525_b3e61c,splitomcplus,cifar10,cnn,middle,1,traffic-composition,piecewise_random,piecewise_random,line,0,0,False,oracle_greedy,oracle_greedy,delta_hard,oracle_greedy,0.6748,0.7789,0.3506,0.1015,0.6081,0.5323,0.1117,,,,331.0,completed
oracle_greedy_20260715_014435_f40158,splitomcplus,cifar10,cnn,middle,2,traffic-composition,piecewise_random,piecewise_random,line,0,0,False,oracle_greedy,oracle_greedy,delta_hard,oracle_greedy,0.612,0.7684,0.3734,0.1206,0.5588,0.507,0.1037,,,,342.8,completed
selfcal_20260716_144108_1d658c,splitomcplus,cifar10,cnn,middle,0,traffic-composition,A,A,line,0,0,False,selfcal,selfcal,delta_hard,selfcal,0.66,0.7442,0.2717,0.0663,0.5989,0.5332,0.1324,,,,223.0,completed
selfcal_20260716_182749_51e3d3,splitomcplus,cifar10,cnn,middle,1,traffic-composition,A,A,line,0,0,False,selfcal,selfcal,delta_hard,selfcal,0.6474,0.7629,0.1947,0.0545,0.5756,0.4978,0.1255,,,,220.8,completed
selfcal_20260716_221731_c3930e,splitomcplus,cifar10,cnn,middle,2,traffic-composition,A,A,line,0,0,False,selfcal,selfcal,delta_hard,selfcal,0.6533,0.7747,0.1835,0.0444,0.5684,0.5106,0.1561,,,,229.3,completed
selfcal_20260713_091020_570797,splitomcplus,cifar10,cnn,middle,0,traffic-composition,A,A,line,0,0,False,selfcal,selfcal,ent_client,selfcal,0.6459,0.7622,0.2009,0.0409,0.5906,0.5221,0.1119,,,,215.8,completed
selfcal_20260713_091021_2f5408,splitomcplus,cifar10,cnn,middle,1,traffic-composition,A,A,line,0,0,False,selfcal,selfcal,ent_client,selfcal,0.64,0.774,0.1543,0.0379,0.5718,0.4905,0.1197,,,,231.2,completed
selfcal_20260713_091047_04a578,splitomcplus,cifar10,cnn,middle,2,traffic-composition,A,A,line,0,0,False,selfcal,selfcal,ent_client,selfcal,0.646,0.7819,0.1525,0.0311,0.5571,0.5012,0.1615,,,,205.3,completed
selfcal_20260713_122925_80982d,splitomcplus,cifar10,cnn,middle,3,traffic-composition,A,A,line,0,0,False,selfcal,selfcal,ent_client,selfcal,0.6197,0.7275,0.1897,0.0536,0.5635,0.453,0.1098,,,,215.9,completed
selfcal_20260713_123351_c7d9ce,splitomcplus,cifar10,cnn,middle,4,traffic-composition,A,A,line,0,0,False,selfcal,selfcal,ent_client,selfcal,0.6665,0.796,0.1765,0.0527,0.582,0.512,0.1742,,,,201.7,completed
selfcal_20260713_090955_6edb7b,splitomcplus,cifar10,cnn,middle,0,traffic-composition,A,A,line,0,0,False,selfcal,selfcal,delta_hard,selfcal,0.657,0.7533,0.2384,0.0531,0.5947,0.5319,0.1305,,,,219.3,completed
selfcal_20260713_091006_85fe00,splitomcplus,cifar10,cnn,middle,1,traffic-composition,A,A,line,0,0,False,selfcal,selfcal,delta_hard,selfcal,0.6428,0.7712,0.1656,0.042,0.5711,0.49,0.1253,,,,223.5,completed
selfcal_20260713_091007_8b4a72,splitomcplus,cifar10,cnn,middle,2,traffic-composition,A,A,line,0,0,False,selfcal,selfcal,delta_hard,selfcal,0.652,0.7763,0.1759,0.0415,0.5668,0.5117,0.1569,,,,199.1,completed
selfcal_20260713_091008_43eb5c,splitomcplus,cifar10,cnn,middle,3,traffic-composition,A,A,line,0,0,False,selfcal,selfcal,delta_hard,selfcal,0.6278,0.7289,0.2005,0.059,0.5791,0.4611,0.1002,,,,223.9,completed
selfcal_20260713_091013_092363,splitomcplus,cifar10,cnn,middle,4,traffic-composition,A,A,line,0,0,False,selfcal,selfcal,delta_hard,selfcal,0.6916,0.7718,0.2799,0.1163,0.5986,0.5373,0.2015,,,,203.5,completed
passive_20260713_123617_fb6d97,splitomcplus,cifar10,cnn,middle,0,traffic-composition,A,A,line,0,0,False,fixed,fixed,delta_hard,fixed,0.6531,0.7256,0.2994,0.0854,0.5965,0.529,0.1285,,,,223.4,completed
passive_20260713_124618_3b6c61,splitomcplus,cifar10,cnn,middle,1,traffic-composition,A,A,line,0,0,False,fixed,fixed,delta_hard,fixed,0.6477,0.7391,0.2465,0.0911,0.565,0.4991,0.1367,,,,221.1,completed
passive_20260713_124924_d2eaa4,splitomcplus,cifar10,cnn,middle,2,traffic-composition,A,A,line,0,0,False,fixed,fixed,delta_hard,fixed,0.6525,0.7547,0.2256,0.075,0.5712,0.5135,0.153,,,,198.1,completed
selfcal_20260716_225841_e4cc67,splitomcplus,cifar10,cnn,middle,0,traffic-composition,static,equal_spread,line,0,0,False,selfcal,selfcal,delta_hard,selfcal,0.6331,0.7487,0.3549,0.0768,0.5618,0.5225,0.1712,,,,223.9,completed
selfcal_20260717_012903_fa5f91,splitomcplus,cifar10,cnn,middle,1,traffic-composition,static,equal_spread,line,0,0,False,selfcal,selfcal,delta_hard,selfcal,0.6106,0.7641,0.2394,0.0534,0.5094,0.4592,0.2971,,,,223.6,completed
selfcal_20260717_013544_3d70a7,splitomcplus,cifar10,cnn,middle,2,traffic-composition,static,equal_spread,line,0,0,False,selfcal,selfcal,delta_hard,selfcal,0.6327,0.7763,0.2415,0.0506,0.4794,0.4565,0.3819,,,,199.7,completed
selfcal_20260717_020701_cdf7ce,splitomcplus,cifar10,cnn,middle,3,traffic-composition,static,equal_spread,line,0,0,False,selfcal,selfcal,delta_hard,selfcal,0.598,0.7283,0.2557,0.075,0.4822,0.4342,0.2977,,,,221.4,completed
selfcal_20260717_020823_1e94fc,splitomcplus,cifar10,cnn,middle,4,traffic-composition,static,equal_spread,line,0,0,False,selfcal,selfcal,delta_hard,selfcal,0.6472,0.7864,0.3071,0.108,0.5159,0.4778,0.3249,,,,194.9,completed
fixed_20260715_070004_c50ede,splitomcplus,cifar10,cnn,middle,0,traffic-composition,static,equal_spread,line,0,0,False,fixed,fixed,delta_hard,fixed,0.6319,0.6927,0.4822,0.1431,0.5839,0.5175,0.1153,,,,215.8,completed
fixed_20260715_070637_a54fae,splitomcplus,cifar10,cnn,middle,1,traffic-composition,static,equal_spread,line,0,0,False,fixed,fixed,delta_hard,fixed,0.6201,0.7043,0.3861,0.1605,0.5289,0.4979,0.2167,,,,215.3,completed
fixed_20260715_072733_61e070,splitomcplus,cifar10,cnn,middle,2,traffic-composition,static,equal_spread,line,0,0,False,fixed,fixed,delta_hard,fixed,0.6404,0.7246,0.3724,0.1368,0.5197,0.4932,0.293,,,,196.6,completed
fixed_20260715_090803_891455,splitomcplus,cifar10,cnn,middle,3,traffic-composition,static,equal_spread,line,0,0,False,fixed,fixed,delta_hard,fixed,0.6134,0.689,0.3743,0.1861,0.5236,0.4673,0.2101,,,,216.9,completed
fixed_20260715_091914_1c3654,splitomcplus,cifar10,cnn,middle,4,traffic-composition,static,equal_spread,line,0,0,False,fixed,fixed,delta_hard,fixed,0.6582,0.7299,0.453,0.2272,0.5562,0.5209,0.2497,,,,203.4,completed
selfcal_20260715_014927_59fe88,splitomcplus,cifar10,cnn,middle,0,traffic-composition,static,equal_spread,line,0,0,False,selfcal,selfcal,delta_hard,selfcal,0.6304,0.7555,0.3177,0.0638,0.553,0.5083,0.1932,,,,218.4,completed
selfcal_20260715_020703_c99bbc,splitomcplus,cifar10,cnn,middle,1,traffic-composition,static,equal_spread,line,0,0,False,selfcal,selfcal,delta_hard,selfcal,0.608,0.774,0.2086,0.0397,0.5022,0.4505,0.3153,,,,224.3,completed
selfcal_20260715_022927_e06797,splitomcplus,cifar10,cnn,middle,2,traffic-composition,static,equal_spread,line,0,0,False,selfcal,selfcal,delta_hard,selfcal,0.6302,0.781,0.2222,0.043,0.4713,0.4477,0.3959,,,,198.0,completed
selfcal_20260715_031611_0df96d,splitomcplus,cifar10,cnn,middle,3,traffic-composition,static,equal_spread,line,0,0,False,selfcal,selfcal,delta_hard,selfcal,0.598,0.7351,0.2373,0.0637,0.4747,0.4283,0.3145,,,,223.7,completed
selfcal_20260715_032319_63fdf2,splitomcplus,cifar10,cnn,middle,4,traffic-composition,static,equal_spread,line,0,0,False,selfcal,selfcal,delta_hard,selfcal,0.6396,0.7955,0.265,0.0837,0.5002,0.4629,0.3453,,,,194.9,completed
selfcal_20260715_052758_f935a4,splitomcplus,cifar10,cnn,middle,0,traffic-composition,static,equal_spread,line,0,0,False,selfcal,selfcal,delta_hard,selfcal,0.6376,0.7354,0.404,0.0863,0.5715,0.5312,0.1494,,,,219.9,completed
selfcal_20260715_054735_6b2fc3,splitomcplus,cifar10,cnn,middle,1,traffic-composition,static,equal_spread,line,0,0,False,selfcal,selfcal,delta_hard,selfcal,0.6145,0.7461,0.2912,0.0714,0.519,0.4773,0.2667,,,,224.1,completed
selfcal_20260715_055130_f9538a,splitomcplus,cifar10,cnn,middle,2,traffic-composition,static,equal_spread,line,0,0,False,selfcal,selfcal,delta_hard,selfcal,0.6358,0.7593,0.2912,0.0663,0.4925,0.4732,0.3494,,,,207.6,completed
selfcal_20260715_063824_fd0f22,splitomcplus,cifar10,cnn,middle,3,traffic-composition,static,equal_spread,line,0,0,False,selfcal,selfcal,delta_hard,selfcal,0.6059,0.7157,0.3053,0.0998,0.5032,0.4497,0.2625,,,,218.8,completed
selfcal_20260715_064331_9537b5,splitomcplus,cifar10,cnn,middle,4,traffic-composition,static,equal_spread,line,0,0,False,selfcal,selfcal,delta_hard,selfcal,0.6532,0.7727,0.361,0.1292,0.5342,0.49,0.2893,,,,200.2,completed
selfcal_20260716_144042_838363,splitomcplus,cifar100,cnn,middle,0,traffic-composition,gradual_sigmoid,gradual_sigmoid,line,0,0,False,selfcal,selfcal,delta_hard,selfcal,0.3692,0.4177,0.3058,0.136,0.3291,0.314,0.0753,,,,219.7,completed
selfcal_20260716_144125_74095e,splitomcplus,cifar100,cnn,middle,1,traffic-composition,gradual_sigmoid,gradual_sigmoid,line,0,0,False,selfcal,selfcal,delta_hard,selfcal,0.3462,0.3906,0.2861,0.1431,0.3118,0.2853,0.1002,,,,226.2,completed
selfcal_20260716_182810_49aff9,splitomcplus,cifar100,cnn,middle,2,traffic-composition,gradual_sigmoid,gradual_sigmoid,line,0,0,False,selfcal,selfcal,delta_hard,selfcal,0.3466,0.389,0.285,0.1432,0.3301,0.306,0.0352,,,,229.2,completed
selfcal_20260716_144045_09d2cd,splitomcplus,cifar100,cnn,middle,0,traffic-composition,static,equal_spread,line,0,0,False,selfcal,selfcal,delta_hard,selfcal,0.3781,0.4174,0.253,0.1146,0.3044,0.3026,0.1231,,,,218.0,completed
selfcal_20260716_181854_e742a9,splitomcplus,cifar100,cnn,middle,1,traffic-composition,static,equal_spread,line,0,0,False,selfcal,selfcal,delta_hard,selfcal,0.3526,0.3901,0.2116,0.1227,0.3018,0.2883,0.1693,,,,224.5,completed
selfcal_20260716_220333_15bf1a,splitomcplus,cifar100,cnn,middle,2,traffic-composition,static,equal_spread,line,0,0,False,selfcal,selfcal,delta_hard,selfcal,0.3509,0.3885,0.2315,0.1253,0.3238,0.3109,0.0713,,,,244.7,completed
fixed_20260715_124248_3913c9,splitomcplus,cifar100,cnn,middle,0,traffic-composition,gradual_sigmoid,gradual_sigmoid,line,0,0,False,fixed,fixed,delta_hard,fixed,0.3669,0.4151,0.3021,0.1386,0.3271,0.3129,0.0747,,,,215.9,completed
fixed_20260715_124505_4117ad,splitomcplus,cifar100,cnn,middle,1,traffic-composition,gradual_sigmoid,gradual_sigmoid,line,0,0,False,fixed,fixed,delta_hard,fixed,0.344,0.3888,0.2824,0.1453,0.3101,0.284,0.1,,,,220.3,completed
fixed_20260715_131453_3849d8,splitomcplus,cifar100,cnn,middle,2,traffic-composition,gradual_sigmoid,gradual_sigmoid,line,0,0,False,fixed,fixed,delta_hard,fixed,0.3432,0.3862,0.2803,0.1438,0.3273,0.3019,0.0345,,,,222.4,completed
fixed_20260715_141926_e9c6a8,splitomcplus,cifar100,cnn,middle,0,traffic-composition,static,equal_spread,line,0,0,False,fixed,fixed,delta_hard,fixed,0.3762,0.4151,0.2521,0.1173,0.302,0.3022,0.124,,,,207.9,completed
fixed_20260715_142328_66ef19,splitomcplus,cifar100,cnn,middle,1,traffic-composition,static,equal_spread,line,0,0,False,fixed,fixed,delta_hard,fixed,0.3507,0.3884,0.2097,0.1244,0.3009,0.2868,0.1678,,,,214.8,completed
fixed_20260715_161850_4601c5,splitomcplus,cifar100,cnn,middle,2,traffic-composition,static,equal_spread,line,0,0,False,fixed,fixed,delta_hard,fixed,0.3483,0.3862,0.2283,0.1259,0.3212,0.3062,0.0715,,,,301.8,completed
legacy_20260715_103601_49dc99,splitomcplus,cifar100,cnn,middle,0,traffic-composition,gradual_sigmoid,gradual_sigmoid,line,0,0,False,legacy,legacy,delta_hard,legacy,0.3737,0.4051,0.3391,0.1852,0.3326,0.3226,0.0713,,,,215.8,completed
legacy_20260715_104207_ac64f2,splitomcplus,cifar100,cnn,middle,1,traffic-composition,gradual_sigmoid,gradual_sigmoid,line,0,0,False,legacy,legacy,delta_hard,legacy,0.3488,0.3788,0.3158,0.1764,0.3131,0.2883,0.108,,,,217.2,completed
legacy_20260715_104417_8d12b5,splitomcplus,cifar100,cnn,middle,2,traffic-composition,gradual_sigmoid,gradual_sigmoid,line,0,0,False,legacy,legacy,delta_hard,legacy,0.3488,0.3756,0.3144,0.1809,0.3368,0.3105,0.0313,,,,219.0,completed
selfcal_20260715_093153_106852,splitomcplus,cifar100,cnn,middle,0,traffic-composition,gradual_sigmoid,gradual_sigmoid,line,0,0,False,selfcal,selfcal,delta_hard,selfcal,0.3274,0.398,0.22,0.0731,0.2938,0.2561,0.071,,,,222.8,completed
selfcal_20260715_100355_9f7eba,splitomcplus,cifar100,cnn,middle,1,traffic-composition,gradual_sigmoid,gradual_sigmoid,line,0,0,False,selfcal,selfcal,delta_hard,selfcal,0.3085,0.3741,0.2093,0.0859,0.2777,0.2463,0.0879,,,,226.7,completed
selfcal_20260715_101719_063144,splitomcplus,cifar100,cnn,middle,2,traffic-composition,gradual_sigmoid,gradual_sigmoid,line,0,0,False,selfcal,selfcal,delta_hard,selfcal,0.3054,0.3709,0.2032,0.082,0.2868,0.248,0.0368,,,,218.8,completed
selfcal_20260715_135046_e9cc5f,splitomcplus,cifar100,cnn,middle,0,traffic-composition,static,equal_spread,line,0,0,False,selfcal,selfcal,delta_hard,selfcal,0.3453,0.3995,0.1938,0.0695,0.2718,0.2612,0.1312,,,,227.7,completed
selfcal_20260715_135617_245dd8,splitomcplus,cifar100,cnn,middle,1,traffic-composition,static,equal_spread,line,0,0,False,selfcal,selfcal,delta_hard,selfcal,0.3194,0.3725,0.1546,0.0755,0.2647,0.2503,0.175,,,,219.3,completed
selfcal_20260715_141159_aeceb0,splitomcplus,cifar100,cnn,middle,2,traffic-composition,static,equal_spread,line,0,0,False,selfcal,selfcal,delta_hard,selfcal,0.3151,0.3701,0.1686,0.0745,0.2855,0.2579,0.0784,,,,222.6,completed
selfcal_20260716_144047_69e9b5,splitomcplus,tinyimagenet,cnn,middle,0,traffic-composition,gradual_sigmoid,gradual_sigmoid,line,0,0,False,selfcal,selfcal,delta_hard,selfcal,0.2408,0.2662,0.2123,0.0852,0.2216,0.2108,0.0528,,,,497.7,completed
selfcal_20260716_182035_95c160,splitomcplus,tinyimagenet,cnn,middle,1,traffic-composition,gradual_sigmoid,gradual_sigmoid,line,0,0,False,selfcal,selfcal,delta_hard,selfcal,0.2403,0.267,0.2075,0.094,0.2141,0.2075,0.0791,,,,495.5,completed
selfcal_20260716_220704_dea87d,splitomcplus,tinyimagenet,cnn,middle,2,traffic-composition,gradual_sigmoid,gradual_sigmoid,line,0,0,False,selfcal,selfcal,delta_hard,selfcal,0.2416,0.2675,0.2114,0.0894,0.2252,0.2145,0.0405,,,,516.5,completed
fixed_20260715_173838_25bd53,splitomcplus,tinyimagenet,cnn,middle,0,traffic-composition,gradual_sigmoid,gradual_sigmoid,line,0,0,False,fixed,fixed,delta_hard,fixed,0.2379,0.2653,0.2056,0.0803,0.2176,0.2075,0.0536,,,,750.1,completed
fixed_20260715_174732_ec4807,splitomcplus,tinyimagenet,cnn,middle,1,traffic-composition,gradual_sigmoid,gradual_sigmoid,line,0,0,False,fixed,fixed,delta_hard,fixed,0.238,0.2665,0.2024,0.0895,0.2136,0.2056,0.0763,,,,496.9,completed
fixed_20260715_175444_7f2795,splitomcplus,tinyimagenet,cnn,middle,2,traffic-composition,gradual_sigmoid,gradual_sigmoid,line,0,0,False,fixed,fixed,delta_hard,fixed,0.238,0.2654,0.2059,0.0838,0.2211,0.2108,0.0419,,,,482.8,completed
selfcal_20260715_162534_2200c2,splitomcplus,tinyimagenet,cnn,middle,0,traffic-composition,gradual_sigmoid,gradual_sigmoid,line,0,0,False,selfcal,selfcal,delta_hard,selfcal,0.2221,0.2593,0.174,0.0506,0.1993,0.1865,0.0541,,,,771.8,completed
selfcal_20260715_165729_d8fe5f,splitomcplus,tinyimagenet,cnn,middle,1,traffic-composition,gradual_sigmoid,gradual_sigmoid,line,0,0,False,selfcal,selfcal,delta_hard,selfcal,0.2244,0.2618,0.175,0.06,0.2023,0.1909,0.0671,,,,772.2,completed
selfcal_20260715_173546_6288be,splitomcplus,tinyimagenet,cnn,middle,2,traffic-composition,gradual_sigmoid,gradual_sigmoid,line,0,0,False,selfcal,selfcal,delta_hard,selfcal,0.2208,0.2566,0.1765,0.0519,0.2023,0.1814,0.0451,,,,496.2,completed
exp3_20260712_130832_d5ef50,splitomcplus,cifar10,cnn,middle,0,traffic-composition,A,A,line,0,0,False,exp3,exp3,delta_hard,exp3,0.6111,0.6789,0.2793,0.0667,0.5431,0.4679,0.1556,,,,142.5,completed
exp3_20260712_133455_fd1fc4,splitomcplus,cifar10,cnn,middle,1,traffic-composition,A,A,line,0,0,False,exp3,exp3,delta_hard,exp3,0.6142,0.693,0.2485,0.0781,0.5191,0.4572,0.1569,,,,146.0,completed
exp3_20260712_134103_84ae20,splitomcplus,cifar10,cnn,middle,2,traffic-composition,A,A,line,0,0,False,exp3,exp3,delta_hard,exp3,0.6203,0.7065,0.228,0.0662,0.528,0.4563,0.1803,,,,125.6,completed
exp3_20260712_200813_006960,splitomcplus,cifar10,cnn,middle,0,traffic-composition,abrupt,abrupt,line,0,0,False,exp3,exp3,delta_hard,exp3,0.5996,0.6795,0.2324,0.0717,0.5242,0.4499,0.1602,,,,146.7,completed
exp3_20260712_200813_d08e0f,splitomcplus,cifar10,cnn,middle,1,traffic-composition,abrupt,abrupt,line,0,0,False,exp3,exp3,delta_hard,exp3,0.5969,0.6934,0.199,0.0784,0.5087,0.4328,0.1471,,,,153.5,completed
exp3_20260712_200813_b2dab1,splitomcplus,cifar10,cnn,middle,2,traffic-composition,abrupt,abrupt,line,0,0,False,exp3,exp3,delta_hard,exp3,0.6059,0.7064,0.189,0.0688,0.5062,0.4406,0.188,,,,131.9,completed
oracle_greedy_20260712_143722_6ef0e8,splitomcplus,cifar10,cnn,middle,0,traffic-composition,A,A,line,0,0,False,oracle_greedy,oracle_greedy,delta_hard,oracle_greedy,0.64,0.7067,0.3218,0.0717,0.5828,0.4923,0.1386,,,,222.3,completed
oracle_greedy_20260712_153107_4ad5cb,splitomcplus,cifar10,cnn,middle,1,traffic-composition,A,A,line,0,0,False,oracle_greedy,oracle_greedy,delta_hard,oracle_greedy,0.6301,0.7363,0.2297,0.0663,0.5435,0.4695,0.1404,,,,220.3,completed
oracle_greedy_20260712_154649_25378f,splitomcplus,cifar10,cnn,middle,2,traffic-composition,A,A,line,0,0,False,oracle_greedy,oracle_greedy,delta_hard,oracle_greedy,0.6289,0.7389,0.2155,0.0571,0.555,0.4795,0.1475,,,,215.9,completed
oracle_greedy_20260712_200813_2ca28d,splitomcplus,cifar10,cnn,middle,0,traffic-composition,abrupt,abrupt,line,0,0,False,oracle_greedy,oracle_greedy,delta_hard,oracle_greedy,0.6215,0.7058,0.2621,0.0755,0.5658,0.4715,0.1353,,,,245.7,completed
oracle_greedy_20260712_204215_12bbf9,splitomcplus,cifar10,cnn,middle,1,traffic-composition,abrupt,abrupt,line,0,0,False,oracle_greedy,oracle_greedy,delta_hard,oracle_greedy,0.6141,0.7367,0.1935,0.0675,0.5343,0.4561,0.1348,,,,248.6,completed
oracle_greedy_20260712_204553_0549fb,splitomcplus,cifar10,cnn,middle,2,traffic-composition,abrupt,abrupt,line,0,0,False,oracle_greedy,oracle_greedy,delta_hard,oracle_greedy,0.6192,0.7375,0.1913,0.0629,0.5469,0.4677,0.1448,,,,234.9,completed
proxy_grid_20260712_160103_33c508,splitomcplus,cifar10,cnn,middle,0,traffic-composition,A,A,line,0,0,False,proxy_grid,proxy_grid,delta_hard,proxy_grid,0.6042,0.6751,0.2652,0.0599,0.5429,0.4693,0.142,,,,142.9,completed
proxy_grid_20260712_213359_ac76bd,splitomcplus,cifar10,cnn,middle,0,traffic-composition,abrupt,abrupt,line,0,0,False,proxy_grid,proxy_grid,delta_hard,proxy_grid,0.5898,0.6711,0.2253,0.0666,0.521,0.4435,0.1445,,,,144.5,completed
selfcal_20260712_181950_77c2ba,splitomcplus,cifar10,cnn,middle,0,traffic-composition,A,A,line,0,0,False,selfcal,selfcal,update_norm,selfcal,0.6125,0.7162,0.2057,0.0322,0.555,0.4663,0.1231,,,,142.3,completed
selfcal_20260712_214251_e4ad45,splitomcplus,cifar10,cnn,middle,0,traffic-composition,abrupt,abrupt,line,0,0,False,selfcal,selfcal,update_norm,selfcal,0.5881,0.7162,0.1508,0.0313,0.5292,0.4388,0.1233,,,,153.7,completed
ucb_20260712_111148_05d2ff,splitomcplus,cifar10,cnn,middle,0,traffic-composition,A,A,line,0,0,False,ucb,ucb,delta_hard,ucb,0.6203,0.6908,0.2737,0.0623,0.5574,0.4827,0.1405,,,,143.0,completed
ucb_20260712_111956_cd2830,splitomcplus,cifar10,cnn,middle,1,traffic-composition,A,A,line,0,0,False,ucb,ucb,delta_hard,ucb,0.6082,0.6994,0.2202,0.0696,0.5086,0.4341,0.1602,,,,141.0,completed
ucb_20260712_123130_94a1f3,splitomcplus,cifar10,cnn,middle,2,traffic-composition,A,A,line,0,0,False,ucb,ucb,delta_hard,ucb,0.6254,0.7222,0.2087,0.0573,0.5314,0.4627,0.1775,,,,125.7,completed
ucb_20260712_182405_8ae033,splitomcplus,cifar10,cnn,middle,0,traffic-composition,abrupt,abrupt,line,0,0,False,ucb,ucb,delta_hard,ucb,0.5971,0.6822,0.2252,0.0684,0.5334,0.4508,0.1312,,,,141.7,completed
ucb_20260712_191135_40aaad,splitomcplus,cifar10,cnn,middle,1,traffic-composition,abrupt,abrupt,line,0,0,False,ucb,ucb,delta_hard,ucb,0.5911,0.6925,0.1874,0.0721,0.4944,0.4183,0.1618,,,,151.1,completed
ucb_20260712_192251_e68216,splitomcplus,cifar10,cnn,middle,2,traffic-composition,abrupt,abrupt,line,0,0,False,ucb,ucb,delta_hard,ucb,0.6062,0.7111,0.1826,0.0656,0.5073,0.4402,0.1904,,,,131.0,completed
selfcal_20260713_004057_2e05d0,splitomcplus,cifar10,cnn,middle,0,traffic-composition,abrupt,abrupt,line,0,0,False,selfcal,selfcal,delta_hard,selfcal,0.5915,0.7128,0.1627,0.0353,0.5277,0.4402,0.1288,,,,149.1,completed
selfcal_20260713_004945_d86a20,splitomcplus,cifar10,cnn,middle,1,traffic-composition,abrupt,abrupt,line,0,0,False,selfcal,selfcal,delta_hard,selfcal,0.5827,0.7219,0.1254,0.0333,0.4951,0.4054,0.1444,,,,145.5,completed
selfcal_20260713_005100_e3e70d,splitomcplus,cifar10,cnn,middle,2,traffic-composition,abrupt,abrupt,line,0,0,False,selfcal,selfcal,delta_hard,selfcal,0.5956,0.7402,0.1175,0.0259,0.4958,0.4182,0.1864,,,,132.3,completed
selfcal_20260712_222017_39cc3c,splitomcplus,cifar10,cnn,middle,0,traffic-composition,abrupt,abrupt,line,0,0,False,selfcal,selfcal,delta_hard,selfcal,0.595,0.7168,0.1604,0.0349,0.534,0.4499,0.1269,,,,149.3,completed
selfcal_20260712_223503_652650,splitomcplus,cifar10,cnn,middle,1,traffic-composition,abrupt,abrupt,line,0,0,False,selfcal,selfcal,delta_hard,selfcal,0.5864,0.7228,0.1279,0.0335,0.5011,0.406,0.1426,,,,148.1,completed
selfcal_20260712_224153_9ea4d6,splitomcplus,cifar10,cnn,middle,2,traffic-composition,abrupt,abrupt,line,0,0,False,selfcal,selfcal,delta_hard,selfcal,0.5967,0.7429,0.1128,0.0246,0.497,0.4217,0.1858,,,,136.2,completed
selfcal_20260712_235840_1ca3e1,splitomcplus,cifar10,cnn,middle,0,traffic-composition,abrupt,abrupt,line,0,0,False,selfcal,selfcal,delta_hard,selfcal,0.5917,0.7117,0.1642,0.0353,0.5302,0.4442,0.1272,,,,144.5,completed
selfcal_20260713_001403_62465b,splitomcplus,cifar10,cnn,middle,1,traffic-composition,abrupt,abrupt,line,0,0,False,selfcal,selfcal,delta_hard,selfcal,0.5818,0.719,0.1275,0.0334,0.4918,0.4027,0.148,,,,147.6,completed
selfcal_20260713_001643_e689cf,splitomcplus,cifar10,cnn,middle,2,traffic-composition,abrupt,abrupt,line,0,0,False,selfcal,selfcal,delta_hard,selfcal,0.595,0.7394,0.116,0.0257,0.4946,0.4201,0.1854,,,,131.0,completed
selfcal_20260713_005816_981b56,splitomcplus,cifar10,cnn,middle,0,traffic-composition,abrupt,abrupt,line,0,0,False,selfcal,selfcal,delta_hard,selfcal,0.6052,0.7097,0.1893,0.0451,0.5376,0.4618,0.1386,,,,149.7,completed
selfcal_20260713_010319_75d35f,splitomcplus,cifar10,cnn,middle,1,traffic-composition,abrupt,abrupt,line,0,0,False,selfcal,selfcal,delta_hard,selfcal,0.5883,0.7262,0.1261,0.0324,0.5067,0.4085,0.1383,,,,154.7,completed
selfcal_20260713_022322_35a679,splitomcplus,cifar10,cnn,middle,2,traffic-composition,abrupt,abrupt,line,0,0,False,selfcal,selfcal,delta_hard,selfcal,0.5992,0.7442,0.1153,0.025,0.5021,0.4236,0.1828,,,,134.9,completed
selfcal_20260713_022751_cab5d0,splitomcplus,cifar10,cnn,middle,0,traffic-composition,abrupt,abrupt,line,0,0,False,selfcal,selfcal,delta_hard,selfcal,0.607,0.7091,0.1942,0.0467,0.54,0.4623,0.138,,,,147.8,completed
selfcal_20260713_024148_a3978e,splitomcplus,cifar10,cnn,middle,1,traffic-composition,abrupt,abrupt,line,0,0,False,selfcal,selfcal,delta_hard,selfcal,0.5881,0.7247,0.1278,0.0335,0.5053,0.4096,0.1396,,,,144.1,completed
selfcal_20260713_030325_b530b3,splitomcplus,cifar10,cnn,middle,2,traffic-composition,abrupt,abrupt,line,0,0,False,selfcal,selfcal,delta_hard,selfcal,0.5989,0.7421,0.1179,0.0263,0.4993,0.4213,0.1858,,,,132.3,completed
fixed_20260713_073132_b023e0,splitomcplus,cifar10,cnn,middle,0,traffic-composition,abrupt,abrupt,line,0,0,False,fixed,fixed,delta_hard,fixed,0.5374,0.6208,0.2014,0.0444,0.4808,0.372,0.1194,,,,72.1,completed
fixed_20260713_073137_2de0f6,splitomcplus,cifar10,cnn,middle,1,traffic-composition,abrupt,abrupt,line,0,0,False,fixed,fixed,delta_hard,fixed,0.5271,0.6255,0.1626,0.0449,0.4269,0.3206,0.1724,,,,76.6,completed
fixed_20260713_073143_55f33a,splitomcplus,cifar10,cnn,middle,2,traffic-composition,abrupt,abrupt,line,0,0,False,fixed,fixed,delta_hard,fixed,0.5524,0.6538,0.1623,0.0441,0.4619,0.363,0.1858,,,,68.3,completed
selfcal_20260713_033813_5b4fc9,splitomcplus,cifar10,cnn,middle,0,traffic-composition,abrupt,abrupt,line,0,0,False,selfcal,selfcal,delta_hard,selfcal,0.5405,0.6525,0.1527,0.0218,0.478,0.383,0.1184,,,,79.5,completed
selfcal_20260713_043825_88adb3,splitomcplus,cifar10,cnn,middle,1,traffic-composition,abrupt,abrupt,line,0,0,False,selfcal,selfcal,delta_hard,selfcal,0.5302,0.658,0.1182,0.0191,0.4383,0.3213,0.1546,,,,76.7,completed
selfcal_20260713_045548_4f14b7,splitomcplus,cifar10,cnn,middle,2,traffic-composition,abrupt,abrupt,line,0,0,False,selfcal,selfcal,delta_hard,selfcal,0.5529,0.6765,0.1249,0.0229,0.4625,0.355,0.1854,,,,74.2,completed
selfcal_20260713_032808_6ea7d4,splitomcplus,cifar10,cnn,middle,0,traffic-composition,abrupt,abrupt,dynamic,0,0,False,selfcal,selfcal,delta_hard,selfcal,0.6021,0.7139,0.1772,0.0409,0.5404,0.4572,0.1305,,,,150.2,completed
selfcal_20260713_031014_2de061,splitomcplus,cifar10,cnn,middle,0,traffic-composition,abrupt,abrupt,ring,0,0,False,selfcal,selfcal,delta_hard,selfcal,0.603,0.7127,0.181,0.0423,0.5387,0.4609,0.1333,,,,152.6,completed
selfcal_20260713_031523_b36677,splitomcplus,cifar10,cnn,middle,0,traffic-composition,abrupt,abrupt,star,0,0,False,selfcal,selfcal,delta_hard,selfcal,0.5963,0.7195,0.1577,0.0343,0.5368,0.4494,0.1231,,,,146.2,completed
replay_20260728_010957_ad4a8d,splitomcplus,cifar10,cnn,middle,0,traffic-composition,A,A,line,0,0,False,replay,replay,delta_hard,replay,0.6589,0.7431,0.2722,0.0659,0.5991,0.5345,0.1319,,,,252.4,completed
replay_20260728_052357_1ade47,splitomcplus,cifar10,cnn,middle,2,traffic-composition,A,A,line,0,0,False,replay,replay,delta_hard,replay,0.6523,0.7759,0.1782,0.0419,0.5679,0.507,0.1569,,,,265.2,completed
replay_20260728_174742_1da8c0,splitomcplus,cifar10,cnn,middle,2,traffic-composition,gradual_sigmoid,gradual_sigmoid,line,0,0,False,replay,replay,delta_hard,replay,0.6263,0.7473,0.3794,0.1196,0.55,0.486,0.1445,,,,2308.6,completed
replay_20260728_174742_d1f891,splitomcplus,cifar10,cnn,middle,0,traffic-composition,static,equal_spread,line,0,0,False,replay,replay,delta_hard,replay,0.6275,0.7504,0.3426,0.0722,0.5554,0.511,0.164,,,,2446.4,completed
replay_20260728_174742_4d27ca,splitomcplus,cifar10,cnn,middle,1,traffic-composition,static,equal_spread,line,0,0,False,replay,replay,delta_hard,replay,0.6077,0.7653,0.2349,0.0533,0.5036,0.4575,0.2988,,,,351.0,completed
replay_20260728_234237_20c9d9,splitomcplus,cifar10,cnn,middle,2,traffic-composition,static,equal_spread,line,0,0,False,replay,replay,delta_hard,replay,0.6239,0.7798,0.223,0.0408,0.465,0.4442,0.3797,,,,208.4,completed
fixed_20260718_231915_c460bd,splitomcplus,cifar10,cnn,middle,0,traffic-composition,A,A,line,0,0,False,fixed,fixed,delta_hard,fixed,0.6538,0.744,0.2622,0.0611,0.5994,0.5313,0.1223,,,,216.1,completed
fixed_20260718_231928_87ac53,splitomcplus,cifar10,cnn,middle,1,traffic-composition,A,A,line,0,0,False,fixed,fixed,delta_hard,fixed,0.6433,0.7605,0.1908,0.0521,0.5726,0.4759,0.1254,,,,213.9,completed
fixed_20260718_232007_8e8e1f,splitomcplus,cifar10,cnn,middle,2,traffic-composition,A,A,line,0,0,False,fixed,fixed,delta_hard,fixed,0.6513,0.7764,0.1781,0.0404,0.5675,0.5086,0.1534,,,,197.2,completed
fixed_20260719_023727_adc2f3,splitomcplus,cifar10,cnn,middle,0,traffic-composition,gradual_sigmoid,gradual_sigmoid,line,0,0,False,fixed,fixed,delta_hard,fixed,0.6287,0.727,0.4992,0.1208,0.5689,0.5002,0.131,,,,215.4,completed
fixed_20260719_025338_fd83ef,splitomcplus,cifar10,cnn,middle,1,traffic-composition,gradual_sigmoid,gradual_sigmoid,line,0,0,False,fixed,fixed,delta_hard,fixed,0.6081,0.7515,0.3648,0.0933,0.5314,0.4586,0.1288,,,,220.5,completed
fixed_20260719_025921_4bbdea,splitomcplus,cifar10,cnn,middle,2,traffic-composition,gradual_sigmoid,gradual_sigmoid,line,0,0,False,fixed,fixed,delta_hard,fixed,0.6195,0.7556,0.383,0.1078,0.5388,0.4829,0.1494,,,,197.6,completed
fixed_20260719_061709_c83d64,splitomcplus,cifar10,cnn,middle,0,traffic-composition,static,equal_spread,line,0,0,False,fixed,fixed,delta_hard,fixed,0.63,0.7495,0.3506,0.0765,0.5593,0.5149,0.1648,,,,213.7,completed
fixed_20260719_063351_fbd9cf,splitomcplus,cifar10,cnn,middle,1,traffic-composition,static,equal_spread,line,0,0,False,fixed,fixed,delta_hard,fixed,0.6074,0.7629,0.2359,0.0512,0.5093,0.4508,0.2919,,,,222.2,completed
fixed_20260719_091050_6d3f7e,splitomcplus,cifar10,cnn,middle,2,traffic-composition,static,equal_spread,line,0,0,False,fixed,fixed,delta_hard,fixed,0.629,0.7784,0.2344,0.0463,0.4715,0.4509,0.3775,,,,196.8,completed
fixed_20260720_084642_846109,splitomcplus,cifar10,cnn,middle,0,traffic-composition,A,A,line,0,0,False,fixed,fixed,delta_hard,fixed,0.6519,0.7141,0.3212,0.0954,0.5927,0.5228,0.1342,,,,223.2,completed
fixed_20260720_092620_59e3f2,splitomcplus,cifar10,cnn,middle,1,traffic-composition,A,A,line,0,0,False,fixed,fixed,delta_hard,fixed,0.6472,0.7412,0.2418,0.0824,0.5665,0.4929,0.1354,,,,221.1,completed
fixed_20260720_103612_a472dc,splitomcplus,cifar10,cnn,middle,2,traffic-composition,A,A,line,0,0,False,fixed,fixed,delta_hard,fixed,0.6526,0.7593,0.2169,0.0642,0.5707,0.5108,0.1543,,,,193.0,completed
replay_20260728_010957_db648c,splitomcplus,cifar10,cnn,middle,0,traffic-composition,A,A,line,0,0,False,replay,replay,delta_hard,replay,0.6602,0.7442,0.272,0.0664,0.5993,0.5345,0.1321,,,,252.5,completed
replay_20260728_052557_0ce04d,splitomcplus,cifar10,cnn,middle,2,traffic-composition,A,A,line,0,0,False,replay,replay,delta_hard,replay,0.6527,0.7741,0.1832,0.0445,0.5675,0.5113,0.1571,,,,265.3,completed
replay_20260728_174742_856e76,splitomcplus,cifar10,cnn,middle,2,traffic-composition,gradual_sigmoid,gradual_sigmoid,line,0,0,False,replay,replay,delta_hard,replay,0.6263,0.746,0.3849,0.1218,0.5492,0.4878,0.1453,,,,2307.2,completed
replay_20260728_174742_9fefdf,splitomcplus,cifar10,cnn,middle,0,traffic-composition,static,equal_spread,line,0,0,False,replay,replay,delta_hard,replay,0.6327,0.7483,0.3542,0.0771,0.561,0.5199,0.1718,,,,2472.0,completed
replay_20260728_174742_75c9a4,splitomcplus,cifar10,cnn,middle,1,traffic-composition,static,equal_spread,line,0,0,False,replay,replay,delta_hard,replay,0.6108,0.7647,0.2387,0.0534,0.5094,0.4611,0.2967,,,,356.5,completed
replay_20260728_234426_8f5537,splitomcplus,cifar10,cnn,middle,2,traffic-composition,static,equal_spread,line,0,0,False,replay,replay,delta_hard,replay,0.6323,0.7762,0.241,0.0505,0.4787,0.4559,0.3825,,,,209.6,completed
replay_20260728_010957_a9fbd0,splitomcplus,cifar10,cnn,middle,0,traffic-composition,A,A,line,0,0,False,replay,replay,delta_hard,replay,0.6591,0.7443,0.2695,0.0654,0.5992,0.5346,0.1306,,,,251.1,completed
replay_20260728_052130_ecdd4e,splitomcplus,cifar10,cnn,middle,1,traffic-composition,A,A,line,0,0,False,replay,replay,delta_hard,replay,0.646,0.7619,0.1935,0.0543,0.5737,0.495,0.1265,,,,283.9,completed
replay_20260728_174742_5f9c2b,splitomcplus,cifar10,cnn,middle,2,traffic-composition,gradual_sigmoid,gradual_sigmoid,line,0,0,False,replay,replay,delta_hard,replay,0.6259,0.7468,0.3844,0.1209,0.5477,0.4883,0.1458,,,,2333.2,completed
replay_20260728_174742_8ceccc,splitomcplus,cifar10,cnn,middle,0,traffic-composition,static,equal_spread,line,0,0,False,replay,replay,delta_hard,replay,0.6327,0.7483,0.3543,0.0771,0.5616,0.5191,0.1711,,,,354.7,completed
replay_20260728_233858_398670,splitomcplus,cifar10,cnn,middle,1,traffic-composition,static,equal_spread,line,0,0,False,replay,replay,delta_hard,replay,0.6107,0.7645,0.239,0.0534,0.5089,0.4589,0.2975,,,,219.4,completed
replay_20260729_031122_902b3f,splitomcplus,cifar10,cnn,middle,2,traffic-composition,static,equal_spread,line,0,0,False,replay,replay,delta_hard,replay,0.6323,0.7757,0.2414,0.0508,0.4785,0.4559,0.382,,,,209.8,completed
fixed_20260718_231917_d50b99,splitomcplus,cifar10,cnn,middle,0,traffic-composition,A,A,line,0,0,False,fixed,fixed,delta_hard,fixed,0.6542,0.7449,0.2614,0.0612,0.5999,0.53,0.1219,,,,213.1,completed
fixed_20260718_231929_3088c3,splitomcplus,cifar10,cnn,middle,1,traffic-composition,A,A,line,0,0,False,fixed,fixed,delta_hard,fixed,0.6429,0.7599,0.1902,0.0521,0.5695,0.4758,0.1274,,,,214.0,completed
fixed_20260718_232007_b19ff2,splitomcplus,cifar10,cnn,middle,2,traffic-composition,A,A,line,0,0,False,fixed,fixed,delta_hard,fixed,0.6506,0.7744,0.1802,0.0414,0.5649,0.5095,0.156,,,,194.8,completed
fixed_20260719_025232_48e8eb,splitomcplus,cifar10,cnn,middle,0,traffic-composition,gradual_sigmoid,gradual_sigmoid,line,0,0,False,fixed,fixed,delta_hard,fixed,0.6282,0.7262,0.4999,0.1213,0.5676,0.4977,0.1314,,,,213.7,completed
fixed_20260719_025531_8c6f9c,splitomcplus,cifar10,cnn,middle,1,traffic-composition,gradual_sigmoid,gradual_sigmoid,line,0,0,False,fixed,fixed,delta_hard,fixed,0.6082,0.7519,0.3637,0.0933,0.5312,0.4573,0.1291,,,,218.2,completed
fixed_20260719_055452_fe6cea,splitomcplus,cifar10,cnn,middle,2,traffic-composition,gradual_sigmoid,gradual_sigmoid,line,0,0,False,fixed,fixed,delta_hard,fixed,0.619,0.7539,0.3848,0.1097,0.5371,0.4829,0.1504,,,,195.8,completed
fixed_20260719_062621_a7265b,splitomcplus,cifar10,cnn,middle,0,traffic-composition,static,equal_spread,line,0,0,False,fixed,fixed,delta_hard,fixed,0.6324,0.7488,0.3532,0.0769,0.5613,0.5202,0.1673,,,,211.6,completed
fixed_20260719_063417_f7be9e,splitomcplus,cifar10,cnn,middle,1,traffic-composition,static,equal_spread,line,0,0,False,fixed,fixed,delta_hard,fixed,0.6106,0.7639,0.24,0.0532,0.5116,0.4559,0.2959,,,,218.9,completed
fixed_20260719_093512_4050e4,splitomcplus,cifar10,cnn,middle,2,traffic-composition,static,equal_spread,line,0,0,False,fixed,fixed,delta_hard,fixed,0.6331,0.776,0.244,0.0506,0.4802,0.4604,0.376,,,,199.0,completed
replay_20260728_010957_9e1576,splitomcplus,cifar10,cnn,middle,0,traffic-composition,A,A,line,0,0,False,replay,replay,delta_hard,replay,0.6539,0.7438,0.2558,0.0599,0.5983,0.5275,0.1301,,,,253.5,completed
replay_20260728_052239_63e843,splitomcplus,cifar10,cnn,middle,1,traffic-composition,A,A,line,0,0,False,replay,replay,delta_hard,replay,0.6404,0.7593,0.1833,0.0483,0.5673,0.4843,0.1292,,,,281.7,completed
replay_20260728_174742_79564c,splitomcplus,cifar10,cnn,middle,2,traffic-composition,gradual_sigmoid,gradual_sigmoid,line,0,0,False,replay,replay,delta_hard,replay,0.6071,0.7555,0.374,0.1,0.5232,0.4674,0.1529,,,,2297.9,completed
replay_20260728_174742_592973,splitomcplus,cifar10,cnn,middle,0,traffic-composition,static,equal_spread,line,0,0,False,replay,replay,delta_hard,replay,0.6329,0.7504,0.3512,0.0765,0.5605,0.5191,0.1691,,,,353.4,completed
replay_20260728_233858_4c2675,splitomcplus,cifar10,cnn,middle,1,traffic-composition,static,equal_spread,line,0,0,False,replay,replay,delta_hard,replay,0.6094,0.7621,0.2378,0.0528,0.5089,0.4543,0.3042,,,,226.0,completed
replay_20260729_031423_4cf716,splitomcplus,cifar10,cnn,middle,2,traffic-composition,static,equal_spread,line,0,0,False,replay,replay,delta_hard,replay,0.6338,0.7762,0.2445,0.0515,0.4784,0.4604,0.38,,,,205.4,completed
replay_20260728_010957_246240,splitomcplus,cifar10,cnn,middle,0,traffic-composition,A,A,line,0,0,False,replay,replay,delta_hard,replay,0.6638,0.7498,0.2704,0.066,0.6062,0.5363,0.1305,,,,253.7,completed
replay_20260728_052249_6b70e2,splitomcplus,cifar10,cnn,middle,1,traffic-composition,A,A,line,0,0,False,replay,replay,delta_hard,replay,0.6486,0.7648,0.1945,0.0546,0.5779,0.4912,0.1265,,,,285.1,completed
replay_20260728_174742_b6b29d,splitomcplus,cifar10,cnn,middle,2,traffic-composition,gradual_sigmoid,gradual_sigmoid,line,0,0,False,replay,replay,delta_hard,replay,0.6208,0.7446,0.3852,0.117,0.5409,0.4854,0.1486,,,,2311.0,completed
replay_20260728_174742_008b1b,splitomcplus,cifar10,cnn,middle,0,traffic-composition,static,equal_spread,line,0,0,False,replay,replay,delta_hard,replay,0.6354,0.7527,0.3524,0.0775,0.5643,0.5202,0.1711,,,,351.0,completed
replay_20260728_234050_829ec3,splitomcplus,cifar10,cnn,middle,1,traffic-composition,static,equal_spread,line,0,0,False,replay,replay,delta_hard,replay,0.6138,0.7683,0.2393,0.0544,0.5124,0.4616,0.3,,,,223.7,completed
replay_20260729_031843_0ecc27,splitomcplus,cifar10,cnn,middle,2,traffic-composition,static,equal_spread,line,0,0,False,replay,replay,delta_hard,replay,0.6359,0.7802,0.2431,0.0511,0.4831,0.4593,0.38,,,,206.1,completed
replay_20260728_010957_5806e2,splitomcplus,cifar10,cnn,middle,0,traffic-composition,A,A,line,0,0,False,replay,replay,delta_hard,replay,0.6625,0.7488,0.2701,0.0667,0.6055,0.5345,0.13,,,,255.8,completed
replay_20260728_052341_36dff1,splitomcplus,cifar10,cnn,middle,1,traffic-composition,A,A,line,0,0,False,replay,replay,delta_hard,replay,0.6491,0.7644,0.196,0.0559,0.5797,0.4896,0.1229,,,,284.7,completed
replay_20260728_174742_c1ac99,splitomcplus,cifar10,cnn,middle,2,traffic-composition,gradual_sigmoid,gradual_sigmoid,line,0,0,False,replay,replay,delta_hard,replay,0.6176,0.7467,0.3826,0.1127,0.536,0.4803,0.1521,,,,2337.4,completed
replay_20260728_174742_355658,splitomcplus,cifar10,cnn,middle,0,traffic-composition,static,equal_spread,line,0,0,False,replay,replay,delta_hard,replay,0.6349,0.7529,0.3507,0.0766,0.5634,0.5213,0.1698,,,,352.9,completed
replay_20260728_234116_b231f8,splitomcplus,cifar10,cnn,middle,1,traffic-composition,static,equal_spread,line,0,0,False,replay,replay,delta_hard,replay,0.6121,0.7664,0.2383,0.0538,0.5115,0.4584,0.2997,,,,229.8,completed
replay_20260729_032452_04280f,splitomcplus,cifar10,cnn,middle,2,traffic-composition,static,equal_spread,line,0,0,False,replay,replay,delta_hard,replay,0.6348,0.7797,0.2413,0.0501,0.4823,0.4617,0.3784,,,,207.9,completed
replay_20260718_231924_58c7f2,splitomcplus,cifar10,cnn,middle,0,traffic-composition,A,A,line,0,0,False,replay,replay,delta_hard,replay,0.6553,0.7475,0.2582,0.0606,0.6005,0.5341,0.1241,,,,219.8,completed
replay_20260718_231958_0c70de,splitomcplus,cifar10,cnn,middle,1,traffic-composition,A,A,line,0,0,False,replay,replay,delta_hard,replay,0.6416,0.7602,0.1858,0.052,0.57,0.4837,0.1231,,,,215.6,completed
replay_20260719_023503_c16841,splitomcplus,cifar10,cnn,middle,2,traffic-composition,A,A,line,0,0,False,replay,replay,delta_hard,replay,0.6513,0.7759,0.1797,0.0427,0.5661,0.5059,0.1584,,,,199.7,completed
replay_20260719_025333_95dd5a,splitomcplus,cifar10,cnn,middle,0,traffic-composition,gradual_sigmoid,gradual_sigmoid,line,0,0,False,replay,replay,delta_hard,replay,0.6258,0.7197,0.4953,0.1258,0.5676,0.4939,0.1334,,,,219.4,completed
replay_20260719_025543_ef7717,splitomcplus,cifar10,cnn,middle,1,traffic-composition,gradual_sigmoid,gradual_sigmoid,line,0,0,False,replay,replay,delta_hard,replay,0.6069,0.7478,0.3663,0.0978,0.5273,0.4572,0.1363,,,,218.5,completed
replay_20260719_061301_c99ed6,splitomcplus,cifar10,cnn,middle,2,traffic-composition,gradual_sigmoid,gradual_sigmoid,line,0,0,False,replay,replay,delta_hard,replay,0.6133,0.749,0.3817,0.1126,0.5308,0.4763,0.1482,,,,202.0,completed
replay_20260719_063307_cc4b4f,splitomcplus,cifar10,cnn,middle,0,traffic-composition,static,equal_spread,line,0,0,False,replay,replay,delta_hard,replay,0.632,0.7493,0.3507,0.0762,0.5614,0.5187,0.1688,,,,223.3,completed
replay_20260719_063422_6d254b,splitomcplus,cifar10,cnn,middle,1,traffic-composition,static,equal_spread,line,0,0,False,replay,replay,delta_hard,replay,0.6089,0.7631,0.2362,0.0526,0.5092,0.4561,0.2983,,,,221.1,completed
replay_20260719_095102_989386,splitomcplus,cifar10,cnn,middle,2,traffic-composition,static,equal_spread,line,0,0,False,replay,replay,delta_hard,replay,0.634,0.7792,0.2396,0.0491,0.4813,0.4626,0.3787,,,,197.9,completed
replay_20260720_085400_b0d99c,splitomcplus,cifar10,cnn,middle,0,traffic-composition,A,A,line,0,0,False,replay,replay,delta_hard,replay,0.6533,0.7134,0.3201,0.0999,0.5868,0.5183,0.1465,,,,218.5,completed
replay_20260720_102343_21515a,splitomcplus,cifar10,cnn,middle,1,traffic-composition,A,A,line,0,0,False,replay,replay,delta_hard,replay,0.6382,0.7424,0.2249,0.0735,0.5558,0.4826,0.1408,,,,222.2,completed
replay_20260720_112043_ba10c4,splitomcplus,cifar10,cnn,middle,2,traffic-composition,A,A,line,0,0,False,replay,replay,delta_hard,replay,0.6498,0.7513,0.2271,0.0709,0.567,0.5017,0.1589,,,,196.8,completed
fixed_20260720_044555_3dfce6,splitomcplus,cifar10,cnn,middle,0,traffic-composition,A,A,line,0,0,False,fixed,fixed,delta_hard,fixed,0.6286,0.6624,0.3681,0.1231,0.5674,0.4862,0.1315,,,,212.4,completed
fixed_20260720_050717_aa174e,splitomcplus,cifar10,cnn,middle,1,traffic-composition,A,A,line,0,0,False,fixed,fixed,delta_hard,fixed,0.6295,0.6701,0.3434,0.1544,0.5362,0.4797,0.1464,,,,219.3,completed
fixed_20260720_053601_a3786d,splitomcplus,cifar10,cnn,middle,2,traffic-composition,A,A,line,0,0,False,fixed,fixed,delta_hard,fixed,0.6323,0.694,0.2951,0.1161,0.5495,0.4861,0.1635,,,,197.8,completed
fixed_20260730_001849_ff5ab0,splitomcplus,cifar10,cnn,middle,0,traffic-composition,asym_return,asym_return,line,0,0,False,fixed,fixed,delta_hard,fixed,0.6264,0.6626,0.4608,0.1699,0.5633,0.4871,0.1339,,,,220.3,completed
fixed_20260730_002102_514629,splitomcplus,cifar10,cnn,middle,1,traffic-composition,asym_return,asym_return,line,0,0,False,fixed,fixed,delta_hard,fixed,0.6265,0.6703,0.4311,0.2067,0.5348,0.4825,0.1464,,,,217.3,completed
fixed_20260730_003406_7b4bc1,splitomcplus,cifar10,cnn,middle,2,traffic-composition,asym_return,asym_return,line,0,0,False,fixed,fixed,delta_hard,fixed,0.628,0.6941,0.3759,0.1772,0.5475,0.486,0.1583,,,,202.6,completed
fixed_20260730_190232_6f9344,splitomcplus,cifar100,cnn,middle,0,traffic-composition,gradual_sigmoid,gradual_sigmoid,line,0,0,False,fixed,fixed,delta_hard,fixed,0.3762,0.4061,0.3477,0.1719,0.3345,0.3229,0.0707,,,,209.7,completed
fixed_20260730_191950_861b6f,splitomcplus,cifar100,cnn,middle,1,traffic-composition,gradual_sigmoid,gradual_sigmoid,line,0,0,False,fixed,fixed,delta_hard,fixed,0.3513,0.3799,0.324,0.1662,0.3149,0.2905,0.1075,,,,211.6,completed
fixed_20260730_210007_a43fbc,splitomcplus,cifar100,cnn,middle,2,traffic-composition,gradual_sigmoid,gradual_sigmoid,line,0,0,False,fixed,fixed,delta_hard,fixed,0.3483,0.3739,0.3184,0.1693,0.3341,0.3106,0.0351,,,,216.5,completed
fixed_20260801_191023_f6bf7a,splitomcplus,cifar100,cnn,middle,0,traffic-composition,static,equal_spread,line,0,0,False,fixed,fixed,delta_hard,fixed,0.3824,0.4061,0.288,0.1432,0.3178,0.3173,0.1038,,,,212.4,completed
fixed_20260801_191348_8520b2,splitomcplus,cifar100,cnn,middle,1,traffic-composition,static,equal_spread,line,0,0,False,fixed,fixed,delta_hard,fixed,0.356,0.3799,0.2425,0.1428,0.3095,0.2906,0.1595,,,,206.0,completed
fixed_20260801_192602_2b4f1d,splitomcplus,cifar100,cnn,middle,2,traffic-composition,static,equal_spread,line,0,0,False,fixed,fixed,delta_hard,fixed,0.3502,0.374,0.2585,0.1464,0.3295,0.314,0.055,,,,1218.5,completed
fixed_20260730_081851_aa9c3d,splitomcplus,cifar10,cnn,middle,0,traffic-composition,gradual_sigmoid,gradual_sigmoid,line,0,0,False,fixed,fixed,delta_hard,fixed,0.6234,0.6626,0.6093,0.1856,0.5637,0.488,0.13,,,,1841.7,completed
fixed_20260730_084108_649e49,splitomcplus,cifar10,cnn,middle,1,traffic-composition,gradual_sigmoid,gradual_sigmoid,line,0,0,False,fixed,fixed,delta_hard,fixed,0.6229,0.6701,0.5619,0.2273,0.5348,0.483,0.1438,,,,1802.7,completed
fixed_20260730_084519_1c6d07,splitomcplus,cifar10,cnn,middle,2,traffic-composition,gradual_sigmoid,gradual_sigmoid,line,0,0,False,fixed,fixed,delta_hard,fixed,0.6226,0.6939,0.4981,0.1796,0.5426,0.4832,0.1551,,,,1627.4,completed
fixed_20260731_144141_21bed6,splitomcplus,cifar10,cnn,middle,0,traffic-composition,piecewise_random,piecewise_random,line,0,0,False,fixed,fixed,delta_hard,fixed,0.6087,0.6625,0.61,0.1934,0.5549,0.4965,0.1266,,,,1722.7,completed
fixed_20260731_144509_b74ff6,splitomcplus,cifar10,cnn,middle,1,traffic-composition,piecewise_random,piecewise_random,line,0,0,False,fixed,fixed,delta_hard,fixed,0.6355,0.6702,0.5594,0.2297,0.5388,0.483,0.1502,,,,1698.6,completed
fixed_20260731_150159_7843e2,splitomcplus,cifar10,cnn,middle,2,traffic-composition,piecewise_random,piecewise_random,line,0,0,False,fixed,fixed,delta_hard,fixed,0.5963,0.6939,0.4891,0.1935,0.5326,0.492,0.1247,,,,1590.1,completed
fixed_20260801_055002_26f943,splitomcplus,cifar10,cnn,middle,0,traffic-composition,static,equal_spread,line,0,0,False,fixed,fixed,delta_hard,fixed,0.6196,0.6625,0.5098,0.1575,0.5739,0.4987,0.111,,,,203.3,completed
fixed_20260801_060504_373375,splitomcplus,cifar10,cnn,middle,1,traffic-composition,static,equal_spread,line,0,0,False,fixed,fixed,delta_hard,fixed,0.6133,0.6702,0.4319,0.1933,0.5228,0.4929,0.1942,,,,221.6,completed
fixed_20260801_061125_d648b6,splitomcplus,cifar10,cnn,middle,2,traffic-composition,static,equal_spread,line,0,0,False,fixed,fixed,delta_hard,fixed,0.6308,0.694,0.4034,0.1608,0.5167,0.4881,0.2761,,,,199.1,completed
fixed_20260720_055131_3e7c60,splitomcplus,cifar10,cnn,middle,0,traffic-composition,A,A,line,0,0,False,fixed,fixed,delta_hard,fixed,0.6368,0.6767,0.36,0.1186,0.5749,0.497,0.1358,,,,214.7,completed
fixed_20260720_064600_75237a,splitomcplus,cifar10,cnn,middle,1,traffic-composition,A,A,line,0,0,False,fixed,fixed,delta_hard,fixed,0.6364,0.6864,0.3279,0.1422,0.5422,0.4885,0.1481,,,,217.6,completed
fixed_20260720_072437_add87b,splitomcplus,cifar10,cnn,middle,2,traffic-composition,A,A,line,0,0,False,fixed,fixed,delta_hard,fixed,0.6398,0.7093,0.2842,0.1088,0.5578,0.4924,0.1614,,,,191.5,completed
fixed_20260730_005010_91495e,splitomcplus,cifar10,cnn,middle,0,traffic-composition,asym_return,asym_return,line,0,0,False,fixed,fixed,delta_hard,fixed,0.6333,0.6766,0.4483,0.1586,0.5691,0.4969,0.1389,,,,226.0,completed
fixed_20260730_005626_0fabdc,splitomcplus,cifar10,cnn,middle,1,traffic-composition,asym_return,asym_return,line,0,0,False,fixed,fixed,delta_hard,fixed,0.6321,0.6865,0.4131,0.1923,0.5395,0.4879,0.1476,,,,223.0,completed
fixed_20260730_010755_1bd9a1,splitomcplus,cifar10,cnn,middle,2,traffic-composition,asym_return,asym_return,line,0,0,False,fixed,fixed,delta_hard,fixed,0.6342,0.7094,0.3592,0.1596,0.5552,0.4929,0.1556,,,,199.6,completed
fixed_20260730_215257_38302c,splitomcplus,cifar100,cnn,middle,0,traffic-composition,gradual_sigmoid,gradual_sigmoid,line,0,0,False,fixed,fixed,delta_hard,fixed,0.3774,0.4102,0.3436,0.168,0.3356,0.3245,0.0723,,,,214.4,completed
fixed_20260730_220150_694e66,splitomcplus,cifar100,cnn,middle,1,traffic-composition,gradual_sigmoid,gradual_sigmoid,line,0,0,False,fixed,fixed,delta_hard,fixed,0.3528,0.384,0.3206,0.164,0.3171,0.2911,0.1059,,,,209.5,completed
fixed_20260730_220524_cd35d5,splitomcplus,cifar100,cnn,middle,2,traffic-composition,gradual_sigmoid,gradual_sigmoid,line,0,0,False,fixed,fixed,delta_hard,fixed,0.3505,0.3785,0.3155,0.168,0.3364,0.3125,0.0345,,,,218.5,completed
fixed_20260801_195852_52026b,splitomcplus,cifar100,cnn,middle,0,traffic-composition,static,equal_spread,line,0,0,False,fixed,fixed,delta_hard,fixed,0.3842,0.4102,0.2846,0.1408,0.3171,0.3167,0.1086,,,,208.4,completed
fixed_20260801_200302_852dd1,splitomcplus,cifar100,cnn,middle,1,traffic-composition,static,equal_spread,line,0,0,False,fixed,fixed,delta_hard,fixed,0.3578,0.384,0.2399,0.1404,0.3108,0.2931,0.1606,,,,211.1,completed
fixed_20260801_200916_71ca19,splitomcplus,cifar100,cnn,middle,2,traffic-composition,static,equal_spread,line,0,0,False,fixed,fixed,delta_hard,fixed,0.3529,0.3787,0.2567,0.1446,0.3307,0.3161,0.0588,,,,219.5,completed
fixed_20260730_103417_d2cd33,splitomcplus,cifar10,cnn,middle,0,traffic-composition,gradual_sigmoid,gradual_sigmoid,line,0,0,False,fixed,fixed,delta_hard,fixed,0.6282,0.6768,0.5962,0.1769,0.5667,0.4943,0.1362,,,,1842.6,completed
fixed_20260730_105454_cdf624,splitomcplus,cifar10,cnn,middle,1,traffic-composition,gradual_sigmoid,gradual_sigmoid,line,0,0,False,fixed,fixed,delta_hard,fixed,0.6262,0.6865,0.5389,0.2103,0.5372,0.4854,0.1453,,,,219.7,completed
fixed_20260730_105844_19433f,splitomcplus,cifar10,cnn,middle,2,traffic-composition,gradual_sigmoid,gradual_sigmoid,line,0,0,False,fixed,fixed,delta_hard,fixed,0.6258,0.7094,0.48,0.1683,0.5474,0.4891,0.1519,,,,200.6,completed
fixed_20260731_171810_38f329,splitomcplus,cifar10,cnn,middle,0,traffic-composition,piecewise_random,piecewise_random,line,0,0,False,fixed,fixed,delta_hard,fixed,0.6133,0.6767,0.5966,0.1864,0.5591,0.5014,0.1308,,,,1643.2,completed
fixed_20260731_175124_db8fb1,splitomcplus,cifar10,cnn,middle,1,traffic-composition,piecewise_random,piecewise_random,line,0,0,False,fixed,fixed,delta_hard,fixed,0.6436,0.6866,0.5367,0.2121,0.5461,0.4876,0.1515,,,,1616.6,completed
fixed_20260731_191752_0d03f5,splitomcplus,cifar10,cnn,middle,2,traffic-composition,piecewise_random,piecewise_random,line,0,0,False,fixed,fixed,delta_hard,fixed,0.6,0.7093,0.4713,0.1805,0.5381,0.4972,0.121,,,,215.7,completed
fixed_20260801_065236_e52996,splitomcplus,cifar10,cnn,middle,0,traffic-composition,static,equal_spread,line,0,0,False,fixed,fixed,delta_hard,fixed,0.6259,0.6766,0.4985,0.152,0.5802,0.5065,0.1142,,,,210.0,completed
fixed_20260801_084140_244a83,splitomcplus,cifar10,cnn,middle,1,traffic-composition,static,equal_spread,line,0,0,False,fixed,fixed,delta_hard,fixed,0.6173,0.6863,0.4127,0.1782,0.5257,0.4947,0.2057,,,,217.3,completed
fixed_20260801_085447_005161,splitomcplus,cifar10,cnn,middle,2,traffic-composition,static,equal_spread,line,0,0,False,fixed,fixed,delta_hard,fixed,0.6363,0.7094,0.3903,0.1493,0.5193,0.4907,0.2835,,,,196.8,completed
fixed_20260731_085833_5a2b2b,splitomcplus,tinyimagenet,cnn,middle,0,traffic-composition,gradual_sigmoid,gradual_sigmoid,line,0,0,False,fixed,fixed,delta_hard,fixed,0.242,0.2655,0.2192,0.087,0.2224,0.2123,0.0531,,,,619.1,completed
fixed_20260731_093246_15d38a,splitomcplus,tinyimagenet,cnn,middle,1,traffic-composition,gradual_sigmoid,gradual_sigmoid,line,0,0,False,fixed,fixed,delta_hard,fixed,0.2434,0.268,0.2162,0.0969,0.2153,0.2098,0.0831,,,,618.6,completed
fixed_20260731_110953_232fa2,splitomcplus,tinyimagenet,cnn,middle,2,traffic-composition,gradual_sigmoid,gradual_sigmoid,line,0,0,False,fixed,fixed,delta_hard,fixed,0.2445,0.2685,0.2184,0.0918,0.2282,0.2176,0.0378,,,,3403.4,completed
fixed_20260720_075024_42f7a3,splitomcplus,cifar10,cnn,middle,0,traffic-composition,A,A,line,0,0,False,fixed,fixed,delta_hard,fixed,0.6451,0.6929,0.3481,0.1117,0.5841,0.5104,0.1362,,,,210.2,completed
fixed_20260720_075329_cbbf3f,splitomcplus,cifar10,cnn,middle,1,traffic-composition,A,A,line,0,0,False,fixed,fixed,delta_hard,fixed,0.6426,0.7043,0.3074,0.1274,0.5505,0.4945,0.1457,,,,213.8,completed
fixed_20260720_081828_cae304,splitomcplus,cifar10,cnn,middle,2,traffic-composition,A,A,line,0,0,False,fixed,fixed,delta_hard,fixed,0.646,0.7246,0.2699,0.1001,0.5648,0.5031,0.1583,,,,193.8,completed
fixed_20260729_135412_41a610,splitomcplus,cifar10,cnn,middle,0,traffic-composition,A,A,line,0,0,False,fixed,fixed,delta_hard,fixed,0.6398,0.6846,0.3462,0.1329,0.5803,0.5024,0.1346,,,,209.5,completed
fixed_20260729_135516_c2648c,splitomcplus,cifar10,cnn,middle,1,traffic-composition,A,A,line,0,0,False,fixed,fixed,delta_hard,fixed,0.6415,0.6993,0.3113,0.1502,0.5472,0.5095,0.1468,,,,220.7,completed
fixed_20260729_140732_302801,splitomcplus,cifar10,cnn,middle,2,traffic-composition,A,A,line,0,0,False,fixed,fixed,delta_hard,fixed,0.6457,0.7184,0.2792,0.124,0.5658,0.5073,0.1527,,,,196.3,completed
fixed_20260729_140936_ac810b,splitomcplus,cifar10,cnn,middle,0,traffic-composition,A,A,line,0,0,False,fixed,fixed,delta_hard,fixed,0.6485,0.6992,0.3485,0.0921,0.5848,0.5134,0.1395,,,,208.1,completed
fixed_20260729_141355_3eb683,splitomcplus,cifar10,cnn,middle,1,traffic-composition,A,A,line,0,0,False,fixed,fixed,delta_hard,fixed,0.6403,0.7055,0.3026,0.1073,0.5522,0.4829,0.143,,,,217.3,completed
fixed_20260729_143616_7817d2,splitomcplus,cifar10,cnn,middle,2,traffic-composition,A,A,line,0,0,False,fixed,fixed,delta_hard,fixed,0.645,0.7281,0.2617,0.0799,0.5594,0.4947,0.1675,,,,199.0,completed
fixed_20260729_172354_a48da0,splitomcplus,cifar10,cnn,middle,0,traffic-composition,A,A,line,0,0,False,fixed,fixed,delta_hard,fixed,0.6512,0.7046,0.3482,0.0758,0.585,0.5116,0.1436,,,,202.4,completed
fixed_20260729_172358_fe296c,splitomcplus,cifar10,cnn,middle,1,traffic-composition,A,A,line,0,0,False,fixed,fixed,delta_hard,fixed,0.6366,0.7048,0.2977,0.0877,0.5538,0.4655,0.1383,,,,217.3,completed
fixed_20260729_173606_636b6d,splitomcplus,cifar10,cnn,middle,2,traffic-composition,A,A,line,0,0,False,fixed,fixed,delta_hard,fixed,0.6428,0.7295,0.2547,0.0617,0.5518,0.4826,0.1762,,,,199.3,completed
fixed_20260730_223226_e32280,splitomcplus,cifar100,cnn,middle,0,traffic-composition,gradual_sigmoid,gradual_sigmoid,line,0,0,False,fixed,fixed,delta_hard,fixed,0.3768,0.4135,0.3356,0.1614,0.3358,0.3241,0.073,,,,206.4,completed
fixed_20260730_225136_0d3741,splitomcplus,cifar100,cnn,middle,1,traffic-composition,gradual_sigmoid,gradual_sigmoid,line,0,0,False,fixed,fixed,delta_hard,fixed,0.3531,0.3873,0.314,0.1609,0.3181,0.2917,0.1036,,,,215.8,completed
fixed_20260731_003649_0c16dc,splitomcplus,cifar100,cnn,middle,2,traffic-composition,gradual_sigmoid,gradual_sigmoid,line,0,0,False,fixed,fixed,delta_hard,fixed,0.3516,0.3831,0.3104,0.1647,0.337,0.3129,0.0348,,,,210.0,completed
fixed_20260801_204307_7ae58d,splitomcplus,cifar100,cnn,middle,0,traffic-composition,static,equal_spread,line,0,0,False,fixed,fixed,delta_hard,fixed,0.3844,0.4135,0.2788,0.1357,0.3162,0.3153,0.1115,,,,1159.3,completed
fixed_20260801_204935_7d4283,splitomcplus,cifar100,cnn,middle,1,traffic-composition,static,equal_spread,line,0,0,False,fixed,fixed,delta_hard,fixed,0.3583,0.3872,0.235,0.1384,0.3111,0.2948,0.1611,,,,1164.5,completed
fixed_20260801_210914_c163b5,splitomcplus,cifar100,cnn,middle,2,traffic-composition,static,equal_spread,line,0,0,False,fixed,fixed,delta_hard,fixed,0.3544,0.3829,0.2523,0.1427,0.3305,0.3169,0.0628,,,,215.9,completed
fixed_20260730_035649_211046,splitomcplus,cifar10,cnn,middle,0,traffic-composition,asym_return,asym_return,line,0,0,False,fixed,fixed,delta_hard,fixed,0.6444,0.7088,0.4067,0.1369,0.5826,0.5177,0.1369,,,,220.5,completed
fixed_20260730_035828_570a12,splitomcplus,cifar10,cnn,middle,1,traffic-composition,asym_return,asym_return,line,0,0,False,fixed,fixed,delta_hard,fixed,0.6391,0.7223,0.351,0.1483,0.554,0.4971,0.1403,,,,212.1,completed
fixed_20260730_035916_4e89d3,splitomcplus,cifar10,cnn,middle,2,traffic-composition,asym_return,asym_return,line,0,0,False,fixed,fixed,delta_hard,fixed,0.6417,0.7401,0.3096,0.127,0.5625,0.5044,0.1515,,,,200.3,completed
fixed_20260731_012733_673ee0,splitomcplus,cifar100,cnn,middle,0,traffic-composition,gradual_sigmoid,gradual_sigmoid,line,0,0,False,fixed,fixed,delta_hard,fixed,0.374,0.4157,0.3231,0.152,0.3337,0.319,0.0737,,,,217.6,completed
fixed_20260731_013132_6e8aa3,splitomcplus,cifar100,cnn,middle,1,traffic-composition,gradual_sigmoid,gradual_sigmoid,line,0,0,False,fixed,fixed,delta_hard,fixed,0.3507,0.3891,0.3023,0.1552,0.3165,0.2893,0.1015,,,,213.6,completed
fixed_20260731_014403_ecadb5,splitomcplus,cifar100,cnn,middle,2,traffic-composition,gradual_sigmoid,gradual_sigmoid,line,0,0,False,fixed,fixed,delta_hard,fixed,0.3498,0.3861,0.2994,0.1575,0.3347,0.3104,0.0347,,,,218.2,completed
fixed_20260801_223958_a978fb,splitomcplus,cifar100,cnn,middle,0,traffic-composition,static,equal_spread,line,0,0,False,fixed,fixed,delta_hard,fixed,0.3824,0.4156,0.269,0.1281,0.3116,0.3102,0.1175,,,,208.9,completed
fixed_20260801_224256_30a6f1,splitomcplus,cifar100,cnn,middle,1,traffic-composition,static,equal_spread,line,0,0,False,fixed,fixed,delta_hard,fixed,0.3565,0.389,0.2261,0.1336,0.3081,0.2937,0.1636,,,,204.5,completed
fixed_20260801_232727_881fde,splitomcplus,cifar100,cnn,middle,2,traffic-composition,static,equal_spread,line,0,0,False,fixed,fixed,delta_hard,fixed,0.3535,0.3859,0.2436,0.1375,0.3279,0.3161,0.0666,,,,208.3,completed
fixed_20260730_105955_3a22d8,splitomcplus,cifar10,cnn,middle,0,traffic-composition,gradual_sigmoid,gradual_sigmoid,line,0,0,False,fixed,fixed,delta_hard,fixed,0.6318,0.7086,0.5451,0.1486,0.5706,0.5018,0.135,,,,1850.0,completed
fixed_20260730_110710_f11cfe,splitomcplus,cifar10,cnn,middle,1,traffic-composition,gradual_sigmoid,gradual_sigmoid,line,0,0,False,fixed,fixed,delta_hard,fixed,0.6251,0.7225,0.4682,0.1644,0.5416,0.4824,0.1396,,,,218.1,completed
fixed_20260730_113936_f79abf,splitomcplus,cifar10,cnn,middle,2,traffic-composition,gradual_sigmoid,gradual_sigmoid,line,0,0,False,fixed,fixed,delta_hard,fixed,0.6251,0.74,0.4248,0.1402,0.5465,0.4912,0.1473,,,,199.4,completed
fixed_20260731_195136_14f7e0,splitomcplus,cifar10,cnn,middle,0,traffic-composition,piecewise_random,piecewise_random,line,0,0,False,fixed,fixed,delta_hard,fixed,0.6166,0.7089,0.547,0.154,0.5635,0.5116,0.1281,,,,232.5,completed
fixed_20260731_215703_51d6a5,splitomcplus,cifar10,cnn,middle,1,traffic-composition,piecewise_random,piecewise_random,line,0,0,False,fixed,fixed,delta_hard,fixed,0.6559,0.7222,0.4629,0.1616,0.5653,0.503,0.1433,,,,222.1,completed
fixed_20260731_224918_537cd5,splitomcplus,cifar10,cnn,middle,2,traffic-composition,piecewise_random,piecewise_random,line,0,0,False,fixed,fixed,delta_hard,fixed,0.6013,0.7402,0.4169,0.1466,0.5403,0.5012,0.1148,,,,196.2,completed
fixed_20260801_091327_5441a3,splitomcplus,cifar10,cnn,middle,0,traffic-composition,static,equal_spread,line,0,0,False,fixed,fixed,delta_hard,fixed,0.6344,0.7083,0.4553,0.129,0.5819,0.5245,0.1219,,,,208.9,completed
fixed_20260801_093045_967215,splitomcplus,cifar10,cnn,middle,1,traffic-composition,static,equal_spread,line,0,0,False,fixed,fixed,delta_hard,fixed,0.6208,0.7224,0.353,0.1374,0.5285,0.4958,0.2323,,,,218.2,completed
fixed_20260801_094649_09b032,splitomcplus,cifar10,cnn,middle,2,traffic-composition,static,equal_spread,line,0,0,False,fixed,fixed,delta_hard,fixed,0.642,0.7401,0.3462,0.1211,0.5148,0.4924,0.3083,,,,201.7,completed
fixed_20260731_112540_b60901,splitomcplus,tinyimagenet,cnn,middle,0,traffic-composition,gradual_sigmoid,gradual_sigmoid,line,0,0,False,fixed,fixed,delta_hard,fixed,0.2404,0.266,0.2127,0.0838,0.2209,0.2107,0.053,,,,3391.9,completed
fixed_20260731_113019_0010aa,splitomcplus,tinyimagenet,cnn,middle,1,traffic-composition,gradual_sigmoid,gradual_sigmoid,line,0,0,False,fixed,fixed,delta_hard,fixed,0.2416,0.2683,0.2099,0.0932,0.2156,0.2088,0.0793,,,,626.5,completed
fixed_20260731_115425_74b0c3,splitomcplus,tinyimagenet,cnn,middle,2,traffic-composition,gradual_sigmoid,gradual_sigmoid,line,0,0,False,fixed,fixed,delta_hard,fixed,0.2417,0.2676,0.2124,0.0878,0.2246,0.2142,0.041,,,,3361.1,completed
fixed_20260729_032520_cd9d72,splitomcplus,cifar10,cnn,middle,1,traffic-composition,A,A,line,0,0,False,fixed,fixed,delta_hard,fixed,0.6475,0.7391,0.2461,0.0907,0.5636,0.4976,0.138,,,,219.5,completed
fixed_20260729_033125_d5d3bd,splitomcplus,cifar10,cnn,middle,2,traffic-composition,A,A,line,0,0,False,fixed,fixed,delta_hard,fixed,0.6526,0.7547,0.2257,0.075,0.5717,0.5138,0.1522,,,,202.5,completed
fixed_20260729_173749_b067c5,splitomcplus,cifar10,cnn,middle,0,traffic-composition,A,A,line,0,0,False,fixed,fixed,delta_hard,fixed,0.6492,0.7191,0.2983,0.1024,0.5933,0.525,0.129,,,,218.9,completed
fixed_20260729_175122_afa963,splitomcplus,cifar10,cnn,middle,1,traffic-composition,A,A,line,0,0,False,fixed,fixed,delta_hard,fixed,0.6466,0.7356,0.2482,0.1078,0.5601,0.5047,0.1393,,,,211.0,completed
fixed_20260729_175528_7e8cd9,splitomcplus,cifar10,cnn,middle,2,traffic-composition,A,A,line,0,0,False,fixed,fixed,delta_hard,fixed,0.6523,0.75,0.2328,0.095,0.5723,0.5174,0.1481,,,,194.2,completed
fixed_20260729_204628_89ab3e,splitomcplus,cifar10,cnn,middle,0,traffic-composition,A,A,line,0,0,False,fixed,fixed,delta_hard,fixed,0.6569,0.7319,0.2993,0.0709,0.5982,0.5307,0.1321,,,,214.4,completed
fixed_20260729_205532_c0edef,splitomcplus,cifar10,cnn,middle,1,traffic-composition,A,A,line,0,0,False,fixed,fixed,delta_hard,fixed,0.6459,0.7397,0.2433,0.0752,0.5672,0.4878,0.1333,,,,218.4,completed
fixed_20260729_210124_e21c9d,splitomcplus,cifar10,cnn,middle,2,traffic-composition,A,A,line,0,0,False,fixed,fixed,delta_hard,fixed,0.6524,0.758,0.2197,0.0584,0.5686,0.509,0.1581,,,,197.2,completed
fixed_20260729_210950_be0121,splitomcplus,cifar10,cnn,middle,0,traffic-composition,A,A,line,0,0,False,fixed,fixed,delta_hard,fixed,0.6597,0.7372,0.2987,0.059,0.6,0.5322,0.1352,,,,226.4,completed
fixed_20260729_211650_864457,splitomcplus,cifar10,cnn,middle,1,traffic-composition,A,A,line,0,0,False,fixed,fixed,delta_hard,fixed,0.6421,0.7379,0.2402,0.0595,0.5681,0.4752,0.1285,,,,230.9,completed
fixed_20260729_212234_afb1f4,splitomcplus,cifar10,cnn,middle,2,traffic-composition,A,A,line,0,0,False,fixed,fixed,delta_hard,fixed,0.6503,0.7582,0.2142,0.0454,0.5632,0.4993,0.1639,,,,207.4,completed
fixed_20260801_102244_4099a6,splitomcplus,cifar10,cnn,middle,0,traffic-composition,static,equal_spread,line,0,0,False,fixed,fixed,delta_hard,fixed,0.6337,0.7255,0.4145,0.1125,0.573,0.5295,0.1358,,,,215.3,completed
fixed_20260801_121143_e68e16,splitomcplus,cifar10,cnn,middle,1,traffic-composition,static,equal_spread,line,0,0,False,fixed,fixed,delta_hard,fixed,0.618,0.7396,0.3116,0.1082,0.5251,0.4829,0.2513,,,,221.3,completed
fixed_20260801_121906_998b3d,splitomcplus,cifar10,cnn,middle,2,traffic-composition,static,equal_spread,line,0,0,False,fixed,fixed,delta_hard,fixed,0.6403,0.7547,0.312,0.1003,0.5042,0.4867,0.329,,,,194.8,completed
fixed_20260729_064000_07e5ff,splitomcplus,cifar10,cnn,middle,0,traffic-composition,A,A,line,0,0,False,fixed,fixed,delta_hard,fixed,0.6505,0.7428,0.2528,0.0684,0.5985,0.5288,0.1171,,,,223.8,completed
fixed_20260729_064122_943871,splitomcplus,cifar10,cnn,middle,1,traffic-composition,A,A,line,0,0,False,fixed,fixed,delta_hard,fixed,0.6455,0.7553,0.2052,0.0704,0.5696,0.4932,0.1289,,,,219.9,completed
fixed_20260729_064457_a39c59,splitomcplus,cifar10,cnn,middle,2,traffic-composition,A,A,line,0,0,False,fixed,fixed,delta_hard,fixed,0.6517,0.7695,0.1927,0.0586,0.5685,0.5129,0.1524,,,,204.8,completed
fixed_20260730_042741_f10d69,splitomcplus,cifar10,cnn,middle,0,traffic-composition,asym_return,asym_return,line,0,0,False,fixed,fixed,delta_hard,fixed,0.6393,0.743,0.3012,0.0887,0.5859,0.5199,0.1179,,,,215.0,completed
fixed_20260730_043618_0bb1e3,splitomcplus,cifar10,cnn,middle,1,traffic-composition,asym_return,asym_return,line,0,0,False,fixed,fixed,delta_hard,fixed,0.6327,0.7555,0.2463,0.0866,0.5593,0.4874,0.1262,,,,215.6,completed
fixed_20260730_043936_815eea,splitomcplus,cifar10,cnn,middle,2,traffic-composition,asym_return,asym_return,line,0,0,False,fixed,fixed,delta_hard,fixed,0.638,0.7694,0.2286,0.0762,0.5552,0.5054,0.1499,,,,198.1,completed
fixed_20260731_015859_8f86a2,splitomcplus,cifar100,cnn,middle,0,traffic-composition,gradual_sigmoid,gradual_sigmoid,line,0,0,False,fixed,fixed,delta_hard,fixed,0.3532,0.4102,0.2695,0.1195,0.3146,0.2938,0.0766,,,,214.1,completed
fixed_20260731_022733_b10e9c,splitomcplus,cifar100,cnn,middle,1,traffic-composition,gradual_sigmoid,gradual_sigmoid,line,0,0,False,fixed,fixed,delta_hard,fixed,0.3304,0.3837,0.2512,0.1273,0.2965,0.27,0.097,,,,211.8,completed
fixed_20260731_040702_bb3f94,splitomcplus,cifar100,cnn,middle,2,traffic-composition,gradual_sigmoid,gradual_sigmoid,line,0,0,False,fixed,fixed,delta_hard,fixed,0.3314,0.3833,0.2517,0.1241,0.3146,0.2862,0.0337,,,,216.7,completed
fixed_20260801_233418_bc99c0,splitomcplus,cifar100,cnn,middle,0,traffic-composition,static,equal_spread,line,0,0,False,fixed,fixed,delta_hard,fixed,0.3639,0.4103,0.2254,0.1016,0.2873,0.2877,0.1312,,,,209.3,completed
fixed_20260801_234858_28cc93,splitomcplus,cifar100,cnn,middle,1,traffic-composition,static,equal_spread,line,0,0,False,fixed,fixed,delta_hard,fixed,0.3385,0.3832,0.1849,0.1089,0.2859,0.2736,0.1734,,,,218.1,completed
fixed_20260802_004521_9267b1,splitomcplus,cifar100,cnn,middle,2,traffic-composition,static,equal_spread,line,0,0,False,fixed,fixed,delta_hard,fixed,0.3377,0.383,0.2046,0.1079,0.3092,0.2896,0.0775,,,,215.9,completed
fixed_20260730_114012_9faf86,splitomcplus,cifar10,cnn,middle,0,traffic-composition,gradual_sigmoid,gradual_sigmoid,line,0,0,False,fixed,fixed,delta_hard,fixed,0.6151,0.7431,0.4242,0.1013,0.56,0.4871,0.1207,,,,216.7,completed
fixed_20260730_115140_b9ab6b,splitomcplus,cifar10,cnn,middle,1,traffic-composition,gradual_sigmoid,gradual_sigmoid,line,0,0,False,fixed,fixed,delta_hard,fixed,0.6063,0.7553,0.3475,0.0991,0.5284,0.4583,0.1291,,,,224.2,completed
fixed_20260730_141930_5ee585,splitomcplus,cifar10,cnn,middle,2,traffic-composition,gradual_sigmoid,gradual_sigmoid,line,0,0,False,fixed,fixed,delta_hard,fixed,0.6112,0.7698,0.3342,0.0892,0.5281,0.4671,0.1493,,,,207.3,completed
fixed_20260731_225344_95b6d3,splitomcplus,cifar10,cnn,middle,0,traffic-composition,piecewise_random,piecewise_random,line,0,0,False,fixed,fixed,delta_hard,fixed,0.5991,0.7425,0.4264,0.1064,0.5517,0.5022,0.1105,,,,214.6,completed
fixed_20260731_225848_67b76a,splitomcplus,cifar10,cnn,middle,1,traffic-composition,piecewise_random,piecewise_random,line,0,0,False,fixed,fixed,delta_hard,fixed,0.6573,0.7553,0.3429,0.0991,0.5784,0.4917,0.1303,,,,215.6,completed
fixed_20260731_231806_418542,splitomcplus,cifar10,cnn,middle,2,traffic-composition,piecewise_random,piecewise_random,line,0,0,False,fixed,fixed,delta_hard,fixed,0.5903,0.7697,0.3253,0.0927,0.5267,0.4846,0.1145,,,,196.8,completed
fixed_20260801_124231_cd8ddf,splitomcplus,cifar10,cnn,middle,0,traffic-composition,static,equal_spread,line,0,0,False,fixed,fixed,delta_hard,fixed,0.6277,0.7433,0.3536,0.0912,0.5571,0.5134,0.1624,,,,214.9,completed
fixed_20260801_130841_1f3e0a,splitomcplus,cifar10,cnn,middle,1,traffic-composition,static,equal_spread,line,0,0,False,fixed,fixed,delta_hard,fixed,0.6122,0.7556,0.2632,0.0788,0.5182,0.466,0.2729,,,,220.6,completed
fixed_20260801_130909_afa10d,splitomcplus,cifar10,cnn,middle,2,traffic-composition,static,equal_spread,line,0,0,False,fixed,fixed,delta_hard,fixed,0.635,0.7693,0.2665,0.0758,0.4875,0.4704,0.3549,,,,199.4,completed
fixed_20260729_065259_0656f3,splitomcplus,cifar10,cnn,middle,0,traffic-composition,A,A,line,0,0,False,fixed,fixed,delta_hard,fixed,0.6453,0.7631,0.1937,0.0476,0.5951,0.5225,0.1079,,,,231.2,completed
fixed_20260729_065406_37b5fc,splitomcplus,cifar10,cnn,middle,1,traffic-composition,A,A,line,0,0,False,fixed,fixed,delta_hard,fixed,0.6419,0.7716,0.1592,0.0494,0.5708,0.4872,0.1232,,,,231.5,completed
fixed_20260729_070502_a33411,splitomcplus,cifar10,cnn,middle,2,traffic-composition,A,A,line,0,0,False,fixed,fixed,delta_hard,fixed,0.6476,0.7838,0.1517,0.0411,0.5599,0.504,0.1568,,,,204.4,completed
fixed_20260730_071948_0e7fb5,splitomcplus,cifar10,cnn,middle,0,traffic-composition,asym_return,asym_return,line,0,0,False,fixed,fixed,delta_hard,fixed,0.6303,0.7625,0.2197,0.0607,0.5792,0.5066,0.1081,,,,214.9,completed
fixed_20260730_073041_556b1d,splitomcplus,cifar10,cnn,middle,1,traffic-composition,asym_return,asym_return,line,0,0,False,fixed,fixed,delta_hard,fixed,0.6263,0.7713,0.184,0.0578,0.5574,0.4765,0.1191,,,,216.3,completed
fixed_20260730_073732_15eb03,splitomcplus,cifar10,cnn,middle,2,traffic-composition,asym_return,asym_return,line,0,0,False,fixed,fixed,delta_hard,fixed,0.6315,0.7843,0.1716,0.0506,0.5444,0.4838,0.1563,,,,201.0,completed
fixed_20260731_050519_79f285,splitomcplus,cifar100,cnn,middle,0,traffic-composition,gradual_sigmoid,gradual_sigmoid,line,0,0,False,fixed,fixed,delta_hard,fixed,0.3318,0.3997,0.223,0.0924,0.2971,0.2617,0.074,,,,214.2,completed
fixed_20260731_050520_dba251,splitomcplus,cifar100,cnn,middle,1,traffic-composition,gradual_sigmoid,gradual_sigmoid,line,0,0,False,fixed,fixed,delta_hard,fixed,0.3092,0.3726,0.2084,0.1026,0.2774,0.2504,0.0901,,,,213.5,completed
fixed_20260731_052224_e8dc0e,splitomcplus,cifar100,cnn,middle,2,traffic-composition,gradual_sigmoid,gradual_sigmoid,line,0,0,False,fixed,fixed,delta_hard,fixed,0.3112,0.3741,0.2082,0.0996,0.294,0.2576,0.0335,,,,215.6,completed
fixed_20260802_020737_61626f,splitomcplus,cifar100,cnn,middle,0,traffic-composition,static,equal_spread,line,0,0,False,fixed,fixed,delta_hard,fixed,0.344,0.3999,0.1876,0.0796,0.2667,0.2572,0.1388,,,,208.0,completed
fixed_20260802_020900_e3336b,splitomcplus,cifar100,cnn,middle,1,traffic-composition,static,equal_spread,line,0,0,False,fixed,fixed,delta_hard,fixed,0.3199,0.3731,0.1522,0.0889,0.2642,0.2499,0.1785,,,,218.6,completed
fixed_20260802_025558_905c05,splitomcplus,cifar100,cnn,middle,2,traffic-composition,static,equal_spread,line,0,0,False,fixed,fixed,delta_hard,fixed,0.3196,0.3744,0.1702,0.0873,0.2882,0.2646,0.0851,,,,207.6,completed
fixed_20260730_143446_bb8e59,splitomcplus,cifar10,cnn,middle,0,traffic-composition,gradual_sigmoid,gradual_sigmoid,line,0,0,False,fixed,fixed,delta_hard,fixed,0.6007,0.763,0.3307,0.07,0.5493,0.4726,0.1124,,,,226.4,completed
fixed_20260730_144528_babf5b,splitomcplus,cifar10,cnn,middle,1,traffic-composition,gradual_sigmoid,gradual_sigmoid,line,0,0,False,fixed,fixed,delta_hard,fixed,0.5958,0.7718,0.2739,0.0686,0.5197,0.4425,0.1248,,,,224.5,completed
fixed_20260730_145913_dda99c,splitomcplus,cifar10,cnn,middle,2,traffic-composition,gradual_sigmoid,gradual_sigmoid,line,0,0,False,fixed,fixed,delta_hard,fixed,0.5994,0.7831,0.2708,0.0613,0.513,0.451,0.1549,,,,204.3,completed
fixed_20260731_234416_60198a,splitomcplus,cifar10,cnn,middle,0,traffic-composition,piecewise_random,piecewise_random,line,0,0,False,fixed,fixed,delta_hard,fixed,0.5832,0.7633,0.334,0.0747,0.5374,0.4819,0.1015,,,,212.3,completed
fixed_20260801_013922_19c82a,splitomcplus,cifar10,cnn,middle,1,traffic-composition,piecewise_random,piecewise_random,line,0,0,False,fixed,fixed,delta_hard,fixed,0.6565,0.7717,0.2705,0.0678,0.5796,0.4967,0.1281,,,,220.8,completed
fixed_20260801_020545_ad94d9,splitomcplus,cifar10,cnn,middle,2,traffic-composition,piecewise_random,piecewise_random,line,0,0,False,fixed,fixed,delta_hard,fixed,0.5792,0.7832,0.2608,0.0643,0.5149,0.4665,0.1166,,,,194.9,completed
fixed_20260801_135810_f379fb,splitomcplus,cifar10,cnn,middle,0,traffic-composition,static,equal_spread,line,0,0,False,fixed,fixed,delta_hard,fixed,0.617,0.7627,0.2754,0.0644,0.527,0.4942,0.2076,,,,218.5,completed
fixed_20260801_153405_6d273c,splitomcplus,cifar10,cnn,middle,1,traffic-composition,static,equal_spread,line,0,0,False,fixed,fixed,delta_hard,fixed,0.6052,0.7712,0.2087,0.0515,0.5037,0.4446,0.3061,,,,216.1,completed
fixed_20260801_155312_9e27ee,splitomcplus,cifar10,cnn,middle,2,traffic-composition,static,equal_spread,line,0,0,False,fixed,fixed,delta_hard,fixed,0.6266,0.7839,0.2111,0.0524,0.4669,0.4475,0.3871,,,,200.4,completed
fixed_20260731_121750_167418,splitomcplus,tinyimagenet,cnn,middle,0,traffic-composition,gradual_sigmoid,gradual_sigmoid,line,0,0,False,fixed,fixed,delta_hard,fixed,0.2227,0.2574,0.1751,0.063,0.2019,0.1879,0.0518,,,,631.2,completed
fixed_20260731_123152_4561f1,splitomcplus,tinyimagenet,cnn,middle,1,traffic-composition,gradual_sigmoid,gradual_sigmoid,line,0,0,False,fixed,fixed,delta_hard,fixed,0.2224,0.257,0.1737,0.0734,0.1992,0.1888,0.0723,,,,626.7,completed
fixed_20260731_125103_4760c3,splitomcplus,tinyimagenet,cnn,middle,2,traffic-composition,gradual_sigmoid,gradual_sigmoid,line,0,0,False,fixed,fixed,delta_hard,fixed,0.2202,0.2536,0.1759,0.0659,0.2027,0.1824,0.0437,,,,626.8,completed
fixed_20260729_100957_b38eb9,splitomcplus,cifar10,cnn,middle,0,traffic-composition,A,A,line,0,0,False,fixed,fixed,delta_hard,fixed,0.6415,0.7882,0.122,0.0274,0.5946,0.5129,0.0988,,,,224.1,completed
fixed_20260729_102124_1d6369,splitomcplus,cifar10,cnn,middle,1,traffic-composition,A,A,line,0,0,False,fixed,fixed,delta_hard,fixed,0.641,0.7925,0.1087,0.0302,0.5793,0.4803,0.1079,,,,226.0,completed
fixed_20260729_102358_6cb7c7,splitomcplus,cifar10,cnn,middle,2,traffic-composition,A,A,line,0,0,False,fixed,fixed,delta_hard,fixed,0.6443,0.8012,0.1031,0.0236,0.5556,0.492,0.1595,,,,211.1,completed
fixed_20260730_075750_21c3b3,splitomcplus,cifar10,cnn,middle,0,traffic-composition,asym_return,asym_return,line,0,0,False,fixed,fixed,delta_hard,fixed,0.6246,0.7892,0.1318,0.0328,0.5771,0.4964,0.0981,,,,221.6,completed
fixed_20260730_080250_39a202,splitomcplus,cifar10,cnn,middle,1,traffic-composition,asym_return,asym_return,line,0,0,False,fixed,fixed,delta_hard,fixed,0.6234,0.7923,0.1196,0.0349,0.5633,0.4665,0.1053,,,,217.2,completed
fixed_20260730_080546_394102,splitomcplus,cifar10,cnn,middle,2,traffic-composition,asym_return,asym_return,line,0,0,False,fixed,fixed,delta_hard,fixed,0.6276,0.8027,0.1115,0.0277,0.5427,0.4793,0.1548,,,,1622.6,completed
fixed_20260731_053314_3a00ba,splitomcplus,cifar100,cnn,middle,0,traffic-composition,gradual_sigmoid,gradual_sigmoid,line,0,0,False,fixed,fixed,delta_hard,fixed,0.3042,0.384,0.1662,0.0632,0.2736,0.2247,0.0707,,,,205.2,completed
fixed_20260731_055930_e91e1e,splitomcplus,cifar100,cnn,middle,1,traffic-composition,gradual_sigmoid,gradual_sigmoid,line,0,0,False,fixed,fixed,delta_hard,fixed,0.279,0.3528,0.1531,0.0727,0.2502,0.2105,0.0809,,,,213.1,completed
fixed_20260731_074353_572e34,splitomcplus,cifar100,cnn,middle,2,traffic-composition,gradual_sigmoid,gradual_sigmoid,line,0,0,False,fixed,fixed,delta_hard,fixed,0.2837,0.358,0.1525,0.0694,0.264,0.2188,0.0401,,,,226.3,completed
fixed_20260802_030346_1eddd4,splitomcplus,cifar100,cnn,middle,0,traffic-composition,static,equal_spread,line,0,0,False,fixed,fixed,delta_hard,fixed,0.3173,0.3838,0.1402,0.0548,0.2382,0.2182,0.1486,,,,212.4,completed
fixed_20260802_032713_61d7e3,splitomcplus,cifar100,cnn,middle,1,traffic-composition,static,equal_spread,line,0,0,False,fixed,fixed,delta_hard,fixed,0.2911,0.3532,0.1101,0.0626,0.2317,0.2105,0.1823,,,,216.9,completed
fixed_20260802_042125_1c49a9,splitomcplus,cifar100,cnn,middle,2,traffic-composition,static,equal_spread,line,0,0,False,fixed,fixed,delta_hard,fixed,0.2929,0.3579,0.1265,0.0626,0.2576,0.2277,0.093,,,,214.1,completed
fixed_20260730_151709_c8dcda,splitomcplus,cifar10,cnn,middle,0,traffic-composition,gradual_sigmoid,gradual_sigmoid,line,0,0,False,fixed,fixed,delta_hard,fixed,0.5899,0.7883,0.2213,0.0391,0.5414,0.4596,0.104,,,,225.2,completed
fixed_20260730_153602_f3b956,splitomcplus,cifar10,cnn,middle,1,traffic-composition,gradual_sigmoid,gradual_sigmoid,line,0,0,False,fixed,fixed,delta_hard,fixed,0.5899,0.7915,0.1928,0.0407,0.5275,0.4393,0.107,,,,223.6,completed
fixed_20260730_174658_82cdd2,splitomcplus,cifar10,cnn,middle,2,traffic-composition,gradual_sigmoid,gradual_sigmoid,line,0,0,False,fixed,fixed,delta_hard,fixed,0.5936,0.8026,0.1944,0.0339,0.5108,0.4455,0.1497,,,,193.0,completed
fixed_20260801_022832_98bafe,splitomcplus,cifar10,cnn,middle,0,traffic-composition,piecewise_random,piecewise_random,line,0,0,False,fixed,fixed,delta_hard,fixed,0.5658,0.7884,0.2253,0.0435,0.5202,0.4577,0.0957,,,,216.4,completed
fixed_20260801_023432_b6f2a6,splitomcplus,cifar10,cnn,middle,1,traffic-composition,piecewise_random,piecewise_random,line,0,0,False,fixed,fixed,delta_hard,fixed,0.6584,0.791,0.1902,0.0401,0.5933,0.4945,0.1118,,,,216.7,completed
fixed_20260801_023504_f20ca9,splitomcplus,cifar10,cnn,middle,2,traffic-composition,piecewise_random,piecewise_random,line,0,0,False,fixed,fixed,delta_hard,fixed,0.5697,0.8022,0.1877,0.0365,0.5072,0.4584,0.1151,,,,194.8,completed
fixed_20260801_161735_1dd93f,splitomcplus,cifar10,cnn,middle,0,traffic-composition,static,equal_spread,line,0,0,False,fixed,fixed,delta_hard,fixed,0.6059,0.7872,0.1844,0.0393,0.4912,0.4624,0.2643,,,,221.1,completed
fixed_20260801_162841_822450,splitomcplus,cifar10,cnn,middle,1,traffic-composition,static,equal_spread,line,0,0,False,fixed,fixed,delta_hard,fixed,0.6003,0.792,0.1472,0.0294,0.4877,0.4338,0.3383,,,,214.2,completed
fixed_20260801_164924_98a52f,splitomcplus,cifar10,cnn,middle,2,traffic-composition,static,equal_spread,line,0,0,False,fixed,fixed,delta_hard,fixed,0.6188,0.8023,0.1494,0.0305,0.4484,0.425,0.4253,,,,199.7,completed
fixed_20260729_102938_f6f04e,splitomcplus,cifar10,cnn,middle,0,traffic-composition,A,A,line,0,0,False,fixed,fixed,delta_hard,fixed,0.6427,0.8142,0.0605,0.0125,0.5959,0.5203,0.0905,,,,224.1,completed
fixed_20260729_104423_623f2b,splitomcplus,cifar10,cnn,middle,1,traffic-composition,A,A,line,0,0,False,fixed,fixed,delta_hard,fixed,0.6467,0.8168,0.0631,0.0158,0.5996,0.4958,0.0881,,,,231.7,completed
fixed_20260729_104548_66b3f8,splitomcplus,cifar10,cnn,middle,2,traffic-composition,A,A,line,0,0,False,fixed,fixed,delta_hard,fixed,0.6459,0.8218,0.056,0.0111,0.5692,0.4989,0.1437,,,,203.6,completed
fixed_20260730_081208_7cd9af,splitomcplus,cifar10,cnn,middle,0,traffic-composition,asym_return,asym_return,line,0,0,False,fixed,fixed,delta_hard,fixed,0.6229,0.8137,0.0619,0.0145,0.5776,0.5056,0.0893,,,,219.4,completed
fixed_20260730_081506_d651cf,splitomcplus,cifar10,cnn,middle,1,traffic-composition,asym_return,asym_return,line,0,0,False,fixed,fixed,delta_hard,fixed,0.6275,0.8165,0.0678,0.017,0.5801,0.4786,0.0877,,,,1825.4,completed
fixed_20260730_081629_b066c8,splitomcplus,cifar10,cnn,middle,2,traffic-composition,asym_return,asym_return,line,0,0,False,fixed,fixed,delta_hard,fixed,0.6282,0.8238,0.0563,0.012,0.5535,0.4929,0.1397,,,,1627.6,completed
fixed_20260731_083901_873356,splitomcplus,cifar100,cnn,middle,0,traffic-composition,gradual_sigmoid,gradual_sigmoid,line,0,0,False,fixed,fixed,delta_hard,fixed,0.2688,0.3573,0.1042,0.0345,0.243,0.1827,0.0686,,,,218.7,completed
fixed_20260731_083941_4d8b12,splitomcplus,cifar100,cnn,middle,1,traffic-composition,gradual_sigmoid,gradual_sigmoid,line,0,0,False,fixed,fixed,delta_hard,fixed,0.243,0.3241,0.0937,0.0417,0.2165,0.1665,0.0703,,,,232.0,completed
fixed_20260731_085812_3be126,splitomcplus,cifar100,cnn,middle,2,traffic-composition,gradual_sigmoid,gradual_sigmoid,line,0,0,False,fixed,fixed,delta_hard,fixed,0.2522,0.3357,0.0952,0.0422,0.232,0.1776,0.0425,,,,232.7,completed
fixed_20260802_053545_9c8bff,splitomcplus,cifar100,cnn,middle,0,traffic-composition,static,equal_spread,line,0,0,False,fixed,fixed,delta_hard,fixed,0.2825,0.3581,0.0889,0.0308,0.2038,0.1826,0.1542,,,,203.1,completed
fixed_20260802_054747_21d9cb,splitomcplus,cifar100,cnn,middle,1,traffic-composition,static,equal_spread,line,0,0,False,fixed,fixed,delta_hard,fixed,0.2548,0.3237,0.067,0.0356,0.1943,0.1654,0.1822,,,,218.9,completed
fixed_20260802_062343_756e5e,splitomcplus,cifar100,cnn,middle,2,traffic-composition,static,equal_spread,line,0,0,False,fixed,fixed,delta_hard,fixed,0.2615,0.3352,0.0806,0.0397,0.2187,0.1826,0.1058,,,,207.1,completed
fixed_20260730_182123_0c3437,splitomcplus,cifar10,cnn,middle,0,traffic-composition,gradual_sigmoid,gradual_sigmoid,line,0,0,False,fixed,fixed,delta_hard,fixed,0.5895,0.8145,0.1189,0.0186,0.5451,0.4681,0.088,,,,223.8,completed
fixed_20260730_182339_6690bf,splitomcplus,cifar10,cnn,middle,1,traffic-composition,gradual_sigmoid,gradual_sigmoid,line,0,0,False,fixed,fixed,delta_hard,fixed,0.5927,0.8158,0.1114,0.0203,0.5455,0.4406,0.0867,,,,218.0,completed
fixed_20260730_183008_2e36c4,splitomcplus,cifar10,cnn,middle,2,traffic-composition,gradual_sigmoid,gradual_sigmoid,line,0,0,False,fixed,fixed,delta_hard,fixed,0.5951,0.824,0.1158,0.015,0.5226,0.4673,0.1354,,,,202.6,completed
fixed_20260801_031644_820ee6,splitomcplus,cifar10,cnn,middle,0,traffic-composition,piecewise_random,piecewise_random,line,0,0,False,fixed,fixed,delta_hard,fixed,0.5529,0.8136,0.1249,0.0217,0.5122,0.4509,0.08,,,,215.7,completed
fixed_20260801_052020_f7d58e,splitomcplus,cifar10,cnn,middle,1,traffic-composition,piecewise_random,piecewise_random,line,0,0,False,fixed,fixed,delta_hard,fixed,0.666,0.8136,0.1169,0.0206,0.6161,0.4966,0.0915,,,,214.3,completed
fixed_20260801_052049_1b7892,splitomcplus,cifar10,cnn,middle,2,traffic-composition,piecewise_random,piecewise_random,line,0,0,False,fixed,fixed,delta_hard,fixed,0.5602,0.8225,0.1108,0.0172,0.5002,0.4493,0.1107,,,,200.7,completed
fixed_20260801_173325_3e62e7,splitomcplus,cifar10,cnn,middle,0,traffic-composition,static,equal_spread,line,0,0,False,fixed,fixed,delta_hard,fixed,0.598,0.8135,0.1023,0.0202,0.4649,0.4356,0.3139,,,,1293.0,completed
fixed_20260801_173650_ad6562,splitomcplus,cifar10,cnn,middle,1,traffic-composition,static,equal_spread,line,0,0,False,fixed,fixed,delta_hard,fixed,0.5977,0.8141,0.0903,0.0139,0.4716,0.4274,0.3699,,,,212.2,completed
fixed_20260801_190522_741c08,splitomcplus,cifar10,cnn,middle,2,traffic-composition,static,equal_spread,line,0,0,False,fixed,fixed,delta_hard,fixed,0.6122,0.822,0.0884,0.0144,0.4307,0.4097,0.469,,,,1185.2,completed
selfcal_20260720_014455_303594,splitomcplus,cifar10,cnn,middle,0,traffic-composition,A,A,line,0,0,False,selfcal,selfcal,cos_logit_dist,selfcal,0.6597,0.7455,0.2693,0.0662,0.6036,0.5355,0.1231,,,,231.0,completed
selfcal_20260720_020424_04338c,splitomcplus,cifar10,cnn,middle,1,traffic-composition,A,A,line,0,0,False,selfcal,selfcal,cos_logit_dist,selfcal,0.6404,0.7708,0.1618,0.0407,0.5694,0.4885,0.1225,,,,227.0,completed
selfcal_20260720_032502_68b04b,splitomcplus,cifar10,cnn,middle,2,traffic-composition,A,A,line,0,0,False,selfcal,selfcal,cos_logit_dist,selfcal,0.6454,0.724,0.2639,0.1079,0.5677,0.5029,0.1491,,,,200.8,completed
selfcal_20260720_033850_881bf1,splitomcplus,cifar10,cnn,middle,0,traffic-composition,abrupt,abrupt,line,0,0,False,selfcal,selfcal,cos_logit_dist,selfcal,0.6286,0.7461,0.2185,0.0645,0.5765,0.501,0.1165,,,,225.6,completed
selfcal_20260720_040903_54dd9b,splitomcplus,cifar10,cnn,middle,1,traffic-composition,abrupt,abrupt,line,0,0,False,selfcal,selfcal,cos_logit_dist,selfcal,0.606,0.7711,0.1297,0.0368,0.5282,0.4473,0.1275,,,,221.2,completed
selfcal_20260720_043611_789a4d,splitomcplus,cifar10,cnn,middle,2,traffic-composition,abrupt,abrupt,line,0,0,False,selfcal,selfcal,cos_logit_dist,selfcal,0.6429,0.726,0.2511,0.1318,0.5666,0.4988,0.1426,,,,197.2,completed
selfcal_20260719_165544_4f4ed8,splitomcplus,cifar10,cnn,middle,0,traffic-composition,abrupt,abrupt,line,0,0,False,selfcal,selfcal,delta_hard,selfcal,0.6446,0.723,0.2808,0.0988,0.583,0.5089,0.1382,,,,276.4,completed
selfcal_20260719_170449_f821a6,splitomcplus,cifar10,cnn,middle,1,traffic-composition,abrupt,abrupt,line,0,0,False,selfcal,selfcal,delta_hard,selfcal,0.6288,0.744,0.2107,0.0842,0.5484,0.4689,0.1383,,,,218.0,completed
selfcal_20260719_170828_6c52a7,splitomcplus,cifar10,cnn,middle,2,traffic-composition,abrupt,abrupt,line,0,0,False,selfcal,selfcal,delta_hard,selfcal,0.6365,0.7546,0.2058,0.082,0.5524,0.4872,0.1566,,,,255.8,completed
selfcal_20260719_173119_305e09,splitomcplus,cifar10,cnn,middle,0,traffic-composition,A,A,line,0,0,False,selfcal,selfcal,js_div,selfcal,0.6439,0.6875,0.346,0.1284,0.5838,0.5051,0.1359,,,,223.4,completed
selfcal_20260719_173259_fd2c56,splitomcplus,cifar10,cnn,middle,1,traffic-composition,A,A,line,0,0,False,selfcal,selfcal,js_div,selfcal,0.6425,0.7012,0.3034,0.1395,0.5465,0.4956,0.1492,,,,222.0,completed
selfcal_20260719_204258_4d44ef,splitomcplus,cifar10,cnn,middle,2,traffic-composition,A,A,line,0,0,False,selfcal,selfcal,js_div,selfcal,0.6467,0.72,0.2741,0.1175,0.5691,0.503,0.1503,,,,196.2,completed
selfcal_20260719_211453_7f5d54,splitomcplus,cifar10,cnn,middle,0,traffic-composition,abrupt,abrupt,line,0,0,False,selfcal,selfcal,js_div,selfcal,0.64,0.6887,0.3181,0.1421,0.5747,0.498,0.1444,,,,221.7,completed
selfcal_20260719_211507_0b81d0,splitomcplus,cifar10,cnn,middle,1,traffic-composition,abrupt,abrupt,line,0,0,False,selfcal,selfcal,js_div,selfcal,0.6409,0.7045,0.2843,0.149,0.5481,0.486,0.1575,,,,224.1,completed
selfcal_20260719_212425_0efac0,splitomcplus,cifar10,cnn,middle,2,traffic-composition,abrupt,abrupt,line,0,0,False,selfcal,selfcal,js_div,selfcal,0.639,0.7215,0.2514,0.1307,0.556,0.4899,0.1577,,,,260.3,completed
selfcal_20260719_213216_29611f,splitomcplus,cifar10,cnn,middle,0,traffic-composition,A,A,line,0,0,False,selfcal,selfcal,kl_sym,selfcal,0.6439,0.6871,0.3468,0.1294,0.5842,0.5052,0.1349,,,,271.9,completed
selfcal_20260719_235918_974d07,splitomcplus,cifar10,cnn,middle,1,traffic-composition,A,A,line,0,0,False,selfcal,selfcal,kl_sym,selfcal,0.6429,0.7003,0.3063,0.1425,0.5466,0.4977,0.1498,,,,219.4,completed
selfcal_20260720_005025_d7f9af,splitomcplus,cifar10,cnn,middle,2,traffic-composition,A,A,line,0,0,False,selfcal,selfcal,kl_sym,selfcal,0.647,0.7189,0.277,0.1209,0.5701,0.5039,0.1486,,,,198.5,completed
selfcal_20260720_005645_d5d346,splitomcplus,cifar10,cnn,middle,0,traffic-composition,abrupt,abrupt,line,0,0,False,selfcal,selfcal,kl_sym,selfcal,0.639,0.6875,0.3196,0.143,0.5751,0.4993,0.141,,,,229.0,completed
selfcal_20260720_005924_0ace31,splitomcplus,cifar10,cnn,middle,1,traffic-composition,abrupt,abrupt,line,0,0,False,selfcal,selfcal,kl_sym,selfcal,0.6404,0.7027,0.2882,0.1523,0.5469,0.4891,0.1564,,,,216.6,completed
selfcal_20260720_013336_a6feea,splitomcplus,cifar10,cnn,middle,2,traffic-composition,abrupt,abrupt,line,0,0,False,selfcal,selfcal,kl_sym,selfcal,0.6383,0.7189,0.2551,0.1366,0.559,0.4912,0.1496,,,,213.5,completed
selfcal_20260719_095804_5ec687,splitomcplus,cifar10,cnn,middle,0,traffic-composition,A,A,line,0,0,False,selfcal,selfcal,tv_dist,selfcal,0.6597,0.7122,0.3295,0.1106,0.5964,0.5239,0.1425,,,,215.0,completed
selfcal_20260719_101322_7a47db,splitomcplus,cifar10,cnn,middle,1,traffic-composition,A,A,line,0,0,False,selfcal,selfcal,tv_dist,selfcal,0.657,0.7423,0.2527,0.0968,0.5814,0.5123,0.1312,,,,221.6,completed
selfcal_20260719_101536_a1fde1,splitomcplus,cifar10,cnn,middle,2,traffic-composition,A,A,line,0,0,False,selfcal,selfcal,tv_dist,selfcal,0.6617,0.7545,0.2401,0.0792,0.5801,0.5251,0.1526,,,,199.5,completed
selfcal_20260719_101613_9b1744,splitomcplus,cifar10,cnn,middle,0,traffic-composition,abrupt,abrupt,line,0,0,False,selfcal,selfcal,tv_dist,selfcal,0.6474,0.7028,0.305,0.1279,0.5885,0.5101,0.1392,,,,227.4,completed
selfcal_20260719_101634_bf464e,splitomcplus,cifar10,cnn,middle,1,traffic-composition,abrupt,abrupt,line,0,0,False,selfcal,selfcal,tv_dist,selfcal,0.639,0.7143,0.2622,0.1295,0.5538,0.4833,0.1435,,,,216.5,completed
selfcal_20260719_122745_edff09,splitomcplus,cifar10,cnn,middle,2,traffic-composition,abrupt,abrupt,line,0,0,False,selfcal,selfcal,tv_dist,selfcal,0.644,0.7367,0.2379,0.1147,0.5629,0.5002,0.1523,,,,205.8,completed
selfcal_20260719_133515_20974f,splitomcplus,cifar100,cnn,middle,0,traffic-composition,gradual_sigmoid,gradual_sigmoid,line,0,0,False,selfcal,selfcal,tv_dist,selfcal,0.3784,0.414,0.3284,0.1657,0.3376,0.3243,0.0734,,,,209.4,completed
selfcal_20260719_135310_d7915a,splitomcplus,cifar100,cnn,middle,1,traffic-composition,gradual_sigmoid,gradual_sigmoid,line,0,0,False,selfcal,selfcal,tv_dist,selfcal,0.3545,0.3868,0.3094,0.171,0.3197,0.2942,0.1045,,,,218.0,completed
selfcal_20260719_135506_9edb9e,splitomcplus,cifar100,cnn,middle,2,traffic-composition,gradual_sigmoid,gradual_sigmoid,line,0,0,False,selfcal,selfcal,tv_dist,selfcal,0.3545,0.386,0.306,0.1675,0.3415,0.317,0.0314,,,,217.7,completed
selfcal_20260719_125422_9955cf,splitomcplus,cifar10,cnn,middle,0,traffic-composition,static,equal_spread,line,0,0,False,selfcal,selfcal,tv_dist,selfcal,0.6311,0.7482,0.3529,0.0763,0.5601,0.5185,0.1683,,,,241.2,completed
selfcal_20260719_130906_eb6c99,splitomcplus,cifar10,cnn,middle,1,traffic-composition,static,equal_spread,line,0,0,False,selfcal,selfcal,tv_dist,selfcal,0.6099,0.7632,0.2413,0.0541,0.5099,0.4604,0.2909,,,,239.2,completed
selfcal_20260719_133310_11e404,splitomcplus,cifar10,cnn,middle,2,traffic-composition,static,equal_spread,line,0,0,False,selfcal,selfcal,tv_dist,selfcal,0.6326,0.7758,0.244,0.0517,0.4792,0.4577,0.3784,,,,197.1,completed
selfcal_20260719_140347_509e8e,splitomcplus,tinyimagenet,cnn,middle,0,traffic-composition,gradual_sigmoid,gradual_sigmoid,line,0,0,False,selfcal,selfcal,tv_dist,selfcal,0.2393,0.2669,0.2066,0.0781,0.2191,0.2088,0.0535,,,,689.6,completed
selfcal_20260719_155341_e46ae8,splitomcplus,tinyimagenet,cnn,middle,1,traffic-composition,gradual_sigmoid,gradual_sigmoid,line,0,0,False,selfcal,selfcal,tv_dist,selfcal,0.2395,0.2686,0.2027,0.0857,0.2158,0.2068,0.0743,,,,691.2,completed
selfcal_20260719_165023_f3b218,splitomcplus,tinyimagenet,cnn,middle,2,traffic-composition,gradual_sigmoid,gradual_sigmoid,line,0,0,False,selfcal,selfcal,tv_dist,selfcal,0.2391,0.2671,0.2062,0.0801,0.2217,0.211,0.0426,,,,479.8,completed
selfcal_20260722_145014_4a8e52,splitomcplus,cifar10,cnn,middle,0,traffic-composition,asym_return,asym_return,line,0,0,False,selfcal,selfcal,tv_dist,selfcal,0.6499,0.7071,0.3992,0.1435,0.5883,0.5189,0.1384,,,,219.4,completed
selfcal_20260722_150652_062468,splitomcplus,cifar10,cnn,middle,1,traffic-composition,asym_return,asym_return,line,0,0,False,selfcal,selfcal,tv_dist,selfcal,0.644,0.7372,0.3029,0.1196,0.5674,0.5014,0.1318,,,,220.9,completed
selfcal_20260722_161252_6783e0,splitomcplus,cifar10,cnn,middle,2,traffic-composition,asym_return,asym_return,line,0,0,False,selfcal,selfcal,tv_dist,selfcal,0.6478,0.7429,0.3003,0.1196,0.5666,0.5116,0.1525,,,,198.8,completed
selfcal_20260722_135053_7589c7,splitomcplus,cifar10,cnn,middle,0,traffic-composition,gradual_sigmoid,gradual_sigmoid,line,0,0,False,selfcal,selfcal,tv_dist,selfcal,0.6353,0.7022,0.5183,0.1542,0.5758,0.5029,0.1387,,,,217.8,completed
selfcal_20260722_140731_5f4da1,splitomcplus,cifar10,cnn,middle,1,traffic-composition,gradual_sigmoid,gradual_sigmoid,line,0,0,False,selfcal,selfcal,tv_dist,selfcal,0.6179,0.7339,0.3956,0.1265,0.5391,0.4657,0.1375,,,,226.1,completed
selfcal_20260722_144434_589a6e,splitomcplus,cifar10,cnn,middle,2,traffic-composition,gradual_sigmoid,gradual_sigmoid,line,0,0,False,selfcal,selfcal,tv_dist,selfcal,0.6285,0.7402,0.3991,0.1314,0.5515,0.4913,0.1447,,,,201.9,completed
selfcal_20260722_170605_0f538d,splitomcplus,cifar10,cnn,middle,0,traffic-composition,piecewise_random,piecewise_random,line,0,0,False,selfcal,selfcal,tv_dist,selfcal,0.6149,0.7243,0.4918,0.1307,0.5634,0.5131,0.1241,,,,229.5,completed
selfcal_20260722_172848_1b9fad,splitomcplus,cifar10,cnn,middle,1,traffic-composition,piecewise_random,piecewise_random,line,0,0,False,selfcal,selfcal,tv_dist,selfcal,0.6579,0.7546,0.3357,0.0826,0.5825,0.4977,0.1266,,,,219.9,completed
selfcal_20260722_174817_29f79a,splitomcplus,cifar10,cnn,middle,2,traffic-composition,piecewise_random,piecewise_random,line,0,0,False,selfcal,selfcal,tv_dist,selfcal,0.5964,0.7576,0.3476,0.0993,0.5363,0.4955,0.1138,,,,199.8,completed
selfcal_20260722_175344_cc2b8b,splitomcplus,cifar10,cnn,middle,0,traffic-composition,recurring,recurring,line,0,0,False,selfcal,selfcal,tv_dist,selfcal,0.6781,0.7212,0.2212,0.0769,0.6137,0.5394,0.1432,,,,220.1,completed
selfcal_20260722_180635_5a739c,splitomcplus,cifar10,cnn,middle,1,traffic-composition,recurring,recurring,line,0,0,False,selfcal,selfcal,tv_dist,selfcal,0.6764,0.7388,0.1811,0.0732,0.5963,0.5198,0.14,,,,227.2,completed
selfcal_20260722_213400_460de6,splitomcplus,cifar10,cnn,middle,2,traffic-composition,recurring,recurring,line,0,0,False,selfcal,selfcal,tv_dist,selfcal,0.6821,0.7543,0.1693,0.0658,0.5925,0.5314,0.1675,,,,303.3,completed
selfcal_20260722_182947_9ce526,splitomcplus,cifar10,cnn,middle,0,traffic-composition,abrupt,abrupt,line,0,0,False,selfcal,selfcal,ent_client,selfcal,0.6279,0.7423,0.2137,0.069,0.5633,0.499,0.1311,,,,219.7,completed
selfcal_20260722_184755_4061b1,splitomcplus,cifar10,cnn,middle,1,traffic-composition,abrupt,abrupt,line,0,0,False,selfcal,selfcal,ent_client,selfcal,0.6068,0.7742,0.1272,0.0352,0.5302,0.454,0.1283,,,,220.2,completed
selfcal_20260722_193151_86e4c8,splitomcplus,cifar10,cnn,middle,2,traffic-composition,abrupt,abrupt,line,0,0,False,selfcal,selfcal,ent_client,selfcal,0.6124,0.781,0.1226,0.0302,0.519,0.4582,0.1676,,,,224.5,completed
selfcal_20260722_205546_1f91a3,splitomcplus,cifar10,cnn,middle,0,traffic-composition,gradual_sigmoid,gradual_sigmoid,line,0,0,False,selfcal,selfcal,ent_client,selfcal,0.6226,0.7368,0.4144,0.0988,0.5671,0.5025,0.1168,,,,231.6,completed
selfcal_20260722_210814_ad0db0,splitomcplus,cifar10,cnn,middle,1,traffic-composition,gradual_sigmoid,gradual_sigmoid,line,0,0,False,selfcal,selfcal,ent_client,selfcal,0.5941,0.7746,0.2774,0.053,0.5212,0.447,0.1217,,,,231.2,completed
selfcal_20260722_210852_4d066c,splitomcplus,cifar10,cnn,middle,2,traffic-composition,gradual_sigmoid,gradual_sigmoid,line,0,0,False,selfcal,selfcal,ent_client,selfcal,0.5995,0.7815,0.2765,0.0485,0.5098,0.4573,0.1595,,,,282.1,completed
selfcal_20260720_112724_4a5bc8,splitomcplus,svhn,cnn,middle,0,traffic-composition,gradual_sigmoid,gradual_sigmoid,line,0,0,False,selfcal,selfcal,tv_dist,selfcal,0.794,0.8429,0.7172,0.416,0.7588,0.726,0.0593,,,,339.4,completed
selfcal_20260720_113223_de3b1d,splitomcplus,svhn,cnn,middle,1,traffic-composition,gradual_sigmoid,gradual_sigmoid,line,0,0,False,selfcal,selfcal,tv_dist,selfcal,0.7955,0.8461,0.7166,0.409,0.7343,0.6895,0.1162,,,,346.5,completed
selfcal_20260720_123001_5c0e22,splitomcplus,svhn,cnn,middle,2,traffic-composition,gradual_sigmoid,gradual_sigmoid,line,0,0,False,selfcal,selfcal,tv_dist,selfcal,0.7697,0.8469,0.6314,0.3767,0.7181,0.6627,0.0809,,,,319.6,completed
selfcal_20260720_123242_7935f4,splitomcplus,svhn,cnn,middle,3,traffic-composition,gradual_sigmoid,gradual_sigmoid,line,0,0,False,selfcal,selfcal,tv_dist,selfcal,0.7954,0.8592,0.6927,0.416,0.7272,0.6677,0.1369,,,,334.1,completed
selfcal_20260720_130736_69f4cf,splitomcplus,svhn,cnn,middle,4,traffic-composition,gradual_sigmoid,gradual_sigmoid,line,0,0,False,selfcal,selfcal,tv_dist,selfcal,0.8137,0.8725,0.7204,0.4442,0.776,0.7126,0.086,,,,323.8,completed
selfcal_20260721_113349_20396d,splitomcplus,svhn,cnn,middle,0,traffic-composition,static,equal_spread,line,0,0,False,selfcal,selfcal,tv_dist,selfcal,0.7777,0.8563,0.5132,0.3178,0.6994,0.6877,0.1741,,,,344.8,completed
selfcal_20260721_120555_e1081a,splitomcplus,svhn,cnn,middle,1,traffic-composition,static,equal_spread,line,0,0,False,selfcal,selfcal,tv_dist,selfcal,0.7847,0.8531,0.5431,0.2924,0.7077,0.6894,0.1943,,,,336.1,completed
selfcal_20260721_122502_eb37f2,splitomcplus,svhn,cnn,middle,2,traffic-composition,static,equal_spread,line,0,0,False,selfcal,selfcal,tv_dist,selfcal,0.7749,0.8464,0.5134,0.3162,0.7047,0.6859,0.1692,,,,314.9,completed
selfcal_20260721_142532_fe88cb,splitomcplus,svhn,cnn,middle,3,traffic-composition,static,equal_spread,line,0,0,False,selfcal,selfcal,tv_dist,selfcal,0.7904,0.861,0.5301,0.3547,0.7253,0.6954,0.166,,,,336.6,completed
selfcal_20260721_145037_774b1a,splitomcplus,svhn,cnn,middle,4,traffic-composition,static,equal_spread,line,0,0,False,selfcal,selfcal,tv_dist,selfcal,0.8045,0.8752,0.5681,0.365,0.741,0.7236,0.1438,,,,316.9,completed
selfcal_20260720_134923_26d463,splitomcplus,svhn,cnn,middle,0,traffic-composition,gradual_sigmoid,gradual_sigmoid,line,0,0,False,selfcal,selfcal,delta_hard,selfcal,0.7925,0.8456,0.7082,0.406,0.7572,0.7242,0.0606,,,,334.7,completed
selfcal_20260720_140604_7836e3,splitomcplus,svhn,cnn,middle,1,traffic-composition,gradual_sigmoid,gradual_sigmoid,line,0,0,False,selfcal,selfcal,delta_hard,selfcal,0.7962,0.8466,0.7128,0.4026,0.7365,0.687,0.1126,,,,340.0,completed
selfcal_20260720_143743_a7bbba,splitomcplus,svhn,cnn,middle,2,traffic-composition,gradual_sigmoid,gradual_sigmoid,line,0,0,False,selfcal,selfcal,delta_hard,selfcal,0.7756,0.844,0.6394,0.3848,0.7202,0.6669,0.0846,,,,308.4,completed
selfcal_20260720_170656_ea2201,splitomcplus,svhn,cnn,middle,3,traffic-composition,gradual_sigmoid,gradual_sigmoid,line,0,0,False,selfcal,selfcal,delta_hard,selfcal,0.8036,0.8554,0.7071,0.4329,0.7344,0.6791,0.137,,,,333.4,completed
selfcal_20260720_171906_1e2414,splitomcplus,svhn,cnn,middle,4,traffic-composition,gradual_sigmoid,gradual_sigmoid,line,0,0,False,selfcal,selfcal,delta_hard,selfcal,0.8222,0.8683,0.7347,0.4722,0.7845,0.7207,0.0861,,,,318.2,completed
selfcal_20260721_160419_6d0784,splitomcplus,svhn,cnn,middle,0,traffic-composition,static,equal_spread,line,0,0,False,selfcal,selfcal,delta_hard,selfcal,0.7778,0.8569,0.5085,0.3158,0.698,0.6858,0.1799,,,,338.4,completed
selfcal_20260721_161408_6151bf,splitomcplus,svhn,cnn,middle,1,traffic-composition,static,equal_spread,line,0,0,False,selfcal,selfcal,delta_hard,selfcal,0.783,0.854,0.5347,0.2828,0.7053,0.6855,0.1985,,,,337.9,completed
selfcal_20260721_162357_b9b0c2,splitomcplus,svhn,cnn,middle,2,traffic-composition,static,equal_spread,line,0,0,False,selfcal,selfcal,delta_hard,selfcal,0.7727,0.8477,0.5026,0.3057,0.7021,0.6834,0.1747,,,,317.5,completed
selfcal_20260721_171850_0c5962,splitomcplus,svhn,cnn,middle,3,traffic-composition,static,equal_spread,line,0,0,False,selfcal,selfcal,delta_hard,selfcal,0.7898,0.8641,0.5201,0.3425,0.7243,0.6961,0.1683,,,,340.9,completed
selfcal_20260721_174007_7fb762,splitomcplus,svhn,cnn,middle,4,traffic-composition,static,equal_spread,line,0,0,False,selfcal,selfcal,delta_hard,selfcal,0.8034,0.8761,0.562,0.3561,0.7384,0.7219,0.1483,,,,317.4,completed
selfcal_20260720_174948_691d68,splitomcplus,svhn,cnn,middle,0,traffic-composition,gradual_sigmoid,gradual_sigmoid,line,0,0,False,selfcal,selfcal,ent_client,selfcal,0.7629,0.8544,0.6278,0.3488,0.7123,0.6759,0.0969,,,,340.9,completed
selfcal_20260720_180700_921e16,splitomcplus,svhn,cnn,middle,1,traffic-composition,gradual_sigmoid,gradual_sigmoid,line,0,0,False,selfcal,selfcal,ent_client,selfcal,0.7626,0.8594,0.6242,0.2922,0.6975,0.6479,0.1312,,,,334.1,completed
selfcal_20260720_183138_5e92db,splitomcplus,svhn,cnn,middle,2,traffic-composition,gradual_sigmoid,gradual_sigmoid,line,0,0,False,selfcal,selfcal,ent_client,selfcal,0.7592,0.8411,0.6024,0.3568,0.688,0.6408,0.1157,,,,318.4,completed
selfcal_20260720_192417_3dd7ec,splitomcplus,svhn,cnn,middle,3,traffic-composition,gradual_sigmoid,gradual_sigmoid,line,0,0,False,selfcal,selfcal,ent_client,selfcal,0.7753,0.8745,0.6198,0.3277,0.7199,0.6598,0.1224,,,,336.1,completed
selfcal_20260720_194614_4ce680,splitomcplus,svhn,cnn,middle,4,traffic-composition,gradual_sigmoid,gradual_sigmoid,line,0,0,False,selfcal,selfcal,ent_client,selfcal,0.7885,0.8793,0.6523,0.3536,0.7427,0.6818,0.0941,,,,335.5,completed
selfcal_20260721_174215_e89113,splitomcplus,svhn,cnn,middle,0,traffic-composition,static,equal_spread,line,0,0,False,selfcal,selfcal,ent_client,selfcal,0.7711,0.8606,0.4788,0.2906,0.6913,0.6794,0.1892,,,,347.5,completed
selfcal_20260721_200216_593cdc,splitomcplus,svhn,cnn,middle,1,traffic-composition,static,equal_spread,line,0,0,False,selfcal,selfcal,ent_client,selfcal,0.7756,0.8601,0.5021,0.241,0.7023,0.6791,0.2025,,,,341.5,completed
selfcal_20260721_200743_f22ee9,splitomcplus,svhn,cnn,middle,2,traffic-composition,static,equal_spread,line,0,0,False,selfcal,selfcal,ent_client,selfcal,0.7705,0.8471,0.4878,0.2995,0.6997,0.6793,0.1819,,,,310.4,completed
selfcal_20260721_214137_5c332a,splitomcplus,svhn,cnn,middle,3,traffic-composition,static,equal_spread,line,0,0,False,selfcal,selfcal,ent_client,selfcal,0.7843,0.8733,0.4869,0.2989,0.7143,0.6891,0.1787,,,,338.8,completed
selfcal_20260721_214252_20b16a,splitomcplus,svhn,cnn,middle,4,traffic-composition,static,equal_spread,line,0,0,False,selfcal,selfcal,ent_client,selfcal,0.7929,0.8795,0.5304,0.312,0.7227,0.7086,0.1624,,,,321.6,completed
fixed_20260721_040828_1d27c4,splitomcplus,svhn,cnn,middle,0,traffic-composition,gradual_sigmoid,gradual_sigmoid,line,0,0,False,fixed,fixed,delta_hard,fixed,0.7899,0.8152,0.779,0.5053,0.7581,0.727,0.0585,,,,339.0,completed
fixed_20260721_045840_60cd47,splitomcplus,svhn,cnn,middle,1,traffic-composition,gradual_sigmoid,gradual_sigmoid,line,0,0,False,fixed,fixed,delta_hard,fixed,0.8009,0.8211,0.7823,0.5158,0.7406,0.6985,0.1125,,,,333.1,completed
fixed_20260721_050810_c3dfd7,splitomcplus,svhn,cnn,middle,2,traffic-composition,gradual_sigmoid,gradual_sigmoid,line,0,0,False,fixed,fixed,delta_hard,fixed,0.7871,0.8127,0.7363,0.5119,0.7353,0.6895,0.0803,,,,313.5,completed
fixed_20260722_042330_8f0541,splitomcplus,svhn,cnn,middle,0,traffic-composition,static,equal_spread,line,0,0,False,fixed,fixed,delta_hard,fixed,0.7839,0.8151,0.6111,0.4257,0.7279,0.7216,0.1074,,,,337.2,completed
fixed_20260722_045821_99400a,splitomcplus,svhn,cnn,middle,1,traffic-composition,static,equal_spread,line,0,0,False,fixed,fixed,delta_hard,fixed,0.7929,0.8212,0.6196,0.4148,0.7342,0.6973,0.1329,,,,336.6,completed
fixed_20260722_063003_9bbf89,splitomcplus,svhn,cnn,middle,2,traffic-composition,static,equal_spread,line,0,0,False,fixed,fixed,delta_hard,fixed,0.7827,0.8127,0.5954,0.4217,0.7266,0.7067,0.1101,,,,307.1,completed
fixed_20260721_053832_312a7f,splitomcplus,svhn,cnn,middle,0,traffic-composition,gradual_sigmoid,gradual_sigmoid,line,0,0,False,fixed,fixed,delta_hard,fixed,0.7917,0.8211,0.7727,0.4959,0.7584,0.731,0.06,,,,338.2,completed
fixed_20260721_063118_fb56c6,splitomcplus,svhn,cnn,middle,1,traffic-composition,gradual_sigmoid,gradual_sigmoid,line,0,0,False,fixed,fixed,delta_hard,fixed,0.8025,0.8266,0.7773,0.5074,0.7419,0.7028,0.1122,,,,334.4,completed
fixed_20260721_063242_211771,splitomcplus,svhn,cnn,middle,2,traffic-composition,gradual_sigmoid,gradual_sigmoid,line,0,0,False,fixed,fixed,delta_hard,fixed,0.7879,0.8173,0.7306,0.5049,0.7371,0.6914,0.0791,,,,300.9,completed
fixed_20260722_071323_3a199c,splitomcplus,svhn,cnn,middle,0,traffic-composition,static,equal_spread,line,0,0,False,fixed,fixed,delta_hard,fixed,0.7864,0.8212,0.6064,0.4209,0.7267,0.7225,0.1143,,,,332.2,completed
fixed_20260722_083224_8edf72,splitomcplus,svhn,cnn,middle,1,traffic-composition,static,equal_spread,line,0,0,False,fixed,fixed,delta_hard,fixed,0.795,0.8266,0.616,0.4073,0.7357,0.7046,0.1369,,,,334.9,completed
fixed_20260722_084232_3c6dff,splitomcplus,svhn,cnn,middle,2,traffic-composition,static,equal_spread,line,0,0,False,fixed,fixed,delta_hard,fixed,0.7841,0.8173,0.5911,0.414,0.7265,0.7066,0.1153,,,,308.2,completed
fixed_20260720_194620_f7a205,splitomcplus,svhn,cnn,middle,0,traffic-composition,gradual_sigmoid,gradual_sigmoid,line,0,0,False,fixed,fixed,delta_hard,fixed,0.7929,0.828,0.7632,0.4848,0.7583,0.7335,0.061,,,,338.0,completed
fixed_20260720_223728_291ea8,splitomcplus,svhn,cnn,middle,1,traffic-composition,gradual_sigmoid,gradual_sigmoid,line,0,0,False,fixed,fixed,delta_hard,fixed,0.8027,0.8322,0.7693,0.4946,0.7427,0.7053,0.1112,,,,330.8,completed
fixed_20260720_224032_f426b6,splitomcplus,svhn,cnn,middle,2,traffic-composition,gradual_sigmoid,gradual_sigmoid,line,0,0,False,fixed,fixed,delta_hard,fixed,0.7871,0.8224,0.7199,0.4918,0.7367,0.6905,0.0789,,,,308.6,completed
fixed_20260720_233053_0a9445,splitomcplus,svhn,cnn,middle,3,traffic-composition,gradual_sigmoid,gradual_sigmoid,line,0,0,False,fixed,fixed,delta_hard,fixed,0.8074,0.8406,0.7518,0.499,0.7328,0.6801,0.1433,,,,337.1,completed
fixed_20260720_234118_111c52,splitomcplus,svhn,cnn,middle,4,traffic-composition,gradual_sigmoid,gradual_sigmoid,line,0,0,False,fixed,fixed,delta_hard,fixed,0.8308,0.8599,0.7826,0.5595,0.7939,0.7305,0.0843,,,,317.2,completed
fixed_20260721_215217_a8fff3,splitomcplus,svhn,cnn,middle,0,traffic-composition,static,equal_spread,line,0,0,False,fixed,fixed,delta_hard,fixed,0.7884,0.8281,0.5987,0.4128,0.7238,0.7203,0.1241,,,,337.3,completed
fixed_20260721_225740_cd7fb9,splitomcplus,svhn,cnn,middle,1,traffic-composition,static,equal_spread,line,0,0,False,fixed,fixed,delta_hard,fixed,0.7962,0.8322,0.6094,0.3969,0.7356,0.7113,0.143,,,,325.7,completed
fixed_20260721_225957_368dfe,splitomcplus,svhn,cnn,middle,2,traffic-composition,static,equal_spread,line,0,0,False,fixed,fixed,delta_hard,fixed,0.7847,0.8225,0.5844,0.4031,0.7252,0.7035,0.1222,,,,301.4,completed
fixed_20260721_232959_5bfdc4,splitomcplus,svhn,cnn,middle,3,traffic-composition,static,equal_spread,line,0,0,False,fixed,fixed,delta_hard,fixed,0.7958,0.8408,0.5845,0.4243,0.735,0.7044,0.1471,,,,328.2,completed
fixed_20260722_011817_54bd61,splitomcplus,svhn,cnn,middle,4,traffic-composition,static,equal_spread,line,0,0,False,fixed,fixed,delta_hard,fixed,0.8175,0.8599,0.6226,0.4667,0.7749,0.7476,0.1057,,,,311.6,completed
fixed_20260721_065208_3103b9,splitomcplus,svhn,cnn,middle,0,traffic-composition,gradual_sigmoid,gradual_sigmoid,line,0,0,False,fixed,fixed,delta_hard,fixed,0.7922,0.8357,0.747,0.4669,0.757,0.7323,0.0606,,,,332.7,completed
fixed_20260721_085849_303d2b,splitomcplus,svhn,cnn,middle,1,traffic-composition,gradual_sigmoid,gradual_sigmoid,line,0,0,False,fixed,fixed,delta_hard,fixed,0.8009,0.8383,0.755,0.4727,0.7408,0.7018,0.1116,,,,326.5,completed
fixed_20260721_094737_cda8b3,splitomcplus,svhn,cnn,middle,2,traffic-composition,gradual_sigmoid,gradual_sigmoid,line,0,0,False,fixed,fixed,delta_hard,fixed,0.7851,0.8287,0.7033,0.4739,0.7343,0.6881,0.0797,,,,302.8,completed
fixed_20260722_090458_5e983a,splitomcplus,svhn,cnn,middle,0,traffic-composition,static,equal_spread,line,0,0,False,fixed,fixed,delta_hard,fixed,0.7892,0.8357,0.5862,0.3998,0.7195,0.7159,0.1359,,,,339.4,completed
fixed_20260722_091827_61b4a2,splitomcplus,svhn,cnn,middle,1,traffic-composition,static,equal_spread,line,0,0,False,fixed,fixed,delta_hard,fixed,0.7958,0.8382,0.5981,0.3801,0.732,0.7092,0.1531,,,,331.6,completed
fixed_20260722_100052_71ccb1,splitomcplus,svhn,cnn,middle,2,traffic-composition,static,equal_spread,line,0,0,False,fixed,fixed,delta_hard,fixed,0.7847,0.829,0.5734,0.3886,0.7221,0.7057,0.1319,,,,305.8,completed
fixed_20260720_235016_63448d,splitomcplus,svhn,cnn,middle,0,traffic-composition,gradual_sigmoid,gradual_sigmoid,line,0,0,False,fixed,fixed,delta_hard,fixed,0.7873,0.8441,0.7177,0.4389,0.7535,0.7231,0.0596,,,,348.1,completed
fixed_20260721_010036_c246ec,splitomcplus,svhn,cnn,middle,1,traffic-composition,gradual_sigmoid,gradual_sigmoid,line,0,0,False,fixed,fixed,delta_hard,fixed,0.7951,0.8445,0.7286,0.4382,0.7338,0.6963,0.1135,,,,331.9,completed
fixed_20260721_012159_1b959a,splitomcplus,svhn,cnn,middle,2,traffic-composition,gradual_sigmoid,gradual_sigmoid,line,0,0,False,fixed,fixed,delta_hard,fixed,0.7806,0.8362,0.6784,0.4489,0.7294,0.6837,0.08,,,,309.1,completed
fixed_20260721_012432_75a53d,splitomcplus,svhn,cnn,middle,3,traffic-composition,gradual_sigmoid,gradual_sigmoid,line,0,0,False,fixed,fixed,delta_hard,fixed,0.8023,0.8517,0.7194,0.4663,0.7314,0.6734,0.1403,,,,327.4,completed
fixed_20260721_034921_acf004,splitomcplus,svhn,cnn,middle,4,traffic-composition,gradual_sigmoid,gradual_sigmoid,line,0,0,False,fixed,fixed,delta_hard,fixed,0.8241,0.8684,0.7513,0.512,0.7849,0.7253,0.0865,,,,309.3,completed
fixed_20260722_014400_4696da,splitomcplus,svhn,cnn,middle,0,traffic-composition,static,equal_spread,line,0,0,False,fixed,fixed,delta_hard,fixed,0.7869,0.8441,0.5632,0.3784,0.7116,0.7075,0.1515,,,,329.2,completed
fixed_20260722_030438_832982,splitomcplus,svhn,cnn,middle,1,traffic-composition,static,equal_spread,line,0,0,False,fixed,fixed,delta_hard,fixed,0.7926,0.8446,0.5784,0.3548,0.7243,0.7055,0.1677,,,,337.7,completed
fixed_20260722_032038_c7ad25,splitomcplus,svhn,cnn,middle,2,traffic-composition,static,equal_spread,line,0,0,False,fixed,fixed,delta_hard,fixed,0.7821,0.8362,0.5545,0.3675,0.716,0.701,0.1451,,,,311.6,completed
fixed_20260722_032948_ea2e47,splitomcplus,svhn,cnn,middle,3,traffic-composition,static,equal_spread,line,0,0,False,fixed,fixed,delta_hard,fixed,0.7944,0.8517,0.5572,0.4002,0.735,0.7035,0.1544,,,,335.0,completed
fixed_20260722_040133_c5f427,splitomcplus,svhn,cnn,middle,4,traffic-composition,static,equal_spread,line,0,0,False,fixed,fixed,delta_hard,fixed,0.8139,0.8685,0.5999,0.4292,0.7611,0.7389,0.1192,,,,316.7,completed
fixed_20260721_102154_170b39,splitomcplus,svhn,cnn,middle,0,traffic-composition,gradual_sigmoid,gradual_sigmoid,line,0,0,False,fixed,fixed,delta_hard,fixed,0.757,0.8649,0.5877,0.3302,0.721,0.677,0.068,,,,352.0,completed
fixed_20260721_103158_f3aa1a,splitomcplus,svhn,cnn,middle,1,traffic-composition,gradual_sigmoid,gradual_sigmoid,line,0,0,False,fixed,fixed,delta_hard,fixed,0.7625,0.8597,0.61,0.3067,0.7012,0.6683,0.1191,,,,332.2,completed
fixed_20260721_111655_de624d,splitomcplus,svhn,cnn,middle,2,traffic-composition,gradual_sigmoid,gradual_sigmoid,line,0,0,False,fixed,fixed,delta_hard,fixed,0.7524,0.8561,0.562,0.3365,0.7025,0.6517,0.086,,,,306.9,completed
fixed_20260722_103511_4f7b92,splitomcplus,svhn,cnn,middle,0,traffic-composition,static,equal_spread,line,0,0,False,fixed,fixed,delta_hard,fixed,0.7664,0.8647,0.4612,0.2955,0.6785,0.6672,0.2016,,,,337.5,completed
fixed_20260722_113722_055715,splitomcplus,svhn,cnn,middle,1,traffic-composition,static,equal_spread,line,0,0,False,fixed,fixed,delta_hard,fixed,0.7692,0.8596,0.4879,0.2522,0.6848,0.6701,0.2216,,,,328.5,completed
fixed_20260722_124548_f2dd25,splitomcplus,svhn,cnn,middle,2,traffic-composition,static,equal_spread,line,0,0,False,fixed,fixed,delta_hard,fixed,0.7608,0.856,0.4633,0.2805,0.6753,0.6623,0.2018,,,,302.3,completed
selfcal_20260723_030412_1e51a2,splitomcplus,cifar10,resnet18,early,0,traffic-composition,A,A,line,0,0,False,selfcal,selfcal,tv_dist,selfcal,0.5742,0.699,0.1129,0.017,0.4937,0.4175,0.1319,,,,521.8,completed
selfcal_20260723_114630_4f0158,splitomcplus,cifar10,resnet18,early,1,traffic-composition,A,A,line,0,0,False,selfcal,selfcal,tv_dist,selfcal,0.5499,0.6684,0.1009,0.0486,0.4577,0.3698,0.1849,,,,368.0,completed
selfcal_20260723_175451_d294ba,splitomcplus,cifar10,resnet18,early,2,traffic-composition,A,A,line,0,0,False,selfcal,selfcal,tv_dist,selfcal,0.6063,0.7288,0.1318,0.0183,0.5335,0.4506,0.1385,,,,350.2,completed
selfcal_20260724_084404_bcb666,splitomcplus,cifar10,resnet18,early,0,traffic-composition,A,A,line,0,0,False,selfcal,selfcal,ent_client,selfcal,0.582,0.7205,0.0949,0.0134,0.5046,0.4496,0.1392,,,,259.9,completed
selfcal_20260724_092237_dc628e,splitomcplus,cifar10,resnet18,early,1,traffic-composition,A,A,line,0,0,False,selfcal,selfcal,ent_client,selfcal,0.5604,0.702,0.0732,0.0403,0.4526,0.3858,0.1987,,,,227.3,completed
selfcal_20260724_105606_a4ca58,splitomcplus,cifar10,resnet18,early,2,traffic-composition,A,A,line,0,0,False,selfcal,selfcal,ent_client,selfcal,0.6095,0.7654,0.0776,0.0061,0.5512,0.4647,0.1152,,,,241.1,completed
fixed_20260723_234524_bc005e,splitomcplus,cifar10,resnet18,early,0,traffic-composition,A,A,line,0,0,False,fixed,fixed,delta_hard,fixed,0.5428,0.6428,0.1424,0.0281,0.4435,0.3892,0.1637,,,,405.1,completed
fixed_20260724_001127_52b276,splitomcplus,cifar10,resnet18,early,1,traffic-composition,A,A,line,0,0,False,fixed,fixed,delta_hard,fixed,0.5149,0.6065,0.1401,0.0781,0.4126,0.3213,0.197,,,,320.0,completed
fixed_20260724_001125_495957,splitomcplus,cifar10,resnet18,early,2,traffic-composition,A,A,line,0,0,False,fixed,fixed,delta_hard,fixed,0.5428,0.6277,0.176,0.03,0.4487,0.3777,0.1767,,,,247.1,completed
fixed_20260724_041848_14e3c2,splitomcplus,cifar10,resnet18,early,0,traffic-composition,A,A,line,0,0,False,fixed,fixed,delta_hard,fixed,0.5626,0.6764,0.1282,0.025,0.481,0.4117,0.1387,,,,265.0,completed
fixed_20260724_053152_a09643,splitomcplus,cifar10,resnet18,early,1,traffic-composition,A,A,line,0,0,False,fixed,fixed,delta_hard,fixed,0.5274,0.6327,0.1215,0.0632,0.4273,0.3405,0.1946,,,,230.5,completed
fixed_20260724_063051_93a038,splitomcplus,cifar10,resnet18,early,2,traffic-composition,A,A,line,0,0,False,fixed,fixed,delta_hard,fixed,0.5754,0.6797,0.1524,0.0288,0.4862,0.3987,0.1609,,,,265.0,completed
selfcal_20260726_203032_6a9459,splitomcplus,cifar10,resnet18,late,0,traffic-composition,A,A,line,0,0,False,selfcal,selfcal,tv_dist,selfcal,0.6042,0.7726,0.0303,0.0013,0.5431,0.4789,0.1276,,,,718.3,completed
selfcal_20260726_220253_d2d60a,splitomcplus,cifar10,resnet18,late,1,traffic-composition,A,A,line,0,0,False,selfcal,selfcal,tv_dist,selfcal,0.617,0.7992,0.0254,0.0078,0.5537,0.4902,0.1238,,,,700.5,completed
selfcal_20260727_082933_a77a59,splitomcplus,cifar10,resnet18,late,2,traffic-composition,A,A,line,0,0,False,selfcal,selfcal,tv_dist,selfcal,0.6347,0.8163,0.0276,0.0008,0.5518,0.4889,0.138,,,,597.9,completed
selfcal_20260728_174742_69ee87,splitomcplus,cifar10,resnet18,late,1,traffic-composition,A,A,line,0,0,False,selfcal,selfcal,ent_client,selfcal,0.6069,0.7795,0.0373,0.0202,0.5158,0.4711,0.1645,,,,4553.0,completed
selfcal_20260728_174742_39b8b2,splitomcplus,cifar10,resnet18,late,2,traffic-composition,A,A,line,0,0,False,selfcal,selfcal,ent_client,selfcal,0.6389,0.8244,0.0173,0.0006,0.5755,0.4948,0.1092,,,,3791.9,completed
fixed_20260727_094419_7b7256,splitomcplus,cifar10,resnet18,late,0,traffic-composition,A,A,line,0,0,False,fixed,fixed,delta_hard,fixed,0.5672,0.691,0.1062,0.014,0.5004,0.4243,0.1406,,,,738.6,completed
selfcal_20260728_174742_0fe41e,splitomcplus,cifar10,resnet18,middle,0,traffic-composition,A,A,line,0,0,False,selfcal,selfcal,tv_dist,selfcal,0.5886,0.7349,0.0668,0.0052,0.514,0.4563,0.1324,,,,366.7,completed
selfcal_20260728_174742_164520,splitomcplus,cifar10,resnet18,middle,1,traffic-composition,A,A,line,0,0,False,selfcal,selfcal,tv_dist,selfcal,0.5695,0.7108,0.0607,0.0246,0.4819,0.4044,0.1817,,,,362.6,completed
selfcal_20260724_145732_31ef45,splitomcplus,cifar10,resnet18,middle,2,traffic-composition,A,A,line,0,0,False,selfcal,selfcal,tv_dist,selfcal,0.6334,0.7921,0.0804,0.0086,0.5572,0.5118,0.1317,,,,484.6,completed
selfcal_20260725_213214_061ebf,splitomcplus,cifar10,resnet18,middle,0,traffic-composition,A,A,line,0,0,False,selfcal,selfcal,ent_client,selfcal,0.5916,0.7419,0.0643,0.0064,0.5148,0.434,0.1399,,,,766.0,completed
selfcal_20260726_065039_0ae5ca,splitomcplus,cifar10,resnet18,middle,1,traffic-composition,A,A,line,0,0,False,selfcal,selfcal,ent_client,selfcal,0.5552,0.6929,0.0591,0.0351,0.4373,0.3575,0.2242,,,,819.0,completed
selfcal_20260726_102005_edb882,splitomcplus,cifar10,resnet18,middle,2,traffic-composition,A,A,line,0,0,False,selfcal,selfcal,ent_client,selfcal,0.6284,0.8017,0.0452,0.0029,0.552,0.508,0.132,,,,701.9,completed
fixed_20260724_151704_37697f,splitomcplus,cifar10,resnet18,middle,0,traffic-composition,A,A,line,0,0,False,fixed,fixed,delta_hard,fixed,0.5537,0.6621,0.1315,0.0223,0.4661,0.3996,0.1499,,,,603.8,completed
fixed_20260724_230225_a8e359,splitomcplus,cifar10,resnet18,middle,1,traffic-composition,A,A,line,0,0,False,fixed,fixed,delta_hard,fixed,0.513,0.6058,0.1235,0.0605,0.4079,0.3376,0.2122,,,,531.8,completed
fixed_20260725_012122_4f4097,splitomcplus,cifar10,resnet18,middle,2,traffic-composition,A,A,line,0,0,False,fixed,fixed,delta_hard,fixed,0.5646,0.6607,0.164,0.0288,0.4515,0.3878,0.1906,,,,443.5,completed
fixed_20260725_075437_aed1fd,splitomcplus,cifar10,resnet18,middle,0,traffic-composition,A,A,line,0,0,False,fixed,fixed,delta_hard,fixed,0.5738,0.7016,0.0956,0.0104,0.5035,0.4107,0.1329,,,,763.7,completed
fixed_20260725_084536_e756f0,splitomcplus,cifar10,resnet18,middle,1,traffic-composition,A,A,line,0,0,False,fixed,fixed,delta_hard,fixed,0.5401,0.658,0.0918,0.0411,0.4531,0.3762,0.1857,,,,766.0,completed
fixed_20260725_203850_f47b77,splitomcplus,cifar10,resnet18,middle,2,traffic-composition,A,A,line,0,0,False,fixed,fixed,delta_hard,fixed,0.5974,0.7198,0.1256,0.0217,0.4782,0.4108,0.1973,,,,610.9,completed
selfcal_20260724_151704_e7afa2,splitomcplus,cifar10,cnn,middle,0,traffic-composition,static,static,line,0,0,False,selfcal,selfcal,tv_dist,selfcal,0.4905,0.6088,0.3271,0.0489,0.4416,0.3689,0.1261,,,,423.2,completed
selfcal_20260724_163822_38b9d8,splitomcplus,cifar10,cnn,middle,1,traffic-composition,static,static,line,0,0,False,selfcal,selfcal,tv_dist,selfcal,0.4869,0.6285,0.263,0.0532,0.4202,0.3508,0.121,,,,406.4,completed
selfcal_20260724_175059_3306d0,splitomcplus,cifar10,cnn,middle,2,traffic-composition,static,static,line,0,0,False,selfcal,selfcal,tv_dist,selfcal,0.5022,0.6602,0.2465,0.0363,0.4364,0.3773,0.1327,,,,371.4,completed
selfcal_20260723_104039_54a2cd,splitomcplus,cifar10,cnn,middle,0,traffic-composition,static,static,line,0,0,False,selfcal,selfcal,ent_client,selfcal,0.4911,0.6326,0.2732,0.0371,0.4461,0.3747,0.1115,,,,415.6,completed
selfcal_20260723_114238_ae540b,splitomcplus,cifar10,cnn,middle,1,traffic-composition,static,static,line,0,0,False,selfcal,selfcal,ent_client,selfcal,0.49,0.6491,0.2275,0.0389,0.4279,0.3469,0.1166,,,,428.2,completed
selfcal_20260723_120302_40cfc1,splitomcplus,cifar10,cnn,middle,2,traffic-composition,static,static,line,0,0,False,selfcal,selfcal,ent_client,selfcal,0.4991,0.6683,0.2173,0.0275,0.4316,0.3722,0.1334,,,,404.2,completed
fixed_20260723_005418_2851c9,splitomcplus,cifar10,cnn,middle,0,traffic-composition,static,static,line,0,0,False,fixed,fixed,delta_hard,fixed,0.4714,0.5325,0.435,0.083,0.4157,0.3458,0.1322,,,,188.3,completed
fixed_20260723_005933_a2c389,splitomcplus,cifar10,cnn,middle,1,traffic-composition,static,static,line,0,0,False,fixed,fixed,delta_hard,fixed,0.467,0.5533,0.3592,0.107,0.3708,0.3259,0.1549,,,,188.7,completed
fixed_20260723_015107_867015,splitomcplus,cifar10,cnn,middle,2,traffic-composition,static,static,line,0,0,False,fixed,fixed,delta_hard,fixed,0.5014,0.6145,0.3457,0.0778,0.441,0.3754,0.1214,,,,294.8,completed
selfcal_20260724_180139_f5f265,splitomcplus,cifar10,cnn,middle,0,traffic-composition,static,static,line,0,0,False,selfcal,selfcal,tv_dist,selfcal,0.5024,0.624,0.3337,0.05,0.4538,0.381,0.1215,,,,398.6,completed
selfcal_20260724_180320_54a383,splitomcplus,cifar10,cnn,middle,1,traffic-composition,static,static,line,0,0,False,selfcal,selfcal,tv_dist,selfcal,0.4978,0.6417,0.2711,0.0538,0.4345,0.369,0.116,,,,395.0,completed
selfcal_20260724_222024_43a811,splitomcplus,cifar10,cnn,middle,2,traffic-composition,static,static,line,0,0,False,selfcal,selfcal,tv_dist,selfcal,0.5119,0.6713,0.2556,0.0374,0.4456,0.3845,0.1324,,,,366.0,completed
selfcal_20260723_173638_2cd05c,splitomcplus,cifar10,cnn,middle,0,traffic-composition,static,static,line,0,0,False,selfcal,selfcal,ent_client,selfcal,0.487,0.6087,0.3146,0.0468,0.4297,0.3688,0.1213,,,,495.0,completed
selfcal_20260723_184737_a26ba1,splitomcplus,cifar10,cnn,middle,1,traffic-composition,static,static,line,0,0,False,selfcal,selfcal,ent_client,selfcal,0.4803,0.6218,0.2556,0.0504,0.4113,0.342,0.1204,,,,501.7,completed
selfcal_20260723_185114_fed1f6,splitomcplus,cifar10,cnn,middle,2,traffic-composition,static,static,line,0,0,False,selfcal,selfcal,ent_client,selfcal,0.5019,0.6556,0.2554,0.0412,0.4352,0.3704,0.1259,,,,468.8,completed
fixed_20260723_023728_398a89,splitomcplus,cifar10,cnn,middle,0,traffic-composition,static,static,line,0,0,False,fixed,fixed,delta_hard,fixed,0.488,0.5511,0.4499,0.089,0.4324,0.3664,0.1298,,,,324.2,completed
fixed_20260723_033418_aced4a,splitomcplus,cifar10,cnn,middle,1,traffic-composition,static,static,line,0,0,False,fixed,fixed,delta_hard,fixed,0.4781,0.5662,0.3689,0.1072,0.3848,0.3447,0.1483,,,,175.3,completed
fixed_20260723_035004_8c0fd8,splitomcplus,cifar10,cnn,middle,2,traffic-composition,static,static,line,0,0,False,fixed,fixed,delta_hard,fixed,0.5121,0.6264,0.356,0.0793,0.4501,0.389,0.1219,,,,159.5,completed
selfcal_20260724_222038_59efa2,splitomcplus,cifar10,cnn,middle,0,traffic-composition,static,static,line,0,0,False,selfcal,selfcal,tv_dist,selfcal,0.3902,0.4511,0.3419,0.0441,0.3308,0.2676,0.1239,,,,386.9,completed
selfcal_20260724_225736_1f4f8e,splitomcplus,cifar10,cnn,middle,1,traffic-composition,static,static,line,0,0,False,selfcal,selfcal,tv_dist,selfcal,0.3829,0.477,0.2362,0.0882,0.2841,0.2359,0.1628,,,,391.4,completed
selfcal_20260724_225738_f94e0d,splitomcplus,cifar10,cnn,middle,2,traffic-composition,static,static,line,0,0,False,selfcal,selfcal,tv_dist,selfcal,0.4333,0.5424,0.274,0.0544,0.3521,0.3032,0.1619,,,,366.0,completed
selfcal_20260724_015200_714d3e,splitomcplus,cifar10,cnn,middle,0,traffic-composition,static,static,line,0,0,False,selfcal,selfcal,ent_client,selfcal,0.4331,0.5454,0.2732,0.0297,0.3806,0.3053,0.115,,,,295.6,completed
selfcal_20260724_024024_18a25a,splitomcplus,cifar10,cnn,middle,1,traffic-composition,static,static,line,0,0,False,selfcal,selfcal,ent_client,selfcal,0.4247,0.5537,0.2129,0.0553,0.3329,0.2656,0.1581,,,,296.5,completed
selfcal_20260724_030937_f30f38,splitomcplus,cifar10,cnn,middle,2,traffic-composition,static,static,line,0,0,False,selfcal,selfcal,ent_client,selfcal,0.466,0.6118,0.2301,0.0363,0.3799,0.3276,0.1605,,,,218.7,completed
fixed_20260723_040248_d7f633,splitomcplus,cifar10,cnn,middle,0,traffic-composition,static,static,line,0,0,False,fixed,fixed,delta_hard,fixed,0.3989,0.4444,0.3856,0.065,0.3411,0.2703,0.1235,,,,173.9,completed
fixed_20260723_040825_032b88,splitomcplus,cifar10,cnn,middle,1,traffic-composition,static,static,line,0,0,False,fixed,fixed,delta_hard,fixed,0.3777,0.4488,0.2783,0.1171,0.2807,0.2438,0.1541,,,,177.4,completed
fixed_20260723_062944_de8044,splitomcplus,cifar10,cnn,middle,2,traffic-composition,static,static,line,0,0,False,fixed,fixed,delta_hard,fixed,0.4381,0.5279,0.3229,0.0728,0.3477,0.3,0.18,,,,158.8,completed
selfcal_20260724_232532_38d665,splitomcplus,cifar10,cnn,middle,0,traffic-composition,static,static,line,0,0,False,selfcal,selfcal,tv_dist,selfcal,0.3726,0.4315,0.3251,0.0401,0.3069,0.2432,0.1291,,,,393.4,completed
selfcal_20260725_000318_fcbc83,splitomcplus,cifar10,cnn,middle,1,traffic-composition,static,static,line,0,0,False,selfcal,selfcal,tv_dist,selfcal,0.3796,0.4774,0.2244,0.0824,0.2764,0.2332,0.1735,,,,391.8,completed
selfcal_20260725_003914_7a0191,splitomcplus,cifar10,cnn,middle,2,traffic-composition,static,static,line,0,0,False,selfcal,selfcal,tv_dist,selfcal,0.4277,0.5388,0.2634,0.0489,0.3408,0.2957,0.1725,,,,369.2,completed
selfcal_20260724_064756_b0294b,splitomcplus,cifar10,cnn,middle,0,traffic-composition,static,static,line,0,0,False,selfcal,selfcal,ent_client,selfcal,0.4214,0.5325,0.2616,0.0273,0.3671,0.2949,0.1135,,,,250.1,completed
selfcal_20260724_064838_088bb9,splitomcplus,cifar10,cnn,middle,1,traffic-composition,static,static,line,0,0,False,selfcal,selfcal,ent_client,selfcal,0.423,0.5568,0.1998,0.0514,0.3281,0.2714,0.1622,,,,266.4,completed
selfcal_20260724_073713_8f9a73,splitomcplus,cifar10,cnn,middle,2,traffic-composition,static,static,line,0,0,False,selfcal,selfcal,ent_client,selfcal,0.4596,0.6063,0.2196,0.0354,0.3779,0.3297,0.154,,,,238.3,completed
fixed_20260723_062944_ffb3d0,splitomcplus,cifar10,cnn,middle,0,traffic-composition,static,static,line,0,0,False,fixed,fixed,delta_hard,fixed,0.3767,0.4199,0.365,0.056,0.3113,0.2449,0.1332,,,,174.3,completed
fixed_20260723_064615_df9ea4,splitomcplus,cifar10,cnn,middle,1,traffic-composition,static,static,line,0,0,False,fixed,fixed,delta_hard,fixed,0.3682,0.4411,0.2632,0.1105,0.2665,0.2316,0.1629,,,,316.1,completed
fixed_20260723_065653_3ce6de,splitomcplus,cifar10,cnn,middle,2,traffic-composition,static,static,line,0,0,False,fixed,fixed,delta_hard,fixed,0.4304,0.5196,0.3162,0.0672,0.3365,0.2923,0.1821,,,,164.3,completed
selfcal_20260725_004116_b94996,splitomcplus,cifar10,cnn,middle,0,traffic-composition,static,static,line,0,0,False,selfcal,selfcal,tv_dist,selfcal,0.5199,0.6253,0.3939,0.0607,0.4767,0.4126,0.1231,,,,397.7,completed
selfcal_20260725_042651_6a61aa,splitomcplus,cifar10,cnn,middle,1,traffic-composition,static,static,line,0,0,False,selfcal,selfcal,tv_dist,selfcal,0.488,0.6266,0.2712,0.0547,0.4126,0.3533,0.1367,,,,421.8,completed
selfcal_20260725_044754_e372b7,splitomcplus,cifar10,cnn,middle,2,traffic-composition,static,static,line,0,0,False,selfcal,selfcal,tv_dist,selfcal,0.5267,0.6872,0.2681,0.0502,0.4421,0.3949,0.1674,,,,394.8,completed
selfcal_20260724_105817_483aaf,splitomcplus,cifar10,cnn,middle,0,traffic-composition,static,static,line,0,0,False,selfcal,selfcal,ent_client,selfcal,0.5244,0.6633,0.3222,0.0403,0.4785,0.421,0.1215,,,,423.1,completed
selfcal_20260724_111516_ce07d4,splitomcplus,cifar10,cnn,middle,1,traffic-composition,static,static,line,0,0,False,selfcal,selfcal,ent_client,selfcal,0.4783,0.6217,0.2484,0.0493,0.403,0.3382,0.1466,,,,407.8,completed
selfcal_20260724_113548_64693a,splitomcplus,cifar10,cnn,middle,2,traffic-composition,static,static,line,0,0,False,selfcal,selfcal,ent_client,selfcal,0.5262,0.6991,0.2403,0.038,0.4464,0.3948,0.1586,,,,375.0,completed
fixed_20260723_070559_78597d,splitomcplus,cifar10,cnn,middle,0,traffic-composition,static,static,line,0,0,False,fixed,fixed,delta_hard,fixed,0.5079,0.5703,0.4756,0.0956,0.4666,0.3935,0.1155,,,,192.5,completed
fixed_20260723_080155_d01936,splitomcplus,cifar10,cnn,middle,1,traffic-composition,static,static,line,0,0,False,fixed,fixed,delta_hard,fixed,0.4622,0.5478,0.3565,0.1014,0.3716,0.3315,0.1652,,,,1956.0,completed
fixed_20260802_063624_dcd3be,splitomcplus,cifar10,cnn,middle,2,traffic-composition,static,static,line,0,0,False,fixed,fixed,delta_hard,fixed,0.5141,0.6246,0.3611,0.103,0.4341,0.3991,0.1647,,,,168.7,completed
selfcal_20260725_050416_77bce6,splitomcplus,cifar10,cnn,middle,0,traffic-composition,static,static,line,0,0,False,selfcal,selfcal,tv_dist,selfcal,0.5128,0.6169,0.3884,0.0591,0.4688,0.4061,0.1198,,,,437.1,completed
selfcal_20260725_052942_19e0a3,splitomcplus,cifar10,cnn,middle,1,traffic-composition,static,static,line,0,0,False,selfcal,selfcal,tv_dist,selfcal,0.478,0.6167,0.259,0.0515,0.402,0.3454,0.1373,,,,436.2,completed
selfcal_20260725_055956_cac75d,splitomcplus,cifar10,cnn,middle,2,traffic-composition,static,static,line,0,0,False,selfcal,selfcal,tv_dist,selfcal,0.5226,0.6817,0.2669,0.0485,0.4357,0.3872,0.1745,,,,411.1,completed
selfcal_20260724_151704_c7e7a0,splitomcplus,cifar10,cnn,middle,0,traffic-composition,static,static,line,0,0,False,selfcal,selfcal,ent_client,selfcal,0.5042,0.6154,0.3601,0.0572,0.4566,0.3999,0.1146,,,,460.1,completed
selfcal_20260724_151705_227ac2,splitomcplus,cifar10,cnn,middle,1,traffic-composition,static,static,line,0,0,False,selfcal,selfcal,ent_client,selfcal,0.4702,0.6106,0.2451,0.05,0.394,0.3347,0.147,,,,460.1,completed
selfcal_20260724_151704_0425f1,splitomcplus,cifar10,cnn,middle,2,traffic-composition,static,static,line,0,0,False,selfcal,selfcal,ent_client,selfcal,0.5132,0.6657,0.2679,0.0586,0.4335,0.3891,0.155,,,,422.9,completed
fixed_20260802_070419_438669,splitomcplus,cifar10,cnn,middle,0,traffic-composition,static,static,line,0,0,False,fixed,fixed,delta_hard,fixed,0.4975,0.5597,0.4636,0.0912,0.4563,0.3848,0.108,,,,193.0,completed
fixed_20260802_075544_188460,splitomcplus,cifar10,cnn,middle,1,traffic-composition,static,static,line,0,0,False,fixed,fixed,delta_hard,fixed,0.4456,0.5306,0.3379,0.0952,0.3549,0.3153,0.1681,,,,188.1,completed
fixed_20260802_085900_42f8c3,splitomcplus,cifar10,cnn,middle,2,traffic-composition,static,static,line,0,0,False,fixed,fixed,delta_hard,fixed,0.5081,0.6174,0.3578,0.0984,0.4238,0.3897,0.1738,,,,154.6,completed
selfcal_20260726_063354_89c026,splitomcplus,cifar10,cnn,middle,0,traffic-composition,abrupt,abrupt,line,0,0,False,selfcal,selfcal,tv_dist,selfcal,0.5854,0.6506,0.2285,0.1363,0.541,0.3945,0.0783,,,,595.7,completed
selfcal_20260726_065954_c4de0b,splitomcplus,cifar10,cnn,middle,1,traffic-composition,abrupt,abrupt,line,0,0,False,selfcal,selfcal,tv_dist,selfcal,0.5929,0.6846,0.1948,0.1187,0.5465,0.3949,0.0921,,,,591.6,completed
selfcal_20260726_073036_9d5679,splitomcplus,cifar10,cnn,middle,2,traffic-composition,abrupt,abrupt,line,0,0,False,selfcal,selfcal,tv_dist,selfcal,0.5881,0.6867,0.1651,0.1317,0.5413,0.4059,0.0914,,,,563.6,completed
selfcal_20260726_165224_d9627e,splitomcplus,cifar10,cnn,middle,0,traffic-composition,abrupt,abrupt,line,0,0,False,selfcal,selfcal,ent_client,selfcal,0.5632,0.687,0.1347,0.0779,0.5152,0.3644,0.0828,,,,497.3,completed
selfcal_20260726_165503_a6c82c,splitomcplus,cifar10,cnn,middle,1,traffic-composition,abrupt,abrupt,line,0,0,False,selfcal,selfcal,ent_client,selfcal,0.5743,0.7122,0.1221,0.0648,0.5256,0.3796,0.0958,,,,497.6,completed
selfcal_20260726_210526_eb4707,splitomcplus,cifar10,cnn,middle,2,traffic-composition,abrupt,abrupt,line,0,0,False,selfcal,selfcal,ent_client,selfcal,0.569,0.714,0.0912,0.0775,0.5247,0.3707,0.0868,,,,466.5,completed
fixed_20260726_125312_370f73,splitomcplus,cifar10,cnn,middle,0,traffic-composition,abrupt,abrupt,line,0,0,False,fixed,fixed,delta_hard,fixed,0.5742,0.6179,0.2589,0.162,0.5312,0.3688,0.0795,,,,491.1,completed
fixed_20260726_125519_75f845,splitomcplus,cifar10,cnn,middle,1,traffic-composition,abrupt,abrupt,line,0,0,False,fixed,fixed,delta_hard,fixed,0.5811,0.6315,0.2553,0.1689,0.5386,0.4116,0.0827,,,,501.5,completed
fixed_20260726_135913_36fe02,splitomcplus,cifar10,cnn,middle,2,traffic-composition,abrupt,abrupt,line,0,0,False,fixed,fixed,delta_hard,fixed,0.5812,0.6373,0.2246,0.1891,0.537,0.3981,0.0927,,,,460.5,completed
fixed_20260726_142451_f6040a,splitomcplus,cifar10,cnn,middle,0,traffic-composition,abrupt,abrupt,line,0,0,False,fixed,fixed,delta_hard,fixed,0.5782,0.6521,0.2181,0.1324,0.534,0.3787,0.0783,,,,494.1,completed
fixed_20260726_142824_91d038,splitomcplus,cifar10,cnn,middle,1,traffic-composition,abrupt,abrupt,line,0,0,False,fixed,fixed,delta_hard,fixed,0.5866,0.6766,0.2008,0.1245,0.5399,0.3981,0.0922,,,,491.3,completed
fixed_20260726_163024_fd5fcd,splitomcplus,cifar10,cnn,middle,2,traffic-composition,abrupt,abrupt,line,0,0,False,fixed,fixed,delta_hard,fixed,0.5848,0.6773,0.1767,0.142,0.5379,0.4038,0.093,,,,462.0,completed
selfcal_20260725_200115_18a1cf,splitomcplus,cifar10,cnn,middle,0,traffic-composition,abrupt,abrupt,line,0,0,False,selfcal,selfcal,tv_dist,selfcal,0.588,0.6522,0.2311,0.1377,0.5432,0.3955,0.0876,,,,492.3,completed
selfcal_20260725_202437_48378e,splitomcplus,cifar10,cnn,middle,1,traffic-composition,abrupt,abrupt,line,0,0,False,selfcal,selfcal,tv_dist,selfcal,0.5977,0.6864,0.1986,0.123,0.5465,0.4103,0.0991,,,,490.3,completed
selfcal_20260725_211959_715bfe,splitomcplus,cifar10,cnn,middle,2,traffic-composition,abrupt,abrupt,line,0,0,False,selfcal,selfcal,tv_dist,selfcal,0.592,0.6845,0.1744,0.1351,0.5356,0.3983,0.1119,,,,462.1,completed
selfcal_20260726_043552_228ab3,splitomcplus,cifar10,cnn,middle,0,traffic-composition,abrupt,abrupt,line,0,0,False,selfcal,selfcal,ent_client,selfcal,0.5659,0.6954,0.13,0.0736,0.5228,0.367,0.0834,,,,562.5,completed
selfcal_20260726_050309_9a2cd9,splitomcplus,cifar10,cnn,middle,1,traffic-composition,abrupt,abrupt,line,0,0,False,selfcal,selfcal,ent_client,selfcal,0.5757,0.7156,0.1153,0.0634,0.524,0.3759,0.1044,,,,564.4,completed
selfcal_20260726_051914_dbdc4d,splitomcplus,cifar10,cnn,middle,2,traffic-composition,abrupt,abrupt,line,0,0,False,selfcal,selfcal,ent_client,selfcal,0.576,0.7205,0.0968,0.0741,0.5229,0.3743,0.1062,,,,544.7,completed
fixed_20260725_212407_a2d167,splitomcplus,cifar10,cnn,middle,0,traffic-composition,abrupt,abrupt,line,0,0,False,fixed,fixed,delta_hard,fixed,0.5727,0.617,0.2575,0.1607,0.5219,0.3638,0.0965,,,,474.4,completed
fixed_20260725_223816_d1842a,splitomcplus,cifar10,cnn,middle,1,traffic-composition,abrupt,abrupt,line,0,0,False,fixed,fixed,delta_hard,fixed,0.5861,0.6366,0.2554,0.1753,0.5398,0.4063,0.0881,,,,474.8,completed
fixed_20260725_233415_c71b64,splitomcplus,cifar10,cnn,middle,2,traffic-composition,abrupt,abrupt,line,0,0,False,fixed,fixed,delta_hard,fixed,0.5822,0.6341,0.2302,0.1879,0.5313,0.3948,0.1049,,,,444.9,completed
fixed_20260725_233538_1a06ab,splitomcplus,cifar10,cnn,middle,0,traffic-composition,abrupt,abrupt,line,0,0,False,fixed,fixed,delta_hard,fixed,0.5794,0.6521,0.2213,0.1339,0.529,0.3873,0.0957,,,,473.8,completed
fixed_20260726_034121_fdeb83,splitomcplus,cifar10,cnn,middle,1,traffic-composition,abrupt,abrupt,line,0,0,False,fixed,fixed,delta_hard,fixed,0.5917,0.6799,0.2027,0.1279,0.5394,0.41,0.0986,,,,550.6,completed
fixed_20260726_041419_025326,splitomcplus,cifar10,cnn,middle,2,traffic-composition,abrupt,abrupt,line,0,0,False,fixed,fixed,delta_hard,fixed,0.5869,0.6767,0.181,0.141,0.5315,0.3976,0.11,,,,520.2,completed
selfcal_20260725_063628_d7a5de,splitomcplus,cifar10,cnn,middle,0,traffic-composition,abrupt,abrupt,line,0,0,False,selfcal,selfcal,tv_dist,selfcal,0.5826,0.6474,0.2228,0.1544,0.5514,0.382,0.0685,,,,485.4,completed
selfcal_20260725_064938_967d50,splitomcplus,cifar10,cnn,middle,1,traffic-composition,abrupt,abrupt,line,0,0,False,selfcal,selfcal,tv_dist,selfcal,0.5985,0.6892,0.1953,0.1213,0.529,0.4052,0.1265,,,,489.8,completed
selfcal_20260725_071932_a053ff,splitomcplus,cifar10,cnn,middle,2,traffic-composition,abrupt,abrupt,line,0,0,False,selfcal,selfcal,tv_dist,selfcal,0.5966,0.6861,0.1835,0.1355,0.5565,0.4163,0.0836,,,,465.3,completed
selfcal_20260725_150022_c0543b,splitomcplus,cifar10,cnn,middle,0,traffic-composition,abrupt,abrupt,line,0,0,False,selfcal,selfcal,ent_client,selfcal,0.5614,0.6904,0.1242,0.0897,0.5254,0.3626,0.0767,,,,513.1,completed
selfcal_20260725_150537_1968f9,splitomcplus,cifar10,cnn,middle,1,traffic-composition,abrupt,abrupt,line,0,0,False,selfcal,selfcal,ent_client,selfcal,0.5781,0.7219,0.1124,0.0553,0.506,0.3842,0.1256,,,,509.1,completed
selfcal_20260725_195315_bbab1d,splitomcplus,cifar10,cnn,middle,2,traffic-composition,abrupt,abrupt,line,0,0,False,selfcal,selfcal,ent_client,selfcal,0.5769,0.7198,0.1011,0.0724,0.5327,0.3862,0.0911,,,,466.8,completed
fixed_20260725_112355_5d2df1,splitomcplus,cifar10,cnn,middle,0,traffic-composition,abrupt,abrupt,line,0,0,False,fixed,fixed,delta_hard,fixed,0.5671,0.6115,0.25,0.1801,0.5365,0.3475,0.0686,,,,508.5,completed
fixed_20260725_112920_941889,splitomcplus,cifar10,cnn,middle,1,traffic-composition,abrupt,abrupt,line,0,0,False,fixed,fixed,delta_hard,fixed,0.5846,0.6372,0.2485,0.1719,0.5308,0.3987,0.1009,,,,511.2,completed
fixed_20260725_122204_11f74e,splitomcplus,cifar10,cnn,middle,2,traffic-composition,abrupt,abrupt,line,0,0,False,fixed,fixed,delta_hard,fixed,0.5843,0.6355,0.2337,0.1888,0.5421,0.4096,0.0874,,,,481.2,completed
fixed_20260725_124641_ae2576,splitomcplus,cifar10,cnn,middle,0,traffic-composition,abrupt,abrupt,line,0,0,False,fixed,fixed,delta_hard,fixed,0.5731,0.6463,0.2133,0.1492,0.5403,0.3695,0.0728,,,,512.5,completed
fixed_20260725_125200_4b0ff2,splitomcplus,cifar10,cnn,middle,1,traffic-composition,abrupt,abrupt,line,0,0,False,fixed,fixed,delta_hard,fixed,0.5917,0.6831,0.1974,0.1252,0.5252,0.3966,0.1196,,,,511.7,completed
fixed_20260725_144248_d23d86,splitomcplus,cifar10,cnn,middle,2,traffic-composition,abrupt,abrupt,line,0,0,False,fixed,fixed,delta_hard,fixed,0.5901,0.6798,0.1857,0.1383,0.5472,0.4083,0.0883,,,,474.1,completed
selfcal_20260727_011347_2ec196,splitomcplus,cifar10,cnn,middle,0,traffic-composition,abrupt,abrupt,line,0,0,False,selfcal,selfcal,tv_dist,selfcal,0.6273,0.6877,0.2653,0.0982,0.5642,0.4799,0.1458,,,,434.5,completed
selfcal_20260727_013456_cacd1b,splitomcplus,cifar10,cnn,middle,1,traffic-composition,abrupt,abrupt,line,0,0,False,selfcal,selfcal,tv_dist,selfcal,0.6179,0.7,0.2195,0.0973,0.5242,0.4525,0.1523,,,,438.8,completed
selfcal_20260727_015247_fdb128,splitomcplus,cifar10,cnn,middle,2,traffic-composition,abrupt,abrupt,line,0,0,False,selfcal,selfcal,tv_dist,selfcal,0.6269,0.7246,0.1999,0.0813,0.5331,0.4674,0.1734,,,,406.2,completed
selfcal_20260727_024143_a42359,splitomcplus,cifar10,cnn,middle,0,traffic-composition,abrupt,abrupt,line,0,0,False,selfcal,selfcal,tv_dist,selfcal,0.6315,0.6832,0.2773,0.1068,0.5691,0.4866,0.1477,,,,434.9,completed
selfcal_20260727_042941_bef966,splitomcplus,cifar10,cnn,middle,1,traffic-composition,abrupt,abrupt,line,0,0,False,selfcal,selfcal,tv_dist,selfcal,0.624,0.6979,0.2329,0.1073,0.5293,0.4557,0.1551,,,,432.9,completed
selfcal_20260727_045319_70efe9,splitomcplus,cifar10,cnn,middle,2,traffic-composition,abrupt,abrupt,line,0,0,False,selfcal,selfcal,tv_dist,selfcal,0.633,0.7197,0.2155,0.093,0.5417,0.4777,0.1699,,,,413.6,completed
selfcal_20260727_060113_9d1656,splitomcplus,cifar10,cnn,middle,0,traffic-composition,abrupt,abrupt,line,0,0,False,selfcal,selfcal,tv_dist,selfcal,0.6294,0.6824,0.2752,0.1045,0.5663,0.4827,0.148,,,,444.3,completed
selfcal_20260727_063732_de676b,splitomcplus,cifar10,cnn,middle,1,traffic-composition,abrupt,abrupt,line,0,0,False,selfcal,selfcal,tv_dist,selfcal,0.6209,0.6959,0.2307,0.1059,0.5244,0.4502,0.1583,,,,446.3,completed
selfcal_20260727_082912_381a9d,splitomcplus,cifar10,cnn,middle,2,traffic-composition,abrupt,abrupt,line,0,0,False,selfcal,selfcal,tv_dist,selfcal,0.6313,0.7201,0.2129,0.0907,0.541,0.4773,0.1682,,,,430.0,completed
selfcal_20260727_140455_dba753,splitomcplus,cifar10,cnn,middle,0,traffic-composition,abrupt,abrupt,dynamic,0,0,False,selfcal,selfcal,tv_dist,selfcal,0.6328,0.6839,0.2781,0.1075,0.5712,0.4869,0.1456,,,,463.5,completed
selfcal_20260727_153957_3e3eff,splitomcplus,cifar10,cnn,middle,1,traffic-composition,abrupt,abrupt,dynamic,0,0,False,selfcal,selfcal,tv_dist,selfcal,0.6259,0.6941,0.2399,0.1127,0.5315,0.4554,0.1554,,,,460.1,completed
selfcal_20260727_162256_67417d,splitomcplus,cifar10,cnn,middle,2,traffic-composition,abrupt,abrupt,dynamic,0,0,False,selfcal,selfcal,tv_dist,selfcal,0.6349,0.7206,0.2162,0.0958,0.5473,0.4771,0.1646,,,,431.6,completed
selfcal_20260727_084009_1e92aa,splitomcplus,cifar10,cnn,middle,0,traffic-composition,abrupt,abrupt,line,0,0,False,selfcal,selfcal,tv_dist,selfcal,0.6327,0.6836,0.2783,0.1082,0.5703,0.4865,0.1472,,,,462.0,completed
selfcal_20260727_085438_1036dd,splitomcplus,cifar10,cnn,middle,1,traffic-composition,abrupt,abrupt,line,0,0,False,selfcal,selfcal,tv_dist,selfcal,0.6254,0.6989,0.2343,0.1084,0.5314,0.4559,0.1546,,,,461.6,completed
selfcal_20260727_095746_b7ecf8,splitomcplus,cifar10,cnn,middle,2,traffic-composition,abrupt,abrupt,line,0,0,False,selfcal,selfcal,tv_dist,selfcal,0.6348,0.7203,0.2174,0.0946,0.5445,0.4784,0.1686,,,,435.0,completed
selfcal_20260727_114336_c7c379,splitomcplus,cifar10,cnn,middle,0,traffic-composition,abrupt,abrupt,line,0,0,False,selfcal,selfcal,tv_dist,selfcal,0.6322,0.6833,0.278,0.1075,0.57,0.4859,0.1472,,,,455.9,completed
selfcal_20260727_114754_836223,splitomcplus,cifar10,cnn,middle,1,traffic-composition,abrupt,abrupt,line,0,0,False,selfcal,selfcal,tv_dist,selfcal,0.6252,0.6977,0.2351,0.1089,0.5313,0.4558,0.1543,,,,449.6,completed
selfcal_20260727_132652_0398f6,splitomcplus,cifar10,cnn,middle,2,traffic-composition,abrupt,abrupt,line,0,0,False,selfcal,selfcal,tv_dist,selfcal,0.6339,0.7189,0.2179,0.0956,0.5417,0.4783,0.1711,,,,436.3,completed
selfcal_20260726_211907_3066da,splitomcplus,cifar10,cnn,middle,0,traffic-composition,abrupt,abrupt,line,0,0,False,selfcal,selfcal,tv_dist,selfcal,0.5631,0.6302,0.2324,0.0686,0.5106,0.4024,0.1153,,,,254.7,completed
selfcal_20260726_214046_12de17,splitomcplus,cifar10,cnn,middle,1,traffic-composition,abrupt,abrupt,line,0,0,False,selfcal,selfcal,tv_dist,selfcal,0.5491,0.6423,0.1766,0.0601,0.4511,0.3478,0.1659,,,,250.8,completed
selfcal_20260726_224030_a558a9,splitomcplus,cifar10,cnn,middle,2,traffic-composition,abrupt,abrupt,line,0,0,False,selfcal,selfcal,tv_dist,selfcal,0.5703,0.6703,0.1741,0.0524,0.4704,0.3841,0.1943,,,,240.1,completed
selfcal_20260726_224044_0239ec,splitomcplus,cifar10,cnn,middle,0,traffic-composition,abrupt,abrupt,line,0,0,False,selfcal,selfcal,tv_dist,selfcal,0.6136,0.6706,0.2633,0.0904,0.553,0.4499,0.1434,,,,348.0,completed
selfcal_20260727_001351_ec3e91,splitomcplus,cifar10,cnn,middle,1,traffic-composition,abrupt,abrupt,line,0,0,False,selfcal,selfcal,tv_dist,selfcal,0.6019,0.6854,0.2233,0.0857,0.5098,0.4265,0.1725,,,,346.1,completed
selfcal_20260727_011027_f31050,splitomcplus,cifar10,cnn,middle,2,traffic-composition,abrupt,abrupt,line,0,0,False,selfcal,selfcal,tv_dist,selfcal,0.6023,0.6915,0.2035,0.0802,0.5026,0.4368,0.1907,,,,326.4,completed
selfcal_20260727_163654_918e78,splitomcplus,cifar10,cnn,middle,0,traffic-composition,abrupt,abrupt,ring,0,0,False,selfcal,selfcal,tv_dist,selfcal,0.6324,0.6834,0.278,0.1077,0.5706,0.4863,0.1457,,,,453.8,completed
selfcal_20260727_171344_3998ac,splitomcplus,cifar10,cnn,middle,1,traffic-composition,abrupt,abrupt,ring,0,0,False,selfcal,selfcal,tv_dist,selfcal,0.6259,0.6961,0.2383,0.1101,0.5331,0.4577,0.154,,,,451.1,completed
selfcal_20260727_191832_62e13f,splitomcplus,cifar10,cnn,middle,2,traffic-composition,abrupt,abrupt,ring,0,0,False,selfcal,selfcal,tv_dist,selfcal,0.6344,0.7223,0.2149,0.0908,0.5458,0.4773,0.1671,,,,419.2,completed
selfcal_20260727_192029_67557a,splitomcplus,cifar10,cnn,middle,0,traffic-composition,abrupt,abrupt,star,0,0,False,selfcal,selfcal,tv_dist,selfcal,0.6325,0.6827,0.2788,0.1086,0.57,0.4858,0.147,,,,491.5,completed
selfcal_20260727_204413_ee55d3,splitomcplus,cifar10,cnn,middle,1,traffic-composition,abrupt,abrupt,star,0,0,False,selfcal,selfcal,tv_dist,selfcal,0.627,0.693,0.2435,0.1153,0.533,0.4575,0.1544,,,,831.0,completed
selfcal_20260727_214912_5cc4ef,splitomcplus,cifar10,cnn,middle,2,traffic-composition,abrupt,abrupt,star,0,0,False,selfcal,selfcal,tv_dist,selfcal,0.6331,0.7259,0.2082,0.0848,0.5429,0.4757,0.1693,,,,838.8,completed
adaptive_splitomc,adaptive_splitomc,cifar10,cnn,middle,,traffic-composition,,,line,0,0,False,fixed,fixed,,,0.6669,0.7165,0.3394,0.1182,0.6116,,0.1256,,,,200.3,completed
passive_20260711_035411_9d4804,splitomcplus,cifar10,cnn,middle,0,traffic-composition,A,A,line,0,0,False,fixed,fixed,delta_hard,fixed,0.616,0.6799,0.2912,0.0682,0.5536,0.4665,0.1453,,,,138.4,completed
passive_20260711_035411_e09c06,splitomcplus,cifar10,cnn,middle,1,traffic-composition,A,A,line,0,0,False,fixed,fixed,delta_hard,fixed,0.6115,0.6954,0.2354,0.0762,0.5133,0.4441,0.1518,,,,139.5,completed
passive_20260711_035411_d72d50,splitomcplus,cifar10,cnn,middle,2,traffic-composition,A,A,line,0,0,False,fixed,fixed,delta_hard,fixed,0.6197,0.7111,0.2201,0.0624,0.5281,0.4533,0.1728,,,,122.9,completed
passive_20260711_061247_ec16ea,splitomcplus,cifar10,cnn,middle,0,traffic-composition,abrupt,abrupt,line,0,0,False,fixed,fixed,delta_hard,fixed,0.6041,0.6788,0.2423,0.0744,0.5341,0.4549,0.1517,,,,143.3,completed
passive_20260711_061347_1e520b,splitomcplus,cifar10,cnn,middle,1,traffic-composition,abrupt,abrupt,line,0,0,False,fixed,fixed,delta_hard,fixed,0.5969,0.6914,0.2002,0.0779,0.4983,0.4314,0.1604,,,,141.4,completed
passive_20260711_055715_1e0395,splitomcplus,cifar10,cnn,middle,2,traffic-composition,abrupt,abrupt,line,0,0,False,fixed,fixed,delta_hard,fixed,0.6073,0.7134,0.1818,0.0635,0.5092,0.4447,0.1831,,,,127.6,completed
passive_20260711_105721_5a0545,splitomcplus,cifar10,cnn,middle,0,traffic-composition,burst,burst,line,0,0,False,fixed,fixed,delta_hard,fixed,0.6654,0.679,0.0481,0.0113,0.5994,0.4852,0.1538,,,,142.2,completed
passive_20260711_110209_b9b54c,splitomcplus,cifar10,cnn,middle,1,traffic-composition,burst,burst,line,0,0,False,fixed,fixed,delta_hard,fixed,0.6748,0.6916,0.0416,0.0131,0.5603,0.4655,0.1772,,,,137.9,completed
passive_20260711_100815_eac1d8,splitomcplus,cifar10,cnn,middle,2,traffic-composition,burst,burst,line,0,0,False,fixed,fixed,delta_hard,fixed,0.6941,0.7131,0.038,0.0111,0.5764,0.4792,0.2214,,,,131.2,completed
passive_20260711_083616_e1eaaa,splitomcplus,cifar10,cnn,middle,0,traffic-composition,recurring,recurring,line,0,0,False,fixed,fixed,delta_hard,fixed,0.6248,0.6788,0.1917,0.0473,0.5566,0.4738,0.1538,,,,140.9,completed
passive_20260711_083518_269562,splitomcplus,cifar10,cnn,middle,1,traffic-composition,recurring,recurring,line,0,0,False,fixed,fixed,delta_hard,fixed,0.6209,0.6915,0.1599,0.0509,0.521,0.4386,0.1631,,,,146.7,completed
passive_20260711_080502_a01aef,splitomcplus,cifar10,cnn,middle,2,traffic-composition,recurring,recurring,line,0,0,False,fixed,fixed,delta_hard,fixed,0.6354,0.7133,0.1454,0.0422,0.5378,0.4609,0.1855,,,,123.1,completed
