setting,period,mode,window,statistic,mean (SD) over seeds
S1,day1,full offloading,day1_full,n,3738883.6000 (33680.9146)
S1,day1,full offloading,day1_full,fallback,0.0647 (0.0150)
S1,day1,full offloading,day1_full,fallback_no_cal,0.0242 (0.0003)
S1,day1,full offloading,day1_full,fallback_no_obs,0.0004 (0.0000)
S1,day1,full offloading,day1_full,fallback_weak_c,0.0400 (0.0149)
S1,day1,full offloading,day1_full,fallback_nonfinite,0.0000 (0.0000)
S1,day1,full offloading,day1_full,sA_fallback,0.0242 (0.0003)
S1,day1,full offloading,day1_full,clip_low,0.0349 (0.0106)
S1,day1,full offloading,day1_full,clip_high,0.2251 (0.0164)
S1,day1,full offloading,day1_full,err_window_mean,-0.0184 (0.0038)
S1,day1,full offloading,day1_full,err_window_mae,0.1002 (0.0138)
S1,day1,full offloading,day1_full,err_current_mean,-0.0184 (0.0039)
S1,day1,full offloading,day1_full,err_current_mae,0.1005 (0.0137)
S1,day1,full offloading,day1_full,s_true_current,0.6633 (0.0060)
S1,day1,full offloading,day1_full,c11,0.7822 (0.0149)
S1,day1,full offloading,day1_full,c01,0.3422 (0.0313)
S1,day1,full offloading,day1_full,abs_c_diff,0.4404 (0.0376)
S1,day1,full offloading,day1_full,stale_eval_rounds,1.0000 (0.0000)
S1,day1,full offloading,day1_full,stale_training_rounds,4.9752 (0.0003)
S1,day1,full offloading,day1_full,cell_change,0.0791 (0.0010)
S1,day1,full offloading,day1_full,model_change,1.0000 (0.0000)
S1,day1,full offloading,day1_full,repeated_image,0.9818 (0.0008)
S1,day1,full offloading,day1_full,SC_share_driftgate,0.0084 (0.0018)
S1,day1,full offloading,day1_full,SC_mean_w,0.2326 (0.0307)
S1,day1,full offloading,day1_full,SC_share_r_none,0.0854 (0.0162)
S1,day1,full offloading,day1_full,SC_mean_numeric_r,0.5873 (0.0265)
S1,day1,full offloading,day1_full,SBg_share_driftgate,0.2487 (0.0419)
S1,day1,full offloading,day1_full,SA0.5_share_driftgate,0.0035 (0.0013)
S1,day1,full offloading,day1_full,SA0.65_share_driftgate,0.0064 (0.0026)
S1,day1,full offloading,day1_early,n,664574.2000 (8114.2814)
S1,day1,full offloading,day1_early,fallback,0.3171 (0.0515)
S1,day1,full offloading,day1_early,fallback_no_cal,0.1364 (0.0016)
S1,day1,full offloading,day1_early,fallback_no_obs,0.0005 (0.0000)
S1,day1,full offloading,day1_early,fallback_weak_c,0.1803 (0.0506)
S1,day1,full offloading,day1_early,fallback_nonfinite,0.0000 (0.0000)
S1,day1,full offloading,day1_early,sA_fallback,0.1364 (0.0016)
S1,day1,full offloading,day1_early,clip_low,0.0636 (0.0155)
S1,day1,full offloading,day1_early,clip_high,0.4845 (0.0622)
S1,day1,full offloading,day1_early,err_window_mean,-0.0783 (0.0119)
S1,day1,full offloading,day1_early,err_window_mae,0.1186 (0.0187)
S1,day1,full offloading,day1_early,err_current_mean,-0.0784 (0.0120)
S1,day1,full offloading,day1_early,err_current_mae,0.1178 (0.0185)
S1,day1,full offloading,day1_early,s_true_current,0.8427 (0.0103)
S1,day1,full offloading,day1_early,c11,0.6974 (0.0372)
S1,day1,full offloading,day1_early,c01,0.4142 (0.0451)
S1,day1,full offloading,day1_early,abs_c_diff,0.2856 (0.0269)
S1,day1,full offloading,day1_early,stale_eval_rounds,1.0000 (0.0000)
S1,day1,full offloading,day1_early,stale_training_rounds,4.8421 (0.0022)
S1,day1,full offloading,day1_early,cell_change,0.1025 (0.0222)
S1,day1,full offloading,day1_early,model_change,1.0000 (0.0000)
S1,day1,full offloading,day1_early,repeated_image,0.9602 (0.0074)
S1,day1,full offloading,day1_early,SC_share_driftgate,0.0064 (0.0053)
S1,day1,full offloading,day1_early,SC_mean_w,0.3611 (0.0283)
S1,day1,full offloading,day1_early,SC_share_r_none,0.0532 (0.0121)
S1,day1,full offloading,day1_early,SC_mean_numeric_r,0.5250 (0.0440)
S1,day1,full offloading,day1_early,SBg_share_driftgate,0.2737 (0.0339)
S1,day1,full offloading,day1_early,SA0.5_share_driftgate,0.0105 (0.0074)
S1,day1,full offloading,day1_early,SA0.65_share_driftgate,0.0081 (0.0059)
S1,day1,full offloading,day1_gt30,n,3074309.4000 (34387.2314)
S1,day1,full offloading,day1_gt30,fallback,0.0101 (0.0131)
S1,day1,full offloading,day1_gt30,fallback_no_cal,0.0000 (0.0000)
S1,day1,full offloading,day1_gt30,fallback_no_obs,0.0004 (0.0000)
S1,day1,full offloading,day1_gt30,fallback_weak_c,0.0098 (0.0131)
S1,day1,full offloading,day1_gt30,fallback_nonfinite,0.0000 (0.0000)
S1,day1,full offloading,day1_gt30,sA_fallback,0.0000 (0.0000)
S1,day1,full offloading,day1_gt30,clip_low,0.0305 (0.0122)
S1,day1,full offloading,day1_gt30,clip_high,0.1868 (0.0236)
S1,day1,full offloading,day1_gt30,err_window_mean,-0.0094 (0.0036)
S1,day1,full offloading,day1_gt30,err_window_mae,0.0973 (0.0144)
S1,day1,full offloading,day1_gt30,err_current_mean,-0.0094 (0.0037)
S1,day1,full offloading,day1_gt30,err_current_mae,0.0977 (0.0143)
S1,day1,full offloading,day1_gt30,s_true_current,0.6246 (0.0070)
S1,day1,full offloading,day1_gt30,c11,0.7979 (0.0182)
S1,day1,full offloading,day1_gt30,c01,0.3288 (0.0287)
S1,day1,full offloading,day1_gt30,abs_c_diff,0.4693 (0.0414)
S1,day1,full offloading,day1_gt30,stale_eval_rounds,1.0000 (0.0000)
S1,day1,full offloading,day1_gt30,stale_training_rounds,5.0000 (0.0000)
S1,day1,full offloading,day1_gt30,cell_change,0.0747 (0.0033)
S1,day1,full offloading,day1_gt30,model_change,1.0000 (0.0000)
S1,day1,full offloading,day1_gt30,repeated_image,0.9859 (0.0011)
S1,day1,full offloading,day1_gt30,SC_share_driftgate,0.0087 (0.0017)
S1,day1,full offloading,day1_gt30,SC_mean_w,0.2134 (0.0331)
S1,day1,full offloading,day1_gt30,SC_share_r_none,0.0901 (0.0177)
S1,day1,full offloading,day1_gt30,SC_mean_numeric_r,0.5966 (0.0353)
S1,day1,full offloading,day1_gt30,SBg_share_driftgate,0.2446 (0.0477)
S1,day1,full offloading,day1_gt30,SA0.5_share_driftgate,0.0022 (0.0016)
S1,day1,full offloading,day1_gt30,SA0.65_share_driftgate,0.0061 (0.0034)
S1,day1,full offloading,day1_gt50,n,2538286.6000 (29294.1503)
S1,day1,full offloading,day1_gt50,fallback,0.0076 (0.0100)
S1,day1,full offloading,day1_gt50,fallback_no_cal,0.0000 (0.0000)
S1,day1,full offloading,day1_gt50,fallback_no_obs,0.0004 (0.0000)
S1,day1,full offloading,day1_gt50,fallback_weak_c,0.0072 (0.0100)
S1,day1,full offloading,day1_gt50,fallback_nonfinite,0.0000 (0.0000)
S1,day1,full offloading,day1_gt50,sA_fallback,0.0000 (0.0000)
S1,day1,full offloading,day1_gt50,clip_low,0.0233 (0.0133)
S1,day1,full offloading,day1_gt50,clip_high,0.1911 (0.0255)
S1,day1,full offloading,day1_gt50,err_window_mean,-0.0071 (0.0037)
S1,day1,full offloading,day1_gt50,err_window_mae,0.0893 (0.0154)
S1,day1,full offloading,day1_gt50,err_current_mean,-0.0071 (0.0038)
S1,day1,full offloading,day1_gt50,err_current_mae,0.0899 (0.0153)
S1,day1,full offloading,day1_gt50,s_true_current,0.6304 (0.0073)
S1,day1,full offloading,day1_gt50,c11,0.8120 (0.0193)
S1,day1,full offloading,day1_gt50,c01,0.3334 (0.0285)
S1,day1,full offloading,day1_gt50,abs_c_diff,0.4786 (0.0415)
S1,day1,full offloading,day1_gt50,stale_eval_rounds,1.0000 (0.0000)
S1,day1,full offloading,day1_gt50,stale_training_rounds,5.0000 (0.0000)
S1,day1,full offloading,day1_gt50,cell_change,0.0672 (0.0020)
S1,day1,full offloading,day1_gt50,model_change,1.0000 (0.0000)
S1,day1,full offloading,day1_gt50,repeated_image,0.9921 (0.0015)
S1,day1,full offloading,day1_gt50,SC_share_driftgate,0.0090 (0.0016)
S1,day1,full offloading,day1_gt50,SC_mean_w,0.2078 (0.0334)
S1,day1,full offloading,day1_gt50,SC_share_r_none,0.0918 (0.0200)
S1,day1,full offloading,day1_gt50,SC_mean_numeric_r,0.5943 (0.0375)
S1,day1,full offloading,day1_gt50,SBg_share_driftgate,0.2481 (0.0500)
S1,day1,full offloading,day1_gt50,SA0.5_share_driftgate,0.0021 (0.0017)
S1,day1,full offloading,day1_gt50,SA0.65_share_driftgate,0.0068 (0.0043)
S1,day1,online beta 0.5 (offloaded requests),day1_full,n_offloaded,1865453.8000 (17023.2665)
S1,day1,online beta 0.5 (offloaded requests),day1_full,fallback,0.4508 (0.0581)
S1,day1,online beta 0.5 (offloaded requests),day1_full,fallback_no_cal,0.0245 (0.0003)
S1,day1,online beta 0.5 (offloaded requests),day1_full,fallback_few_selected,0.0014 (0.0015)
S1,day1,online beta 0.5 (offloaded requests),day1_full,fallback_few_offloads,0.0064 (0.0001)
S1,day1,online beta 0.5 (offloaded requests),day1_full,fallback_weak_v,0.4185 (0.0569)
S1,day1,online beta 0.5 (offloaded requests),day1_full,fallback_nonfinite,0.0000 (0.0000)
S1,day1,online beta 0.5 (offloaded requests),day1_full,fallback_denominator,0.0000 (0.0000)
S1,day1,online beta 0.5 (offloaded requests),day1_full,clip_all_low,0.1142 (0.0276)
S1,day1,online beta 0.5 (offloaded requests),day1_full,clip_all_high,0.1788 (0.0159)
S1,day1,online beta 0.5 (offloaded requests),day1_full,err_all_window_mean,-0.1673 (0.0125)
S1,day1,online beta 0.5 (offloaded requests),day1_full,err_all_window_mae,0.2297 (0.0144)
S1,day1,online beta 0.5 (offloaded requests),day1_full,err_off_current_mean,-0.1421 (0.0135)
S1,day1,online beta 0.5 (offloaded requests),day1_full,err_off_current_mae,0.2184 (0.0217)
S1,day1,online beta 0.5 (offloaded requests),day1_full,SC_share_driftgate,0.0059 (0.0024)
S2,day1,full offloading,day1_full,n,3348205.6667 (6770.2600)
S2,day1,full offloading,day1_full,fallback,0.0727 (0.0076)
S2,day1,full offloading,day1_full,fallback_no_cal,0.0270 (0.0000)
S2,day1,full offloading,day1_full,fallback_no_obs,0.0004 (0.0000)
S2,day1,full offloading,day1_full,fallback_weak_c,0.0453 (0.0075)
S2,day1,full offloading,day1_full,fallback_nonfinite,0.0000 (0.0000)
S2,day1,full offloading,day1_full,sA_fallback,0.0270 (0.0000)
S2,day1,full offloading,day1_full,clip_low,0.0252 (0.0031)
S2,day1,full offloading,day1_full,clip_high,0.3037 (0.0103)
S2,day1,full offloading,day1_full,err_window_mean,-0.0264 (0.0041)
S2,day1,full offloading,day1_full,err_window_mae,0.0934 (0.0067)
S2,day1,full offloading,day1_full,err_current_mean,-0.0263 (0.0040)
S2,day1,full offloading,day1_full,err_current_mae,0.0932 (0.0067)
S2,day1,full offloading,day1_full,s_true_current,0.7407 (0.0015)
S2,day1,full offloading,day1_full,c11,0.8092 (0.0550)
S2,day1,full offloading,day1_full,c01,0.3713 (0.0590)
S2,day1,full offloading,day1_full,abs_c_diff,0.4381 (0.0149)
S2,day1,full offloading,day1_full,stale_eval_rounds,1.0000 (0.0000)
S2,day1,full offloading,day1_full,stale_training_rounds,4.9718 (0.0000)
S2,day1,full offloading,day1_full,cell_change,0.0957 (0.0001)
S2,day1,full offloading,day1_full,model_change,1.0000 (0.0000)
S2,day1,full offloading,day1_full,repeated_image,0.9782 (0.0011)
S2,day1,full offloading,day1_full,SC_share_driftgate,0.0061 (0.0021)
S2,day1,full offloading,day1_full,SC_mean_w,0.3015 (0.0376)
S2,day1,full offloading,day1_full,SC_share_r_none,0.0629 (0.0050)
S2,day1,full offloading,day1_full,SC_mean_numeric_r,0.5413 (0.0565)
S2,day1,full offloading,day1_full,SBg_share_driftgate,0.3421 (0.0986)
S2,day1,full offloading,day1_full,SA0.5_share_driftgate,0.0033 (0.0031)
S2,day1,full offloading,day1_full,SA0.65_share_driftgate,0.0065 (0.0049)
S2,day1,full offloading,day1_early,n,650965.0000 (540.9187)
S2,day1,full offloading,day1_early,fallback,0.3148 (0.0191)
S2,day1,full offloading,day1_early,fallback_no_cal,0.1387 (0.0000)
S2,day1,full offloading,day1_early,fallback_no_obs,0.0005 (0.0000)
S2,day1,full offloading,day1_early,fallback_weak_c,0.1757 (0.0191)
S2,day1,full offloading,day1_early,fallback_nonfinite,0.0000 (0.0000)
S2,day1,full offloading,day1_early,sA_fallback,0.1387 (0.0000)
S2,day1,full offloading,day1_early,clip_low,0.0342 (0.0185)
S2,day1,full offloading,day1_early,clip_high,0.5103 (0.0317)
S2,day1,full offloading,day1_early,err_window_mean,-0.0712 (0.0235)
S2,day1,full offloading,day1_early,err_window_mae,0.0978 (0.0209)
S2,day1,full offloading,day1_early,err_current_mean,-0.0710 (0.0230)
S2,day1,full offloading,day1_early,err_current_mae,0.0967 (0.0212)
S2,day1,full offloading,day1_early,s_true_current,0.8603 (0.0007)
S2,day1,full offloading,day1_early,c11,0.6832 (0.0634)
S2,day1,full offloading,day1_early,c01,0.3900 (0.0511)
S2,day1,full offloading,day1_early,abs_c_diff,0.2936 (0.0207)
S2,day1,full offloading,day1_early,stale_eval_rounds,1.0000 (0.0000)
S2,day1,full offloading,day1_early,stale_training_rounds,4.8364 (0.0000)
S2,day1,full offloading,day1_early,cell_change,0.0652 (0.0001)
S2,day1,full offloading,day1_early,model_change,1.0000 (0.0000)
S2,day1,full offloading,day1_early,repeated_image,0.9825 (0.0009)
S2,day1,full offloading,day1_early,SC_share_driftgate,0.0047 (0.0075)
S2,day1,full offloading,day1_early,SC_mean_w,0.4478 (0.0307)
S2,day1,full offloading,day1_early,SC_share_r_none,0.0582 (0.0221)
S2,day1,full offloading,day1_early,SC_mean_numeric_r,0.4967 (0.0341)
S2,day1,full offloading,day1_early,SBg_share_driftgate,0.2923 (0.1272)
S2,day1,full offloading,day1_early,SA0.5_share_driftgate,0.0056 (0.0065)
S2,day1,full offloading,day1_early,SA0.65_share_driftgate,0.0111 (0.0099)
S2,day1,full offloading,day1_gt30,n,2697240.6667 (6309.3272)
S2,day1,full offloading,day1_gt30,fallback,0.0142 (0.0050)
S2,day1,full offloading,day1_gt30,fallback_no_cal,0.0000 (0.0000)
S2,day1,full offloading,day1_gt30,fallback_no_obs,0.0004 (0.0000)
S2,day1,full offloading,day1_gt30,fallback_weak_c,0.0138 (0.0050)
S2,day1,full offloading,day1_gt30,fallback_nonfinite,0.0000 (0.0000)
S2,day1,full offloading,day1_gt30,sA_fallback,0.0000 (0.0000)
S2,day1,full offloading,day1_gt30,clip_low,0.0237 (0.0049)
S2,day1,full offloading,day1_gt30,clip_high,0.2691 (0.0080)
S2,day1,full offloading,day1_gt30,err_window_mean,-0.0189 (0.0020)
S2,day1,full offloading,day1_gt30,err_window_mae,0.0926 (0.0043)
S2,day1,full offloading,day1_gt30,err_current_mean,-0.0188 (0.0018)
S2,day1,full offloading,day1_gt30,err_current_mae,0.0926 (0.0043)
S2,day1,full offloading,day1_gt30,s_true_current,0.7118 (0.0017)
S2,day1,full offloading,day1_gt30,c11,0.8354 (0.0537)
S2,day1,full offloading,day1_gt30,c01,0.3674 (0.0612)
S2,day1,full offloading,day1_gt30,abs_c_diff,0.4681 (0.0168)
S2,day1,full offloading,day1_gt30,stale_eval_rounds,1.0000 (0.0000)
S2,day1,full offloading,day1_gt30,stale_training_rounds,5.0000 (0.0000)
S2,day1,full offloading,day1_gt30,cell_change,0.1020 (0.0001)
S2,day1,full offloading,day1_gt30,model_change,1.0000 (0.0000)
S2,day1,full offloading,day1_gt30,repeated_image,0.9773 (0.0011)
S2,day1,full offloading,day1_gt30,SC_share_driftgate,0.0064 (0.0012)
S2,day1,full offloading,day1_gt30,SC_mean_w,0.2770 (0.0418)
S2,day1,full offloading,day1_gt30,SC_share_r_none,0.0636 (0.0081)
S2,day1,full offloading,day1_gt30,SC_mean_numeric_r,0.5488 (0.0608)
S2,day1,full offloading,day1_gt30,SBg_share_driftgate,0.3504 (0.0940)
S2,day1,full offloading,day1_gt30,SA0.5_share_driftgate,0.0029 (0.0024)
S2,day1,full offloading,day1_gt30,SA0.65_share_driftgate,0.0056 (0.0045)
S2,day1,full offloading,day1_gt50,n,2275542.0000 (5712.0129)
S2,day1,full offloading,day1_gt50,fallback,0.0139 (0.0067)
S2,day1,full offloading,day1_gt50,fallback_no_cal,0.0000 (0.0000)
S2,day1,full offloading,day1_gt50,fallback_no_obs,0.0004 (0.0000)
S2,day1,full offloading,day1_gt50,fallback_weak_c,0.0134 (0.0067)
S2,day1,full offloading,day1_gt50,fallback_nonfinite,0.0000 (0.0000)
S2,day1,full offloading,day1_gt50,sA_fallback,0.0000 (0.0000)
S2,day1,full offloading,day1_gt50,clip_low,0.0221 (0.0046)
S2,day1,full offloading,day1_gt50,clip_high,0.2539 (0.0112)
S2,day1,full offloading,day1_gt50,err_window_mean,-0.0164 (0.0029)
S2,day1,full offloading,day1_gt50,err_window_mae,0.0900 (0.0030)
S2,day1,full offloading,day1_gt50,err_current_mean,-0.0163 (0.0028)
S2,day1,full offloading,day1_gt50,err_current_mae,0.0900 (0.0030)
S2,day1,full offloading,day1_gt50,s_true_current,0.7031 (0.0018)
S2,day1,full offloading,day1_gt50,c11,0.8423 (0.0512)
S2,day1,full offloading,day1_gt50,c01,0.3703 (0.0618)
S2,day1,full offloading,day1_gt50,abs_c_diff,0.4720 (0.0151)
S2,day1,full offloading,day1_gt50,stale_eval_rounds,1.0000 (0.0000)
S2,day1,full offloading,day1_gt50,stale_training_rounds,5.0000 (0.0000)
S2,day1,full offloading,day1_gt50,cell_change,0.0985 (0.0001)
S2,day1,full offloading,day1_gt50,model_change,1.0000 (0.0000)
S2,day1,full offloading,day1_gt50,repeated_image,0.9808 (0.0014)
S2,day1,full offloading,day1_gt50,SC_share_driftgate,0.0052 (0.0001)
S2,day1,full offloading,day1_gt50,SC_mean_w,0.2694 (0.0423)
S2,day1,full offloading,day1_gt50,SC_share_r_none,0.0631 (0.0085)
S2,day1,full offloading,day1_gt50,SC_mean_numeric_r,0.5556 (0.0649)
S2,day1,full offloading,day1_gt50,SBg_share_driftgate,0.3479 (0.0948)
S2,day1,full offloading,day1_gt50,SA0.5_share_driftgate,0.0029 (0.0021)
S2,day1,full offloading,day1_gt50,SA0.65_share_driftgate,0.0049 (0.0048)
S2,day1,online beta 0.5 (offloaded requests),day1_full,n_offloaded,1669881.6667 (3151.3229)
S2,day1,online beta 0.5 (offloaded requests),day1_full,fallback,0.4444 (0.0520)
S2,day1,online beta 0.5 (offloaded requests),day1_full,fallback_no_cal,0.0272 (0.0001)
S2,day1,online beta 0.5 (offloaded requests),day1_full,fallback_few_selected,0.0038 (0.0011)
S2,day1,online beta 0.5 (offloaded requests),day1_full,fallback_few_offloads,0.0072 (0.0000)
S2,day1,online beta 0.5 (offloaded requests),day1_full,fallback_weak_v,0.4062 (0.0528)
S2,day1,online beta 0.5 (offloaded requests),day1_full,fallback_nonfinite,0.0000 (0.0000)
S2,day1,online beta 0.5 (offloaded requests),day1_full,fallback_denominator,0.0000 (0.0000)
S2,day1,online beta 0.5 (offloaded requests),day1_full,clip_all_low,0.1096 (0.0178)
S2,day1,online beta 0.5 (offloaded requests),day1_full,clip_all_high,0.2403 (0.0226)
S2,day1,online beta 0.5 (offloaded requests),day1_full,err_all_window_mean,-0.1827 (0.0191)
S2,day1,online beta 0.5 (offloaded requests),day1_full,err_all_window_mae,0.2431 (0.0210)
S2,day1,online beta 0.5 (offloaded requests),day1_full,err_off_current_mean,-0.1658 (0.0185)
S2,day1,online beta 0.5 (offloaded requests),day1_full,err_off_current_mae,0.2420 (0.0202)
S2,day1,online beta 0.5 (offloaded requests),day1_full,SC_share_driftgate,0.0076 (0.0021)
S1-fast,day1,full offloading,day1_full,n,3756346.6667 (18229.6530)
S1-fast,day1,full offloading,day1_full,fallback,0.0589 (0.0139)
S1-fast,day1,full offloading,day1_full,fallback_no_cal,0.0242 (0.0003)
S1-fast,day1,full offloading,day1_full,fallback_no_obs,0.0004 (0.0000)
S1-fast,day1,full offloading,day1_full,fallback_weak_c,0.0344 (0.0138)
S1-fast,day1,full offloading,day1_full,fallback_nonfinite,0.0000 (0.0000)
S1-fast,day1,full offloading,day1_full,sA_fallback,0.0242 (0.0003)
S1-fast,day1,full offloading,day1_full,clip_low,0.0288 (0.0094)
S1-fast,day1,full offloading,day1_full,clip_high,0.2220 (0.0127)
S1-fast,day1,full offloading,day1_full,err_window_mean,-0.0177 (0.0052)
S1-fast,day1,full offloading,day1_full,err_window_mae,0.0979 (0.0123)
S1-fast,day1,full offloading,day1_full,err_current_mean,-0.0176 (0.0053)
S1-fast,day1,full offloading,day1_full,err_current_mae,0.0984 (0.0122)
S1-fast,day1,full offloading,day1_full,s_true_current,0.6602 (0.0032)
S1-fast,day1,full offloading,day1_full,c11,0.7799 (0.0031)
S1-fast,day1,full offloading,day1_full,c01,0.3290 (0.0355)
S1-fast,day1,full offloading,day1_full,abs_c_diff,0.4512 (0.0330)
S1-fast,day1,full offloading,day1_full,stale_eval_rounds,1.0000 (0.0000)
S1-fast,day1,full offloading,day1_full,stale_training_rounds,4.9752 (0.0003)
S1-fast,day1,full offloading,day1_full,cell_change,0.0679 (0.0062)
S1-fast,day1,full offloading,day1_full,model_change,1.0000 (0.0000)
S1-fast,day1,full offloading,day1_full,repeated_image,0.9835 (0.0012)
S1-fast,day1,full offloading,day1_full,SC_share_driftgate,0.0085 (0.0005)
S1-fast,day1,full offloading,day1_full,SC_mean_w,0.2148 (0.0296)
S1-fast,day1,full offloading,day1_full,SC_share_r_none,0.0886 (0.0013)
S1-fast,day1,full offloading,day1_full,SC_mean_numeric_r,0.6013 (0.0119)
S1-fast,day1,full offloading,day1_full,SBg_share_driftgate,0.2605 (0.0302)
S1-fast,day1,full offloading,day1_full,SA0.5_share_driftgate,0.0029 (0.0028)
S1-fast,day1,full offloading,day1_full,SA0.65_share_driftgate,0.0084 (0.0031)
S1-fast,day1,full offloading,day1_early,n,672113.3333 (13423.0615)
S1-fast,day1,full offloading,day1_early,fallback,0.3119 (0.0746)
S1-fast,day1,full offloading,day1_early,fallback_no_cal,0.1351 (0.0021)
S1-fast,day1,full offloading,day1_early,fallback_no_obs,0.0004 (0.0000)
S1-fast,day1,full offloading,day1_early,fallback_weak_c,0.1763 (0.0726)
S1-fast,day1,full offloading,day1_early,fallback_nonfinite,0.0000 (0.0000)
S1-fast,day1,full offloading,day1_early,sA_fallback,0.1351 (0.0021)
S1-fast,day1,full offloading,day1_early,clip_low,0.0667 (0.0248)
S1-fast,day1,full offloading,day1_early,clip_high,0.4896 (0.0604)
S1-fast,day1,full offloading,day1_early,err_window_mean,-0.0801 (0.0135)
S1-fast,day1,full offloading,day1_early,err_window_mae,0.1233 (0.0305)
S1-fast,day1,full offloading,day1_early,err_current_mean,-0.0804 (0.0136)
S1-fast,day1,full offloading,day1_early,err_current_mae,0.1227 (0.0304)
S1-fast,day1,full offloading,day1_early,s_true_current,0.8334 (0.0168)
S1-fast,day1,full offloading,day1_early,c11,0.6847 (0.0437)
S1-fast,day1,full offloading,day1_early,c01,0.3965 (0.0528)
S1-fast,day1,full offloading,day1_early,abs_c_diff,0.2899 (0.0350)
S1-fast,day1,full offloading,day1_early,stale_eval_rounds,1.0000 (0.0000)
S1-fast,day1,full offloading,day1_early,stale_training_rounds,4.8437 (0.0027)
S1-fast,day1,full offloading,day1_early,cell_change,0.1047 (0.0185)
S1-fast,day1,full offloading,day1_early,model_change,1.0000 (0.0000)
S1-fast,day1,full offloading,day1_early,repeated_image,0.9541 (0.0086)
S1-fast,day1,full offloading,day1_early,SC_share_driftgate,0.0154 (0.0045)
S1-fast,day1,full offloading,day1_early,SC_mean_w,0.3418 (0.0360)
S1-fast,day1,full offloading,day1_early,SC_share_r_none,0.0550 (0.0105)
S1-fast,day1,full offloading,day1_early,SC_mean_numeric_r,0.5228 (0.0519)
S1-fast,day1,full offloading,day1_early,SBg_share_driftgate,0.2586 (0.0445)
S1-fast,day1,full offloading,day1_early,SA0.5_share_driftgate,0.0045 (0.0035)
S1-fast,day1,full offloading,day1_early,SA0.65_share_driftgate,0.0110 (0.0043)
S1-fast,day1,full offloading,day1_gt30,n,3084233.3333 (21335.6028)
S1-fast,day1,full offloading,day1_gt30,fallback,0.0040 (0.0028)
S1-fast,day1,full offloading,day1_gt30,fallback_no_cal,0.0000 (0.0000)
S1-fast,day1,full offloading,day1_gt30,fallback_no_obs,0.0004 (0.0000)
S1-fast,day1,full offloading,day1_gt30,fallback_weak_c,0.0036 (0.0028)
S1-fast,day1,full offloading,day1_gt30,fallback_nonfinite,0.0000 (0.0000)
S1-fast,day1,full offloading,day1_gt30,sA_fallback,0.0000 (0.0000)
S1-fast,day1,full offloading,day1_gt30,clip_low,0.0230 (0.0083)
S1-fast,day1,full offloading,day1_gt30,clip_high,0.1823 (0.0140)
S1-fast,day1,full offloading,day1_gt30,err_window_mean,-0.0082 (0.0046)
S1-fast,day1,full offloading,day1_gt30,err_window_mae,0.0938 (0.0122)
S1-fast,day1,full offloading,day1_gt30,err_current_mean,-0.0080 (0.0047)
S1-fast,day1,full offloading,day1_gt30,err_current_mae,0.0945 (0.0119)
S1-fast,day1,full offloading,day1_gt30,s_true_current,0.6225 (0.0043)
S1-fast,day1,full offloading,day1_gt30,c11,0.7977 (0.0043)
S1-fast,day1,full offloading,day1_gt30,c01,0.3162 (0.0321)
S1-fast,day1,full offloading,day1_gt30,abs_c_diff,0.4815 (0.0357)
S1-fast,day1,full offloading,day1_gt30,stale_eval_rounds,1.0000 (0.0000)
S1-fast,day1,full offloading,day1_gt30,stale_training_rounds,5.0000 (0.0000)
S1-fast,day1,full offloading,day1_gt30,cell_change,0.0609 (0.0105)
S1-fast,day1,full offloading,day1_gt30,model_change,1.0000 (0.0000)
S1-fast,day1,full offloading,day1_gt30,repeated_image,0.9890 (0.0028)
S1-fast,day1,full offloading,day1_gt30,SC_share_driftgate,0.0075 (0.0003)
S1-fast,day1,full offloading,day1_gt30,SC_mean_w,0.1956 (0.0334)
S1-fast,day1,full offloading,day1_gt30,SC_share_r_none,0.0936 (0.0016)
S1-fast,day1,full offloading,day1_gt30,SC_mean_numeric_r,0.6128 (0.0196)
S1-fast,day1,full offloading,day1_gt30,SBg_share_driftgate,0.2600 (0.0363)
S1-fast,day1,full offloading,day1_gt30,SA0.5_share_driftgate,0.0026 (0.0029)
S1-fast,day1,full offloading,day1_gt30,SA0.65_share_driftgate,0.0079 (0.0041)
S1-fast,day1,full offloading,day1_gt50,n,2541402.0000 (18537.9191)
S1-fast,day1,full offloading,day1_gt50,fallback,0.0031 (0.0020)
S1-fast,day1,full offloading,day1_gt50,fallback_no_cal,0.0000 (0.0000)
S1-fast,day1,full offloading,day1_gt50,fallback_no_obs,0.0004 (0.0000)
S1-fast,day1,full offloading,day1_gt50,fallback_weak_c,0.0028 (0.0020)
S1-fast,day1,full offloading,day1_gt50,fallback_nonfinite,0.0000 (0.0000)
S1-fast,day1,full offloading,day1_gt50,sA_fallback,0.0000 (0.0000)
S1-fast,day1,full offloading,day1_gt50,clip_low,0.0159 (0.0086)
S1-fast,day1,full offloading,day1_gt50,clip_high,0.1862 (0.0185)
S1-fast,day1,full offloading,day1_gt50,err_window_mean,-0.0072 (0.0036)
S1-fast,day1,full offloading,day1_gt50,err_window_mae,0.0849 (0.0149)
S1-fast,day1,full offloading,day1_gt50,err_current_mean,-0.0070 (0.0034)
S1-fast,day1,full offloading,day1_gt50,err_current_mae,0.0856 (0.0145)
S1-fast,day1,full offloading,day1_gt50,s_true_current,0.6296 (0.0046)
S1-fast,day1,full offloading,day1_gt50,c11,0.8145 (0.0033)
S1-fast,day1,full offloading,day1_gt50,c01,0.3221 (0.0323)
S1-fast,day1,full offloading,day1_gt50,abs_c_diff,0.4925 (0.0353)
S1-fast,day1,full offloading,day1_gt50,stale_eval_rounds,1.0000 (0.0000)
S1-fast,day1,full offloading,day1_gt50,stale_training_rounds,5.0000 (0.0000)
S1-fast,day1,full offloading,day1_gt50,cell_change,0.0559 (0.0074)
S1-fast,day1,full offloading,day1_gt50,model_change,1.0000 (0.0000)
S1-fast,day1,full offloading,day1_gt50,repeated_image,0.9943 (0.0010)
S1-fast,day1,full offloading,day1_gt50,SC_share_driftgate,0.0077 (0.0013)
S1-fast,day1,full offloading,day1_gt50,SC_mean_w,0.1909 (0.0288)
S1-fast,day1,full offloading,day1_gt50,SC_share_r_none,0.0978 (0.0060)
S1-fast,day1,full offloading,day1_gt50,SC_mean_numeric_r,0.6130 (0.0190)
S1-fast,day1,full offloading,day1_gt50,SBg_share_driftgate,0.2678 (0.0388)
S1-fast,day1,full offloading,day1_gt50,SA0.5_share_driftgate,0.0027 (0.0034)
S1-fast,day1,full offloading,day1_gt50,SA0.65_share_driftgate,0.0062 (0.0040)
partial participation,day1,full offloading,day1_full,n,3759239.6667 (23720.9610)
partial participation,day1,full offloading,day1_full,fallback,0.1309 (0.0193)
partial participation,day1,full offloading,day1_full,fallback_no_cal,0.0242 (0.0003)
partial participation,day1,full offloading,day1_full,fallback_no_obs,0.0004 (0.0000)
partial participation,day1,full offloading,day1_full,fallback_weak_c,0.1063 (0.0191)
partial participation,day1,full offloading,day1_full,fallback_nonfinite,0.0000 (0.0000)
partial participation,day1,full offloading,day1_full,sA_fallback,0.0242 (0.0003)
partial participation,day1,full offloading,day1_full,clip_low,0.1473 (0.0185)
partial participation,day1,full offloading,day1_full,clip_high,0.3059 (0.0243)
partial participation,day1,full offloading,day1_full,err_window_mean,-0.0517 (0.0045)
partial participation,day1,full offloading,day1_full,err_window_mae,0.2198 (0.0099)
partial participation,day1,full offloading,day1_full,err_current_mean,-0.0515 (0.0046)
partial participation,day1,full offloading,day1_full,err_current_mae,0.2196 (0.0097)
partial participation,day1,full offloading,day1_full,s_true_current,0.6597 (0.0042)
partial participation,day1,full offloading,day1_full,c11,0.7336 (0.0124)
partial participation,day1,full offloading,day1_full,c01,0.3831 (0.0215)
partial participation,day1,full offloading,day1_full,abs_c_diff,0.3511 (0.0268)
partial participation,day1,full offloading,day1_full,stale_eval_rounds,1.0000 (0.0000)
partial participation,day1,full offloading,day1_full,stale_training_rounds,4.9752 (0.0004)
partial participation,day1,full offloading,day1_full,cell_change,0.0791 (0.0013)
partial participation,day1,full offloading,day1_full,model_change,1.0000 (0.0000)
partial participation,day1,full offloading,day1_full,repeated_image,0.9824 (0.0003)
partial participation,day1,full offloading,day1_full,SC_share_driftgate,0.0053 (0.0008)
partial participation,day1,full offloading,day1_full,SC_mean_w,0.2562 (0.0291)
partial participation,day1,full offloading,day1_full,SC_share_r_none,0.0812 (0.0107)
partial participation,day1,full offloading,day1_full,SC_mean_numeric_r,0.6015 (0.0131)
partial participation,day1,full offloading,day1_full,SBg_share_driftgate,0.2104 (0.0194)
partial participation,day1,full offloading,day1_full,SA0.5_share_driftgate,0.0146 (0.0066)
partial participation,day1,full offloading,day1_full,SA0.65_share_driftgate,0.0193 (0.0076)
partial participation,day1,full offloading,day1_early,n,663373.3333 (9255.6234)
partial participation,day1,full offloading,day1_early,fallback,0.5291 (0.0460)
partial participation,day1,full offloading,day1_early,fallback_no_cal,0.1369 (0.0015)
partial participation,day1,full offloading,day1_early,fallback_no_obs,0.0005 (0.0000)
partial participation,day1,full offloading,day1_early,fallback_weak_c,0.3917 (0.0445)
partial participation,day1,full offloading,day1_early,fallback_nonfinite,0.0000 (0.0000)
partial participation,day1,full offloading,day1_early,sA_fallback,0.1369 (0.0015)
partial participation,day1,full offloading,day1_early,clip_low,0.2054 (0.0240)
partial participation,day1,full offloading,day1_early,clip_high,0.4802 (0.0289)
partial participation,day1,full offloading,day1_early,err_window_mean,-0.2003 (0.0142)
partial participation,day1,full offloading,day1_early,err_window_mae,0.2505 (0.0076)
partial participation,day1,full offloading,day1_early,err_current_mean,-0.2003 (0.0146)
partial participation,day1,full offloading,day1_early,err_current_mae,0.2492 (0.0077)
partial participation,day1,full offloading,day1_early,s_true_current,0.8443 (0.0119)
partial participation,day1,full offloading,day1_early,c11,0.6655 (0.0548)
partial participation,day1,full offloading,day1_early,c01,0.4965 (0.0498)
partial participation,day1,full offloading,day1_early,abs_c_diff,0.1725 (0.0109)
partial participation,day1,full offloading,day1_early,stale_eval_rounds,1.0000 (0.0000)
partial participation,day1,full offloading,day1_early,stale_training_rounds,4.8414 (0.0020)
partial participation,day1,full offloading,day1_early,cell_change,0.0973 (0.0212)
partial participation,day1,full offloading,day1_early,model_change,1.0000 (0.0000)
partial participation,day1,full offloading,day1_early,repeated_image,0.9619 (0.0079)
partial participation,day1,full offloading,day1_early,SC_share_driftgate,0.0037 (0.0031)
partial participation,day1,full offloading,day1_early,SC_mean_w,0.3758 (0.0251)
partial participation,day1,full offloading,day1_early,SC_share_r_none,0.0761 (0.0146)
partial participation,day1,full offloading,day1_early,SC_mean_numeric_r,0.6099 (0.0551)
partial participation,day1,full offloading,day1_early,SBg_share_driftgate,0.1038 (0.0406)
partial participation,day1,full offloading,day1_early,SA0.5_share_driftgate,0.0667 (0.0290)
partial participation,day1,full offloading,day1_early,SA0.65_share_driftgate,0.0718 (0.0261)
partial participation,day1,full offloading,day1_gt30,n,3095866.3333 (24222.7178)
partial participation,day1,full offloading,day1_gt30,fallback,0.0456 (0.0148)
partial participation,day1,full offloading,day1_gt30,fallback_no_cal,0.0000 (0.0000)
partial participation,day1,full offloading,day1_gt30,fallback_no_obs,0.0004 (0.0000)
partial participation,day1,full offloading,day1_gt30,fallback_weak_c,0.0452 (0.0148)
partial participation,day1,full offloading,day1_gt30,fallback_nonfinite,0.0000 (0.0000)
partial participation,day1,full offloading,day1_gt30,sA_fallback,0.0000 (0.0000)
partial participation,day1,full offloading,day1_gt30,clip_low,0.1411 (0.0185)
partial participation,day1,full offloading,day1_gt30,clip_high,0.2876 (0.0249)
partial participation,day1,full offloading,day1_gt30,err_window_mean,-0.0361 (0.0056)
partial participation,day1,full offloading,day1_gt30,err_window_mae,0.2166 (0.0116)
partial participation,day1,full offloading,day1_gt30,err_current_mean,-0.0358 (0.0058)
partial participation,day1,full offloading,day1_gt30,err_current_mae,0.2165 (0.0114)
partial participation,day1,full offloading,day1_gt30,s_true_current,0.6202 (0.0049)
partial participation,day1,full offloading,day1_gt30,c11,0.7461 (0.0173)
partial participation,day1,full offloading,day1_gt30,c01,0.3620 (0.0160)
partial participation,day1,full offloading,day1_gt30,abs_c_diff,0.3841 (0.0311)
partial participation,day1,full offloading,day1_gt30,stale_eval_rounds,1.0000 (0.0000)
partial participation,day1,full offloading,day1_gt30,stale_training_rounds,5.0000 (0.0000)
partial participation,day1,full offloading,day1_gt30,cell_change,0.0757 (0.0026)
partial participation,day1,full offloading,day1_gt30,model_change,1.0000 (0.0000)
partial participation,day1,full offloading,day1_gt30,repeated_image,0.9862 (0.0012)
partial participation,day1,full offloading,day1_gt30,SC_share_driftgate,0.0054 (0.0007)
partial participation,day1,full offloading,day1_gt30,SC_mean_w,0.2435 (0.0303)
partial participation,day1,full offloading,day1_gt30,SC_share_r_none,0.0816 (0.0110)
partial participation,day1,full offloading,day1_gt30,SC_mean_numeric_r,0.6003 (0.0182)
partial participation,day1,full offloading,day1_gt30,SBg_share_driftgate,0.2215 (0.0251)
partial participation,day1,full offloading,day1_gt30,SA0.5_share_driftgate,0.0050 (0.0026)
partial participation,day1,full offloading,day1_gt30,SA0.65_share_driftgate,0.0097 (0.0043)
partial participation,day1,full offloading,day1_gt50,n,2556434.6667 (21931.2274)
partial participation,day1,full offloading,day1_gt50,fallback,0.0377 (0.0108)
partial participation,day1,full offloading,day1_gt50,fallback_no_cal,0.0000 (0.0000)
partial participation,day1,full offloading,day1_gt50,fallback_no_obs,0.0004 (0.0000)
partial participation,day1,full offloading,day1_gt50,fallback_weak_c,0.0373 (0.0108)
partial participation,day1,full offloading,day1_gt50,fallback_nonfinite,0.0000 (0.0000)
partial participation,day1,full offloading,day1_gt50,sA_fallback,0.0000 (0.0000)
partial participation,day1,full offloading,day1_gt50,clip_low,0.1204 (0.0254)
partial participation,day1,full offloading,day1_gt50,clip_high,0.2864 (0.0290)
partial participation,day1,full offloading,day1_gt50,err_window_mean,-0.0307 (0.0026)
partial participation,day1,full offloading,day1_gt50,err_window_mae,0.2058 (0.0132)
partial participation,day1,full offloading,day1_gt50,err_current_mean,-0.0304 (0.0025)
partial participation,day1,full offloading,day1_gt50,err_current_mae,0.2058 (0.0131)
partial participation,day1,full offloading,day1_gt50,s_true_current,0.6259 (0.0054)
partial participation,day1,full offloading,day1_gt50,c11,0.7603 (0.0159)
partial participation,day1,full offloading,day1_gt50,c01,0.3597 (0.0216)
partial participation,day1,full offloading,day1_gt50,abs_c_diff,0.4007 (0.0343)
partial participation,day1,full offloading,day1_gt50,stale_eval_rounds,1.0000 (0.0000)
partial participation,day1,full offloading,day1_gt50,stale_training_rounds,5.0000 (0.0000)
partial participation,day1,full offloading,day1_gt50,cell_change,0.0679 (0.0019)
partial participation,day1,full offloading,day1_gt50,model_change,1.0000 (0.0000)
partial participation,day1,full offloading,day1_gt50,repeated_image,0.9931 (0.0009)
partial participation,day1,full offloading,day1_gt50,SC_share_driftgate,0.0053 (0.0007)
partial participation,day1,full offloading,day1_gt50,SC_mean_w,0.2373 (0.0271)
partial participation,day1,full offloading,day1_gt50,SC_share_r_none,0.0860 (0.0138)
partial participation,day1,full offloading,day1_gt50,SC_mean_numeric_r,0.5918 (0.0129)
partial participation,day1,full offloading,day1_gt50,SBg_share_driftgate,0.2335 (0.0342)
partial participation,day1,full offloading,day1_gt50,SA0.5_share_driftgate,0.0056 (0.0032)
partial participation,day1,full offloading,day1_gt50,SA0.65_share_driftgate,0.0088 (0.0025)
stepwise change,day1,full offloading,day1_full,n,1778576.0000 (286.4961)
stepwise change,day1,full offloading,day1_full,fallback,0.2531 (0.0024)
stepwise change,day1,full offloading,day1_full,fallback_no_cal,0.2483 (0.0000)
stepwise change,day1,full offloading,day1_full,fallback_no_obs,0.0003 (0.0000)
stepwise change,day1,full offloading,day1_full,fallback_weak_c,0.0045 (0.0024)
stepwise change,day1,full offloading,day1_full,fallback_nonfinite,0.0000 (0.0000)
stepwise change,day1,full offloading,day1_full,sA_fallback,0.2483 (0.0000)
stepwise change,day1,full offloading,day1_full,clip_low,0.0142 (0.0075)
stepwise change,day1,full offloading,day1_full,clip_high,0.2007 (0.0137)
stepwise change,day1,full offloading,day1_full,err_window_mean,-0.0092 (0.0062)
stepwise change,day1,full offloading,day1_full,err_window_mae,0.0972 (0.0164)
stepwise change,day1,full offloading,day1_full,err_current_mean,-0.0093 (0.0063)
stepwise change,day1,full offloading,day1_full,err_current_mae,0.0984 (0.0159)
stepwise change,day1,full offloading,day1_full,s_true_current,0.7197 (0.0001)
stepwise change,day1,full offloading,day1_full,c11,0.8473 (0.0157)
stepwise change,day1,full offloading,day1_full,c01,0.3746 (0.0536)
stepwise change,day1,full offloading,day1_full,abs_c_diff,0.4727 (0.0453)
stepwise change,day1,full offloading,day1_full,stale_eval_rounds,1.1795 (0.0000)
stepwise change,day1,full offloading,day1_full,stale_training_rounds,11.7950 (0.0004)
stepwise change,day1,full offloading,day1_full,cell_change,0.0000 (0.0000)
stepwise change,day1,full offloading,day1_full,model_change,1.0000 (0.0000)
stepwise change,day1,full offloading,day1_full,repeated_image,0.9689 (0.0000)
stepwise change,day1,full offloading,day1_full,SC_share_driftgate,0.0045 (0.0037)
stepwise change,day1,full offloading,day1_full,SC_mean_w,0.2214 (0.0529)
stepwise change,day1,full offloading,day1_full,SC_share_r_none,0.1045 (0.0172)
stepwise change,day1,full offloading,day1_full,SC_mean_numeric_r,0.6255 (0.0116)
stepwise change,day1,full offloading,day1_full,SBg_share_driftgate,0.3897 (0.0486)
stepwise change,day1,full offloading,day1_full,SA0.5_share_driftgate,0.0023 (0.0017)
stepwise change,day1,full offloading,day1_full,SA0.65_share_driftgate,0.0057 (0.0036)
stepwise change,day1,full offloading,day1_early,n,320000.0000 (0.0000)
stepwise change,day1,full offloading,day1_early,fallback,1.0000 (0.0000)
stepwise change,day1,full offloading,day1_early,fallback_no_cal,1.0000 (0.0000)
stepwise change,day1,full offloading,day1_early,fallback_no_obs,0.0000 (0.0000)
stepwise change,day1,full offloading,day1_early,fallback_weak_c,0.0000 (0.0000)
stepwise change,day1,full offloading,day1_early,fallback_nonfinite,0.0000 (0.0000)
stepwise change,day1,full offloading,day1_early,sA_fallback,1.0000 (0.0000)
stepwise change,day1,full offloading,day1_early,clip_low,nan (nan)
stepwise change,day1,full offloading,day1_early,clip_high,nan (nan)
stepwise change,day1,full offloading,day1_early,err_window_mean,nan (nan)
stepwise change,day1,full offloading,day1_early,err_window_mae,nan (nan)
stepwise change,day1,full offloading,day1_early,err_current_mean,nan (nan)
stepwise change,day1,full offloading,day1_early,err_current_mae,nan (nan)
stepwise change,day1,full offloading,day1_early,s_true_current,1.0000 (0.0000)
stepwise change,day1,full offloading,day1_early,c11,nan (nan)
stepwise change,day1,full offloading,day1_early,c01,nan (nan)
stepwise change,day1,full offloading,day1_early,abs_c_diff,nan (nan)
stepwise change,day1,full offloading,day1_early,stale_eval_rounds,nan (nan)
stepwise change,day1,full offloading,day1_early,stale_training_rounds,nan (nan)
stepwise change,day1,full offloading,day1_early,cell_change,nan (nan)
stepwise change,day1,full offloading,day1_early,model_change,1.0000 (0.0000)
stepwise change,day1,full offloading,day1_early,repeated_image,nan (nan)
stepwise change,day1,full offloading,day1_early,SC_share_driftgate,nan (nan)
stepwise change,day1,full offloading,day1_early,SC_mean_w,nan (nan)
stepwise change,day1,full offloading,day1_early,SC_share_r_none,nan (nan)
stepwise change,day1,full offloading,day1_early,SC_mean_numeric_r,nan (nan)
stepwise change,day1,full offloading,day1_early,SBg_share_driftgate,nan (nan)
stepwise change,day1,full offloading,day1_early,SA0.5_share_driftgate,nan (nan)
stepwise change,day1,full offloading,day1_early,SA0.65_share_driftgate,nan (nan)
stepwise change,day1,full offloading,day1_gt30,n,1458576.0000 (286.4961)
stepwise change,day1,full offloading,day1_gt30,fallback,0.0893 (0.0029)
stepwise change,day1,full offloading,day1_gt30,fallback_no_cal,0.0833 (0.0000)
stepwise change,day1,full offloading,day1_gt30,fallback_no_obs,0.0004 (0.0000)
stepwise change,day1,full offloading,day1_gt30,fallback_weak_c,0.0055 (0.0029)
stepwise change,day1,full offloading,day1_gt30,fallback_nonfinite,0.0000 (0.0000)
stepwise change,day1,full offloading,day1_gt30,sA_fallback,0.0833 (0.0000)
stepwise change,day1,full offloading,day1_gt30,clip_low,0.0142 (0.0075)
stepwise change,day1,full offloading,day1_gt30,clip_high,0.2007 (0.0137)
stepwise change,day1,full offloading,day1_gt30,err_window_mean,-0.0092 (0.0062)
stepwise change,day1,full offloading,day1_gt30,err_window_mae,0.0972 (0.0164)
stepwise change,day1,full offloading,day1_gt30,err_current_mean,-0.0093 (0.0063)
stepwise change,day1,full offloading,day1_gt30,err_current_mae,0.0984 (0.0159)
stepwise change,day1,full offloading,day1_gt30,s_true_current,0.6582 (0.0001)
stepwise change,day1,full offloading,day1_gt30,c11,0.8473 (0.0157)
stepwise change,day1,full offloading,day1_gt30,c01,0.3746 (0.0536)
stepwise change,day1,full offloading,day1_gt30,abs_c_diff,0.4727 (0.0453)
stepwise change,day1,full offloading,day1_gt30,stale_eval_rounds,1.1795 (0.0000)
stepwise change,day1,full offloading,day1_gt30,stale_training_rounds,11.7950 (0.0004)
stepwise change,day1,full offloading,day1_gt30,cell_change,0.0000 (0.0000)
stepwise change,day1,full offloading,day1_gt30,model_change,1.0000 (0.0000)
stepwise change,day1,full offloading,day1_gt30,repeated_image,0.9689 (0.0000)
stepwise change,day1,full offloading,day1_gt30,SC_share_driftgate,0.0045 (0.0037)
stepwise change,day1,full offloading,day1_gt30,SC_mean_w,0.2214 (0.0529)
stepwise change,day1,full offloading,day1_gt30,SC_share_r_none,0.1045 (0.0172)
stepwise change,day1,full offloading,day1_gt30,SC_mean_numeric_r,0.6255 (0.0116)
stepwise change,day1,full offloading,day1_gt30,SBg_share_driftgate,0.3897 (0.0486)
stepwise change,day1,full offloading,day1_gt30,SA0.5_share_driftgate,0.0023 (0.0017)
stepwise change,day1,full offloading,day1_gt30,SA0.65_share_driftgate,0.0057 (0.0036)
stepwise change,day1,full offloading,day1_gt50,n,1215480.0000 (238.7467)
stepwise change,day1,full offloading,day1_gt50,fallback,0.0055 (0.0031)
stepwise change,day1,full offloading,day1_gt50,fallback_no_cal,0.0000 (0.0000)
stepwise change,day1,full offloading,day1_gt50,fallback_no_obs,0.0004 (0.0000)
stepwise change,day1,full offloading,day1_gt50,fallback_weak_c,0.0051 (0.0031)
stepwise change,day1,full offloading,day1_gt50,fallback_nonfinite,0.0000 (0.0000)
stepwise change,day1,full offloading,day1_gt50,sA_fallback,0.0000 (0.0000)
stepwise change,day1,full offloading,day1_gt50,clip_low,0.0140 (0.0070)
stepwise change,day1,full offloading,day1_gt50,clip_high,0.2125 (0.0126)
stepwise change,day1,full offloading,day1_gt50,err_window_mean,-0.0106 (0.0056)
stepwise change,day1,full offloading,day1_gt50,err_window_mae,0.0957 (0.0163)
stepwise change,day1,full offloading,day1_gt50,err_current_mean,-0.0106 (0.0055)
stepwise change,day1,full offloading,day1_gt50,err_current_mae,0.0968 (0.0159)
stepwise change,day1,full offloading,day1_gt50,s_true_current,0.6582 (0.0001)
stepwise change,day1,full offloading,day1_gt50,c11,0.8523 (0.0164)
stepwise change,day1,full offloading,day1_gt50,c01,0.3760 (0.0539)
stepwise change,day1,full offloading,day1_gt50,abs_c_diff,0.4763 (0.0462)
stepwise change,day1,full offloading,day1_gt50,stale_eval_rounds,1.1975 (0.0000)
stepwise change,day1,full offloading,day1_gt50,stale_training_rounds,11.9745 (0.0004)
stepwise change,day1,full offloading,day1_gt50,cell_change,0.0000 (0.0000)
stepwise change,day1,full offloading,day1_gt50,model_change,1.0000 (0.0000)
stepwise change,day1,full offloading,day1_gt50,repeated_image,0.9658 (0.0000)
stepwise change,day1,full offloading,day1_gt50,SC_share_driftgate,0.0037 (0.0028)
stepwise change,day1,full offloading,day1_gt50,SC_mean_w,0.2211 (0.0539)
stepwise change,day1,full offloading,day1_gt50,SC_share_r_none,0.1041 (0.0163)
stepwise change,day1,full offloading,day1_gt50,SC_mean_numeric_r,0.6283 (0.0129)
stepwise change,day1,full offloading,day1_gt50,SBg_share_driftgate,0.3782 (0.0455)
stepwise change,day1,full offloading,day1_gt50,SA0.5_share_driftgate,0.0018 (0.0018)
stepwise change,day1,full offloading,day1_gt50,SA0.65_share_driftgate,0.0055 (0.0035)
random mobility,day1,full offloading,day1_full,n,1537083.3333 (3082.4732)
random mobility,day1,full offloading,day1_full,fallback,0.4718 (0.0016)
random mobility,day1,full offloading,day1_full,fallback_no_cal,0.4702 (0.0005)
random mobility,day1,full offloading,day1_full,fallback_no_obs,0.0002 (0.0000)
random mobility,day1,full offloading,day1_full,fallback_weak_c,0.0014 (0.0012)
random mobility,day1,full offloading,day1_full,fallback_nonfinite,0.0000 (0.0000)
random mobility,day1,full offloading,day1_full,sA_fallback,0.4702 (0.0005)
random mobility,day1,full offloading,day1_full,clip_low,0.0246 (0.0081)
random mobility,day1,full offloading,day1_full,clip_high,0.0278 (0.0084)
random mobility,day1,full offloading,day1_full,err_window_mean,0.0103 (0.0044)
random mobility,day1,full offloading,day1_full,err_window_mae,0.1127 (0.0176)
random mobility,day1,full offloading,day1_full,err_current_mean,0.0104 (0.0039)
random mobility,day1,full offloading,day1_full,err_current_mae,0.1143 (0.0172)
random mobility,day1,full offloading,day1_full,s_true_current,0.6766 (0.0014)
random mobility,day1,full offloading,day1_full,c11,0.8064 (0.0147)
random mobility,day1,full offloading,day1_full,c01,0.3129 (0.0246)
random mobility,day1,full offloading,day1_full,abs_c_diff,0.4935 (0.0194)
random mobility,day1,full offloading,day1_full,stale_eval_rounds,1.0000 (0.0000)
random mobility,day1,full offloading,day1_full,stale_training_rounds,10.0000 (0.0000)
random mobility,day1,full offloading,day1_full,cell_change,0.2516 (0.0006)
random mobility,day1,full offloading,day1_full,model_change,1.0000 (0.0000)
random mobility,day1,full offloading,day1_full,repeated_image,0.9755 (0.0039)
random mobility,day1,full offloading,day1_full,SC_share_driftgate,0.0015 (0.0025)
random mobility,day1,full offloading,day1_full,SC_mean_w,0.1393 (0.0343)
random mobility,day1,full offloading,day1_full,SC_share_r_none,0.1585 (0.0212)
random mobility,day1,full offloading,day1_full,SC_mean_numeric_r,0.7392 (0.0129)
random mobility,day1,full offloading,day1_full,SBg_share_driftgate,0.1617 (0.0318)
random mobility,day1,full offloading,day1_full,SA0.5_share_driftgate,0.0013 (0.0022)
random mobility,day1,full offloading,day1_full,SA0.65_share_driftgate,0.0004 (0.0007)
random mobility,day1,full offloading,day1_early,n,320000.0000 (0.0000)
random mobility,day1,full offloading,day1_early,fallback,1.0000 (0.0000)
random mobility,day1,full offloading,day1_early,fallback_no_cal,1.0000 (0.0000)
random mobility,day1,full offloading,day1_early,fallback_no_obs,0.0000 (0.0000)
random mobility,day1,full offloading,day1_early,fallback_weak_c,0.0000 (0.0000)
random mobility,day1,full offloading,day1_early,fallback_nonfinite,0.0000 (0.0000)
random mobility,day1,full offloading,day1_early,sA_fallback,1.0000 (0.0000)
random mobility,day1,full offloading,day1_early,clip_low,nan (nan)
random mobility,day1,full offloading,day1_early,clip_high,nan (nan)
random mobility,day1,full offloading,day1_early,err_window_mean,nan (nan)
random mobility,day1,full offloading,day1_early,err_window_mae,nan (nan)
random mobility,day1,full offloading,day1_early,err_current_mean,nan (nan)
random mobility,day1,full offloading,day1_early,err_current_mae,nan (nan)
random mobility,day1,full offloading,day1_early,s_true_current,1.0000 (0.0000)
random mobility,day1,full offloading,day1_early,c11,nan (nan)
random mobility,day1,full offloading,day1_early,c01,nan (nan)
random mobility,day1,full offloading,day1_early,abs_c_diff,nan (nan)
random mobility,day1,full offloading,day1_early,stale_eval_rounds,nan (nan)
random mobility,day1,full offloading,day1_early,stale_training_rounds,nan (nan)
random mobility,day1,full offloading,day1_early,cell_change,nan (nan)
random mobility,day1,full offloading,day1_early,model_change,1.0000 (0.0000)
random mobility,day1,full offloading,day1_early,repeated_image,nan (nan)
random mobility,day1,full offloading,day1_early,SC_share_driftgate,nan (nan)
random mobility,day1,full offloading,day1_early,SC_mean_w,nan (nan)
random mobility,day1,full offloading,day1_early,SC_share_r_none,nan (nan)
random mobility,day1,full offloading,day1_early,SC_mean_numeric_r,nan (nan)
random mobility,day1,full offloading,day1_early,SBg_share_driftgate,nan (nan)
random mobility,day1,full offloading,day1_early,SA0.5_share_driftgate,nan (nan)
random mobility,day1,full offloading,day1_early,SA0.65_share_driftgate,nan (nan)
random mobility,day1,full offloading,day1_gt30,n,1217083.3333 (3082.4732)
random mobility,day1,full offloading,day1_gt30,fallback,0.3329 (0.0017)
random mobility,day1,full offloading,day1_gt30,fallback_no_cal,0.3309 (0.0003)
random mobility,day1,full offloading,day1_gt30,fallback_no_obs,0.0002 (0.0000)
random mobility,day1,full offloading,day1_gt30,fallback_weak_c,0.0018 (0.0015)
random mobility,day1,full offloading,day1_gt30,fallback_nonfinite,0.0000 (0.0000)
random mobility,day1,full offloading,day1_gt30,sA_fallback,0.3309 (0.0003)
random mobility,day1,full offloading,day1_gt30,clip_low,0.0246 (0.0081)
random mobility,day1,full offloading,day1_gt30,clip_high,0.0278 (0.0084)
random mobility,day1,full offloading,day1_gt30,err_window_mean,0.0103 (0.0044)
random mobility,day1,full offloading,day1_gt30,err_window_mae,0.1127 (0.0176)
random mobility,day1,full offloading,day1_gt30,err_current_mean,0.0104 (0.0039)
random mobility,day1,full offloading,day1_gt30,err_current_mae,0.1143 (0.0172)
random mobility,day1,full offloading,day1_gt30,s_true_current,0.5916 (0.0015)
random mobility,day1,full offloading,day1_gt30,c11,0.8064 (0.0147)
random mobility,day1,full offloading,day1_gt30,c01,0.3129 (0.0246)
random mobility,day1,full offloading,day1_gt30,abs_c_diff,0.4935 (0.0194)
random mobility,day1,full offloading,day1_gt30,stale_eval_rounds,1.0000 (0.0000)
random mobility,day1,full offloading,day1_gt30,stale_training_rounds,10.0000 (0.0000)
random mobility,day1,full offloading,day1_gt30,cell_change,0.2516 (0.0006)
random mobility,day1,full offloading,day1_gt30,model_change,1.0000 (0.0000)
random mobility,day1,full offloading,day1_gt30,repeated_image,0.9755 (0.0039)
random mobility,day1,full offloading,day1_gt30,SC_share_driftgate,0.0015 (0.0025)
random mobility,day1,full offloading,day1_gt30,SC_mean_w,0.1393 (0.0343)
random mobility,day1,full offloading,day1_gt30,SC_share_r_none,0.1585 (0.0212)
random mobility,day1,full offloading,day1_gt30,SC_mean_numeric_r,0.7392 (0.0129)
random mobility,day1,full offloading,day1_gt30,SBg_share_driftgate,0.1617 (0.0318)
random mobility,day1,full offloading,day1_gt30,SA0.5_share_driftgate,0.0013 (0.0022)
random mobility,day1,full offloading,day1_gt30,SA0.65_share_driftgate,0.0004 (0.0007)
random mobility,day1,full offloading,day1_gt50,n,1057083.3333 (3082.4732)
random mobility,day1,full offloading,day1_gt50,fallback,0.2319 (0.0018)
random mobility,day1,full offloading,day1_gt50,fallback_no_cal,0.2296 (0.0000)
random mobility,day1,full offloading,day1_gt50,fallback_no_obs,0.0002 (0.0000)
random mobility,day1,full offloading,day1_gt50,fallback_weak_c,0.0021 (0.0018)
random mobility,day1,full offloading,day1_gt50,fallback_nonfinite,0.0000 (0.0000)
random mobility,day1,full offloading,day1_gt50,sA_fallback,0.2296 (0.0000)
random mobility,day1,full offloading,day1_gt50,clip_low,0.0246 (0.0081)
random mobility,day1,full offloading,day1_gt50,clip_high,0.0278 (0.0084)
random mobility,day1,full offloading,day1_gt50,err_window_mean,0.0103 (0.0044)
random mobility,day1,full offloading,day1_gt50,err_window_mae,0.1127 (0.0176)
random mobility,day1,full offloading,day1_gt50,err_current_mean,0.0104 (0.0039)
random mobility,day1,full offloading,day1_gt50,err_current_mae,0.1143 (0.0172)
random mobility,day1,full offloading,day1_gt50,s_true_current,0.5298 (0.0015)
random mobility,day1,full offloading,day1_gt50,c11,0.8064 (0.0147)
random mobility,day1,full offloading,day1_gt50,c01,0.3129 (0.0246)
random mobility,day1,full offloading,day1_gt50,abs_c_diff,0.4935 (0.0194)
random mobility,day1,full offloading,day1_gt50,stale_eval_rounds,1.0000 (0.0000)
random mobility,day1,full offloading,day1_gt50,stale_training_rounds,10.0000 (0.0000)
random mobility,day1,full offloading,day1_gt50,cell_change,0.2516 (0.0006)
random mobility,day1,full offloading,day1_gt50,model_change,1.0000 (0.0000)
random mobility,day1,full offloading,day1_gt50,repeated_image,0.9755 (0.0039)
random mobility,day1,full offloading,day1_gt50,SC_share_driftgate,0.0015 (0.0025)
random mobility,day1,full offloading,day1_gt50,SC_mean_w,0.1393 (0.0343)
random mobility,day1,full offloading,day1_gt50,SC_share_r_none,0.1585 (0.0212)
random mobility,day1,full offloading,day1_gt50,SC_mean_numeric_r,0.7392 (0.0129)
random mobility,day1,full offloading,day1_gt50,SBg_share_driftgate,0.1617 (0.0318)
random mobility,day1,full offloading,day1_gt50,SA0.5_share_driftgate,0.0013 (0.0022)
random mobility,day1,full offloading,day1_gt50,SA0.65_share_driftgate,0.0004 (0.0007)
CIFAR-100,day1,full offloading,day1_full,n,3714722.0000 (28903.1785)
CIFAR-100,day1,full offloading,day1_full,fallback,0.0809 (0.0029)
CIFAR-100,day1,full offloading,day1_full,fallback_no_cal,0.0241 (0.0003)
CIFAR-100,day1,full offloading,day1_full,fallback_no_obs,0.0004 (0.0000)
CIFAR-100,day1,full offloading,day1_full,fallback_weak_c,0.0564 (0.0027)
CIFAR-100,day1,full offloading,day1_full,fallback_nonfinite,0.0000 (0.0000)
CIFAR-100,day1,full offloading,day1_full,sA_fallback,0.0241 (0.0003)
CIFAR-100,day1,full offloading,day1_full,clip_low,0.0276 (0.0034)
CIFAR-100,day1,full offloading,day1_full,clip_high,0.2119 (0.0044)
CIFAR-100,day1,full offloading,day1_full,err_window_mean,-0.0318 (0.0021)
CIFAR-100,day1,full offloading,day1_full,err_window_mae,0.0896 (0.0032)
CIFAR-100,day1,full offloading,day1_full,err_current_mean,-0.0317 (0.0023)
CIFAR-100,day1,full offloading,day1_full,err_current_mae,0.0892 (0.0034)
CIFAR-100,day1,full offloading,day1_full,s_true_current,0.6676 (0.0052)
CIFAR-100,day1,full offloading,day1_full,c11,0.6273 (0.0240)
CIFAR-100,day1,full offloading,day1_full,c01,0.3005 (0.0149)
CIFAR-100,day1,full offloading,day1_full,abs_c_diff,0.3274 (0.0109)
CIFAR-100,day1,full offloading,day1_full,stale_eval_rounds,1.0000 (0.0000)
CIFAR-100,day1,full offloading,day1_full,stale_training_rounds,4.9753 (0.0003)
CIFAR-100,day1,full offloading,day1_full,cell_change,0.0791 (0.0013)
CIFAR-100,day1,full offloading,day1_full,model_change,1.0000 (0.0000)
CIFAR-100,day1,full offloading,day1_full,repeated_image,0.9820 (0.0007)
CIFAR-100,day1,full offloading,day1_full,SC_share_driftgate,0.0114 (0.0014)
CIFAR-100,day1,full offloading,day1_full,SC_mean_w,0.4462 (0.0219)
CIFAR-100,day1,full offloading,day1_full,SC_share_r_none,0.0418 (0.0081)
CIFAR-100,day1,full offloading,day1_full,SC_mean_numeric_r,0.4641 (0.0146)
CIFAR-100,day1,full offloading,day1_full,SBg_share_driftgate,0.1041 (0.0122)
CIFAR-100,day1,full offloading,day1_full,SA0.5_share_driftgate,0.0195 (0.0043)
CIFAR-100,day1,full offloading,day1_full,SA0.65_share_driftgate,0.0249 (0.0062)
CIFAR-100,day1,full offloading,day1_early,n,654611.0000 (8043.6336)
CIFAR-100,day1,full offloading,day1_early,fallback,0.4554 (0.0092)
CIFAR-100,day1,full offloading,day1_early,fallback_no_cal,0.1369 (0.0015)
CIFAR-100,day1,full offloading,day1_early,fallback_no_obs,0.0005 (0.0000)
CIFAR-100,day1,full offloading,day1_early,fallback_weak_c,0.3181 (0.0087)
CIFAR-100,day1,full offloading,day1_early,fallback_nonfinite,0.0000 (0.0000)
CIFAR-100,day1,full offloading,day1_early,sA_fallback,0.1369 (0.0015)
CIFAR-100,day1,full offloading,day1_early,clip_low,0.1061 (0.0271)
CIFAR-100,day1,full offloading,day1_early,clip_high,0.4099 (0.0332)
CIFAR-100,day1,full offloading,day1_early,err_window_mean,-0.1609 (0.0141)
CIFAR-100,day1,full offloading,day1_early,err_window_mae,0.1712 (0.0135)
CIFAR-100,day1,full offloading,day1_early,err_current_mean,-0.1608 (0.0138)
CIFAR-100,day1,full offloading,day1_early,err_current_mae,0.1692 (0.0133)
CIFAR-100,day1,full offloading,day1_early,s_true_current,0.8556 (0.0106)
CIFAR-100,day1,full offloading,day1_early,c11,0.5930 (0.0369)
CIFAR-100,day1,full offloading,day1_early,c01,0.4605 (0.0330)
CIFAR-100,day1,full offloading,day1_early,abs_c_diff,0.1359 (0.0052)
CIFAR-100,day1,full offloading,day1_early,stale_eval_rounds,1.0000 (0.0000)
CIFAR-100,day1,full offloading,day1_early,stale_training_rounds,4.8414 (0.0020)
CIFAR-100,day1,full offloading,day1_early,cell_change,0.0975 (0.0215)
CIFAR-100,day1,full offloading,day1_early,model_change,1.0000 (0.0000)
CIFAR-100,day1,full offloading,day1_early,repeated_image,0.9614 (0.0083)
CIFAR-100,day1,full offloading,day1_early,SC_share_driftgate,0.0045 (0.0047)
CIFAR-100,day1,full offloading,day1_early,SC_mean_w,0.6117 (0.0217)
CIFAR-100,day1,full offloading,day1_early,SC_share_r_none,0.0457 (0.0112)
CIFAR-100,day1,full offloading,day1_early,SC_mean_numeric_r,0.4954 (0.0206)
CIFAR-100,day1,full offloading,day1_early,SBg_share_driftgate,0.0781 (0.0142)
CIFAR-100,day1,full offloading,day1_early,SA0.5_share_driftgate,0.0061 (0.0060)
CIFAR-100,day1,full offloading,day1_early,SA0.65_share_driftgate,0.0127 (0.0074)
CIFAR-100,day1,full offloading,day1_gt30,n,3060111.0000 (27480.5459)
CIFAR-100,day1,full offloading,day1_gt30,fallback,0.0008 (0.0007)
CIFAR-100,day1,full offloading,day1_gt30,fallback_no_cal,0.0000 (0.0000)
CIFAR-100,day1,full offloading,day1_gt30,fallback_no_obs,0.0004 (0.0000)
CIFAR-100,day1,full offloading,day1_gt30,fallback_weak_c,0.0004 (0.0007)
CIFAR-100,day1,full offloading,day1_gt30,fallback_nonfinite,0.0000 (0.0000)
CIFAR-100,day1,full offloading,day1_gt30,sA_fallback,0.0000 (0.0000)
CIFAR-100,day1,full offloading,day1_gt30,clip_low,0.0184 (0.0069)
CIFAR-100,day1,full offloading,day1_gt30,clip_high,0.1888 (0.0038)
CIFAR-100,day1,full offloading,day1_gt30,err_window_mean,-0.0167 (0.0039)
CIFAR-100,day1,full offloading,day1_gt30,err_window_mae,0.0801 (0.0047)
CIFAR-100,day1,full offloading,day1_gt30,err_current_mean,-0.0166 (0.0040)
CIFAR-100,day1,full offloading,day1_gt30,err_current_mae,0.0799 (0.0049)
CIFAR-100,day1,full offloading,day1_gt30,s_true_current,0.6275 (0.0056)
CIFAR-100,day1,full offloading,day1_gt30,c11,0.6337 (0.0223)
CIFAR-100,day1,full offloading,day1_gt30,c01,0.2709 (0.0118)
CIFAR-100,day1,full offloading,day1_gt30,abs_c_diff,0.3627 (0.0123)
CIFAR-100,day1,full offloading,day1_gt30,stale_eval_rounds,1.0000 (0.0000)
CIFAR-100,day1,full offloading,day1_gt30,stale_training_rounds,5.0000 (0.0000)
CIFAR-100,day1,full offloading,day1_gt30,cell_change,0.0756 (0.0026)
CIFAR-100,day1,full offloading,day1_gt30,model_change,1.0000 (0.0000)
CIFAR-100,day1,full offloading,day1_gt30,repeated_image,0.9858 (0.0019)
CIFAR-100,day1,full offloading,day1_gt30,SC_share_driftgate,0.0122 (0.0016)
CIFAR-100,day1,full offloading,day1_gt30,SC_mean_w,0.4270 (0.0222)
CIFAR-100,day1,full offloading,day1_gt30,SC_share_r_none,0.0413 (0.0078)
CIFAR-100,day1,full offloading,day1_gt30,SC_mean_numeric_r,0.4604 (0.0144)
CIFAR-100,day1,full offloading,day1_gt30,SBg_share_driftgate,0.1072 (0.0121)
CIFAR-100,day1,full offloading,day1_gt30,SA0.5_share_driftgate,0.0220 (0.0043)
CIFAR-100,day1,full offloading,day1_gt30,SA0.65_share_driftgate,0.0271 (0.0073)
CIFAR-100,day1,full offloading,day1_gt50,n,2526835.0000 (24727.0676)
CIFAR-100,day1,full offloading,day1_gt50,fallback,0.0004 (0.0000)
CIFAR-100,day1,full offloading,day1_gt50,fallback_no_cal,0.0000 (0.0000)
CIFAR-100,day1,full offloading,day1_gt50,fallback_no_obs,0.0004 (0.0000)
CIFAR-100,day1,full offloading,day1_gt50,fallback_weak_c,0.0000 (0.0000)
CIFAR-100,day1,full offloading,day1_gt50,fallback_nonfinite,0.0000 (0.0000)
CIFAR-100,day1,full offloading,day1_gt50,sA_fallback,0.0000 (0.0000)
CIFAR-100,day1,full offloading,day1_gt50,clip_low,0.0063 (0.0021)
CIFAR-100,day1,full offloading,day1_gt50,clip_high,0.1971 (0.0061)
CIFAR-100,day1,full offloading,day1_gt50,err_window_mean,-0.0111 (0.0029)
CIFAR-100,day1,full offloading,day1_gt50,err_window_mae,0.0702 (0.0043)
CIFAR-100,day1,full offloading,day1_gt50,err_current_mean,-0.0110 (0.0029)
CIFAR-100,day1,full offloading,day1_gt50,err_current_mae,0.0699 (0.0045)
CIFAR-100,day1,full offloading,day1_gt50,s_true_current,0.6332 (0.0062)
CIFAR-100,day1,full offloading,day1_gt50,c11,0.6439 (0.0243)
CIFAR-100,day1,full offloading,day1_gt50,c01,0.2634 (0.0119)
CIFAR-100,day1,full offloading,day1_gt50,abs_c_diff,0.3805 (0.0137)
CIFAR-100,day1,full offloading,day1_gt50,stale_eval_rounds,1.0000 (0.0000)
CIFAR-100,day1,full offloading,day1_gt50,stale_training_rounds,5.0000 (0.0000)
CIFAR-100,day1,full offloading,day1_gt50,cell_change,0.0679 (0.0019)
CIFAR-100,day1,full offloading,day1_gt50,model_change,1.0000 (0.0000)
CIFAR-100,day1,full offloading,day1_gt50,repeated_image,0.9926 (0.0007)
CIFAR-100,day1,full offloading,day1_gt50,SC_share_driftgate,0.0121 (0.0005)
CIFAR-100,day1,full offloading,day1_gt50,SC_mean_w,0.4152 (0.0252)
CIFAR-100,day1,full offloading,day1_gt50,SC_share_r_none,0.0386 (0.0070)
CIFAR-100,day1,full offloading,day1_gt50,SC_mean_numeric_r,0.4443 (0.0153)
CIFAR-100,day1,full offloading,day1_gt50,SBg_share_driftgate,0.1029 (0.0126)
CIFAR-100,day1,full offloading,day1_gt50,SA0.5_share_driftgate,0.0240 (0.0046)
CIFAR-100,day1,full offloading,day1_gt50,SA0.65_share_driftgate,0.0290 (0.0059)
ResNet-18,day1,full offloading,day1_full,n,569200.0000 (95.2470)
ResNet-18,day1,full offloading,day1_full,fallback,0.3330 (0.0421)
ResNet-18,day1,full offloading,day1_full,fallback_no_cal,0.2482 (0.0000)
ResNet-18,day1,full offloading,day1_full,fallback_no_obs,0.0003 (0.0000)
ResNet-18,day1,full offloading,day1_full,fallback_weak_c,0.0845 (0.0420)
ResNet-18,day1,full offloading,day1_full,fallback_nonfinite,0.0000 (0.0000)
ResNet-18,day1,full offloading,day1_full,sA_fallback,0.2482 (0.0000)
ResNet-18,day1,full offloading,day1_full,clip_low,0.0881 (0.0486)
ResNet-18,day1,full offloading,day1_full,clip_high,0.2846 (0.0247)
ResNet-18,day1,full offloading,day1_full,err_window_mean,-0.0336 (0.0200)
ResNet-18,day1,full offloading,day1_full,err_window_mae,0.1970 (0.0402)
ResNet-18,day1,full offloading,day1_full,err_current_mean,-0.0335 (0.0208)
ResNet-18,day1,full offloading,day1_full,err_current_mae,0.1979 (0.0395)
ResNet-18,day1,full offloading,day1_full,s_true_current,0.7196 (0.0001)
ResNet-18,day1,full offloading,day1_full,c11,0.8093 (0.0547)
ResNet-18,day1,full offloading,day1_full,c01,0.5576 (0.0796)
ResNet-18,day1,full offloading,day1_full,abs_c_diff,0.2520 (0.0304)
ResNet-18,day1,full offloading,day1_full,stale_eval_rounds,1.1795 (0.0000)
ResNet-18,day1,full offloading,day1_full,stale_training_rounds,11.7948 (0.0004)
ResNet-18,day1,full offloading,day1_full,cell_change,0.0000 (0.0000)
ResNet-18,day1,full offloading,day1_full,model_change,1.0000 (0.0000)
ResNet-18,day1,full offloading,day1_full,repeated_image,0.9689 (0.0000)
ResNet-18,day1,full offloading,day1_full,SC_share_driftgate,0.0064 (0.0030)
ResNet-18,day1,full offloading,day1_full,SC_mean_w,0.3368 (0.0348)
ResNet-18,day1,full offloading,day1_full,SC_share_r_none,0.0744 (0.0225)
ResNet-18,day1,full offloading,day1_full,SC_mean_numeric_r,0.6349 (0.0762)
ResNet-18,day1,full offloading,day1_full,SBg_share_driftgate,0.2129 (0.0704)
ResNet-18,day1,full offloading,day1_full,SA0.5_share_driftgate,0.0078 (0.0030)
ResNet-18,day1,full offloading,day1_full,SA0.65_share_driftgate,0.0039 (0.0016)
ResNet-18,day1,full offloading,day1_early,n,102400.0000 (0.0000)
ResNet-18,day1,full offloading,day1_early,fallback,1.0000 (0.0000)
ResNet-18,day1,full offloading,day1_early,fallback_no_cal,1.0000 (0.0000)
ResNet-18,day1,full offloading,day1_early,fallback_no_obs,0.0000 (0.0000)
ResNet-18,day1,full offloading,day1_early,fallback_weak_c,0.0000 (0.0000)
ResNet-18,day1,full offloading,day1_early,fallback_nonfinite,0.0000 (0.0000)
ResNet-18,day1,full offloading,day1_early,sA_fallback,1.0000 (0.0000)
ResNet-18,day1,full offloading,day1_early,clip_low,nan (nan)
ResNet-18,day1,full offloading,day1_early,clip_high,nan (nan)
ResNet-18,day1,full offloading,day1_early,err_window_mean,nan (nan)
ResNet-18,day1,full offloading,day1_early,err_window_mae,nan (nan)
ResNet-18,day1,full offloading,day1_early,err_current_mean,nan (nan)
ResNet-18,day1,full offloading,day1_early,err_current_mae,nan (nan)
ResNet-18,day1,full offloading,day1_early,s_true_current,1.0000 (0.0000)
ResNet-18,day1,full offloading,day1_early,c11,nan (nan)
ResNet-18,day1,full offloading,day1_early,c01,nan (nan)
ResNet-18,day1,full offloading,day1_early,abs_c_diff,nan (nan)
ResNet-18,day1,full offloading,day1_early,stale_eval_rounds,nan (nan)
ResNet-18,day1,full offloading,day1_early,stale_training_rounds,nan (nan)
ResNet-18,day1,full offloading,day1_early,cell_change,nan (nan)
ResNet-18,day1,full offloading,day1_early,model_change,1.0000 (0.0000)
ResNet-18,day1,full offloading,day1_early,repeated_image,nan (nan)
ResNet-18,day1,full offloading,day1_early,SC_share_driftgate,nan (nan)
ResNet-18,day1,full offloading,day1_early,SC_mean_w,nan (nan)
ResNet-18,day1,full offloading,day1_early,SC_share_r_none,nan (nan)
ResNet-18,day1,full offloading,day1_early,SC_mean_numeric_r,nan (nan)
ResNet-18,day1,full offloading,day1_early,SBg_share_driftgate,nan (nan)
ResNet-18,day1,full offloading,day1_early,SA0.5_share_driftgate,nan (nan)
ResNet-18,day1,full offloading,day1_early,SA0.65_share_driftgate,nan (nan)
ResNet-18,day1,full offloading,day1_gt30,n,466800.0000 (95.2470)
ResNet-18,day1,full offloading,day1_gt30,fallback,0.1867 (0.0513)
ResNet-18,day1,full offloading,day1_gt30,fallback_no_cal,0.0833 (0.0000)
ResNet-18,day1,full offloading,day1_gt30,fallback_no_obs,0.0004 (0.0000)
ResNet-18,day1,full offloading,day1_gt30,fallback_weak_c,0.1030 (0.0513)
ResNet-18,day1,full offloading,day1_gt30,fallback_nonfinite,0.0000 (0.0000)
ResNet-18,day1,full offloading,day1_gt30,sA_fallback,0.0833 (0.0000)
ResNet-18,day1,full offloading,day1_gt30,clip_low,0.0881 (0.0486)
ResNet-18,day1,full offloading,day1_gt30,clip_high,0.2846 (0.0247)
ResNet-18,day1,full offloading,day1_gt30,err_window_mean,-0.0336 (0.0200)
ResNet-18,day1,full offloading,day1_gt30,err_window_mae,0.1970 (0.0402)
ResNet-18,day1,full offloading,day1_gt30,err_current_mean,-0.0335 (0.0208)
ResNet-18,day1,full offloading,day1_gt30,err_current_mae,0.1979 (0.0395)
ResNet-18,day1,full offloading,day1_gt30,s_true_current,0.6581 (0.0001)
ResNet-18,day1,full offloading,day1_gt30,c11,0.8093 (0.0547)
ResNet-18,day1,full offloading,day1_gt30,c01,0.5576 (0.0796)
ResNet-18,day1,full offloading,day1_gt30,abs_c_diff,0.2520 (0.0304)
ResNet-18,day1,full offloading,day1_gt30,stale_eval_rounds,1.1795 (0.0000)
ResNet-18,day1,full offloading,day1_gt30,stale_training_rounds,11.7948 (0.0004)
ResNet-18,day1,full offloading,day1_gt30,cell_change,0.0000 (0.0000)
ResNet-18,day1,full offloading,day1_gt30,model_change,1.0000 (0.0000)
ResNet-18,day1,full offloading,day1_gt30,repeated_image,0.9689 (0.0000)
ResNet-18,day1,full offloading,day1_gt30,SC_share_driftgate,0.0064 (0.0030)
ResNet-18,day1,full offloading,day1_gt30,SC_mean_w,0.3368 (0.0348)
ResNet-18,day1,full offloading,day1_gt30,SC_share_r_none,0.0744 (0.0225)
ResNet-18,day1,full offloading,day1_gt30,SC_mean_numeric_r,0.6349 (0.0762)
ResNet-18,day1,full offloading,day1_gt30,SBg_share_driftgate,0.2129 (0.0704)
ResNet-18,day1,full offloading,day1_gt30,SA0.5_share_driftgate,0.0078 (0.0030)
ResNet-18,day1,full offloading,day1_gt30,SA0.65_share_driftgate,0.0039 (0.0016)
ResNet-18,day1,full offloading,day1_gt50,n,389000.0000 (79.3725)
ResNet-18,day1,full offloading,day1_gt50,fallback,0.1178 (0.0553)
ResNet-18,day1,full offloading,day1_gt50,fallback_no_cal,0.0000 (0.0000)
ResNet-18,day1,full offloading,day1_gt50,fallback_no_obs,0.0004 (0.0000)
ResNet-18,day1,full offloading,day1_gt50,fallback_weak_c,0.1174 (0.0553)
ResNet-18,day1,full offloading,day1_gt50,fallback_nonfinite,0.0000 (0.0000)
ResNet-18,day1,full offloading,day1_gt50,sA_fallback,0.0000 (0.0000)
ResNet-18,day1,full offloading,day1_gt50,clip_low,0.0852 (0.0452)
ResNet-18,day1,full offloading,day1_gt50,clip_high,0.2929 (0.0295)
ResNet-18,day1,full offloading,day1_gt50,err_window_mean,-0.0325 (0.0068)
ResNet-18,day1,full offloading,day1_gt50,err_window_mae,0.1927 (0.0342)
ResNet-18,day1,full offloading,day1_gt50,err_current_mean,-0.0323 (0.0076)
ResNet-18,day1,full offloading,day1_gt50,err_current_mae,0.1937 (0.0335)
ResNet-18,day1,full offloading,day1_gt50,s_true_current,0.6581 (0.0001)
ResNet-18,day1,full offloading,day1_gt50,c11,0.8116 (0.0535)
ResNet-18,day1,full offloading,day1_gt50,c01,0.5580 (0.0795)
ResNet-18,day1,full offloading,day1_gt50,abs_c_diff,0.2536 (0.0310)
ResNet-18,day1,full offloading,day1_gt50,stale_eval_rounds,1.1974 (0.0000)
ResNet-18,day1,full offloading,day1_gt50,stale_training_rounds,11.9743 (0.0004)
ResNet-18,day1,full offloading,day1_gt50,cell_change,0.0000 (0.0000)
ResNet-18,day1,full offloading,day1_gt50,model_change,1.0000 (0.0000)
ResNet-18,day1,full offloading,day1_gt50,repeated_image,0.9658 (0.0000)
ResNet-18,day1,full offloading,day1_gt50,SC_share_driftgate,0.0071 (0.0033)
ResNet-18,day1,full offloading,day1_gt50,SC_mean_w,0.3312 (0.0245)
ResNet-18,day1,full offloading,day1_gt50,SC_share_r_none,0.0778 (0.0281)
ResNet-18,day1,full offloading,day1_gt50,SC_mean_numeric_r,0.6308 (0.0711)
ResNet-18,day1,full offloading,day1_gt50,SBg_share_driftgate,0.2130 (0.0620)
ResNet-18,day1,full offloading,day1_gt50,SA0.5_share_driftgate,0.0086 (0.0033)
ResNet-18,day1,full offloading,day1_gt50,SA0.65_share_driftgate,0.0043 (0.0018)
K=200,day1,full offloading,day1_full,n,15187366.6667 (139621.3048)
K=200,day1,full offloading,day1_full,fallback,0.0547 (0.0008)
K=200,day1,full offloading,day1_full,fallback_no_cal,0.0240 (0.0002)
K=200,day1,full offloading,day1_full,fallback_no_obs,0.0004 (0.0000)
K=200,day1,full offloading,day1_full,fallback_weak_c,0.0303 (0.0006)
K=200,day1,full offloading,day1_full,fallback_nonfinite,0.0000 (0.0000)
K=200,day1,full offloading,day1_full,sA_fallback,0.0240 (0.0002)
K=200,day1,full offloading,day1_full,clip_low,0.0227 (0.0051)
K=200,day1,full offloading,day1_full,clip_high,0.1987 (0.0006)
K=200,day1,full offloading,day1_full,err_window_mean,-0.0154 (0.0002)
K=200,day1,full offloading,day1_full,err_window_mae,0.0832 (0.0082)
K=200,day1,full offloading,day1_full,err_current_mean,-0.0153 (0.0002)
K=200,day1,full offloading,day1_full,err_current_mae,0.0838 (0.0081)
K=200,day1,full offloading,day1_full,s_true_current,0.6532 (0.0060)
K=200,day1,full offloading,day1_full,c11,0.8112 (0.0107)
K=200,day1,full offloading,day1_full,c01,0.3035 (0.0212)
K=200,day1,full offloading,day1_full,abs_c_diff,0.5078 (0.0264)
K=200,day1,full offloading,day1_full,stale_eval_rounds,1.0000 (0.0000)
K=200,day1,full offloading,day1_full,stale_training_rounds,4.9755 (0.0002)
K=200,day1,full offloading,day1_full,cell_change,0.0896 (0.0023)
K=200,day1,full offloading,day1_full,model_change,1.0000 (0.0000)
K=200,day1,full offloading,day1_full,repeated_image,0.9798 (0.0006)
K=200,day1,full offloading,day1_full,SC_share_driftgate,0.0069 (0.0007)
K=200,day1,full offloading,day1_full,SC_mean_w,0.2029 (0.0132)
K=200,day1,full offloading,day1_full,SC_share_r_none,0.1111 (0.0052)
K=200,day1,full offloading,day1_full,SC_mean_numeric_r,0.6438 (0.0133)
K=200,day1,full offloading,day1_full,SBg_share_driftgate,0.2913 (0.0163)
K=200,day1,full offloading,day1_full,SA0.5_share_driftgate,0.0017 (0.0004)
K=200,day1,full offloading,day1_full,SA0.65_share_driftgate,0.0061 (0.0022)
K=200,day1,full offloading,day1_early,n,2668923.3333 (6558.4737)
K=200,day1,full offloading,day1_early,fallback,0.2993 (0.0074)
K=200,day1,full offloading,day1_early,fallback_no_cal,0.1363 (0.0004)
K=200,day1,full offloading,day1_early,fallback_no_obs,0.0004 (0.0000)
K=200,day1,full offloading,day1_early,fallback_weak_c,0.1626 (0.0071)
K=200,day1,full offloading,day1_early,fallback_nonfinite,0.0000 (0.0000)
K=200,day1,full offloading,day1_early,sA_fallback,0.1363 (0.0004)
K=200,day1,full offloading,day1_early,clip_low,0.0609 (0.0179)
K=200,day1,full offloading,day1_early,clip_high,0.4656 (0.0117)
K=200,day1,full offloading,day1_early,err_window_mean,-0.0777 (0.0099)
K=200,day1,full offloading,day1_early,err_window_mae,0.1132 (0.0068)
K=200,day1,full offloading,day1_early,err_current_mean,-0.0776 (0.0101)
K=200,day1,full offloading,day1_early,err_current_mae,0.1124 (0.0068)
K=200,day1,full offloading,day1_early,s_true_current,0.8393 (0.0021)
K=200,day1,full offloading,day1_early,c11,0.7125 (0.0192)
K=200,day1,full offloading,day1_early,c01,0.3942 (0.0257)
K=200,day1,full offloading,day1_early,abs_c_diff,0.3192 (0.0075)
K=200,day1,full offloading,day1_early,stale_eval_rounds,1.0000 (0.0000)
K=200,day1,full offloading,day1_early,stale_training_rounds,4.8422 (0.0006)
K=200,day1,full offloading,day1_early,cell_change,0.1076 (0.0016)
K=200,day1,full offloading,day1_early,model_change,1.0000 (0.0000)
K=200,day1,full offloading,day1_early,repeated_image,0.9577 (0.0012)
K=200,day1,full offloading,day1_early,SC_share_driftgate,0.0100 (0.0029)
K=200,day1,full offloading,day1_early,SC_mean_w,0.3172 (0.0175)
K=200,day1,full offloading,day1_early,SC_share_r_none,0.0635 (0.0071)
K=200,day1,full offloading,day1_early,SC_mean_numeric_r,0.5572 (0.0043)
K=200,day1,full offloading,day1_early,SBg_share_driftgate,0.2974 (0.0351)
K=200,day1,full offloading,day1_early,SA0.5_share_driftgate,0.0059 (0.0018)
K=200,day1,full offloading,day1_early,SA0.65_share_driftgate,0.0096 (0.0051)
K=200,day1,full offloading,day1_gt30,n,12518443.3333 (133307.4018)
K=200,day1,full offloading,day1_gt30,fallback,0.0025 (0.0010)
K=200,day1,full offloading,day1_gt30,fallback_no_cal,0.0000 (0.0000)
K=200,day1,full offloading,day1_gt30,fallback_no_obs,0.0004 (0.0000)
K=200,day1,full offloading,day1_gt30,fallback_weak_c,0.0021 (0.0011)
K=200,day1,full offloading,day1_gt30,fallback_nonfinite,0.0000 (0.0000)
K=200,day1,full offloading,day1_gt30,sA_fallback,0.0000 (0.0000)
K=200,day1,full offloading,day1_gt30,clip_low,0.0169 (0.0037)
K=200,day1,full offloading,day1_gt30,clip_high,0.1587 (0.0010)
K=200,day1,full offloading,day1_gt30,err_window_mean,-0.0061 (0.0018)
K=200,day1,full offloading,day1_gt30,err_window_mae,0.0788 (0.0089)
K=200,day1,full offloading,day1_gt30,err_current_mean,-0.0060 (0.0018)
K=200,day1,full offloading,day1_gt30,err_current_mae,0.0795 (0.0087)
K=200,day1,full offloading,day1_gt30,s_true_current,0.6135 (0.0065)
K=200,day1,full offloading,day1_gt30,c11,0.8294 (0.0144)
K=200,day1,full offloading,day1_gt30,c01,0.2869 (0.0207)
K=200,day1,full offloading,day1_gt30,abs_c_diff,0.5425 (0.0302)
K=200,day1,full offloading,day1_gt30,stale_eval_rounds,1.0000 (0.0000)
K=200,day1,full offloading,day1_gt30,stale_training_rounds,5.0000 (0.0000)
K=200,day1,full offloading,day1_gt30,cell_change,0.0863 (0.0029)
K=200,day1,full offloading,day1_gt30,model_change,1.0000 (0.0000)
K=200,day1,full offloading,day1_gt30,repeated_image,0.9839 (0.0005)
K=200,day1,full offloading,day1_gt30,SC_share_driftgate,0.0064 (0.0012)
K=200,day1,full offloading,day1_gt30,SC_mean_w,0.1858 (0.0146)
K=200,day1,full offloading,day1_gt30,SC_share_r_none,0.1182 (0.0049)
K=200,day1,full offloading,day1_gt30,SC_mean_numeric_r,0.6575 (0.0157)
K=200,day1,full offloading,day1_gt30,SBg_share_driftgate,0.2904 (0.0151)
K=200,day1,full offloading,day1_gt30,SA0.5_share_driftgate,0.0010 (0.0006)
K=200,day1,full offloading,day1_gt30,SA0.65_share_driftgate,0.0055 (0.0020)
K=200,day1,full offloading,day1_gt50,n,10333800.6667 (115994.8849)
K=200,day1,full offloading,day1_gt50,fallback,0.0021 (0.0008)
K=200,day1,full offloading,day1_gt50,fallback_no_cal,0.0000 (0.0000)
K=200,day1,full offloading,day1_gt50,fallback_no_obs,0.0004 (0.0000)
K=200,day1,full offloading,day1_gt50,fallback_weak_c,0.0017 (0.0008)
K=200,day1,full offloading,day1_gt50,fallback_nonfinite,0.0000 (0.0000)
K=200,day1,full offloading,day1_gt50,sA_fallback,0.0000 (0.0000)
K=200,day1,full offloading,day1_gt50,clip_low,0.0111 (0.0023)
K=200,day1,full offloading,day1_gt50,clip_high,0.1618 (0.0006)
K=200,day1,full offloading,day1_gt50,err_window_mean,-0.0049 (0.0017)
K=200,day1,full offloading,day1_gt50,err_window_mae,0.0702 (0.0078)
K=200,day1,full offloading,day1_gt50,err_current_mean,-0.0048 (0.0018)
K=200,day1,full offloading,day1_gt50,err_current_mae,0.0710 (0.0076)
K=200,day1,full offloading,day1_gt50,s_true_current,0.6194 (0.0069)
K=200,day1,full offloading,day1_gt50,c11,0.8437 (0.0133)
K=200,day1,full offloading,day1_gt50,c01,0.2913 (0.0217)
K=200,day1,full offloading,day1_gt50,abs_c_diff,0.5524 (0.0306)
K=200,day1,full offloading,day1_gt50,stale_eval_rounds,1.0000 (0.0000)
K=200,day1,full offloading,day1_gt50,stale_training_rounds,5.0000 (0.0000)
K=200,day1,full offloading,day1_gt50,cell_change,0.0736 (0.0072)
K=200,day1,full offloading,day1_gt50,model_change,1.0000 (0.0000)
K=200,day1,full offloading,day1_gt50,repeated_image,0.9913 (0.0010)
K=200,day1,full offloading,day1_gt50,SC_share_driftgate,0.0070 (0.0017)
K=200,day1,full offloading,day1_gt50,SC_mean_w,0.1829 (0.0130)
K=200,day1,full offloading,day1_gt50,SC_share_r_none,0.1184 (0.0041)
K=200,day1,full offloading,day1_gt50,SC_mean_numeric_r,0.6594 (0.0171)
K=200,day1,full offloading,day1_gt50,SBg_share_driftgate,0.2955 (0.0159)
K=200,day1,full offloading,day1_gt50,SA0.5_share_driftgate,0.0009 (0.0009)
K=200,day1,full offloading,day1_gt50,SA0.65_share_driftgate,0.0057 (0.0019)
K=500,day1,full offloading,day1_full,n,37927358.0000 (208848.0544)
K=500,day1,full offloading,day1_full,fallback,0.0539 (0.0017)
K=500,day1,full offloading,day1_full,fallback_no_cal,0.0240 (0.0002)
K=500,day1,full offloading,day1_full,fallback_no_obs,0.0004 (0.0000)
K=500,day1,full offloading,day1_full,fallback_weak_c,0.0295 (0.0017)
K=500,day1,full offloading,day1_full,fallback_nonfinite,0.0000 (0.0000)
K=500,day1,full offloading,day1_full,sA_fallback,0.0240 (0.0002)
K=500,day1,full offloading,day1_full,clip_low,0.0214 (0.0021)
K=500,day1,full offloading,day1_full,clip_high,0.1937 (0.0033)
K=500,day1,full offloading,day1_full,err_window_mean,-0.0139 (0.0008)
K=500,day1,full offloading,day1_full,err_window_mae,0.0760 (0.0017)
K=500,day1,full offloading,day1_full,err_current_mean,-0.0139 (0.0008)
K=500,day1,full offloading,day1_full,err_current_mae,0.0767 (0.0016)
K=500,day1,full offloading,day1_full,s_true_current,0.6539 (0.0036)
K=500,day1,full offloading,day1_full,c11,0.8194 (0.0054)
K=500,day1,full offloading,day1_full,c01,0.2883 (0.0027)
K=500,day1,full offloading,day1_full,abs_c_diff,0.5312 (0.0028)
K=500,day1,full offloading,day1_full,stale_eval_rounds,1.0000 (0.0000)
K=500,day1,full offloading,day1_full,stale_training_rounds,4.9754 (0.0002)
K=500,day1,full offloading,day1_full,cell_change,0.0919 (0.0019)
K=500,day1,full offloading,day1_full,model_change,1.0000 (0.0000)
K=500,day1,full offloading,day1_full,repeated_image,0.9797 (0.0005)
K=500,day1,full offloading,day1_full,SC_share_driftgate,0.0077 (0.0008)
K=500,day1,full offloading,day1_full,SC_mean_w,0.2023 (0.0079)
K=500,day1,full offloading,day1_full,SC_share_r_none,0.1214 (0.0127)
K=500,day1,full offloading,day1_full,SC_mean_numeric_r,0.6510 (0.0068)
K=500,day1,full offloading,day1_full,SBg_share_driftgate,0.3142 (0.0100)
K=500,day1,full offloading,day1_full,SA0.5_share_driftgate,0.0007 (0.0002)
K=500,day1,full offloading,day1_full,SA0.65_share_driftgate,0.0036 (0.0014)
K=500,day1,full offloading,day1_early,n,6685224.6667 (5776.5770)
K=500,day1,full offloading,day1_early,fallback,0.2948 (0.0120)
K=500,day1,full offloading,day1_early,fallback_no_cal,0.1361 (0.0006)
K=500,day1,full offloading,day1_early,fallback_no_obs,0.0004 (0.0000)
K=500,day1,full offloading,day1_early,fallback_weak_c,0.1583 (0.0116)
K=500,day1,full offloading,day1_early,fallback_nonfinite,0.0000 (0.0000)
K=500,day1,full offloading,day1_early,sA_fallback,0.1361 (0.0006)
K=500,day1,full offloading,day1_early,clip_low,0.0634 (0.0041)
K=500,day1,full offloading,day1_early,clip_high,0.4490 (0.0128)
K=500,day1,full offloading,day1_early,err_window_mean,-0.0753 (0.0007)
K=500,day1,full offloading,day1_early,err_window_mae,0.1137 (0.0012)
K=500,day1,full offloading,day1_early,err_current_mean,-0.0754 (0.0006)
K=500,day1,full offloading,day1_early,err_current_mae,0.1129 (0.0012)
K=500,day1,full offloading,day1_early,s_true_current,0.8377 (0.0007)
K=500,day1,full offloading,day1_early,c11,0.7257 (0.0034)
K=500,day1,full offloading,day1_early,c01,0.4005 (0.0100)
K=500,day1,full offloading,day1_early,abs_c_diff,0.3265 (0.0084)
K=500,day1,full offloading,day1_early,stale_eval_rounds,1.0000 (0.0000)
K=500,day1,full offloading,day1_early,stale_training_rounds,4.8425 (0.0008)
K=500,day1,full offloading,day1_early,cell_change,0.1101 (0.0086)
K=500,day1,full offloading,day1_early,model_change,1.0000 (0.0000)
K=500,day1,full offloading,day1_early,repeated_image,0.9570 (0.0030)
K=500,day1,full offloading,day1_early,SC_share_driftgate,0.0092 (0.0013)
K=500,day1,full offloading,day1_early,SC_mean_w,0.3109 (0.0139)
K=500,day1,full offloading,day1_early,SC_share_r_none,0.0659 (0.0023)
K=500,day1,full offloading,day1_early,SC_mean_numeric_r,0.5636 (0.0095)
K=500,day1,full offloading,day1_early,SBg_share_driftgate,0.3151 (0.0246)
K=500,day1,full offloading,day1_early,SA0.5_share_driftgate,0.0034 (0.0011)
K=500,day1,full offloading,day1_early,SA0.65_share_driftgate,0.0063 (0.0016)
K=500,day1,full offloading,day1_gt30,n,31242133.3333 (209327.5967)
K=500,day1,full offloading,day1_gt30,fallback,0.0024 (0.0006)
K=500,day1,full offloading,day1_gt30,fallback_no_cal,0.0000 (0.0000)
K=500,day1,full offloading,day1_gt30,fallback_no_obs,0.0004 (0.0000)
K=500,day1,full offloading,day1_gt30,fallback_weak_c,0.0020 (0.0006)
K=500,day1,full offloading,day1_gt30,fallback_nonfinite,0.0000 (0.0000)
K=500,day1,full offloading,day1_gt30,sA_fallback,0.0000 (0.0000)
K=500,day1,full offloading,day1_gt30,clip_low,0.0151 (0.0021)
K=500,day1,full offloading,day1_gt30,clip_high,0.1551 (0.0051)
K=500,day1,full offloading,day1_gt30,err_window_mean,-0.0046 (0.0010)
K=500,day1,full offloading,day1_gt30,err_window_mae,0.0703 (0.0020)
K=500,day1,full offloading,day1_gt30,err_current_mean,-0.0046 (0.0009)
K=500,day1,full offloading,day1_gt30,err_current_mae,0.0712 (0.0020)
K=500,day1,full offloading,day1_gt30,s_true_current,0.6146 (0.0041)
K=500,day1,full offloading,day1_gt30,c11,0.8367 (0.0072)
K=500,day1,full offloading,day1_gt30,c01,0.2676 (0.0041)
K=500,day1,full offloading,day1_gt30,abs_c_diff,0.5691 (0.0032)
K=500,day1,full offloading,day1_gt30,stale_eval_rounds,1.0000 (0.0000)
K=500,day1,full offloading,day1_gt30,stale_training_rounds,5.0000 (0.0000)
K=500,day1,full offloading,day1_gt30,cell_change,0.0886 (0.0031)
K=500,day1,full offloading,day1_gt30,model_change,1.0000 (0.0000)
K=500,day1,full offloading,day1_gt30,repeated_image,0.9839 (0.0005)
K=500,day1,full offloading,day1_gt30,SC_share_driftgate,0.0074 (0.0008)
K=500,day1,full offloading,day1_gt30,SC_mean_w,0.1859 (0.0111)
K=500,day1,full offloading,day1_gt30,SC_share_r_none,0.1298 (0.0147)
K=500,day1,full offloading,day1_gt30,SC_mean_numeric_r,0.6652 (0.0083)
K=500,day1,full offloading,day1_gt30,SBg_share_driftgate,0.3141 (0.0083)
K=500,day1,full offloading,day1_gt30,SA0.5_share_driftgate,0.0002 (0.0000)
K=500,day1,full offloading,day1_gt30,SA0.65_share_driftgate,0.0031 (0.0014)
K=500,day1,full offloading,day1_gt50,n,25775107.3333 (167265.0469)
K=500,day1,full offloading,day1_gt50,fallback,0.0022 (0.0004)
K=500,day1,full offloading,day1_gt50,fallback_no_cal,0.0000 (0.0000)
K=500,day1,full offloading,day1_gt50,fallback_no_obs,0.0004 (0.0000)
K=500,day1,full offloading,day1_gt50,fallback_weak_c,0.0019 (0.0004)
K=500,day1,full offloading,day1_gt50,fallback_nonfinite,0.0000 (0.0000)
K=500,day1,full offloading,day1_gt50,sA_fallback,0.0000 (0.0000)
K=500,day1,full offloading,day1_gt50,clip_low,0.0092 (0.0019)
K=500,day1,full offloading,day1_gt50,clip_high,0.1592 (0.0053)
K=500,day1,full offloading,day1_gt50,err_window_mean,-0.0027 (0.0005)
K=500,day1,full offloading,day1_gt50,err_window_mae,0.0623 (0.0020)
K=500,day1,full offloading,day1_gt50,err_current_mean,-0.0027 (0.0005)
K=500,day1,full offloading,day1_gt50,err_current_mae,0.0632 (0.0020)
K=500,day1,full offloading,day1_gt50,s_true_current,0.6208 (0.0040)
K=500,day1,full offloading,day1_gt50,c11,0.8509 (0.0075)
K=500,day1,full offloading,day1_gt50,c01,0.2706 (0.0041)
K=500,day1,full offloading,day1_gt50,abs_c_diff,0.5803 (0.0034)
K=500,day1,full offloading,day1_gt50,stale_eval_rounds,1.0000 (0.0000)
K=500,day1,full offloading,day1_gt50,stale_training_rounds,5.0000 (0.0000)
K=500,day1,full offloading,day1_gt50,cell_change,0.0765 (0.0036)
K=500,day1,full offloading,day1_gt50,model_change,1.0000 (0.0000)
K=500,day1,full offloading,day1_gt50,repeated_image,0.9911 (0.0007)
K=500,day1,full offloading,day1_gt50,SC_share_driftgate,0.0077 (0.0008)
K=500,day1,full offloading,day1_gt50,SC_mean_w,0.1844 (0.0145)
K=500,day1,full offloading,day1_gt50,SC_share_r_none,0.1306 (0.0143)
K=500,day1,full offloading,day1_gt50,SC_mean_numeric_r,0.6671 (0.0092)
K=500,day1,full offloading,day1_gt50,SBg_share_driftgate,0.3210 (0.0094)
K=500,day1,full offloading,day1_gt50,SA0.5_share_driftgate,0.0001 (0.0001)
K=500,day1,full offloading,day1_gt50,SA0.65_share_driftgate,0.0027 (0.0016)
S1 replay,replay,full offloading,replay_full,n,3738883.6000 (33680.9146)
S1 replay,replay,full offloading,replay_full,fallback,0.0286 (0.0096)
S1 replay,replay,full offloading,replay_full,fallback_no_cal,0.0242 (0.0003)
S1 replay,replay,full offloading,replay_full,fallback_no_obs,0.0000 (0.0000)
S1 replay,replay,full offloading,replay_full,fallback_weak_c,0.0043 (0.0096)
S1 replay,replay,full offloading,replay_full,fallback_nonfinite,0.0000 (0.0000)
S1 replay,replay,full offloading,replay_full,sA_fallback,0.0242 (0.0003)
S1 replay,replay,full offloading,replay_full,clip_low,0.0077 (0.0052)
S1 replay,replay,full offloading,replay_full,clip_high,0.0996 (0.0072)
S1 replay,replay,full offloading,replay_full,err_window_mean,-0.0085 (0.0017)
S1 replay,replay,full offloading,replay_full,err_window_mae,0.0250 (0.0029)
S1 replay,replay,full offloading,replay_full,err_current_mean,-0.0085 (0.0018)
S1 replay,replay,full offloading,replay_full,err_current_mae,0.0269 (0.0028)
S1 replay,replay,full offloading,replay_full,s_true_current,0.6633 (0.0060)
S1 replay,replay,full offloading,replay_full,c11,0.8490 (0.0113)
S1 replay,replay,full offloading,replay_full,c01,0.3416 (0.0331)
S1 replay,replay,full offloading,replay_full,abs_c_diff,0.5074 (0.0398)
S1 replay,replay,full offloading,replay_full,stale_eval_rounds,1.0000 (0.0000)
S1 replay,replay,full offloading,replay_full,stale_training_rounds,4.9752 (0.0003)
S1 replay,replay,full offloading,replay_full,cell_change,0.0791 (0.0010)
S1 replay,replay,full offloading,replay_full,model_change,0.0000 (0.0000)
S1 replay,replay,full offloading,replay_full,repeated_image,0.9818 (0.0008)
S1 replay,replay,full offloading,replay_full,SC_share_driftgate,0.0077 (0.0047)
S1 replay,replay,full offloading,replay_full,SC_mean_w,0.2057 (0.0399)
S1 replay,replay,full offloading,replay_full,SC_share_r_none,0.1050 (0.0499)
S1 replay,replay,full offloading,replay_full,SC_mean_numeric_r,0.6271 (0.0239)
S1 replay,replay,full offloading,replay_full,SBg_share_driftgate,0.2639 (0.0303)
S1 replay,replay,full offloading,replay_full,SA0.5_share_driftgate,0.0009 (0.0020)
S1 replay,replay,full offloading,replay_full,SA0.65_share_driftgate,0.0012 (0.0021)
S1 replay,replay,online beta 0.5 (offloaded requests),replay_full,n_offloaded,1869639.8000 (16918.9114)
S1 replay,replay,online beta 0.5 (offloaded requests),replay_full,fallback,0.4709 (0.0891)
S1 replay,replay,online beta 0.5 (offloaded requests),replay_full,fallback_no_cal,0.0243 (0.0003)
S1 replay,replay,online beta 0.5 (offloaded requests),replay_full,fallback_few_selected,0.0000 (0.0000)
S1 replay,replay,online beta 0.5 (offloaded requests),replay_full,fallback_few_offloads,0.0035 (0.0001)
S1 replay,replay,online beta 0.5 (offloaded requests),replay_full,fallback_weak_v,0.4431 (0.0888)
S1 replay,replay,online beta 0.5 (offloaded requests),replay_full,fallback_nonfinite,0.0000 (0.0000)
S1 replay,replay,online beta 0.5 (offloaded requests),replay_full,fallback_denominator,0.0000 (0.0000)
S1 replay,replay,online beta 0.5 (offloaded requests),replay_full,clip_all_low,0.0144 (0.0039)
S1 replay,replay,online beta 0.5 (offloaded requests),replay_full,clip_all_high,0.2119 (0.0142)
S1 replay,replay,online beta 0.5 (offloaded requests),replay_full,err_all_window_mean,-0.0227 (0.0047)
S1 replay,replay,online beta 0.5 (offloaded requests),replay_full,err_all_window_mae,0.0578 (0.0019)
S1 replay,replay,online beta 0.5 (offloaded requests),replay_full,err_off_current_mean,-0.0223 (0.0050)
S1 replay,replay,online beta 0.5 (offloaded requests),replay_full,err_off_current_mae,0.0608 (0.0023)
S1 replay,replay,online beta 0.5 (offloaded requests),replay_full,SC_share_driftgate,0.0084 (0.0065)
S2 replay,replay,full offloading,replay_full,n,3348205.6667 (6770.2600)
S2 replay,replay,full offloading,replay_full,fallback,0.0270 (0.0000)
S2 replay,replay,full offloading,replay_full,fallback_no_cal,0.0270 (0.0000)
S2 replay,replay,full offloading,replay_full,fallback_no_obs,0.0000 (0.0000)
S2 replay,replay,full offloading,replay_full,fallback_weak_c,0.0000 (0.0000)
S2 replay,replay,full offloading,replay_full,fallback_nonfinite,0.0000 (0.0000)
S2 replay,replay,full offloading,replay_full,sA_fallback,0.0270 (0.0000)
S2 replay,replay,full offloading,replay_full,clip_low,0.0050 (0.0029)
S2 replay,replay,full offloading,replay_full,clip_high,0.1338 (0.0128)
S2 replay,replay,full offloading,replay_full,err_window_mean,-0.0063 (0.0015)
S2 replay,replay,full offloading,replay_full,err_window_mae,0.0240 (0.0027)
S2 replay,replay,full offloading,replay_full,err_current_mean,-0.0062 (0.0014)
S2 replay,replay,full offloading,replay_full,err_current_mae,0.0254 (0.0026)
S2 replay,replay,full offloading,replay_full,s_true_current,0.7407 (0.0015)
S2 replay,replay,full offloading,replay_full,c11,0.8840 (0.0481)
S2 replay,replay,full offloading,replay_full,c01,0.3597 (0.0319)
S2 replay,replay,full offloading,replay_full,abs_c_diff,0.5243 (0.0283)
S2 replay,replay,full offloading,replay_full,stale_eval_rounds,1.0000 (0.0000)
S2 replay,replay,full offloading,replay_full,stale_training_rounds,4.9718 (0.0000)
S2 replay,replay,full offloading,replay_full,cell_change,0.0957 (0.0001)
S2 replay,replay,full offloading,replay_full,model_change,0.0000 (0.0000)
S2 replay,replay,full offloading,replay_full,repeated_image,0.9782 (0.0011)
S2 replay,replay,full offloading,replay_full,SC_share_driftgate,0.0082 (0.0027)
S2 replay,replay,full offloading,replay_full,SC_mean_w,0.2336 (0.0764)
S2 replay,replay,full offloading,replay_full,SC_share_r_none,0.0804 (0.0079)
S2 replay,replay,full offloading,replay_full,SC_mean_numeric_r,0.5927 (0.0979)
S2 replay,replay,full offloading,replay_full,SBg_share_driftgate,0.4102 (0.1245)
S2 replay,replay,full offloading,replay_full,SA0.5_share_driftgate,0.0010 (0.0010)
S2 replay,replay,full offloading,replay_full,SA0.65_share_driftgate,0.0064 (0.0099)
S2 replay,replay,online beta 0.5 (offloaded requests),replay_full,n_offloaded,1674465.6667 (3408.0655)
S2 replay,replay,online beta 0.5 (offloaded requests),replay_full,fallback,0.4018 (0.0759)
S2 replay,replay,online beta 0.5 (offloaded requests),replay_full,fallback_no_cal,0.0271 (0.0001)
S2 replay,replay,online beta 0.5 (offloaded requests),replay_full,fallback_few_selected,0.0000 (0.0000)
S2 replay,replay,online beta 0.5 (offloaded requests),replay_full,fallback_few_offloads,0.0039 (0.0000)
S2 replay,replay,online beta 0.5 (offloaded requests),replay_full,fallback_weak_v,0.3708 (0.0759)
S2 replay,replay,online beta 0.5 (offloaded requests),replay_full,fallback_nonfinite,0.0000 (0.0000)
S2 replay,replay,online beta 0.5 (offloaded requests),replay_full,fallback_denominator,0.0000 (0.0000)
S2 replay,replay,online beta 0.5 (offloaded requests),replay_full,clip_all_low,0.0114 (0.0019)
S2 replay,replay,online beta 0.5 (offloaded requests),replay_full,clip_all_high,0.2830 (0.0361)
S2 replay,replay,online beta 0.5 (offloaded requests),replay_full,err_all_window_mean,-0.0231 (0.0048)
S2 replay,replay,online beta 0.5 (offloaded requests),replay_full,err_all_window_mae,0.0559 (0.0075)
S2 replay,replay,online beta 0.5 (offloaded requests),replay_full,err_off_current_mean,-0.0239 (0.0060)
S2 replay,replay,online beta 0.5 (offloaded requests),replay_full,err_off_current_mae,0.0612 (0.0091)
S2 replay,replay,online beta 0.5 (offloaded requests),replay_full,SC_share_driftgate,0.0038 (0.0018)
S1 (Round 12 record),day1,full offloading,day1_full,n,3738883.6000 (33680.9146)
S1 (Round 12 record),day1,full offloading,day1_full,fallback,0.0650 (0.0153)
S1 (Round 12 record),day1,full offloading,day1_full,fallback_no_cal,0.0242 (0.0003)
S1 (Round 12 record),day1,full offloading,day1_full,fallback_no_obs,0.0004 (0.0000)
S1 (Round 12 record),day1,full offloading,day1_full,fallback_weak_c,0.0404 (0.0152)
S1 (Round 12 record),day1,full offloading,day1_full,fallback_nonfinite,0.0000 (0.0000)
S1 (Round 12 record),day1,full offloading,day1_full,sA_fallback,0.0242 (0.0003)
S1 (Round 12 record),day1,full offloading,day1_full,clip_low,0.0350 (0.0107)
S1 (Round 12 record),day1,full offloading,day1_full,clip_high,0.2256 (0.0164)
S1 (Round 12 record),day1,full offloading,day1_full,err_window_mean,-0.0184 (0.0039)
S1 (Round 12 record),day1,full offloading,day1_full,err_window_mae,0.0996 (0.0139)
S1 (Round 12 record),day1,full offloading,day1_full,err_current_mean,-0.0184 (0.0040)
S1 (Round 12 record),day1,full offloading,day1_full,err_current_mae,0.0999 (0.0137)
S1 (Round 12 record),day1,full offloading,day1_full,s_true_current,0.6633 (0.0060)
S1 (Round 12 record),day1,full offloading,day1_full,c11,0.7822 (0.0152)
S1 (Round 12 record),day1,full offloading,day1_full,c01,0.3423 (0.0312)
S1 (Round 12 record),day1,full offloading,day1_full,abs_c_diff,0.4404 (0.0378)
S1 (Round 12 record),day1,full offloading,day1_full,stale_eval_rounds,1.0000 (0.0000)
S1 (Round 12 record),day1,full offloading,day1_full,stale_training_rounds,4.9752 (0.0003)
S1 (Round 12 record),day1,full offloading,day1_full,cell_change,0.0791 (0.0010)
S1 (Round 12 record),day1,full offloading,day1_full,model_change,1.0000 (0.0000)
S1 (Round 12 record),day1,full offloading,day1_full,repeated_image,0.9818 (0.0008)
S1 (Round 12 record),day1,full offloading,day1_full,SC_share_driftgate,0.0084 (0.0018)
S1 (Round 12 record),day1,full offloading,day1_full,SC_mean_w,0.2325 (0.0324)
S1 (Round 12 record),day1,full offloading,day1_full,SC_share_r_none,0.0873 (0.0109)
S1 (Round 12 record),day1,full offloading,day1_full,SC_mean_numeric_r,0.5873 (0.0281)
S1 (Round 12 record),day1,full offloading,day1_full,SBg_share_driftgate,0.2477 (0.0440)
S1 (Round 12 record),day1,full offloading,day1_full,SA0.5_share_driftgate,0.0024 (0.0019)
S1 (Round 12 record),day1,full offloading,day1_full,SA0.65_share_driftgate,0.0073 (0.0034)
S1 (Round 12 record),day1,full offloading,day1_early,n,664574.2000 (8114.2814)
S1 (Round 12 record),day1,full offloading,day1_early,fallback,0.3161 (0.0516)
S1 (Round 12 record),day1,full offloading,day1_early,fallback_no_cal,0.1364 (0.0016)
S1 (Round 12 record),day1,full offloading,day1_early,fallback_no_obs,0.0005 (0.0000)
S1 (Round 12 record),day1,full offloading,day1_early,fallback_weak_c,0.1793 (0.0507)
S1 (Round 12 record),day1,full offloading,day1_early,fallback_nonfinite,0.0000 (0.0000)
S1 (Round 12 record),day1,full offloading,day1_early,sA_fallback,0.1364 (0.0016)
S1 (Round 12 record),day1,full offloading,day1_early,clip_low,0.0630 (0.0173)
S1 (Round 12 record),day1,full offloading,day1_early,clip_high,0.4877 (0.0627)
S1 (Round 12 record),day1,full offloading,day1_early,err_window_mean,-0.0773 (0.0115)
S1 (Round 12 record),day1,full offloading,day1_early,err_window_mae,0.1186 (0.0194)
S1 (Round 12 record),day1,full offloading,day1_early,err_current_mean,-0.0774 (0.0116)
S1 (Round 12 record),day1,full offloading,day1_early,err_current_mae,0.1178 (0.0192)
S1 (Round 12 record),day1,full offloading,day1_early,s_true_current,0.8427 (0.0103)
S1 (Round 12 record),day1,full offloading,day1_early,c11,0.6974 (0.0374)
S1 (Round 12 record),day1,full offloading,day1_early,c01,0.4141 (0.0453)
S1 (Round 12 record),day1,full offloading,day1_early,abs_c_diff,0.2857 (0.0268)
S1 (Round 12 record),day1,full offloading,day1_early,stale_eval_rounds,1.0000 (0.0000)
S1 (Round 12 record),day1,full offloading,day1_early,stale_training_rounds,4.8421 (0.0022)
S1 (Round 12 record),day1,full offloading,day1_early,cell_change,0.1025 (0.0222)
S1 (Round 12 record),day1,full offloading,day1_early,model_change,1.0000 (0.0000)
S1 (Round 12 record),day1,full offloading,day1_early,repeated_image,0.9602 (0.0074)
S1 (Round 12 record),day1,full offloading,day1_early,SC_share_driftgate,0.0107 (0.0029)
S1 (Round 12 record),day1,full offloading,day1_early,SC_mean_w,0.3635 (0.0328)
S1 (Round 12 record),day1,full offloading,day1_early,SC_share_r_none,0.0565 (0.0197)
S1 (Round 12 record),day1,full offloading,day1_early,SC_mean_numeric_r,0.5227 (0.0409)
S1 (Round 12 record),day1,full offloading,day1_early,SBg_share_driftgate,0.2672 (0.0344)
S1 (Round 12 record),day1,full offloading,day1_early,SA0.5_share_driftgate,0.0050 (0.0064)
S1 (Round 12 record),day1,full offloading,day1_early,SA0.65_share_driftgate,0.0084 (0.0040)
S1 (Round 12 record),day1,full offloading,day1_gt30,n,3074309.4000 (34387.2314)
S1 (Round 12 record),day1,full offloading,day1_gt30,fallback,0.0108 (0.0140)
S1 (Round 12 record),day1,full offloading,day1_gt30,fallback_no_cal,0.0000 (0.0000)
S1 (Round 12 record),day1,full offloading,day1_gt30,fallback_no_obs,0.0004 (0.0000)
S1 (Round 12 record),day1,full offloading,day1_gt30,fallback_weak_c,0.0104 (0.0140)
S1 (Round 12 record),day1,full offloading,day1_gt30,fallback_nonfinite,0.0000 (0.0000)
S1 (Round 12 record),day1,full offloading,day1_gt30,sA_fallback,0.0000 (0.0000)
S1 (Round 12 record),day1,full offloading,day1_gt30,clip_low,0.0307 (0.0120)
S1 (Round 12 record),day1,full offloading,day1_gt30,clip_high,0.1870 (0.0237)
S1 (Round 12 record),day1,full offloading,day1_gt30,err_window_mean,-0.0095 (0.0037)
S1 (Round 12 record),day1,full offloading,day1_gt30,err_window_mae,0.0966 (0.0143)
S1 (Round 12 record),day1,full offloading,day1_gt30,err_current_mean,-0.0095 (0.0038)
S1 (Round 12 record),day1,full offloading,day1_gt30,err_current_mae,0.0971 (0.0142)
S1 (Round 12 record),day1,full offloading,day1_gt30,s_true_current,0.6246 (0.0070)
S1 (Round 12 record),day1,full offloading,day1_gt30,c11,0.7980 (0.0187)
S1 (Round 12 record),day1,full offloading,day1_gt30,c01,0.3288 (0.0286)
S1 (Round 12 record),day1,full offloading,day1_gt30,abs_c_diff,0.4692 (0.0417)
S1 (Round 12 record),day1,full offloading,day1_gt30,stale_eval_rounds,1.0000 (0.0000)
S1 (Round 12 record),day1,full offloading,day1_gt30,stale_training_rounds,5.0000 (0.0000)
S1 (Round 12 record),day1,full offloading,day1_gt30,cell_change,0.0747 (0.0033)
S1 (Round 12 record),day1,full offloading,day1_gt30,model_change,1.0000 (0.0000)
S1 (Round 12 record),day1,full offloading,day1_gt30,repeated_image,0.9859 (0.0011)
S1 (Round 12 record),day1,full offloading,day1_gt30,SC_share_driftgate,0.0080 (0.0022)
S1 (Round 12 record),day1,full offloading,day1_gt30,SC_mean_w,0.2128 (0.0344)
S1 (Round 12 record),day1,full offloading,day1_gt30,SC_share_r_none,0.0918 (0.0123)
S1 (Round 12 record),day1,full offloading,day1_gt30,SC_mean_numeric_r,0.5970 (0.0367)
S1 (Round 12 record),day1,full offloading,day1_gt30,SBg_share_driftgate,0.2443 (0.0507)
S1 (Round 12 record),day1,full offloading,day1_gt30,SA0.5_share_driftgate,0.0019 (0.0015)
S1 (Round 12 record),day1,full offloading,day1_gt30,SA0.65_share_driftgate,0.0071 (0.0034)
S1 (Round 12 record),day1,full offloading,day1_gt50,n,2538286.6000 (29294.1503)
S1 (Round 12 record),day1,full offloading,day1_gt50,fallback,0.0084 (0.0110)
S1 (Round 12 record),day1,full offloading,day1_gt50,fallback_no_cal,0.0000 (0.0000)
S1 (Round 12 record),day1,full offloading,day1_gt50,fallback_no_obs,0.0004 (0.0000)
S1 (Round 12 record),day1,full offloading,day1_gt50,fallback_weak_c,0.0080 (0.0110)
S1 (Round 12 record),day1,full offloading,day1_gt50,fallback_nonfinite,0.0000 (0.0000)
S1 (Round 12 record),day1,full offloading,day1_gt50,sA_fallback,0.0000 (0.0000)
S1 (Round 12 record),day1,full offloading,day1_gt50,clip_low,0.0237 (0.0126)
S1 (Round 12 record),day1,full offloading,day1_gt50,clip_high,0.1912 (0.0262)
S1 (Round 12 record),day1,full offloading,day1_gt50,err_window_mean,-0.0071 (0.0037)
S1 (Round 12 record),day1,full offloading,day1_gt50,err_window_mae,0.0886 (0.0155)
S1 (Round 12 record),day1,full offloading,day1_gt50,err_current_mean,-0.0071 (0.0039)
S1 (Round 12 record),day1,full offloading,day1_gt50,err_current_mae,0.0891 (0.0154)
S1 (Round 12 record),day1,full offloading,day1_gt50,s_true_current,0.6304 (0.0073)
S1 (Round 12 record),day1,full offloading,day1_gt50,c11,0.8120 (0.0198)
S1 (Round 12 record),day1,full offloading,day1_gt50,c01,0.3335 (0.0284)
S1 (Round 12 record),day1,full offloading,day1_gt50,abs_c_diff,0.4786 (0.0419)
S1 (Round 12 record),day1,full offloading,day1_gt50,stale_eval_rounds,1.0000 (0.0000)
S1 (Round 12 record),day1,full offloading,day1_gt50,stale_training_rounds,5.0000 (0.0000)
S1 (Round 12 record),day1,full offloading,day1_gt50,cell_change,0.0672 (0.0020)
S1 (Round 12 record),day1,full offloading,day1_gt50,model_change,1.0000 (0.0000)
S1 (Round 12 record),day1,full offloading,day1_gt50,repeated_image,0.9921 (0.0015)
S1 (Round 12 record),day1,full offloading,day1_gt50,SC_share_driftgate,0.0084 (0.0018)
S1 (Round 12 record),day1,full offloading,day1_gt50,SC_mean_w,0.2070 (0.0349)
S1 (Round 12 record),day1,full offloading,day1_gt50,SC_share_r_none,0.0943 (0.0144)
S1 (Round 12 record),day1,full offloading,day1_gt50,SC_mean_numeric_r,0.5943 (0.0390)
S1 (Round 12 record),day1,full offloading,day1_gt50,SBg_share_driftgate,0.2488 (0.0512)
S1 (Round 12 record),day1,full offloading,day1_gt50,SA0.5_share_driftgate,0.0018 (0.0018)
S1 (Round 12 record),day1,full offloading,day1_gt50,SA0.65_share_driftgate,0.0071 (0.0043)
S2 (Round 12 record),day1,full offloading,day1_full,n,3348205.6667 (6770.2600)
S2 (Round 12 record),day1,full offloading,day1_full,fallback,0.0717 (0.0079)
S2 (Round 12 record),day1,full offloading,day1_full,fallback_no_cal,0.0270 (0.0000)
S2 (Round 12 record),day1,full offloading,day1_full,fallback_no_obs,0.0004 (0.0000)
S2 (Round 12 record),day1,full offloading,day1_full,fallback_weak_c,0.0443 (0.0079)
S2 (Round 12 record),day1,full offloading,day1_full,fallback_nonfinite,0.0000 (0.0000)
S2 (Round 12 record),day1,full offloading,day1_full,sA_fallback,0.0270 (0.0000)
S2 (Round 12 record),day1,full offloading,day1_full,clip_low,0.0252 (0.0025)
S2 (Round 12 record),day1,full offloading,day1_full,clip_high,0.3037 (0.0108)
S2 (Round 12 record),day1,full offloading,day1_full,err_window_mean,-0.0267 (0.0050)
S2 (Round 12 record),day1,full offloading,day1_full,err_window_mae,0.0941 (0.0067)
S2 (Round 12 record),day1,full offloading,day1_full,err_current_mean,-0.0267 (0.0048)
S2 (Round 12 record),day1,full offloading,day1_full,err_current_mae,0.0939 (0.0066)
S2 (Round 12 record),day1,full offloading,day1_full,s_true_current,0.7407 (0.0015)
S2 (Round 12 record),day1,full offloading,day1_full,c11,0.8089 (0.0548)
S2 (Round 12 record),day1,full offloading,day1_full,c01,0.3713 (0.0593)
S2 (Round 12 record),day1,full offloading,day1_full,abs_c_diff,0.4377 (0.0152)
S2 (Round 12 record),day1,full offloading,day1_full,stale_eval_rounds,1.0000 (0.0000)
S2 (Round 12 record),day1,full offloading,day1_full,stale_training_rounds,4.9718 (0.0000)
S2 (Round 12 record),day1,full offloading,day1_full,cell_change,0.0957 (0.0001)
S2 (Round 12 record),day1,full offloading,day1_full,model_change,1.0000 (0.0000)
S2 (Round 12 record),day1,full offloading,day1_full,repeated_image,0.9782 (0.0011)
S2 (Round 12 record),day1,full offloading,day1_full,SC_share_driftgate,0.0089 (0.0048)
S2 (Round 12 record),day1,full offloading,day1_full,SC_mean_w,0.3043 (0.0373)
S2 (Round 12 record),day1,full offloading,day1_full,SC_share_r_none,0.0620 (0.0108)
S2 (Round 12 record),day1,full offloading,day1_full,SC_mean_numeric_r,0.5398 (0.0537)
S2 (Round 12 record),day1,full offloading,day1_full,SBg_share_driftgate,0.3370 (0.1053)
S2 (Round 12 record),day1,full offloading,day1_full,SA0.5_share_driftgate,0.0030 (0.0005)
S2 (Round 12 record),day1,full offloading,day1_full,SA0.65_share_driftgate,0.0079 (0.0055)
S2 (Round 12 record),day1,full offloading,day1_early,n,650965.0000 (540.9187)
S2 (Round 12 record),day1,full offloading,day1_early,fallback,0.3122 (0.0212)
S2 (Round 12 record),day1,full offloading,day1_early,fallback_no_cal,0.1387 (0.0000)
S2 (Round 12 record),day1,full offloading,day1_early,fallback_no_obs,0.0005 (0.0000)
S2 (Round 12 record),day1,full offloading,day1_early,fallback_weak_c,0.1731 (0.0212)
S2 (Round 12 record),day1,full offloading,day1_early,fallback_nonfinite,0.0000 (0.0000)
S2 (Round 12 record),day1,full offloading,day1_early,sA_fallback,0.1387 (0.0000)
S2 (Round 12 record),day1,full offloading,day1_early,clip_low,0.0349 (0.0149)
S2 (Round 12 record),day1,full offloading,day1_early,clip_high,0.5133 (0.0322)
S2 (Round 12 record),day1,full offloading,day1_early,err_window_mean,-0.0710 (0.0220)
S2 (Round 12 record),day1,full offloading,day1_early,err_window_mae,0.0996 (0.0225)
S2 (Round 12 record),day1,full offloading,day1_early,err_current_mean,-0.0709 (0.0216)
S2 (Round 12 record),day1,full offloading,day1_early,err_current_mae,0.0984 (0.0227)
S2 (Round 12 record),day1,full offloading,day1_early,s_true_current,0.8603 (0.0007)
S2 (Round 12 record),day1,full offloading,day1_early,c11,0.6833 (0.0633)
S2 (Round 12 record),day1,full offloading,day1_early,c01,0.3901 (0.0513)
S2 (Round 12 record),day1,full offloading,day1_early,abs_c_diff,0.2936 (0.0207)
S2 (Round 12 record),day1,full offloading,day1_early,stale_eval_rounds,1.0000 (0.0000)
S2 (Round 12 record),day1,full offloading,day1_early,stale_training_rounds,4.8364 (0.0000)
S2 (Round 12 record),day1,full offloading,day1_early,cell_change,0.0652 (0.0001)
S2 (Round 12 record),day1,full offloading,day1_early,model_change,1.0000 (0.0000)
S2 (Round 12 record),day1,full offloading,day1_early,repeated_image,0.9825 (0.0009)
S2 (Round 12 record),day1,full offloading,day1_early,SC_share_driftgate,0.0050 (0.0082)
S2 (Round 12 record),day1,full offloading,day1_early,SC_mean_w,0.4500 (0.0336)
S2 (Round 12 record),day1,full offloading,day1_early,SC_share_r_none,0.0572 (0.0200)
S2 (Round 12 record),day1,full offloading,day1_early,SC_mean_numeric_r,0.4941 (0.0343)
S2 (Round 12 record),day1,full offloading,day1_early,SBg_share_driftgate,0.2904 (0.1379)
S2 (Round 12 record),day1,full offloading,day1_early,SA0.5_share_driftgate,0.0055 (0.0012)
S2 (Round 12 record),day1,full offloading,day1_early,SA0.65_share_driftgate,0.0053 (0.0089)
S2 (Round 12 record),day1,full offloading,day1_gt30,n,2697240.6667 (6309.3272)
S2 (Round 12 record),day1,full offloading,day1_gt30,fallback,0.0136 (0.0050)
S2 (Round 12 record),day1,full offloading,day1_gt30,fallback_no_cal,0.0000 (0.0000)
S2 (Round 12 record),day1,full offloading,day1_gt30,fallback_no_obs,0.0004 (0.0000)
S2 (Round 12 record),day1,full offloading,day1_gt30,fallback_weak_c,0.0132 (0.0050)
S2 (Round 12 record),day1,full offloading,day1_gt30,fallback_nonfinite,0.0000 (0.0000)
S2 (Round 12 record),day1,full offloading,day1_gt30,sA_fallback,0.0000 (0.0000)
S2 (Round 12 record),day1,full offloading,day1_gt30,clip_low,0.0236 (0.0039)
S2 (Round 12 record),day1,full offloading,day1_gt30,clip_high,0.2685 (0.0087)
S2 (Round 12 record),day1,full offloading,day1_gt30,err_window_mean,-0.0193 (0.0032)
S2 (Round 12 record),day1,full offloading,day1_gt30,err_window_mae,0.0931 (0.0040)
S2 (Round 12 record),day1,full offloading,day1_gt30,err_current_mean,-0.0192 (0.0030)
S2 (Round 12 record),day1,full offloading,day1_gt30,err_current_mae,0.0931 (0.0039)
S2 (Round 12 record),day1,full offloading,day1_gt30,s_true_current,0.7118 (0.0017)
S2 (Round 12 record),day1,full offloading,day1_gt30,c11,0.8350 (0.0535)
S2 (Round 12 record),day1,full offloading,day1_gt30,c01,0.3674 (0.0615)
S2 (Round 12 record),day1,full offloading,day1_gt30,abs_c_diff,0.4676 (0.0171)
S2 (Round 12 record),day1,full offloading,day1_gt30,stale_eval_rounds,1.0000 (0.0000)
S2 (Round 12 record),day1,full offloading,day1_gt30,stale_training_rounds,5.0000 (0.0000)
S2 (Round 12 record),day1,full offloading,day1_gt30,cell_change,0.1020 (0.0001)
S2 (Round 12 record),day1,full offloading,day1_gt30,model_change,1.0000 (0.0000)
S2 (Round 12 record),day1,full offloading,day1_gt30,repeated_image,0.9773 (0.0011)
S2 (Round 12 record),day1,full offloading,day1_gt30,SC_share_driftgate,0.0095 (0.0042)
S2 (Round 12 record),day1,full offloading,day1_gt30,SC_mean_w,0.2799 (0.0403)
S2 (Round 12 record),day1,full offloading,day1_gt30,SC_share_r_none,0.0628 (0.0135)
S2 (Round 12 record),day1,full offloading,day1_gt30,SC_mean_numeric_r,0.5476 (0.0574)
S2 (Round 12 record),day1,full offloading,day1_gt30,SBg_share_driftgate,0.3448 (0.1002)
S2 (Round 12 record),day1,full offloading,day1_gt30,SA0.5_share_driftgate,0.0025 (0.0004)
S2 (Round 12 record),day1,full offloading,day1_gt30,SA0.65_share_driftgate,0.0084 (0.0048)
S2 (Round 12 record),day1,full offloading,day1_gt50,n,2275542.0000 (5712.0129)
S2 (Round 12 record),day1,full offloading,day1_gt50,fallback,0.0137 (0.0074)
S2 (Round 12 record),day1,full offloading,day1_gt50,fallback_no_cal,0.0000 (0.0000)
S2 (Round 12 record),day1,full offloading,day1_gt50,fallback_no_obs,0.0004 (0.0000)
S2 (Round 12 record),day1,full offloading,day1_gt50,fallback_weak_c,0.0132 (0.0074)
S2 (Round 12 record),day1,full offloading,day1_gt50,fallback_nonfinite,0.0000 (0.0000)
S2 (Round 12 record),day1,full offloading,day1_gt50,sA_fallback,0.0000 (0.0000)
S2 (Round 12 record),day1,full offloading,day1_gt50,clip_low,0.0214 (0.0036)
S2 (Round 12 record),day1,full offloading,day1_gt50,clip_high,0.2538 (0.0116)
S2 (Round 12 record),day1,full offloading,day1_gt50,err_window_mean,-0.0169 (0.0034)
S2 (Round 12 record),day1,full offloading,day1_gt50,err_window_mae,0.0904 (0.0028)
S2 (Round 12 record),day1,full offloading,day1_gt50,err_current_mean,-0.0168 (0.0032)
S2 (Round 12 record),day1,full offloading,day1_gt50,err_current_mae,0.0905 (0.0027)
S2 (Round 12 record),day1,full offloading,day1_gt50,s_true_current,0.7031 (0.0018)
S2 (Round 12 record),day1,full offloading,day1_gt50,c11,0.8418 (0.0509)
S2 (Round 12 record),day1,full offloading,day1_gt50,c01,0.3702 (0.0619)
S2 (Round 12 record),day1,full offloading,day1_gt50,abs_c_diff,0.4716 (0.0153)
S2 (Round 12 record),day1,full offloading,day1_gt50,stale_eval_rounds,1.0000 (0.0000)
S2 (Round 12 record),day1,full offloading,day1_gt50,stale_training_rounds,5.0000 (0.0000)
S2 (Round 12 record),day1,full offloading,day1_gt50,cell_change,0.0985 (0.0001)
S2 (Round 12 record),day1,full offloading,day1_gt50,model_change,1.0000 (0.0000)
S2 (Round 12 record),day1,full offloading,day1_gt50,repeated_image,0.9808 (0.0014)
S2 (Round 12 record),day1,full offloading,day1_gt50,SC_share_driftgate,0.0094 (0.0045)
S2 (Round 12 record),day1,full offloading,day1_gt50,SC_mean_w,0.2723 (0.0411)
S2 (Round 12 record),day1,full offloading,day1_gt50,SC_share_r_none,0.0615 (0.0135)
S2 (Round 12 record),day1,full offloading,day1_gt50,SC_mean_numeric_r,0.5552 (0.0623)
S2 (Round 12 record),day1,full offloading,day1_gt50,SBg_share_driftgate,0.3404 (0.0995)
S2 (Round 12 record),day1,full offloading,day1_gt50,SA0.5_share_driftgate,0.0019 (0.0013)
S2 (Round 12 record),day1,full offloading,day1_gt50,SA0.65_share_driftgate,0.0079 (0.0047)
