table,row_id,setting,period,window,rule,accuracy_pct mean (SD),mean,rank,strongest
basic,S1|day1_full,S1,day1,day1_full,Confidence-based offloading,62.86 (2.62),62.863120,17,
basic,S1|day1_full,S1,day1,day1_full,Device only,64.17 (1.93),64.167957,15,
basic,S1|day1_full,S1,day1,day1_full,Edge only,62.91 (2.61),62.905937,16,
basic,S1|day1_full,S1,day1,day1_full,Probability average,67.32 (2.91),67.323322,9,
basic,S1|day1_full,S1,day1,day1_full,Logit sum,67.37 (3.00),67.371337,7,
basic,S1|day1_full,S1,day1,day1_full,Lower-entropy exit,64.35 (2.70),64.350287,14,
basic,S1|day1_full,S1,day1,day1_full,Logit-entropy weighting,64.35 (2.70),64.351224,13,
basic,S1|day1_full,S1,day1,day1_full,Geometric ensemble with early exit,67.37 (3.00),67.365620,8,
basic,S1|day1_full,S1,day1,day1_full,Label-shift EM,64.84 (2.17),64.841937,12,
basic,S1|day1_full,S1,day1,day1_full,Learned weight,66.82 (2.99),66.815823,11,
basic,S1|day1_full,S1,day1,day1_full,DriftGate,68.32 (2.44),68.321754,1,yes
basic,S1|day1_full,S1,day1,day1_full,no correction + adaptive w,67.12 (3.00),67.115027,10,
basic,S1|day1_full,S1,day1,day1_full,correction + w 0.5,68.13 (2.37),68.131813,3,
basic,S1|day1_full,S1,day1,day1_full,correction + dev w 0.2,68.16 (2.53),68.163806,2,
basic,S1|day1_full,S1,day1,day1_full,corrected edge only,67.87 (2.52),67.868004,6,
basic,S1|day1_full,S1,day1,day1_full,correction + learned weight,67.89 (2.55),67.888912,5,
basic,S1|day1_full,S1,day1,day1_full,correction + product,67.91 (2.37),67.909964,4,
basic,S1|day1_early,S1,day1,day1_early,Confidence-based offloading,56.24 (2.90),56.241553,16,
basic,S1|day1_early,S1,day1,day1_early,Device only,72.35 (2.17),72.349173,4,
basic,S1|day1_early,S1,day1,day1_early,Edge only,56.24 (2.90),56.241541,17,
basic,S1|day1_early,S1,day1,day1_early,Probability average,69.32 (3.00),69.317678,9,
basic,S1|day1_early,S1,day1,day1_early,Logit sum,69.73 (3.20),69.732177,8,
basic,S1|day1_early,S1,day1,day1_early,Lower-entropy exit,61.47 (2.47),61.467495,15,
basic,S1|day1_early,S1,day1,day1_early,Logit-entropy weighting,61.47 (2.47),61.467579,14,
basic,S1|day1_early,S1,day1,day1_early,Geometric ensemble with early exit,69.73 (3.20),69.732177,7,
basic,S1|day1_early,S1,day1,day1_early,Label-shift EM,64.38 (3.59),64.378618,13,
basic,S1|day1_early,S1,day1,day1_early,Learned weight,68.51 (2.71),68.508190,12,
basic,S1|day1_early,S1,day1,day1_early,DriftGate,72.47 (3.21),72.471291,3,
basic,S1|day1_early,S1,day1,day1_early,no correction + adaptive w,68.52 (2.92),68.516544,11,
basic,S1|day1_early,S1,day1,day1_early,correction + w 0.5,72.63 (3.20),72.625128,2,
basic,S1|day1_early,S1,day1,day1_early,correction + dev w 0.2,70.27 (3.12),70.267336,6,
basic,S1|day1_early,S1,day1,day1_early,corrected edge only,68.60 (2.77),68.597193,10,
basic,S1|day1_early,S1,day1,day1_early,correction + learned weight,71.34 (3.14),71.336362,5,
basic,S1|day1_early,S1,day1,day1_early,correction + product,72.81 (3.28),72.813537,1,yes
basic,S1|day1_gt30,S1,day1,day1_gt30,Confidence-based offloading,64.79 (3.10),64.794411,16,
basic,S1|day1_gt30,S1,day1,day1_gt30,Device only,61.78 (1.95),61.781769,17,
basic,S1|day1_gt30,S1,day1,day1_gt30,Edge only,64.85 (3.10),64.849719,15,
basic,S1|day1_gt30,S1,day1,day1_gt30,Probability average,66.74 (2.96),66.741635,6,
basic,S1|day1_gt30,S1,day1,day1_gt30,Logit sum,66.68 (3.00),66.682759,8,
basic,S1|day1_gt30,S1,day1,day1_gt30,Lower-entropy exit,65.19 (3.03),65.191102,13,
basic,S1|day1_gt30,S1,day1,day1_gt30,Logit-entropy weighting,65.19 (3.03),65.192287,12,
basic,S1|day1_gt30,S1,day1,day1_gt30,Geometric ensemble with early exit,66.68 (3.00),66.675341,9,
basic,S1|day1_gt30,S1,day1,day1_gt30,Label-shift EM,64.98 (2.13),64.977071,14,
basic,S1|day1_gt30,S1,day1,day1_gt30,Learned weight,66.32 (3.17),66.322215,11,
basic,S1|day1_gt30,S1,day1,day1_gt30,DriftGate,67.11 (2.25),67.111472,3,
basic,S1|day1_gt30,S1,day1,day1_gt30,no correction + adaptive w,66.71 (3.12),66.706252,7,
basic,S1|day1_gt30,S1,day1,day1_gt30,correction + w 0.5,66.82 (2.16),66.821262,5,
basic,S1|day1_gt30,S1,day1,day1_gt30,correction + dev w 0.2,67.55 (2.41),67.550277,2,
basic,S1|day1_gt30,S1,day1,day1_gt30,corrected edge only,67.66 (2.53),67.655324,1,yes
basic,S1|day1_gt30,S1,day1,day1_gt30,correction + learned weight,66.88 (2.42),66.883406,4,
basic,S1|day1_gt30,S1,day1,day1_gt30,correction + product,66.48 (2.15),66.479755,10,
basic,S1|day1_gt50,S1,day1,day1_gt50,Confidence-based offloading,66.21 (2.96),66.209300,15,
basic,S1|day1_gt50,S1,day1,day1_gt50,Device only,62.48 (1.91),62.477902,17,
basic,S1|day1_gt50,S1,day1,day1_gt50,Edge only,66.27 (2.95),66.274977,14,
basic,S1|day1_gt50,S1,day1,day1_gt50,Probability average,67.73 (2.78),67.727972,5,
basic,S1|day1_gt50,S1,day1,day1_gt50,Logit sum,67.65 (2.81),67.651132,7,
basic,S1|day1_gt50,S1,day1,day1_gt50,Lower-entropy exit,66.51 (2.89),66.510676,13,
basic,S1|day1_gt50,S1,day1,day1_gt50,Logit-entropy weighting,66.51 (2.89),66.511864,12,
basic,S1|day1_gt50,S1,day1,day1_gt50,Geometric ensemble with early exit,67.64 (2.81),67.642213,8,
basic,S1|day1_gt50,S1,day1,day1_gt50,Label-shift EM,65.95 (1.95),65.954140,16,
basic,S1|day1_gt50,S1,day1,day1_gt50,Learned weight,67.33 (3.02),67.330350,10,
basic,S1|day1_gt50,S1,day1,day1_gt50,DriftGate,67.96 (2.13),67.958336,3,
basic,S1|day1_gt50,S1,day1,day1_gt50,no correction + adaptive w,67.76 (2.94),67.764838,4,
basic,S1|day1_gt50,S1,day1,day1_gt50,correction + w 0.5,67.64 (2.05),67.636166,9,
basic,S1|day1_gt50,S1,day1,day1_gt50,correction + dev w 0.2,68.45 (2.29),68.449980,2,
basic,S1|day1_gt50,S1,day1,day1_gt50,corrected edge only,68.59 (2.40),68.588728,1,yes
basic,S1|day1_gt50,S1,day1,day1_gt50,correction + learned weight,67.70 (2.32),67.701943,6,
basic,S1|day1_gt50,S1,day1,day1_gt50,correction + product,67.28 (2.04),67.279147,11,
basic,S2|day1_full,S2,day1,day1_full,Confidence-based offloading,65.24 (3.75),65.243741,17,
basic,S2|day1_full,S2,day1,day1_full,Device only,69.06 (2.77),69.055771,11,
basic,S2|day1_full,S2,day1,day1_full,Edge only,65.30 (3.78),65.298973,16,
basic,S2|day1_full,S2,day1,day1_full,Probability average,69.93 (2.02),69.931004,9,
basic,S2|day1_full,S2,day1,day1_full,Logit sum,70.12 (1.97),70.116457,7,
basic,S2|day1_full,S2,day1,day1_full,Lower-entropy exit,66.71 (3.32),66.708400,15,
basic,S2|day1_full,S2,day1,day1_full,Logit-entropy weighting,66.71 (3.32),66.712616,14,
basic,S2|day1_full,S2,day1,day1_full,Geometric ensemble with early exit,70.11 (1.96),70.107834,8,
basic,S2|day1_full,S2,day1,day1_full,Label-shift EM,68.66 (0.53),68.660455,12,
basic,S2|day1_full,S2,day1,day1_full,Learned weight,68.63 (2.29),68.633919,13,
basic,S2|day1_full,S2,day1,day1_full,DriftGate,71.74 (0.97),71.739870,3,
basic,S2|day1_full,S2,day1,day1_full,no correction + adaptive w,69.35 (2.12),69.352141,10,
basic,S2|day1_full,S2,day1,day1_full,correction + w 0.5,71.81 (1.08),71.806480,1,yes
basic,S2|day1_full,S2,day1,day1_full,correction + dev w 0.2,71.07 (0.83),71.070665,4,
basic,S2|day1_full,S2,day1,day1_full,corrected edge only,70.53 (0.83),70.532520,6,
basic,S2|day1_full,S2,day1,day1_full,correction + learned weight,70.69 (0.97),70.690502,5,
basic,S2|day1_full,S2,day1,day1_full,correction + product,71.79 (1.16),71.793376,2,
basic,S2|day1_early,S2,day1,day1_early,Confidence-based offloading,55.40 (5.60),55.403817,16,
basic,S2|day1_early,S2,day1,day1_early,Device only,71.47 (1.70),71.471113,2,
basic,S2|day1_early,S2,day1,day1_early,Edge only,55.40 (5.60),55.401837,17,
basic,S2|day1_early,S2,day1,day1_early,Probability average,67.02 (1.56),67.021978,10,
basic,S2|day1_early,S2,day1,day1_early,Logit sum,67.51 (1.78),67.512022,7,
basic,S2|day1_early,S2,day1,day1_early,Lower-entropy exit,59.54 (3.86),59.535993,14,
basic,S2|day1_early,S2,day1,day1_early,Logit-entropy weighting,59.54 (3.86),59.535941,15,
basic,S2|day1_early,S2,day1,day1_early,Geometric ensemble with early exit,67.51 (1.78),67.511988,8,
basic,S2|day1_early,S2,day1,day1_early,Label-shift EM,62.96 (1.84),62.958644,13,
basic,S2|day1_early,S2,day1,day1_early,Learned weight,66.31 (1.87),66.309693,11,
basic,S2|day1_early,S2,day1,day1_early,DriftGate,70.84 (1.04),70.837803,4,
basic,S2|day1_early,S2,day1,day1_early,no correction + adaptive w,66.17 (1.58),66.165613,12,
basic,S2|day1_early,S2,day1,day1_early,correction + w 0.5,71.10 (0.95),71.100624,3,
basic,S2|day1_early,S2,day1,day1_early,correction + dev w 0.2,68.73 (1.45),68.733910,6,
basic,S2|day1_early,S2,day1,day1_early,corrected edge only,67.30 (1.41),67.296247,9,
basic,S2|day1_early,S2,day1,day1_early,correction + learned weight,69.84 (1.22),69.836387,5,
basic,S2|day1_early,S2,day1,day1_early,correction + product,71.55 (0.86),71.554555,1,yes
basic,S2|day1_gt30,S2,day1,day1_gt30,Confidence-based offloading,68.11 (3.22),68.113719,17,
basic,S2|day1_gt30,S2,day1,day1_gt30,Device only,68.35 (3.08),68.351296,15,
basic,S2|day1_gt30,S2,day1,day1_gt30,Edge only,68.19 (3.25),68.185638,16,
basic,S2|day1_gt30,S2,day1,day1_gt30,Probability average,70.78 (2.16),70.779470,9,
basic,S2|day1_gt30,S2,day1,day1_gt30,Logit sum,70.88 (2.04),70.876084,7,
basic,S2|day1_gt30,S2,day1,day1_gt30,Lower-entropy exit,68.80 (3.19),68.800352,14,
basic,S2|day1_gt30,S2,day1,day1_gt30,Logit-entropy weighting,68.81 (3.19),68.805812,13,
basic,S2|day1_gt30,S2,day1,day1_gt30,Geometric ensemble with early exit,70.86 (2.04),70.864874,8,
basic,S2|day1_gt30,S2,day1,day1_gt30,Label-shift EM,70.32 (0.83),70.323483,10,
basic,S2|day1_gt30,S2,day1,day1_gt30,Learned weight,69.31 (2.44),69.311818,12,
basic,S2|day1_gt30,S2,day1,day1_gt30,DriftGate,72.00 (1.27),72.002973,2,
basic,S2|day1_gt30,S2,day1,day1_gt30,no correction + adaptive w,70.28 (2.27),70.281545,11,
basic,S2|day1_gt30,S2,day1,day1_gt30,correction + w 0.5,72.01 (1.38),72.012354,1,yes
basic,S2|day1_gt30,S2,day1,day1_gt30,correction + dev w 0.2,71.75 (1.09),71.752218,4,
basic,S2|day1_gt30,S2,day1,day1_gt30,corrected edge only,71.48 (1.05),71.476433,5,
basic,S2|day1_gt30,S2,day1,day1_gt30,correction + learned weight,70.94 (1.34),70.939619,6,
basic,S2|day1_gt30,S2,day1,day1_gt30,correction + product,71.86 (1.46),71.863032,3,
basic,S2|day1_gt50,S2,day1,day1_gt50,Confidence-based offloading,68.55 (3.06),68.548360,16,
basic,S2|day1_gt50,S2,day1,day1_gt50,Device only,67.86 (3.06),67.860254,17,
basic,S2|day1_gt50,S2,day1,day1_gt50,Edge only,68.63 (3.11),68.634368,15,
basic,S2|day1_gt50,S2,day1,day1_gt50,Probability average,70.65 (2.23),70.654432,9,
basic,S2|day1_gt50,S2,day1,day1_gt50,Logit sum,70.72 (2.13),70.716865,6,
basic,S2|day1_gt50,S2,day1,day1_gt50,Lower-entropy exit,69.07 (3.05),69.072803,14,
basic,S2|day1_gt50,S2,day1,day1_gt50,Logit-entropy weighting,69.08 (3.06),69.079027,13,
basic,S2|day1_gt50,S2,day1,day1_gt50,Geometric ensemble with early exit,70.70 (2.13),70.703306,7,
basic,S2|day1_gt50,S2,day1,day1_gt50,Label-shift EM,70.19 (0.98),70.188085,11,
basic,S2|day1_gt50,S2,day1,day1_gt50,Learned weight,69.22 (2.52),69.218718,12,
basic,S2|day1_gt50,S2,day1,day1_gt50,DriftGate,71.80 (1.37),71.796848,1,yes
basic,S2|day1_gt50,S2,day1,day1_gt50,no correction + adaptive w,70.23 (2.38),70.230428,10,
basic,S2|day1_gt50,S2,day1,day1_gt50,correction + w 0.5,71.77 (1.45),71.768861,2,
basic,S2|day1_gt50,S2,day1,day1_gt50,correction + dev w 0.2,71.63 (1.23),71.629347,3,
basic,S2|day1_gt50,S2,day1,day1_gt50,corrected edge only,71.42 (1.20),71.417261,5,
basic,S2|day1_gt50,S2,day1,day1_gt50,correction + learned weight,70.70 (1.48),70.701332,8,
basic,S2|day1_gt50,S2,day1,day1_gt50,correction + product,71.60 (1.53),71.599430,4,
basic,S1-fast|day1_full,S1-fast,day1,day1_full,Confidence-based offloading,63.33 (0.55),63.333680,17,
basic,S1-fast|day1_full,S1-fast,day1,day1_full,Device only,64.39 (0.24),64.394915,15,
basic,S1-fast|day1_full,S1-fast,day1,day1_full,Edge only,63.38 (0.55),63.375750,16,
basic,S1-fast|day1_full,S1-fast,day1,day1_full,Probability average,68.06 (1.04),68.061640,9,
basic,S1-fast|day1_full,S1-fast,day1,day1_full,Logit sum,68.12 (1.00),68.120714,7,
basic,S1-fast|day1_full,S1-fast,day1,day1_full,Lower-entropy exit,64.90 (0.93),64.904163,14,
basic,S1-fast|day1_full,S1-fast,day1,day1_full,Logit-entropy weighting,64.91 (0.93),64.905366,13,
basic,S1-fast|day1_full,S1-fast,day1,day1_full,Geometric ensemble with early exit,68.11 (1.00),68.114095,8,
basic,S1-fast|day1_full,S1-fast,day1,day1_full,Label-shift EM,65.41 (0.25),65.408439,12,
basic,S1-fast|day1_full,S1-fast,day1,day1_full,Learned weight,67.52 (1.10),67.520902,11,
basic,S1-fast|day1_full,S1-fast,day1,day1_full,DriftGate,68.96 (0.76),68.963792,1,yes
basic,S1-fast|day1_full,S1-fast,day1,day1_full,no correction + adaptive w,67.84 (1.19),67.838477,10,
basic,S1-fast|day1_full,S1-fast,day1,day1_full,correction + w 0.5,68.74 (0.67),68.735676,3,
basic,S1-fast|day1_full,S1-fast,day1,day1_full,correction + dev w 0.2,68.93 (0.79),68.931094,2,
basic,S1-fast|day1_full,S1-fast,day1,day1_full,corrected edge only,68.66 (0.80),68.656188,4,
basic,S1-fast|day1_full,S1-fast,day1,day1_full,correction + learned weight,68.57 (0.71),68.571852,5,
basic,S1-fast|day1_full,S1-fast,day1,day1_full,correction + product,68.48 (0.57),68.478197,6,
basic,S1-fast|day1_early,S1-fast,day1,day1_early,Confidence-based offloading,56.14 (3.03),56.140859,16,
basic,S1-fast|day1_early,S1-fast,day1,day1_early,Device only,72.38 (1.11),72.380751,4,
basic,S1-fast|day1_early,S1-fast,day1,day1_early,Edge only,56.14 (3.03),56.140467,17,
basic,S1-fast|day1_early,S1-fast,day1,day1_early,Probability average,69.97 (1.87),69.969806,9,
basic,S1-fast|day1_early,S1-fast,day1,day1_early,Logit sum,70.48 (1.66),70.480564,7,
basic,S1-fast|day1_early,S1-fast,day1,day1_early,Lower-entropy exit,61.58 (1.98),61.578018,15,
basic,S1-fast|day1_early,S1-fast,day1,day1_early,Logit-entropy weighting,61.58 (1.98),61.579137,14,
basic,S1-fast|day1_early,S1-fast,day1,day1_early,Geometric ensemble with early exit,70.48 (1.66),70.480564,8,
basic,S1-fast|day1_early,S1-fast,day1,day1_early,Label-shift EM,65.50 (2.50),65.495107,13,
basic,S1-fast|day1_early,S1-fast,day1,day1_early,Learned weight,69.00 (1.75),69.002130,12,
basic,S1-fast|day1_early,S1-fast,day1,day1_early,DriftGate,73.34 (1.28),73.337843,3,
basic,S1-fast|day1_early,S1-fast,day1,day1_early,no correction + adaptive w,69.06 (2.01),69.058410,11,
basic,S1-fast|day1_early,S1-fast,day1,day1_early,correction + w 0.5,73.47 (1.21),73.472740,2,
basic,S1-fast|day1_early,S1-fast,day1,day1_early,correction + dev w 0.2,71.37 (0.92),71.371477,6,
basic,S1-fast|day1_early,S1-fast,day1,day1_early,corrected edge only,69.67 (0.50),69.672480,10,
basic,S1-fast|day1_early,S1-fast,day1,day1_early,correction + learned weight,72.26 (1.11),72.258830,5,
basic,S1-fast|day1_early,S1-fast,day1,day1_early,correction + product,73.63 (1.25),73.632915,1,yes
basic,S1-fast|day1_gt30,S1-fast,day1,day1_gt30,Confidence-based offloading,65.43 (1.59),65.431586,15,
basic,S1-fast|day1_gt30,S1-fast,day1,day1_gt30,Device only,62.07 (0.45),62.065713,17,
basic,S1-fast|day1_gt30,S1-fast,day1,day1_gt30,Edge only,65.49 (1.59),65.486041,14,
basic,S1-fast|day1_gt30,S1-fast,day1,day1_gt30,Probability average,67.51 (1.05),67.505091,4,
basic,S1-fast|day1_gt30,S1-fast,day1,day1_gt30,Logit sum,67.43 (0.96),67.432424,7,
basic,S1-fast|day1_gt30,S1-fast,day1,day1_gt30,Lower-entropy exit,65.87 (1.52),65.874288,13,
basic,S1-fast|day1_gt30,S1-fast,day1,day1_gt30,Logit-entropy weighting,65.88 (1.52),65.875516,12,
basic,S1-fast|day1_gt30,S1-fast,day1,day1_gt30,Geometric ensemble with early exit,67.42 (0.97),67.423840,8,
basic,S1-fast|day1_gt30,S1-fast,day1,day1_gt30,Label-shift EM,65.38 (0.93),65.383161,16,
basic,S1-fast|day1_gt30,S1-fast,day1,day1_gt30,Learned weight,67.09 (1.19),67.088877,10,
basic,S1-fast|day1_gt30,S1-fast,day1,day1_gt30,DriftGate,67.69 (0.61),67.688027,3,
basic,S1-fast|day1_gt30,S1-fast,day1,day1_gt30,no correction + adaptive w,67.48 (1.25),67.482663,6,
basic,S1-fast|day1_gt30,S1-fast,day1,day1_gt30,correction + w 0.5,67.35 (0.51),67.354032,9,
basic,S1-fast|day1_gt30,S1-fast,day1,day1_gt30,correction + dev w 0.2,68.22 (0.76),68.219315,2,
basic,S1-fast|day1_gt30,S1-fast,day1,day1_gt30,corrected edge only,68.36 (0.89),68.359770,1,yes
basic,S1-fast|day1_gt30,S1-fast,day1,day1_gt30,correction + learned weight,67.50 (0.60),67.496483,5,
basic,S1-fast|day1_gt30,S1-fast,day1,day1_gt30,correction + product,66.97 (0.38),66.974738,11,
basic,S1-fast|day1_gt50,S1-fast,day1,day1_gt50,Confidence-based offloading,67.03 (1.28),67.029763,15,
basic,S1-fast|day1_gt50,S1-fast,day1,day1_gt50,Device only,62.87 (0.42),62.870162,17,
basic,S1-fast|day1_gt50,S1-fast,day1,day1_gt50,Edge only,67.09 (1.28),67.094598,14,
basic,S1-fast|day1_gt50,S1-fast,day1,day1_gt50,Probability average,68.64 (0.81),68.639173,5,
basic,S1-fast|day1_gt50,S1-fast,day1,day1_gt50,Logit sum,68.55 (0.73),68.549522,6,
basic,S1-fast|day1_gt50,S1-fast,day1,day1_gt50,Lower-entropy exit,67.35 (1.24),67.351451,13,
basic,S1-fast|day1_gt50,S1-fast,day1,day1_gt50,Logit-entropy weighting,67.35 (1.24),67.352400,12,
basic,S1-fast|day1_gt50,S1-fast,day1,day1_gt50,Geometric ensemble with early exit,68.54 (0.73),68.539228,7,
basic,S1-fast|day1_gt50,S1-fast,day1,day1_gt50,Label-shift EM,66.52 (0.77),66.516099,16,
basic,S1-fast|day1_gt50,S1-fast,day1,day1_gt50,Learned weight,68.24 (0.94),68.241861,10,
basic,S1-fast|day1_gt50,S1-fast,day1,day1_gt50,DriftGate,68.67 (0.54),68.665182,4,
basic,S1-fast|day1_gt50,S1-fast,day1,day1_gt50,no correction + adaptive w,68.69 (0.96),68.694697,3,
basic,S1-fast|day1_gt50,S1-fast,day1,day1_gt50,correction + w 0.5,68.30 (0.45),68.299190,9,
basic,S1-fast|day1_gt50,S1-fast,day1,day1_gt50,correction + dev w 0.2,69.25 (0.64),69.252643,2,
basic,S1-fast|day1_gt50,S1-fast,day1,day1_gt50,corrected edge only,69.44 (0.73),69.436011,1,yes
basic,S1-fast|day1_gt50,S1-fast,day1,day1_gt50,correction + learned weight,68.44 (0.53),68.444129,8,
basic,S1-fast|day1_gt50,S1-fast,day1,day1_gt50,correction + product,67.90 (0.33),67.897537,11,
basic,partial participation|day1_full,partial participation,day1,day1_full,Confidence-based offloading,56.45 (0.36),56.446425,16,
basic,partial participation|day1_full,partial participation,day1,day1_full,Device only,61.75 (0.24),61.753361,12,
basic,partial participation|day1_full,partial participation,day1,day1_full,Edge only,56.44 (0.36),56.444044,17,
basic,partial participation|day1_full,partial participation,day1,day1_full,Probability average,62.64 (0.75),62.639455,9,
basic,partial participation|day1_full,partial participation,day1,day1_full,Logit sum,62.94 (0.81),62.939716,7,
basic,partial participation|day1_full,partial participation,day1,day1_full,Lower-entropy exit,58.10 (0.65),58.101908,14,
basic,partial participation|day1_full,partial participation,day1,day1_full,Logit-entropy weighting,58.10 (0.66),58.097637,15,
basic,partial participation|day1_full,partial participation,day1,day1_full,Geometric ensemble with early exit,62.94 (0.81),62.938909,8,
basic,partial participation|day1_full,partial participation,day1,day1_full,Label-shift EM,60.45 (0.74),60.451753,13,
basic,partial participation|day1_full,partial participation,day1,day1_full,Learned weight,62.02 (0.92),62.016204,11,
basic,partial participation|day1_full,partial participation,day1,day1_full,DriftGate,64.82 (0.40),64.818771,3,
basic,partial participation|day1_full,partial participation,day1,day1_full,no correction + adaptive w,62.06 (0.88),62.057823,10,
basic,partial participation|day1_full,partial participation,day1,day1_full,correction + w 0.5,64.85 (0.31),64.845146,1,yes
basic,partial participation|day1_full,partial participation,day1,day1_full,correction + dev w 0.2,64.22 (0.49),64.220922,5,
basic,partial participation|day1_full,partial participation,day1,day1_full,corrected edge only,63.64 (0.56),63.643927,6,
basic,partial participation|day1_full,partial participation,day1,day1_full,correction + learned weight,64.45 (0.40),64.448894,4,
basic,partial participation|day1_full,partial participation,day1,day1_full,correction + product,64.83 (0.23),64.825102,2,
basic,partial participation|day1_early,partial participation,day1,day1_early,Confidence-based offloading,49.70 (3.35),49.696191,16,
basic,partial participation|day1_early,partial participation,day1,day1_early,Device only,66.51 (0.89),66.513000,5,
basic,partial participation|day1_early,partial participation,day1,day1_early,Edge only,49.69 (3.36),49.693924,17,
basic,partial participation|day1_early,partial participation,day1,day1_early,Probability average,62.14 (0.91),62.142064,10,
basic,partial participation|day1_early,partial participation,day1,day1_early,Logit sum,62.80 (0.93),62.803731,9,
basic,partial participation|day1_early,partial participation,day1,day1_early,Lower-entropy exit,53.96 (1.47),53.964620,14,
basic,partial participation|day1_early,partial participation,day1,day1_early,Logit-entropy weighting,53.93 (1.41),53.933631,15,
basic,partial participation|day1_early,partial participation,day1,day1_early,Geometric ensemble with early exit,62.80 (0.93),62.803784,8,
basic,partial participation|day1_early,partial participation,day1,day1_early,Label-shift EM,57.73 (3.17),57.731358,13,
basic,partial participation|day1_early,partial participation,day1,day1_early,Learned weight,62.09 (1.12),62.088835,11,
basic,partial participation|day1_early,partial participation,day1,day1_early,DriftGate,67.94 (0.68),67.941062,3,
basic,partial participation|day1_early,partial participation,day1,day1_early,no correction + adaptive w,61.29 (0.89),61.293166,12,
basic,partial participation|day1_early,partial participation,day1,day1_early,correction + w 0.5,68.26 (0.64),68.264198,2,
basic,partial participation|day1_early,partial participation,day1,day1_early,correction + dev w 0.2,65.36 (0.73),65.356826,6,
basic,partial participation|day1_early,partial participation,day1,day1_early,corrected edge only,63.52 (1.01),63.518751,7,
basic,partial participation|day1_early,partial participation,day1,day1_early,correction + learned weight,67.38 (0.45),67.380779,4,
basic,partial participation|day1_early,partial participation,day1,day1_early,correction + product,68.71 (0.70),68.712426,1,yes
basic,partial participation|day1_gt30,partial participation,day1,day1_gt30,Confidence-based offloading,58.42 (1.44),58.415244,16,
basic,partial participation|day1_gt30,partial participation,day1,day1_gt30,Device only,60.37 (0.39),60.365134,13,
basic,partial participation|day1_gt30,partial participation,day1,day1_gt30,Edge only,58.41 (1.44),58.412829,17,
basic,partial participation|day1_gt30,partial participation,day1,day1_gt30,Probability average,62.78 (0.99),62.784527,9,
basic,partial participation|day1_gt30,partial participation,day1,day1_gt30,Logit sum,62.98 (0.98),62.979379,7,
basic,partial participation|day1_gt30,partial participation,day1,day1_gt30,Lower-entropy exit,59.31 (1.23),59.308617,15,
basic,partial participation|day1_gt30,partial participation,day1,day1_gt30,Logit-entropy weighting,59.31 (1.23),59.312139,14,
basic,partial participation|day1_gt30,partial participation,day1,day1_gt30,Geometric ensemble with early exit,62.98 (0.98),62.978315,8,
basic,partial participation|day1_gt30,partial participation,day1,day1_gt30,Label-shift EM,61.25 (0.96),61.245201,12,
basic,partial participation|day1_gt30,partial participation,day1,day1_gt30,Learned weight,62.00 (1.16),61.995019,11,
basic,partial participation|day1_gt30,partial participation,day1,day1_gt30,DriftGate,63.91 (0.36),63.908103,1,yes
basic,partial participation|day1_gt30,partial participation,day1,day1_gt30,no correction + adaptive w,62.28 (1.18),62.280848,10,
basic,partial participation|day1_gt30,partial participation,day1,day1_gt30,correction + w 0.5,63.85 (0.26),63.847922,3,
basic,partial participation|day1_gt30,partial participation,day1,day1_gt30,correction + dev w 0.2,63.89 (0.61),63.889617,2,
basic,partial participation|day1_gt30,partial participation,day1,day1_gt30,corrected edge only,63.68 (0.78),63.680437,5,
basic,partial participation|day1_gt30,partial participation,day1,day1_gt30,correction + learned weight,63.59 (0.43),63.593761,6,
basic,partial participation|day1_gt30,partial participation,day1,day1_gt30,correction + product,63.69 (0.14),63.691300,4,
basic,partial participation|day1_gt50,partial participation,day1,day1_gt50,Confidence-based offloading,60.20 (1.49),60.197000,16,
basic,partial participation|day1_gt50,partial participation,day1,day1_gt50,Device only,61.06 (0.38),61.056470,13,
basic,partial participation|day1_gt50,partial participation,day1,day1_gt50,Edge only,60.19 (1.50),60.194061,17,
basic,partial participation|day1_gt50,partial participation,day1,day1_gt50,Probability average,64.03 (0.99),64.026823,9,
basic,partial participation|day1_gt50,partial participation,day1,day1_gt50,Logit sum,64.18 (0.94),64.175402,7,
basic,partial participation|day1_gt50,partial participation,day1,day1_gt50,Lower-entropy exit,61.00 (1.29),61.003288,15,
basic,partial participation|day1_gt50,partial participation,day1,day1_gt50,Logit-entropy weighting,61.01 (1.30),61.007454,14,
basic,partial participation|day1_gt50,partial participation,day1,day1_gt50,Geometric ensemble with early exit,64.17 (0.94),64.174116,8,
basic,partial participation|day1_gt50,partial participation,day1,day1_gt50,Label-shift EM,62.65 (0.86),62.649333,12,
basic,partial participation|day1_gt50,partial participation,day1,day1_gt50,Learned weight,63.21 (1.15),63.211542,11,
basic,partial participation|day1_gt50,partial participation,day1,day1_gt50,DriftGate,64.99 (0.44),64.992831,2,
basic,partial participation|day1_gt50,partial participation,day1,day1_gt50,no correction + adaptive w,63.58 (1.18),63.583006,10,
basic,partial participation|day1_gt50,partial participation,day1,day1_gt50,correction + w 0.5,64.90 (0.34),64.896134,4,
basic,partial participation|day1_gt50,partial participation,day1,day1_gt50,correction + dev w 0.2,65.08 (0.67),65.077791,1,yes
basic,partial participation|day1_gt50,partial participation,day1,day1_gt50,corrected edge only,64.94 (0.84),64.935545,3,
basic,partial participation|day1_gt50,partial participation,day1,day1_gt50,correction + learned weight,64.66 (0.48),64.658239,6,
basic,partial participation|day1_gt50,partial participation,day1,day1_gt50,correction + product,64.70 (0.19),64.700520,5,
basic,stepwise change|day1_full,stepwise change,day1,day1_full,Confidence-based offloading,65.17 (2.09),65.173446,17,
basic,stepwise change|day1_full,stepwise change,day1,day1_full,Device only,68.93 (1.45),68.927608,12,
basic,stepwise change|day1_full,stepwise change,day1,day1_full,Edge only,65.20 (2.09),65.204173,16,
basic,stepwise change|day1_full,stepwise change,day1,day1_full,Probability average,71.44 (2.32),71.436413,6,
basic,stepwise change|day1_full,stepwise change,day1,day1_full,Logit sum,71.39 (2.37),71.386387,7,
basic,stepwise change|day1_full,stepwise change,day1,day1_full,Lower-entropy exit,68.42 (2.21),68.418613,14,
basic,stepwise change|day1_full,stepwise change,day1,day1_full,Logit-entropy weighting,68.42 (2.21),68.421463,13,
basic,stepwise change|day1_full,stepwise change,day1,day1_full,Geometric ensemble with early exit,71.38 (2.37),71.382888,8,
basic,stepwise change|day1_full,stepwise change,day1,day1_full,Label-shift EM,67.59 (1.87),67.594028,15,
basic,stepwise change|day1_full,stepwise change,day1,day1_full,Learned weight,70.69 (2.37),70.693812,11,
basic,stepwise change|day1_full,stepwise change,day1,day1_full,DriftGate,72.36 (2.20),72.356374,1,yes
basic,stepwise change|day1_full,stepwise change,day1,day1_full,no correction + adaptive w,71.25 (2.40),71.252799,9,
basic,stepwise change|day1_full,stepwise change,day1,day1_full,correction + w 0.5,72.21 (2.11),72.214488,2,
basic,stepwise change|day1_full,stepwise change,day1,day1_full,correction + dev w 0.2,71.78 (2.41),71.778934,4,
basic,stepwise change|day1_full,stepwise change,day1,day1_full,corrected edge only,71.24 (2.38),71.238438,10,
basic,stepwise change|day1_full,stepwise change,day1,day1_full,correction + learned weight,71.68 (2.38),71.676223,5,
basic,stepwise change|day1_full,stepwise change,day1,day1_full,correction + product,72.08 (2.08),72.082356,3,
basic,stepwise change|day1_early,stepwise change,day1,day1_early,Confidence-based offloading,57.11 (2.75),57.106750,16,
basic,stepwise change|day1_early,stepwise change,day1,day1_early,Device only,83.20 (2.09),83.199938,1,yes
basic,stepwise change|day1_early,stepwise change,day1,day1_early,Edge only,57.11 (2.75),57.105875,17,
basic,stepwise change|day1_early,stepwise change,day1,day1_early,Probability average,78.47 (2.66),78.468312,9,
basic,stepwise change|day1_early,stepwise change,day1,day1_early,Logit sum,78.52 (2.78),78.524937,8,
basic,stepwise change|day1_early,stepwise change,day1,day1_early,Lower-entropy exit,69.29 (2.28),69.288438,15,
basic,stepwise change|day1_early,stepwise change,day1,day1_early,Logit-entropy weighting,69.29 (2.28),69.289750,14,
basic,stepwise change|day1_early,stepwise change,day1,day1_early,Geometric ensemble with early exit,78.52 (2.78),78.524938,7,
basic,stepwise change|day1_early,stepwise change,day1,day1_early,Label-shift EM,70.87 (2.66),70.867188,13,
basic,stepwise change|day1_early,stepwise change,day1,day1_early,Learned weight,76.97 (2.21),76.969938,11,
basic,stepwise change|day1_early,stepwise change,day1,day1_early,DriftGate,82.21 (2.87),82.211250,4,
basic,stepwise change|day1_early,stepwise change,day1,day1_early,no correction + adaptive w,77.62 (2.64),77.623250,10,
basic,stepwise change|day1_early,stepwise change,day1,day1_early,correction + w 0.5,82.42 (2.85),82.415312,3,
basic,stepwise change|day1_early,stepwise change,day1,day1_early,correction + dev w 0.2,78.69 (3.20),78.690937,6,
basic,stepwise change|day1_early,stepwise change,day1,day1_early,corrected edge only,76.30 (2.86),76.303375,12,
basic,stepwise change|day1_early,stepwise change,day1,day1_early,correction + learned weight,80.47 (3.02),80.471375,5,
basic,stepwise change|day1_early,stepwise change,day1,day1_early,correction + product,82.78 (2.91),82.781563,2,
basic,stepwise change|day1_gt30,stepwise change,day1,day1_gt30,Confidence-based offloading,67.86 (2.24),67.862345,15,
basic,stepwise change|day1_gt30,stepwise change,day1,day1_gt30,Device only,64.17 (1.29),64.170165,17,
basic,stepwise change|day1_gt30,stepwise change,day1,day1_gt30,Edge only,67.90 (2.24),67.903605,14,
basic,stepwise change|day1_gt30,stepwise change,day1,day1_gt30,Probability average,69.09 (2.23),69.092447,4,
basic,stepwise change|day1_gt30,stepwise change,day1,day1_gt30,Logit sum,69.01 (2.26),69.006870,6,
basic,stepwise change|day1_gt30,stepwise change,day1,day1_gt30,Lower-entropy exit,68.13 (2.19),68.128671,13,
basic,stepwise change|day1_gt30,stepwise change,day1,day1_gt30,Logit-entropy weighting,68.13 (2.19),68.132034,12,
basic,stepwise change|day1_gt30,stepwise change,day1,day1_gt30,Geometric ensemble with early exit,69.00 (2.26),69.002180,7,
basic,stepwise change|day1_gt30,stepwise change,day1,day1_gt30,Label-shift EM,66.50 (1.92),66.502975,16,
basic,stepwise change|day1_gt30,stepwise change,day1,day1_gt30,Learned weight,68.60 (2.43),68.601770,10,
basic,stepwise change|day1_gt30,stepwise change,day1,day1_gt30,DriftGate,69.07 (2.04),69.071416,5,
basic,stepwise change|day1_gt30,stepwise change,day1,day1_gt30,no correction + adaptive w,69.13 (2.34),69.129315,3,
basic,stepwise change|day1_gt30,stepwise change,day1,day1_gt30,correction + w 0.5,68.81 (1.93),68.814213,8,
basic,stepwise change|day1_gt30,stepwise change,day1,day1_gt30,correction + dev w 0.2,69.47 (2.20),69.474933,2,
basic,stepwise change|day1_gt30,stepwise change,day1,day1_gt30,corrected edge only,69.55 (2.29),69.550126,1,yes
basic,stepwise change|day1_gt30,stepwise change,day1,day1_gt30,correction + learned weight,68.74 (2.23),68.744506,9,
basic,stepwise change|day1_gt30,stepwise change,day1,day1_gt30,correction + product,68.52 (1.89),68.515953,11,
basic,stepwise change|day1_gt50,stepwise change,day1,day1_gt50,Confidence-based offloading,69.16 (2.37),69.164252,15,
basic,stepwise change|day1_gt50,stepwise change,day1,day1_gt50,Device only,65.15 (1.30),65.152658,17,
basic,stepwise change|day1_gt50,stepwise change,day1,day1_gt50,Edge only,69.21 (2.36),69.212547,14,
basic,stepwise change|day1_gt50,stepwise change,day1,day1_gt50,Probability average,70.12 (2.30),70.119209,4,
basic,stepwise change|day1_gt50,stepwise change,day1,day1_gt50,Logit sum,70.02 (2.31),70.022762,6,
basic,stepwise change|day1_gt50,stepwise change,day1,day1_gt50,Lower-entropy exit,69.33 (2.33),69.328834,13,
basic,stepwise change|day1_gt50,stepwise change,day1,day1_gt50,Logit-entropy weighting,69.33 (2.33),69.332590,12,
basic,stepwise change|day1_gt50,stepwise change,day1,day1_gt50,Geometric ensemble with early exit,70.02 (2.30),70.017121,7,
basic,stepwise change|day1_gt50,stepwise change,day1,day1_gt50,Label-shift EM,67.83 (1.93),67.829720,16,
basic,stepwise change|day1_gt50,stepwise change,day1,day1_gt50,Learned weight,69.62 (2.54),69.619419,10,
basic,stepwise change|day1_gt50,stepwise change,day1,day1_gt50,DriftGate,70.10 (2.05),70.098768,5,
basic,stepwise change|day1_gt50,stepwise change,day1,day1_gt50,no correction + adaptive w,70.18 (2.43),70.181362,3,
basic,stepwise change|day1_gt50,stepwise change,day1,day1_gt50,correction + w 0.5,69.82 (1.94),69.824336,8,
basic,stepwise change|day1_gt50,stepwise change,day1,day1_gt50,correction + dev w 0.2,70.52 (2.22),70.519995,2,
basic,stepwise change|day1_gt50,stepwise change,day1,day1_gt50,corrected edge only,70.61 (2.33),70.613411,1,yes
basic,stepwise change|day1_gt50,stepwise change,day1,day1_gt50,correction + learned weight,69.74 (2.26),69.736783,9,
basic,stepwise change|day1_gt50,stepwise change,day1,day1_gt50,correction + product,69.53 (1.88),69.527080,11,
basic,random mobility|day1_full,random mobility,day1,day1_full,Confidence-based offloading,58.56 (0.43),58.563464,17,
basic,random mobility|day1_full,random mobility,day1,day1_full,Device only,67.71 (0.54),67.706635,12,
basic,random mobility|day1_full,random mobility,day1,day1_full,Edge only,58.61 (0.42),58.610924,16,
basic,random mobility|day1_full,random mobility,day1,day1_full,Probability average,69.58 (0.45),69.576630,7,
basic,random mobility|day1_full,random mobility,day1,day1_full,Logit sum,69.23 (0.55),69.227998,9,
basic,random mobility|day1_full,random mobility,day1,day1_full,Lower-entropy exit,64.22 (0.35),64.217942,14,
basic,random mobility|day1_full,random mobility,day1,day1_full,Logit-entropy weighting,64.22 (0.35),64.217793,15,
basic,random mobility|day1_full,random mobility,day1,day1_full,Geometric ensemble with early exit,69.22 (0.55),69.223939,10,
basic,random mobility|day1_full,random mobility,day1,day1_full,Label-shift EM,65.42 (0.52),65.422331,13,
basic,random mobility|day1_full,random mobility,day1,day1_full,Learned weight,68.55 (0.35),68.550920,11,
basic,random mobility|day1_full,random mobility,day1,day1_full,DriftGate,71.09 (0.86),71.093737,1,yes
basic,random mobility|day1_full,random mobility,day1,day1_full,no correction + adaptive w,69.33 (0.42),69.325469,8,
basic,random mobility|day1_full,random mobility,day1,day1_full,correction + w 0.5,70.96 (0.82),70.955365,2,
basic,random mobility|day1_full,random mobility,day1,day1_full,correction + dev w 0.2,70.51 (0.80),70.511558,5,
basic,random mobility|day1_full,random mobility,day1,day1_full,corrected edge only,69.89 (0.81),69.887092,6,
basic,random mobility|day1_full,random mobility,day1,day1_full,correction + learned weight,70.64 (0.82),70.639736,4,
basic,random mobility|day1_full,random mobility,day1,day1_full,correction + product,70.78 (0.78),70.783502,3,
basic,random mobility|day1_early,random mobility,day1,day1_early,Confidence-based offloading,51.50 (2.74),51.499479,16,
basic,random mobility|day1_early,random mobility,day1,day1_early,Device only,83.92 (0.60),83.915625,3,
basic,random mobility|day1_early,random mobility,day1,day1_early,Edge only,51.50 (2.75),51.497604,17,
basic,random mobility|day1_early,random mobility,day1,day1_early,Probability average,79.23 (0.54),79.225000,7,
basic,random mobility|day1_early,random mobility,day1,day1_early,Logit sum,78.60 (0.46),78.596250,9,
basic,random mobility|day1_early,random mobility,day1,day1_early,Lower-entropy exit,67.29 (0.36),67.287708,15,
basic,random mobility|day1_early,random mobility,day1,day1_early,Logit-entropy weighting,67.29 (0.35),67.289271,14,
basic,random mobility|day1_early,random mobility,day1,day1_early,Geometric ensemble with early exit,78.60 (0.46),78.596250,8,
basic,random mobility|day1_early,random mobility,day1,day1_early,Label-shift EM,70.87 (2.25),70.869896,13,
basic,random mobility|day1_early,random mobility,day1,day1_early,Learned weight,76.79 (0.25),76.789687,12,
basic,random mobility|day1_early,random mobility,day1,day1_early,DriftGate,83.91 (0.82),83.908750,4,
basic,random mobility|day1_early,random mobility,day1,day1_early,no correction + adaptive w,78.42 (0.38),78.421458,11,
basic,random mobility|day1_early,random mobility,day1,day1_early,correction + w 0.5,84.03 (0.81),84.027604,2,
basic,random mobility|day1_early,random mobility,day1,day1_early,correction + dev w 0.2,80.82 (0.79),80.824167,6,
basic,random mobility|day1_early,random mobility,day1,day1_early,corrected edge only,78.53 (0.93),78.529062,10,
basic,random mobility|day1_early,random mobility,day1,day1_early,correction + learned weight,82.41 (0.93),82.410208,5,
basic,random mobility|day1_early,random mobility,day1,day1_early,correction + product,84.28 (0.83),84.284167,1,yes
basic,random mobility|day1_gt30,random mobility,day1,day1_gt30,Confidence-based offloading,61.70 (1.32),61.703012,16,
basic,random mobility|day1_gt30,random mobility,day1,day1_gt30,Device only,60.50 (0.64),60.502639,17,
basic,random mobility|day1_gt30,random mobility,day1,day1_gt30,Edge only,61.77 (1.31),61.772399,15,
basic,random mobility|day1_gt30,random mobility,day1,day1_gt30,Probability average,65.29 (0.56),65.288466,5,
basic,random mobility|day1_gt30,random mobility,day1,day1_gt30,Logit sum,65.06 (0.59),65.064330,8,
basic,random mobility|day1_gt30,random mobility,day1,day1_gt30,Lower-entropy exit,62.85 (0.67),62.853601,13,
basic,random mobility|day1_gt30,random mobility,day1,day1_gt30,Logit-entropy weighting,62.85 (0.67),62.852692,14,
basic,random mobility|day1_gt30,random mobility,day1,day1_gt30,Geometric ensemble with early exit,65.06 (0.59),65.058430,9,
basic,random mobility|day1_gt30,random mobility,day1,day1_gt30,Label-shift EM,63.00 (1.08),63.001192,12,
basic,random mobility|day1_gt30,random mobility,day1,day1_gt30,Learned weight,64.89 (0.52),64.889245,10,
basic,random mobility|day1_gt30,random mobility,day1,day1_gt30,DriftGate,65.40 (0.89),65.398176,4,
basic,random mobility|day1_gt30,random mobility,day1,day1_gt30,no correction + adaptive w,65.28 (0.56),65.282807,6,
basic,random mobility|day1_gt30,random mobility,day1,day1_gt30,correction + w 0.5,65.15 (0.84),65.145480,7,
basic,random mobility|day1_gt30,random mobility,day1,day1_gt30,correction + dev w 0.2,65.93 (0.82),65.928176,2,
basic,random mobility|day1_gt30,random mobility,day1,day1_gt30,corrected edge only,66.05 (0.80),66.046216,1,yes
basic,random mobility|day1_gt30,random mobility,day1,day1_gt30,correction + learned weight,65.41 (0.77),65.408415,3,
basic,random mobility|day1_gt30,random mobility,day1,day1_gt30,correction + product,64.78 (0.76),64.783206,11,
basic,random mobility|day1_gt50,random mobility,day1,day1_gt50,Confidence-based offloading,59.88 (1.28),59.881671,8,
basic,random mobility|day1_gt50,random mobility,day1,day1_gt50,Device only,52.76 (0.53),52.761250,17,
basic,random mobility|day1_gt50,random mobility,day1,day1_gt50,Edge only,59.97 (1.28),59.971656,5,
basic,random mobility|day1_gt50,random mobility,day1,day1_gt50,Probability average,60.23 (1.04),60.227016,4,
basic,random mobility|day1_gt50,random mobility,day1,day1_gt50,Logit sum,59.93 (1.02),59.926936,6,
basic,random mobility|day1_gt50,random mobility,day1,day1_gt50,Lower-entropy exit,59.83 (0.95),59.828083,9,
basic,random mobility|day1_gt50,random mobility,day1,day1_gt50,Logit-entropy weighting,59.83 (0.95),59.825365,11,
basic,random mobility|day1_gt50,random mobility,day1,day1_gt50,Geometric ensemble with early exit,59.92 (1.01),59.919284,7,
basic,random mobility|day1_gt50,random mobility,day1,day1_gt50,Label-shift EM,55.51 (1.29),55.512425,16,
basic,random mobility|day1_gt50,random mobility,day1,day1_gt50,Learned weight,60.63 (0.92),60.630399,1,yes
basic,random mobility|day1_gt50,random mobility,day1,day1_gt50,DriftGate,58.81 (1.04),58.811762,13,
basic,random mobility|day1_gt50,random mobility,day1,day1_gt50,no correction + adaptive w,60.59 (1.09),60.586347,2,
basic,random mobility|day1_gt50,random mobility,day1,day1_gt50,correction + w 0.5,58.43 (0.94),58.427106,14,
basic,random mobility|day1_gt50,random mobility,day1,day1_gt50,correction + dev w 0.2,59.83 (1.07),59.827239,10,
basic,random mobility|day1_gt50,random mobility,day1,day1_gt50,corrected edge only,60.25 (1.08),60.251802,3,
basic,random mobility|day1_gt50,random mobility,day1,day1_gt50,correction + learned weight,59.18 (0.97),59.176772,12,
basic,random mobility|day1_gt50,random mobility,day1,day1_gt50,correction + product,57.96 (0.83),57.963646,15,
basic,CIFAR-100|day1_full,CIFAR-100,day1,day1_full,Confidence-based offloading,35.84 (1.03),35.842406,15,
basic,CIFAR-100|day1_full,CIFAR-100,day1,day1_full,Device only,33.93 (0.67),33.927920,17,
basic,CIFAR-100|day1_full,CIFAR-100,day1,day1_full,Edge only,35.84 (1.03),35.840812,16,
basic,CIFAR-100|day1_full,CIFAR-100,day1,day1_full,Probability average,38.15 (0.92),38.150616,10,
basic,CIFAR-100|day1_full,CIFAR-100,day1,day1_full,Logit sum,39.83 (0.87),39.832533,8,
basic,CIFAR-100|day1_full,CIFAR-100,day1,day1_full,Lower-entropy exit,35.89 (1.02),35.890855,14,
basic,CIFAR-100|day1_full,CIFAR-100,day1,day1_full,Logit-entropy weighting,35.90 (1.02),35.903783,13,
basic,CIFAR-100|day1_full,CIFAR-100,day1,day1_full,Geometric ensemble with early exit,39.83 (0.87),39.832429,9,
basic,CIFAR-100|day1_full,CIFAR-100,day1,day1_full,Label-shift EM,40.44 (0.52),40.438039,7,
basic,CIFAR-100|day1_full,CIFAR-100,day1,day1_full,Learned weight,37.54 (0.76),37.538051,11,
basic,CIFAR-100|day1_full,CIFAR-100,day1,day1_full,DriftGate,41.29 (0.62),41.288310,3,
basic,CIFAR-100|day1_full,CIFAR-100,day1,day1_full,no correction + adaptive w,37.50 (0.95),37.501987,12,
basic,CIFAR-100|day1_full,CIFAR-100,day1,day1_full,correction + w 0.5,41.45 (0.60),41.452272,2,
basic,CIFAR-100|day1_full,CIFAR-100,day1,day1_full,correction + dev w 0.2,40.95 (0.64),40.949613,4,
basic,CIFAR-100|day1_full,CIFAR-100,day1,day1_full,corrected edge only,40.69 (0.66),40.693973,5,
basic,CIFAR-100|day1_full,CIFAR-100,day1,day1_full,correction + learned weight,40.55 (0.55),40.545177,6,
basic,CIFAR-100|day1_full,CIFAR-100,day1,day1_full,correction + product,41.73 (0.59),41.733208,1,yes
basic,CIFAR-100|day1_early,CIFAR-100,day1,day1_early,Confidence-based offloading,20.85 (0.97),20.846276,16,
basic,CIFAR-100|day1_early,CIFAR-100,day1,day1_early,Device only,23.98 (0.37),23.981841,11,
basic,CIFAR-100|day1_early,CIFAR-100,day1,day1_early,Edge only,20.85 (0.97),20.846276,17,
basic,CIFAR-100|day1_early,CIFAR-100,day1,day1_early,Probability average,23.91 (0.73),23.908197,12,
basic,CIFAR-100|day1_early,CIFAR-100,day1,day1_early,Logit sum,26.07 (0.65),26.072375,8,
basic,CIFAR-100|day1_early,CIFAR-100,day1,day1_early,Lower-entropy exit,20.98 (0.92),20.975622,15,
basic,CIFAR-100|day1_early,CIFAR-100,day1,day1_early,Logit-entropy weighting,20.98 (0.92),20.976490,14,
basic,CIFAR-100|day1_early,CIFAR-100,day1,day1_early,Geometric ensemble with early exit,26.07 (0.65),26.072375,9,
basic,CIFAR-100|day1_early,CIFAR-100,day1,day1_early,Label-shift EM,25.75 (0.26),25.749309,10,
basic,CIFAR-100|day1_early,CIFAR-100,day1,day1_early,Learned weight,26.23 (0.43),26.230391,7,
basic,CIFAR-100|day1_early,CIFAR-100,day1,day1_early,DriftGate,27.73 (0.23),27.733400,3,
basic,CIFAR-100|day1_early,CIFAR-100,day1,day1_early,no correction + adaptive w,23.57 (0.72),23.574576,13,
basic,CIFAR-100|day1_early,CIFAR-100,day1,day1_early,correction + w 0.5,27.86 (0.24),27.855465,2,
basic,CIFAR-100|day1_early,CIFAR-100,day1,day1_early,correction + dev w 0.2,26.88 (0.23),26.883096,5,
basic,CIFAR-100|day1_early,CIFAR-100,day1,day1_early,corrected edge only,26.49 (0.25),26.493898,6,
basic,CIFAR-100|day1_early,CIFAR-100,day1,day1_early,correction + learned weight,27.41 (0.20),27.405062,4,
basic,CIFAR-100|day1_early,CIFAR-100,day1,day1_early,correction + product,28.85 (0.24),28.845389,1,yes
basic,CIFAR-100|day1_gt30,CIFAR-100,day1,day1_gt30,Confidence-based offloading,40.22 (1.08),40.216277,15,
basic,CIFAR-100|day1_gt30,CIFAR-100,day1,day1_gt30,Device only,36.83 (0.77),36.828860,17,
basic,CIFAR-100|day1_gt30,CIFAR-100,day1,day1_gt30,Edge only,40.21 (1.09),40.214219,16,
basic,CIFAR-100|day1_gt30,CIFAR-100,day1,day1_gt30,Probability average,42.30 (1.00),42.304656,10,
basic,CIFAR-100|day1_gt30,CIFAR-100,day1,day1_gt30,Logit sum,43.85 (0.96),43.845913,8,
basic,CIFAR-100|day1_gt30,CIFAR-100,day1,day1_gt30,Lower-entropy exit,40.24 (1.08),40.241132,14,
basic,CIFAR-100|day1_gt30,CIFAR-100,day1,day1_gt30,Logit-entropy weighting,40.26 (1.08),40.257577,13,
basic,CIFAR-100|day1_gt30,CIFAR-100,day1,day1_gt30,Geometric ensemble with early exit,43.85 (0.96),43.845778,9,
basic,CIFAR-100|day1_gt30,CIFAR-100,day1,day1_gt30,Label-shift EM,44.72 (0.70),44.722252,6,
basic,CIFAR-100|day1_gt30,CIFAR-100,day1,day1_gt30,Learned weight,40.84 (0.87),40.836119,12,
basic,CIFAR-100|day1_gt30,CIFAR-100,day1,day1_gt30,DriftGate,45.24 (0.75),45.241825,3,
basic,CIFAR-100|day1_gt30,CIFAR-100,day1,day1_gt30,no correction + adaptive w,41.56 (1.04),41.564149,11,
basic,CIFAR-100|day1_gt30,CIFAR-100,day1,day1_gt30,correction + w 0.5,45.42 (0.72),45.418007,2,
basic,CIFAR-100|day1_gt30,CIFAR-100,day1,day1_gt30,correction + dev w 0.2,45.05 (0.77),45.052347,4,
basic,CIFAR-100|day1_gt30,CIFAR-100,day1,day1_gt30,corrected edge only,44.84 (0.78),44.835662,5,
basic,CIFAR-100|day1_gt30,CIFAR-100,day1,day1_gt30,correction + learned weight,44.38 (0.67),44.377710,7,
basic,CIFAR-100|day1_gt30,CIFAR-100,day1,day1_gt30,correction + product,45.49 (0.73),45.492155,1,yes
basic,CIFAR-100|day1_gt50,CIFAR-100,day1,day1_gt50,Confidence-based offloading,41.96 (1.18),41.958672,15,
basic,CIFAR-100|day1_gt50,CIFAR-100,day1,day1_gt50,Device only,38.58 (0.81),38.583702,17,
basic,CIFAR-100|day1_gt50,CIFAR-100,day1,day1_gt50,Edge only,41.96 (1.18),41.956202,16,
basic,CIFAR-100|day1_gt50,CIFAR-100,day1,day1_gt50,Probability average,44.14 (1.07),44.136004,10,
basic,CIFAR-100|day1_gt50,CIFAR-100,day1,day1_gt50,Logit sum,45.64 (1.01),45.643616,8,
basic,CIFAR-100|day1_gt50,CIFAR-100,day1,day1_gt50,Lower-entropy exit,41.99 (1.18),41.988298,14,
basic,CIFAR-100|day1_gt50,CIFAR-100,day1,day1_gt50,Logit-entropy weighting,42.01 (1.18),42.008060,13,
basic,CIFAR-100|day1_gt50,CIFAR-100,day1,day1_gt50,Geometric ensemble with early exit,45.64 (1.01),45.643454,9,
basic,CIFAR-100|day1_gt50,CIFAR-100,day1,day1_gt50,Label-shift EM,46.63 (0.75),46.633615,5,
basic,CIFAR-100|day1_gt50,CIFAR-100,day1,day1_gt50,Learned weight,42.45 (0.93),42.446305,12,
basic,CIFAR-100|day1_gt50,CIFAR-100,day1,day1_gt50,DriftGate,46.92 (0.82),46.917963,3,
basic,CIFAR-100|day1_gt50,CIFAR-100,day1,day1_gt50,no correction + adaptive w,43.34 (1.12),43.338420,11,
basic,CIFAR-100|day1_gt50,CIFAR-100,day1,day1_gt50,correction + w 0.5,47.11 (0.78),47.112240,2,
basic,CIFAR-100|day1_gt50,CIFAR-100,day1,day1_gt50,correction + dev w 0.2,46.72 (0.84),46.723419,4,
basic,CIFAR-100|day1_gt50,CIFAR-100,day1,day1_gt50,corrected edge only,46.49 (0.85),46.486090,6,
basic,CIFAR-100|day1_gt50,CIFAR-100,day1,day1_gt50,correction + learned weight,45.91 (0.72),45.909369,7,
basic,CIFAR-100|day1_gt50,CIFAR-100,day1,day1_gt50,correction + product,47.22 (0.78),47.216267,1,yes
basic,ResNet-18|day1_full,ResNet-18,day1,day1_full,Confidence-based offloading,59.21 (2.80),59.213571,16,
basic,ResNet-18|day1_full,ResNet-18,day1,day1_full,Device only,66.39 (2.87),66.385839,8,
basic,ResNet-18|day1_full,ResNet-18,day1,day1_full,Edge only,57.04 (3.19),57.039967,17,
basic,ResNet-18|day1_full,ResNet-18,day1,day1_full,Probability average,66.39 (3.15),66.387394,7,
basic,ResNet-18|day1_full,ResNet-18,day1,day1_full,Logit sum,66.00 (3.28),65.998895,9,
basic,ResNet-18|day1_full,ResNet-18,day1,day1_full,Lower-entropy exit,66.54 (2.80),66.540288,5,
basic,ResNet-18|day1_full,ResNet-18,day1,day1_full,Logit-entropy weighting,66.54 (2.80),66.540626,4,
basic,ResNet-18|day1_full,ResNet-18,day1,day1_full,Geometric ensemble with early exit,65.99 (3.28),65.991873,10,
basic,ResNet-18|day1_full,ResNet-18,day1,day1_full,Label-shift EM,61.73 (2.80),61.729383,14,
basic,ResNet-18|day1_full,ResNet-18,day1,day1_full,Learned weight,63.61 (2.88),63.605088,13,
basic,ResNet-18|day1_full,ResNet-18,day1,day1_full,DriftGate,66.64 (3.14),66.639622,2,
basic,ResNet-18|day1_full,ResNet-18,day1,day1_full,no correction + adaptive w,66.46 (3.14),66.464561,6,
basic,ResNet-18|day1_full,ResNet-18,day1,day1_full,correction + w 0.5,66.71 (3.19),66.706139,1,yes
basic,ResNet-18|day1_full,ResNet-18,day1,day1_full,correction + dev w 0.2,64.02 (2.67),64.024722,12,
basic,ResNet-18|day1_full,ResNet-18,day1,day1_full,corrected edge only,61.72 (2.53),61.724897,15,
basic,ResNet-18|day1_full,ResNet-18,day1,day1_full,correction + learned weight,64.36 (2.59),64.363500,11,
basic,ResNet-18|day1_full,ResNet-18,day1,day1_full,correction + product,66.59 (3.37),66.589739,3,
basic,ResNet-18|day1_early,ResNet-18,day1,day1_early,Confidence-based offloading,60.49 (4.41),60.490234,16,
basic,ResNet-18|day1_early,ResNet-18,day1,day1_early,Device only,80.23 (3.50),80.231771,1,yes
basic,ResNet-18|day1_early,ResNet-18,day1,day1_early,Edge only,58.43 (4.01),58.434245,17,
basic,ResNet-18|day1_early,ResNet-18,day1,day1_early,Probability average,76.75 (5.15),76.753581,8,
basic,ResNet-18|day1_early,ResNet-18,day1,day1_early,Logit sum,75.59 (5.83),75.592773,10,
basic,ResNet-18|day1_early,ResNet-18,day1,day1_early,Lower-entropy exit,77.70 (3.77),77.703451,5,
basic,ResNet-18|day1_early,ResNet-18,day1,day1_early,Logit-entropy weighting,77.70 (3.77),77.704427,4,
basic,ResNet-18|day1_early,ResNet-18,day1,day1_early,Geometric ensemble with early exit,75.60 (5.83),75.603975,9,
basic,ResNet-18|day1_early,ResNet-18,day1,day1_early,Label-shift EM,68.48 (6.57),68.475260,14,
basic,ResNet-18|day1_early,ResNet-18,day1,day1_early,Learned weight,73.44 (4.32),73.435872,12,
basic,ResNet-18|day1_early,ResNet-18,day1,day1_early,DriftGate,78.38 (5.20),78.379557,2,
basic,ResNet-18|day1_early,ResNet-18,day1,day1_early,no correction + adaptive w,77.63 (4.90),77.634115,6,
basic,ResNet-18|day1_early,ResNet-18,day1,day1_early,correction + w 0.5,77.81 (5.51),77.813477,3,
basic,ResNet-18|day1_early,ResNet-18,day1,day1_early,correction + dev w 0.2,71.49 (6.20),71.491536,13,
basic,ResNet-18|day1_early,ResNet-18,day1,day1_early,corrected edge only,67.46 (6.06),67.457031,15,
basic,ResNet-18|day1_early,ResNet-18,day1,day1_early,correction + learned weight,74.17 (5.02),74.166016,11,
basic,ResNet-18|day1_early,ResNet-18,day1,day1_early,correction + product,77.42 (5.92),77.422526,7,
basic,ResNet-18|day1_gt30,ResNet-18,day1,day1_gt30,Confidence-based offloading,58.79 (2.31),58.788016,16,
basic,ResNet-18|day1_gt30,ResNet-18,day1,day1_gt30,Device only,61.77 (2.75),61.770529,10,
basic,ResNet-18|day1_gt30,ResNet-18,day1,day1_gt30,Edge only,56.58 (2.98),56.575208,17,
basic,ResNet-18|day1_gt30,ResNet-18,day1,day1_gt30,Probability average,62.93 (2.49),62.931998,3,
basic,ResNet-18|day1_gt30,ResNet-18,day1,day1_gt30,Logit sum,62.80 (2.44),62.800936,6,
basic,ResNet-18|day1_gt30,ResNet-18,day1,day1_gt30,Lower-entropy exit,62.82 (2.49),62.819234,5,
basic,ResNet-18|day1_gt30,ResNet-18,day1,day1_gt30,Logit-entropy weighting,62.82 (2.49),62.819359,4,
basic,ResNet-18|day1_gt30,ResNet-18,day1,day1_gt30,Geometric ensemble with early exit,62.79 (2.44),62.786192,7,
basic,ResNet-18|day1_gt30,ResNet-18,day1,day1_gt30,Label-shift EM,59.48 (1.60),59.480758,15,
basic,ResNet-18|day1_gt30,ResNet-18,day1,day1_gt30,Learned weight,60.33 (2.47),60.328159,13,
basic,ResNet-18|day1_gt30,ResNet-18,day1,day1_gt30,DriftGate,62.73 (2.48),62.726311,9,
basic,ResNet-18|day1_gt30,ResNet-18,day1,day1_gt30,no correction + adaptive w,62.74 (2.57),62.741377,8,
basic,ResNet-18|day1_gt30,ResNet-18,day1,day1_gt30,correction + w 0.5,63.00 (2.44),63.003693,1,yes
basic,ResNet-18|day1_gt30,ResNet-18,day1,day1_gt30,correction + dev w 0.2,61.54 (1.50),61.535784,11,
basic,ResNet-18|day1_gt30,ResNet-18,day1,day1_gt30,corrected edge only,59.81 (1.50),59.814186,14,
basic,ResNet-18|day1_gt30,ResNet-18,day1,day1_gt30,correction + learned weight,61.10 (1.81),61.095995,12,
basic,ResNet-18|day1_gt30,ResNet-18,day1,day1_gt30,correction + product,62.98 (2.54),62.978811,2,
basic,ResNet-18|day1_gt50,ResNet-18,day1,day1_gt50,Confidence-based offloading,59.98 (1.96),59.983797,16,
basic,ResNet-18|day1_gt50,ResNet-18,day1,day1_gt50,Device only,62.53 (2.84),62.530627,11,
basic,ResNet-18|day1_gt50,ResNet-18,day1,day1_gt50,Edge only,57.77 (2.60),57.774933,17,
basic,ResNet-18|day1_gt50,ResNet-18,day1,day1_gt50,Probability average,63.86 (2.48),63.864675,3,
basic,ResNet-18|day1_gt50,ResNet-18,day1,day1_gt50,Logit sum,63.73 (2.44),63.728393,6,
basic,ResNet-18|day1_gt50,ResNet-18,day1,day1_gt50,Lower-entropy exit,63.74 (2.46),63.744691,5,
basic,ResNet-18|day1_gt50,ResNet-18,day1,day1_gt50,Logit-entropy weighting,63.74 (2.46),63.744756,4,
basic,ResNet-18|day1_gt50,ResNet-18,day1,day1_gt50,Geometric ensemble with early exit,63.71 (2.44),63.707809,7,
basic,ResNet-18|day1_gt50,ResNet-18,day1,day1_gt50,Label-shift EM,60.81 (1.15),60.807883,15,
basic,ResNet-18|day1_gt50,ResNet-18,day1,day1_gt50,Learned weight,61.24 (2.35),61.244170,13,
basic,ResNet-18|day1_gt50,ResNet-18,day1,day1_gt50,DriftGate,63.59 (2.50),63.594597,9,
basic,ResNet-18|day1_gt50,ResNet-18,day1,day1_gt50,no correction + adaptive w,63.63 (2.58),63.629956,8,
basic,ResNet-18|day1_gt50,ResNet-18,day1,day1_gt50,correction + w 0.5,63.92 (2.43),63.915957,1,yes
basic,ResNet-18|day1_gt50,ResNet-18,day1,day1_gt50,correction + dev w 0.2,62.64 (1.28),62.635105,10,
basic,ResNet-18|day1_gt50,ResNet-18,day1,day1_gt50,corrected edge only,61.00 (1.12),60.996406,14,
basic,ResNet-18|day1_gt50,ResNet-18,day1,day1_gt50,correction + learned weight,62.04 (1.69),62.042943,12,
basic,ResNet-18|day1_gt50,ResNet-18,day1,day1_gt50,correction + product,63.87 (2.54),63.871367,2,
basic,K=200|day1_full,K=200,day1,day1_full,Confidence-based offloading,65.26 (1.63),65.263129,15,
basic,K=200|day1_full,K=200,day1,day1_full,Device only,62.63 (0.79),62.625052,17,
basic,K=200|day1_full,K=200,day1,day1_full,Edge only,65.30 (1.64),65.301397,14,
basic,K=200|day1_full,K=200,day1,day1_full,Probability average,68.90 (1.50),68.897249,5,
basic,K=200|day1_full,K=200,day1,day1_full,Logit sum,68.86 (1.47),68.862801,6,
basic,K=200|day1_full,K=200,day1,day1_full,Lower-entropy exit,66.68 (1.68),66.676571,12,
basic,K=200|day1_full,K=200,day1,day1_full,Logit-entropy weighting,66.68 (1.68),66.676335,13,
basic,K=200|day1_full,K=200,day1,day1_full,Geometric ensemble with early exit,68.86 (1.47),68.858689,7,
basic,K=200|day1_full,K=200,day1,day1_full,Label-shift EM,64.96 (1.40),64.964090,16,
basic,K=200|day1_full,K=200,day1,day1_full,Learned weight,68.54 (1.51),68.542376,10,
basic,K=200|day1_full,K=200,day1,day1_full,DriftGate,69.00 (1.43),68.995374,4,
basic,K=200|day1_full,K=200,day1,day1_full,no correction + adaptive w,69.00 (1.58),68.999236,3,
basic,K=200|day1_full,K=200,day1,day1_full,correction + w 0.5,68.58 (1.34),68.581203,9,
basic,K=200|day1_full,K=200,day1,day1_full,correction + dev w 0.2,69.23 (1.47),69.226785,1,yes
basic,K=200|day1_full,K=200,day1,day1_full,corrected edge only,69.15 (1.49),69.151216,2,
basic,K=200|day1_full,K=200,day1,day1_full,correction + learned weight,68.65 (1.38),68.648784,8,
basic,K=200|day1_full,K=200,day1,day1_full,correction + product,68.15 (1.30),68.151987,11,
basic,K=200|day1_early,K=200,day1,day1_early,Confidence-based offloading,56.98 (1.13),56.981637,16,
basic,K=200|day1_early,K=200,day1,day1_early,Device only,70.74 (0.67),70.737712,6,
basic,K=200|day1_early,K=200,day1,day1_early,Edge only,56.98 (1.13),56.981435,17,
basic,K=200|day1_early,K=200,day1,day1_early,Probability average,70.07 (0.62),70.065902,9,
basic,K=200|day1_early,K=200,day1,day1_early,Logit sum,70.51 (0.59),70.512204,7,
basic,K=200|day1_early,K=200,day1,day1_early,Lower-entropy exit,62.93 (0.72),62.928834,15,
basic,K=200|day1_early,K=200,day1,day1_early,Logit-entropy weighting,62.93 (0.73),62.928836,14,
basic,K=200|day1_early,K=200,day1,day1_early,Geometric ensemble with early exit,70.51 (0.59),70.512204,8,
basic,K=200|day1_early,K=200,day1,day1_early,Label-shift EM,64.61 (1.45),64.607279,13,
basic,K=200|day1_early,K=200,day1,day1_early,Learned weight,69.53 (0.56),69.527974,11,
basic,K=200|day1_early,K=200,day1,day1_early,DriftGate,72.49 (0.52),72.485315,3,
basic,K=200|day1_early,K=200,day1,day1_early,no correction + adaptive w,69.55 (0.60),69.548093,10,
basic,K=200|day1_early,K=200,day1,day1_early,correction + w 0.5,72.54 (0.53),72.538442,2,
basic,K=200|day1_early,K=200,day1,day1_early,correction + dev w 0.2,70.93 (0.63),70.928482,5,
basic,K=200|day1_early,K=200,day1,day1_early,corrected edge only,69.53 (0.79),69.527088,12,
basic,K=200|day1_early,K=200,day1,day1_early,correction + learned weight,71.87 (0.49),71.870323,4,
basic,K=200|day1_early,K=200,day1,day1_early,correction + product,72.66 (0.49),72.664800,1,yes
basic,K=200|day1_gt30,K=200,day1,day1_gt30,Confidence-based offloading,67.68 (2.38),67.678564,13,
basic,K=200|day1_gt30,K=200,day1,day1_gt30,Device only,60.26 (0.92),60.258859,17,
basic,K=200|day1_gt30,K=200,day1,day1_gt30,Edge only,67.73 (2.39),67.728052,11,
basic,K=200|day1_gt30,K=200,day1,day1_gt30,Probability average,68.56 (1.91),68.556392,4,
basic,K=200|day1_gt30,K=200,day1,day1_gt30,Logit sum,68.38 (1.87),68.381726,5,
basic,K=200|day1_gt30,K=200,day1,day1_gt30,Lower-entropy exit,67.77 (2.29),67.769661,9,
basic,K=200|day1_gt30,K=200,day1,day1_gt30,Logit-entropy weighting,67.77 (2.29),67.769355,10,
basic,K=200|day1_gt30,K=200,day1,day1_gt30,Geometric ensemble with early exit,68.38 (1.86),68.376404,6,
basic,K=200|day1_gt30,K=200,day1,day1_gt30,Label-shift EM,65.07 (1.88),65.068160,16,
basic,K=200|day1_gt30,K=200,day1,day1_gt30,Learned weight,68.25 (1.93),68.254909,7,
basic,K=200|day1_gt30,K=200,day1,day1_gt30,DriftGate,67.98 (1.80),67.977475,8,
basic,K=200|day1_gt30,K=200,day1,day1_gt30,no correction + adaptive w,68.84 (2.02),68.839152,2,
basic,K=200|day1_gt30,K=200,day1,day1_gt30,correction + w 0.5,67.43 (1.69),67.427008,14,
basic,K=200|day1_gt30,K=200,day1,day1_gt30,correction + dev w 0.2,68.73 (1.86),68.730456,3,
basic,K=200|day1_gt30,K=200,day1,day1_gt30,corrected edge only,69.04 (1.90),69.041587,1,yes
basic,K=200|day1_gt30,K=200,day1,day1_gt30,correction + learned weight,67.71 (1.73),67.709168,12,
basic,K=200|day1_gt30,K=200,day1,day1_gt30,correction + product,66.84 (1.63),66.835750,15,
basic,K=200|day1_gt50,K=200,day1,day1_gt50,Confidence-based offloading,69.04 (2.35),69.035321,9,
basic,K=200|day1_gt50,K=200,day1,day1_gt50,Device only,61.13 (0.91),61.125431,17,
basic,K=200|day1_gt50,K=200,day1,day1_gt50,Edge only,69.09 (2.36),69.094431,8,
basic,K=200|day1_gt50,K=200,day1,day1_gt50,Probability average,69.50 (1.92),69.497267,4,
basic,K=200|day1_gt50,K=200,day1,day1_gt50,Logit sum,69.30 (1.87),69.303621,5,
basic,K=200|day1_gt50,K=200,day1,day1_gt50,Lower-entropy exit,69.01 (2.29),69.012962,10,
basic,K=200|day1_gt50,K=200,day1,day1_gt50,Logit-entropy weighting,69.01 (2.29),69.012582,11,
basic,K=200|day1_gt50,K=200,day1,day1_gt50,Geometric ensemble with early exit,69.30 (1.86),69.297227,6,
basic,K=200|day1_gt50,K=200,day1,day1_gt50,Label-shift EM,66.05 (1.90),66.047638,16,
basic,K=200|day1_gt50,K=200,day1,day1_gt50,Learned weight,69.19 (1.92),69.188655,7,
basic,K=200|day1_gt50,K=200,day1,day1_gt50,DriftGate,68.95 (1.81),68.945419,12,
basic,K=200|day1_gt50,K=200,day1,day1_gt50,no correction + adaptive w,69.83 (2.03),69.833568,2,
basic,K=200|day1_gt50,K=200,day1,day1_gt50,correction + w 0.5,68.36 (1.70),68.356583,14,
basic,K=200|day1_gt50,K=200,day1,day1_gt50,correction + dev w 0.2,69.68 (1.87),69.679800,3,
basic,K=200|day1_gt50,K=200,day1,day1_gt50,corrected edge only,70.00 (1.92),69.999546,1,yes
basic,K=200|day1_gt50,K=200,day1,day1_gt50,correction + learned weight,68.58 (1.72),68.583946,13,
basic,K=200|day1_gt50,K=200,day1,day1_gt50,correction + product,67.77 (1.63),67.766094,15,
basic,K=500|day1_full,K=500,day1,day1_full,Confidence-based offloading,67.03 (0.40),67.034440,15,
basic,K=500|day1_full,K=500,day1,day1_full,Device only,63.12 (0.19),63.115694,17,
basic,K=500|day1_full,K=500,day1,day1_full,Edge only,67.07 (0.40),67.071932,14,
basic,K=500|day1_full,K=500,day1,day1_full,Probability average,70.38 (0.16),70.379494,4,
basic,K=500|day1_full,K=500,day1,day1_full,Logit sum,70.29 (0.15),70.293918,5,
basic,K=500|day1_full,K=500,day1,day1_full,Lower-entropy exit,68.41 (0.41),68.412117,12,
basic,K=500|day1_full,K=500,day1,day1_full,Logit-entropy weighting,68.41 (0.41),68.410717,13,
basic,K=500|day1_full,K=500,day1,day1_full,Geometric ensemble with early exit,70.29 (0.15),70.289787,6,
basic,K=500|day1_full,K=500,day1,day1_full,Label-shift EM,66.18 (0.26),66.182980,16,
basic,K=500|day1_full,K=500,day1,day1_full,Learned weight,70.05 (0.16),70.053282,8,
basic,K=500|day1_full,K=500,day1,day1_full,DriftGate,70.11 (0.22),70.111093,7,
basic,K=500|day1_full,K=500,day1,day1_full,no correction + adaptive w,70.60 (0.22),70.597815,1,yes
basic,K=500|day1_full,K=500,day1,day1_full,correction + w 0.5,69.62 (0.19),69.619856,10,
basic,K=500|day1_full,K=500,day1,day1_full,correction + dev w 0.2,70.53 (0.18),70.525812,3,
basic,K=500|day1_full,K=500,day1,day1_full,corrected edge only,70.53 (0.16),70.533285,2,
basic,K=500|day1_full,K=500,day1,day1_full,correction + learned weight,69.84 (0.17),69.835138,9,
basic,K=500|day1_full,K=500,day1,day1_full,correction + product,69.11 (0.20),69.114595,11,
basic,K=500|day1_early,K=500,day1,day1_early,Confidence-based offloading,58.18 (0.42),58.176307,16,
basic,K=500|day1_early,K=500,day1,day1_early,Device only,70.71 (0.67),70.712386,8,
basic,K=500|day1_early,K=500,day1,day1_early,Edge only,58.18 (0.42),58.176082,17,
basic,K=500|day1_early,K=500,day1,day1_early,Probability average,70.68 (0.40),70.681092,9,
basic,K=500|day1_early,K=500,day1,day1_early,Logit sum,71.11 (0.37),71.105865,6,
basic,K=500|day1_early,K=500,day1,day1_early,Lower-entropy exit,63.83 (0.27),63.829946,14,
basic,K=500|day1_early,K=500,day1,day1_early,Logit-entropy weighting,63.83 (0.27),63.829243,15,
basic,K=500|day1_early,K=500,day1,day1_early,Geometric ensemble with early exit,71.11 (0.37),71.105844,7,
basic,K=500|day1_early,K=500,day1,day1_early,Label-shift EM,65.80 (1.13),65.795395,13,
basic,K=500|day1_early,K=500,day1,day1_early,Learned weight,70.05 (0.40),70.048676,12,
basic,K=500|day1_early,K=500,day1,day1_early,DriftGate,72.98 (0.38),72.975014,3,
basic,K=500|day1_early,K=500,day1,day1_early,no correction + adaptive w,70.21 (0.39),70.206864,11,
basic,K=500|day1_early,K=500,day1,day1_early,correction + w 0.5,73.01 (0.39),73.010661,2,
basic,K=500|day1_early,K=500,day1,day1_early,correction + dev w 0.2,71.67 (0.43),71.671506,5,
basic,K=500|day1_early,K=500,day1,day1_early,corrected edge only,70.34 (0.56),70.343021,10,
basic,K=500|day1_early,K=500,day1,day1_early,correction + learned weight,72.49 (0.38),72.489796,4,
basic,K=500|day1_early,K=500,day1,day1_early,correction + product,73.10 (0.39),73.099292,1,yes
basic,K=500|day1_gt30,K=500,day1,day1_gt30,Confidence-based offloading,69.62 (0.64),69.618063,11,
basic,K=500|day1_gt30,K=500,day1,day1_gt30,Device only,60.90 (0.17),60.899992,17,
basic,K=500|day1_gt30,K=500,day1,day1_gt30,Edge only,69.67 (0.64),69.666555,10,
basic,K=500|day1_gt30,K=500,day1,day1_gt30,Probability average,70.29 (0.32),70.291528,3,
basic,K=500|day1_gt30,K=500,day1,day1_gt30,Logit sum,70.06 (0.30),70.057100,5,
basic,K=500|day1_gt30,K=500,day1,day1_gt30,Lower-entropy exit,69.75 (0.60),69.748583,8,
basic,K=500|day1_gt30,K=500,day1,day1_gt30,Logit-entropy weighting,69.75 (0.60),69.746980,9,
basic,K=500|day1_gt30,K=500,day1,day1_gt30,Geometric ensemble with early exit,70.05 (0.30),70.051767,7,
basic,K=500|day1_gt30,K=500,day1,day1_gt30,Label-shift EM,66.30 (0.45),66.296025,16,
basic,K=500|day1_gt30,K=500,day1,day1_gt30,Learned weight,70.05 (0.32),70.054625,6,
basic,K=500|day1_gt30,K=500,day1,day1_gt30,DriftGate,69.28 (0.33),69.275782,12,
basic,K=500|day1_gt30,K=500,day1,day1_gt30,no correction + adaptive w,70.71 (0.39),70.711843,1,yes
basic,K=500|day1_gt30,K=500,day1,day1_gt30,correction + w 0.5,68.63 (0.30),68.630871,14,
basic,K=500|day1_gt30,K=500,day1,day1_gt30,correction + dev w 0.2,70.19 (0.35),70.191651,4,
basic,K=500|day1_gt30,K=500,day1,day1_gt30,corrected edge only,70.59 (0.37),70.588778,2,
basic,K=500|day1_gt30,K=500,day1,day1_gt30,correction + learned weight,69.06 (0.29),69.060863,13,
basic,K=500|day1_gt30,K=500,day1,day1_gt30,correction + product,67.95 (0.30),67.952392,15,
basic,K=500|day1_gt50,K=500,day1,day1_gt50,Confidence-based offloading,70.99 (0.65),70.991606,10,
basic,K=500|day1_gt50,K=500,day1,day1_gt50,Device only,61.83 (0.12),61.828137,17,
basic,K=500|day1_gt50,K=500,day1,day1_gt50,Edge only,71.05 (0.65),71.049510,5,
basic,K=500|day1_gt50,K=500,day1,day1_gt50,Probability average,71.25 (0.31),71.253191,3,
basic,K=500|day1_gt50,K=500,day1,day1_gt50,Logit sum,71.00 (0.28),70.995092,9,
basic,K=500|day1_gt50,K=500,day1,day1_gt50,Lower-entropy exit,71.02 (0.61),71.018304,7,
basic,K=500|day1_gt50,K=500,day1,day1_gt50,Logit-entropy weighting,71.02 (0.61),71.016303,8,
basic,K=500|day1_gt50,K=500,day1,day1_gt50,Geometric ensemble with early exit,70.99 (0.28),70.988687,11,
basic,K=500|day1_gt50,K=500,day1,day1_gt50,Label-shift EM,67.22 (0.37),67.222875,16,
basic,K=500|day1_gt50,K=500,day1,day1_gt50,Learned weight,71.02 (0.31),71.018782,6,
basic,K=500|day1_gt50,K=500,day1,day1_gt50,DriftGate,70.29 (0.26),70.293436,12,
basic,K=500|day1_gt50,K=500,day1,day1_gt50,no correction + adaptive w,71.73 (0.40),71.731087,1,yes
basic,K=500|day1_gt50,K=500,day1,day1_gt50,correction + w 0.5,69.61 (0.24),69.606522,14,
basic,K=500|day1_gt50,K=500,day1,day1_gt50,correction + dev w 0.2,71.18 (0.30),71.181963,4,
basic,K=500|day1_gt50,K=500,day1,day1_gt50,corrected edge only,71.58 (0.32),71.583805,2,
basic,K=500|day1_gt50,K=500,day1,day1_gt50,correction + learned weight,69.98 (0.22),69.979570,13,
basic,K=500|day1_gt50,K=500,day1,day1_gt50,correction + product,68.93 (0.23),68.929118,15,
basic,S1 replay|replay_full,S1 replay,replay,replay_full,Confidence-based offloading,71.47 (1.98),71.467474,14,
basic,S1 replay|replay_full,S1 replay,replay,replay_full,Device only,66.38 (1.28),66.375240,17,
basic,S1 replay|replay_full,S1 replay,replay,replay_full,Edge only,71.74 (1.99),71.744590,9,
basic,S1 replay|replay_full,S1 replay,replay,replay_full,Probability average,72.27 (1.75),72.271725,4,
basic,S1 replay|replay_full,S1 replay,replay,replay_full,Logit sum,72.08 (1.74),72.078969,6,
basic,S1 replay|replay_full,S1 replay,replay,replay_full,Lower-entropy exit,71.71 (1.85),71.706017,12,
basic,S1 replay|replay_full,S1 replay,replay,replay_full,Logit-entropy weighting,71.72 (1.86),71.717220,10,
basic,S1 replay|replay_full,S1 replay,replay,replay_full,Geometric ensemble with early exit,72.03 (1.72),72.033331,7,
basic,S1 replay|replay_full,S1 replay,replay,replay_full,Label-shift EM,70.17 (1.63),70.169826,16,
basic,S1 replay|replay_full,S1 replay,replay,replay_full,Learned weight,72.13 (1.88),72.126038,5,
basic,S1 replay|replay_full,S1 replay,replay,replay_full,DriftGate,71.95 (1.56),71.946720,8,
basic,S1 replay|replay_full,S1 replay,replay,replay_full,no correction + adaptive w,72.46 (1.91),72.463693,3,
basic,S1 replay|replay_full,S1 replay,replay,replay_full,correction + w 0.5,71.53 (1.44),71.532930,13,
basic,S1 replay|replay_full,S1 replay,replay,replay_full,correction + dev w 0.2,72.58 (1.77),72.575591,2,
basic,S1 replay|replay_full,S1 replay,replay,replay_full,corrected edge only,72.74 (1.91),72.738203,1,yes
basic,S1 replay|replay_full,S1 replay,replay,replay_full,correction + learned weight,71.71 (1.62),71.713475,11,
basic,S1 replay|replay_full,S1 replay,replay,replay_full,correction + product,71.12 (1.38),71.119383,15,
basic,S2 replay|replay_full,S2 replay,replay,replay_full,Confidence-based offloading,74.76 (4.03),74.763275,15,
basic,S2 replay|replay_full,S2 replay,replay,replay_full,Device only,71.12 (3.13),71.122071,17,
basic,S2 replay|replay_full,S2 replay,replay,replay_full,Edge only,74.94 (4.18),74.937166,13,
basic,S2 replay|replay_full,S2 replay,replay,replay_full,Probability average,75.90 (3.29),75.898414,6,
basic,S2 replay|replay_full,S2 replay,replay,replay_full,Logit sum,75.86 (3.08),75.860135,8,
basic,S2 replay|replay_full,S2 replay,replay,replay_full,Lower-entropy exit,75.08 (4.03),75.081757,12,
basic,S2 replay|replay_full,S2 replay,replay,replay_full,Logit-entropy weighting,75.09 (4.03),75.088581,11,
basic,S2 replay|replay_full,S2 replay,replay,replay_full,Geometric ensemble with early exit,75.82 (3.06),75.818834,9,
basic,S2 replay|replay_full,S2 replay,replay,replay_full,Label-shift EM,74.77 (1.96),74.767786,14,
basic,S2 replay|replay_full,S2 replay,replay,replay_full,Learned weight,74.53 (3.62),74.532461,16,
basic,S2 replay|replay_full,S2 replay,replay,replay_full,DriftGate,76.54 (2.52),76.535448,3,
basic,S2 replay|replay_full,S2 replay,replay,replay_full,no correction + adaptive w,75.88 (3.54),75.884018,7,
basic,S2 replay|replay_full,S2 replay,replay,replay_full,correction + w 0.5,76.23 (2.45),76.229202,4,
basic,S2 replay|replay_full,S2 replay,replay,replay_full,correction + dev w 0.2,76.66 (2.56),76.663434,1,yes
basic,S2 replay|replay_full,S2 replay,replay,replay_full,corrected edge only,76.59 (2.67),76.589339,2,
basic,S2 replay|replay_full,S2 replay,replay,replay_full,correction + learned weight,75.26 (2.61),75.259461,10,
basic,S2 replay|replay_full,S2 replay,replay,replay_full,correction + product,76.00 (2.40),75.996824,5,
supplementary,S1 (Round 12 record)|day1_full,S1 (Round 12 record),day1,day1_full,Confidence-based offloading,62.87 (2.64),62.866004,17,
supplementary,S1 (Round 12 record)|day1_full,S1 (Round 12 record),day1,day1_full,Device only,64.16 (1.94),64.158672,15,
supplementary,S1 (Round 12 record)|day1_full,S1 (Round 12 record),day1,day1_full,Edge only,62.91 (2.64),62.909142,16,
supplementary,S1 (Round 12 record)|day1_full,S1 (Round 12 record),day1,day1_full,Probability average,67.32 (2.92),67.321766,9,
supplementary,S1 (Round 12 record)|day1_full,S1 (Round 12 record),day1,day1_full,Logit sum,67.37 (3.01),67.368192,7,
supplementary,S1 (Round 12 record)|day1_full,S1 (Round 12 record),day1,day1_full,Lower-entropy exit,64.35 (2.72),64.349480,14,
supplementary,S1 (Round 12 record)|day1_full,S1 (Round 12 record),day1,day1_full,Logit-entropy weighting,64.35 (2.72),64.350633,13,
supplementary,S1 (Round 12 record)|day1_full,S1 (Round 12 record),day1,day1_full,Geometric ensemble with early exit,67.36 (3.01),67.362705,8,
supplementary,S1 (Round 12 record)|day1_full,S1 (Round 12 record),day1,day1_full,Label-shift EM,64.84 (2.16),64.843172,12,
supplementary,S1 (Round 12 record)|day1_full,S1 (Round 12 record),day1,day1_full,Learned weight,66.81 (3.01),66.813236,11,
supplementary,S1 (Round 12 record)|day1_full,S1 (Round 12 record),day1,day1_full,DriftGate,68.31 (2.45),68.314675,1,yes
supplementary,S1 (Round 12 record)|day1_full,S1 (Round 12 record),day1,day1_full,no correction + adaptive w,67.11 (3.01),67.113703,10,
supplementary,S1 (Round 12 record)|day1_full,S1 (Round 12 record),day1,day1_full,correction + w 0.5,68.13 (2.37),68.125214,3,
supplementary,S1 (Round 12 record)|day1_full,S1 (Round 12 record),day1,day1_full,correction + dev w 0.2,68.16 (2.54),68.162725,2,
supplementary,S1 (Round 12 record)|day1_full,S1 (Round 12 record),day1,day1_full,corrected edge only,67.87 (2.53),67.867713,6,
supplementary,S1 (Round 12 record)|day1_full,S1 (Round 12 record),day1,day1_full,correction + learned weight,67.88 (2.56),67.884114,5,
supplementary,S1 (Round 12 record)|day1_full,S1 (Round 12 record),day1,day1_full,correction + product,67.90 (2.37),67.904976,4,
supplementary,S1 (Round 12 record)|day1_early,S1 (Round 12 record),day1,day1_early,Confidence-based offloading,56.24 (2.91),56.243760,16,
supplementary,S1 (Round 12 record)|day1_early,S1 (Round 12 record),day1,day1_early,Device only,72.34 (2.16),72.344819,4,
supplementary,S1 (Round 12 record)|day1_early,S1 (Round 12 record),day1,day1_early,Edge only,56.24 (2.91),56.243759,17,
supplementary,S1 (Round 12 record)|day1_early,S1 (Round 12 record),day1,day1_early,Probability average,69.31 (2.99),69.313029,9,
supplementary,S1 (Round 12 record)|day1_early,S1 (Round 12 record),day1,day1_early,Logit sum,69.73 (3.19),69.725573,7,
supplementary,S1 (Round 12 record)|day1_early,S1 (Round 12 record),day1,day1_early,Lower-entropy exit,61.47 (2.47),61.469585,15,
supplementary,S1 (Round 12 record)|day1_early,S1 (Round 12 record),day1,day1_early,Logit-entropy weighting,61.47 (2.47),61.470359,14,
supplementary,S1 (Round 12 record)|day1_early,S1 (Round 12 record),day1,day1_early,Geometric ensemble with early exit,69.73 (3.19),69.725573,8,
supplementary,S1 (Round 12 record)|day1_early,S1 (Round 12 record),day1,day1_early,Label-shift EM,64.38 (3.59),64.377156,13,
supplementary,S1 (Round 12 record)|day1_early,S1 (Round 12 record),day1,day1_early,Learned weight,68.50 (2.70),68.500880,12,
supplementary,S1 (Round 12 record)|day1_early,S1 (Round 12 record),day1,day1_early,DriftGate,72.47 (3.20),72.468470,3,
supplementary,S1 (Round 12 record)|day1_early,S1 (Round 12 record),day1,day1_early,no correction + adaptive w,68.51 (2.91),68.513991,11,
supplementary,S1 (Round 12 record)|day1_early,S1 (Round 12 record),day1,day1_early,correction + w 0.5,72.62 (3.19),72.618118,2,
supplementary,S1 (Round 12 record)|day1_early,S1 (Round 12 record),day1,day1_early,correction + dev w 0.2,70.26 (3.10),70.261193,6,
supplementary,S1 (Round 12 record)|day1_early,S1 (Round 12 record),day1,day1_early,corrected edge only,68.60 (2.75),68.596051,10,
supplementary,S1 (Round 12 record)|day1_early,S1 (Round 12 record),day1,day1_early,correction + learned weight,71.33 (3.13),71.331473,5,
supplementary,S1 (Round 12 record)|day1_early,S1 (Round 12 record),day1,day1_early,correction + product,72.81 (3.27),72.805504,1,yes
supplementary,S1 (Round 12 record)|day1_gt30,S1 (Round 12 record),day1,day1_gt30,Confidence-based offloading,64.80 (3.13),64.797492,16,
supplementary,S1 (Round 12 record)|day1_gt30,S1 (Round 12 record),day1,day1_gt30,Device only,61.77 (1.95),61.771046,17,
supplementary,S1 (Round 12 record)|day1_gt30,S1 (Round 12 record),day1,day1_gt30,Edge only,64.85 (3.13),64.853212,15,
supplementary,S1 (Round 12 record)|day1_gt30,S1 (Round 12 record),day1,day1_gt30,Probability average,66.74 (2.98),66.740982,6,
supplementary,S1 (Round 12 record)|day1_gt30,S1 (Round 12 record),day1,day1_gt30,Logit sum,66.68 (3.02),66.680622,8,
supplementary,S1 (Round 12 record)|day1_gt30,S1 (Round 12 record),day1,day1_gt30,Lower-entropy exit,65.19 (3.06),65.189449,13,
supplementary,S1 (Round 12 record)|day1_gt30,S1 (Round 12 record),day1,day1_gt30,Logit-entropy weighting,65.19 (3.06),65.190713,12,
supplementary,S1 (Round 12 record)|day1_gt30,S1 (Round 12 record),day1,day1_gt30,Geometric ensemble with early exit,66.67 (3.02),66.673495,9,
supplementary,S1 (Round 12 record)|day1_gt30,S1 (Round 12 record),day1,day1_gt30,Label-shift EM,64.98 (2.13),64.979093,14,
supplementary,S1 (Round 12 record)|day1_gt30,S1 (Round 12 record),day1,day1_gt30,Learned weight,66.32 (3.19),66.321007,11,
supplementary,S1 (Round 12 record)|day1_gt30,S1 (Round 12 record),day1,day1_gt30,DriftGate,67.10 (2.26),67.103151,3,
supplementary,S1 (Round 12 record)|day1_gt30,S1 (Round 12 record),day1,day1_gt30,no correction + adaptive w,66.71 (3.14),66.705286,7,
supplementary,S1 (Round 12 record)|day1_gt30,S1 (Round 12 record),day1,day1_gt30,correction + w 0.5,66.81 (2.18),66.814783,5,
supplementary,S1 (Round 12 record)|day1_gt30,S1 (Round 12 record),day1,day1_gt30,correction + dev w 0.2,67.55 (2.43),67.550672,2,
supplementary,S1 (Round 12 record)|day1_gt30,S1 (Round 12 record),day1,day1_gt30,corrected edge only,67.66 (2.54),67.655281,1,yes
supplementary,S1 (Round 12 record)|day1_gt30,S1 (Round 12 record),day1,day1_gt30,correction + learned weight,66.88 (2.44),66.878635,4,
supplementary,S1 (Round 12 record)|day1_gt30,S1 (Round 12 record),day1,day1_gt30,correction + product,66.48 (2.16),66.475655,10,
supplementary,S1 (Round 12 record)|day1_gt50,S1 (Round 12 record),day1,day1_gt50,Confidence-based offloading,66.21 (2.98),66.214415,15,
supplementary,S1 (Round 12 record)|day1_gt50,S1 (Round 12 record),day1,day1_gt50,Device only,62.47 (1.91),62.470934,17,
supplementary,S1 (Round 12 record)|day1_gt50,S1 (Round 12 record),day1,day1_gt50,Edge only,66.28 (2.98),66.280567,14,
supplementary,S1 (Round 12 record)|day1_gt50,S1 (Round 12 record),day1,day1_gt50,Probability average,67.73 (2.80),67.728155,5,
supplementary,S1 (Round 12 record)|day1_gt50,S1 (Round 12 record),day1,day1_gt50,Logit sum,67.65 (2.83),67.651111,7,
supplementary,S1 (Round 12 record)|day1_gt50,S1 (Round 12 record),day1,day1_gt50,Lower-entropy exit,66.51 (2.92),66.509111,13,
supplementary,S1 (Round 12 record)|day1_gt50,S1 (Round 12 record),day1,day1_gt50,Logit-entropy weighting,66.51 (2.92),66.510285,12,
supplementary,S1 (Round 12 record)|day1_gt50,S1 (Round 12 record),day1,day1_gt50,Geometric ensemble with early exit,67.64 (2.83),67.642536,8,
supplementary,S1 (Round 12 record)|day1_gt50,S1 (Round 12 record),day1,day1_gt50,Label-shift EM,65.96 (1.95),65.955201,16,
supplementary,S1 (Round 12 record)|day1_gt50,S1 (Round 12 record),day1,day1_gt50,Learned weight,67.33 (3.04),67.332611,10,
supplementary,S1 (Round 12 record)|day1_gt50,S1 (Round 12 record),day1,day1_gt50,DriftGate,67.95 (2.14),67.952770,3,
supplementary,S1 (Round 12 record)|day1_gt50,S1 (Round 12 record),day1,day1_gt50,no correction + adaptive w,67.77 (2.96),67.766772,4,
supplementary,S1 (Round 12 record)|day1_gt50,S1 (Round 12 record),day1,day1_gt50,correction + w 0.5,67.63 (2.06),67.632027,9,
supplementary,S1 (Round 12 record)|day1_gt50,S1 (Round 12 record),day1,day1_gt50,correction + dev w 0.2,68.45 (2.31),68.452084,2,
supplementary,S1 (Round 12 record)|day1_gt50,S1 (Round 12 record),day1,day1_gt50,corrected edge only,68.59 (2.42),68.589250,1,yes
supplementary,S1 (Round 12 record)|day1_gt50,S1 (Round 12 record),day1,day1_gt50,correction + learned weight,67.70 (2.33),67.699388,6,
supplementary,S1 (Round 12 record)|day1_gt50,S1 (Round 12 record),day1,day1_gt50,correction + product,67.28 (2.05),67.277797,11,
supplementary,S2 (Round 12 record)|day1_full,S2 (Round 12 record),day1,day1_full,Confidence-based offloading,65.18 (3.73),65.181649,17,
supplementary,S2 (Round 12 record)|day1_full,S2 (Round 12 record),day1,day1_full,Device only,69.04 (2.80),69.038832,11,
supplementary,S2 (Round 12 record)|day1_full,S2 (Round 12 record),day1,day1_full,Edge only,65.24 (3.76),65.239186,16,
supplementary,S2 (Round 12 record)|day1_full,S2 (Round 12 record),day1,day1_full,Probability average,69.88 (2.02),69.884712,9,
supplementary,S2 (Round 12 record)|day1_full,S2 (Round 12 record),day1,day1_full,Logit sum,70.07 (1.97),70.068239,7,
supplementary,S2 (Round 12 record)|day1_full,S2 (Round 12 record),day1,day1_full,Lower-entropy exit,66.65 (3.30),66.647193,15,
supplementary,S2 (Round 12 record)|day1_full,S2 (Round 12 record),day1,day1_full,Logit-entropy weighting,66.65 (3.30),66.651179,14,
supplementary,S2 (Round 12 record)|day1_full,S2 (Round 12 record),day1,day1_full,Geometric ensemble with early exit,70.06 (1.96),70.059434,8,
supplementary,S2 (Round 12 record)|day1_full,S2 (Round 12 record),day1,day1_full,Label-shift EM,68.63 (0.52),68.634315,12,
supplementary,S2 (Round 12 record)|day1_full,S2 (Round 12 record),day1,day1_full,Learned weight,68.59 (2.30),68.587938,13,
supplementary,S2 (Round 12 record)|day1_full,S2 (Round 12 record),day1,day1_full,DriftGate,71.70 (0.97),71.700138,3,
supplementary,S2 (Round 12 record)|day1_full,S2 (Round 12 record),day1,day1_full,no correction + adaptive w,69.29 (2.11),69.292899,10,
supplementary,S2 (Round 12 record)|day1_full,S2 (Round 12 record),day1,day1_full,correction + w 0.5,71.77 (1.09),71.772826,1,yes
supplementary,S2 (Round 12 record)|day1_full,S2 (Round 12 record),day1,day1_full,correction + dev w 0.2,71.03 (0.83),71.028169,4,
supplementary,S2 (Round 12 record)|day1_full,S2 (Round 12 record),day1,day1_full,corrected edge only,70.49 (0.82),70.488470,6,
supplementary,S2 (Round 12 record)|day1_full,S2 (Round 12 record),day1,day1_full,correction + learned weight,70.66 (0.98),70.658661,5,
supplementary,S2 (Round 12 record)|day1_full,S2 (Round 12 record),day1,day1_full,correction + product,71.76 (1.16),71.756901,2,
supplementary,S2 (Round 12 record)|day1_early,S2 (Round 12 record),day1,day1_early,Confidence-based offloading,55.40 (5.59),55.396399,16,
supplementary,S2 (Round 12 record)|day1_early,S2 (Round 12 record),day1,day1_early,Device only,71.45 (1.69),71.453991,2,
supplementary,S2 (Round 12 record)|day1_early,S2 (Round 12 record),day1,day1_early,Edge only,55.39 (5.58),55.394285,17,
supplementary,S2 (Round 12 record)|day1_early,S2 (Round 12 record),day1,day1_early,Probability average,67.01 (1.53),67.013604,10,
supplementary,S2 (Round 12 record)|day1_early,S2 (Round 12 record),day1,day1_early,Logit sum,67.51 (1.76),67.506108,7,
supplementary,S2 (Round 12 record)|day1_early,S2 (Round 12 record),day1,day1_early,Lower-entropy exit,59.52 (3.83),59.523328,15,
supplementary,S2 (Round 12 record)|day1_early,S2 (Round 12 record),day1,day1_early,Logit-entropy weighting,59.52 (3.84),59.523845,14,
supplementary,S2 (Round 12 record)|day1_early,S2 (Round 12 record),day1,day1_early,Geometric ensemble with early exit,67.51 (1.76),67.506108,8,
supplementary,S2 (Round 12 record)|day1_early,S2 (Round 12 record),day1,day1_early,Label-shift EM,62.94 (1.86),62.942573,13,
supplementary,S2 (Round 12 record)|day1_early,S2 (Round 12 record),day1,day1_early,Learned weight,66.31 (1.86),66.309149,11,
supplementary,S2 (Round 12 record)|day1_early,S2 (Round 12 record),day1,day1_early,DriftGate,70.82 (1.04),70.820160,4,
supplementary,S2 (Round 12 record)|day1_early,S2 (Round 12 record),day1,day1_early,no correction + adaptive w,66.15 (1.58),66.150897,12,
supplementary,S2 (Round 12 record)|day1_early,S2 (Round 12 record),day1,day1_early,correction + w 0.5,71.09 (0.95),71.089740,3,
supplementary,S2 (Round 12 record)|day1_early,S2 (Round 12 record),day1,day1_early,correction + dev w 0.2,68.72 (1.44),68.722368,6,
supplementary,S2 (Round 12 record)|day1_early,S2 (Round 12 record),day1,day1_early,corrected edge only,67.28 (1.41),67.283394,9,
supplementary,S2 (Round 12 record)|day1_early,S2 (Round 12 record),day1,day1_early,correction + learned weight,69.83 (1.22),69.831326,5,
supplementary,S2 (Round 12 record)|day1_early,S2 (Round 12 record),day1,day1_early,correction + product,71.54 (0.86),71.541401,1,yes
supplementary,S2 (Round 12 record)|day1_gt30,S2 (Round 12 record),day1,day1_gt30,Confidence-based offloading,68.04 (3.20),68.035680,17,
supplementary,S2 (Round 12 record)|day1_gt30,S2 (Round 12 record),day1,day1_gt30,Device only,68.33 (3.13),68.334411,15,
supplementary,S2 (Round 12 record)|day1_gt30,S2 (Round 12 record),day1,day1_gt30,Edge only,68.11 (3.23),68.110615,16,
supplementary,S2 (Round 12 record)|day1_gt30,S2 (Round 12 record),day1,day1_gt30,Probability average,70.72 (2.17),70.722118,9,
supplementary,S2 (Round 12 record)|day1_gt30,S2 (Round 12 record),day1,day1_gt30,Logit sum,70.82 (2.05),70.815528,7,
supplementary,S2 (Round 12 record)|day1_gt30,S2 (Round 12 record),day1,day1_gt30,Lower-entropy exit,68.72 (3.18),68.724986,14,
supplementary,S2 (Round 12 record)|day1_gt30,S2 (Round 12 record),day1,day1_gt30,Logit-entropy weighting,68.73 (3.18),68.729985,13,
supplementary,S2 (Round 12 record)|day1_gt30,S2 (Round 12 record),day1,day1_gt30,Geometric ensemble with early exit,70.80 (2.04),70.804071,8,
supplementary,S2 (Round 12 record)|day1_gt30,S2 (Round 12 record),day1,day1_gt30,Label-shift EM,70.29 (0.83),70.294407,10,
supplementary,S2 (Round 12 record)|day1_gt30,S2 (Round 12 record),day1,day1_gt30,Learned weight,69.25 (2.46),69.252585,12,
supplementary,S2 (Round 12 record)|day1_gt30,S2 (Round 12 record),day1,day1_gt30,DriftGate,71.96 (1.28),71.956798,2,
supplementary,S2 (Round 12 record)|day1_gt30,S2 (Round 12 record),day1,day1_gt30,no correction + adaptive w,70.21 (2.26),70.209317,11,
supplementary,S2 (Round 12 record)|day1_gt30,S2 (Round 12 record),day1,day1_gt30,correction + w 0.5,71.97 (1.39),71.972060,1,yes
supplementary,S2 (Round 12 record)|day1_gt30,S2 (Round 12 record),day1,day1_gt30,correction + dev w 0.2,71.70 (1.09),71.700695,4,
supplementary,S2 (Round 12 record)|day1_gt30,S2 (Round 12 record),day1,day1_gt30,corrected edge only,71.42 (1.05),71.423284,5,
supplementary,S2 (Round 12 record)|day1_gt30,S2 (Round 12 record),day1,day1_gt30,correction + learned weight,70.90 (1.37),70.899967,6,
supplementary,S2 (Round 12 record)|day1_gt30,S2 (Round 12 record),day1,day1_gt30,correction + product,71.82 (1.47),71.819756,3,
supplementary,S2 (Round 12 record)|day1_gt50,S2 (Round 12 record),day1,day1_gt50,Confidence-based offloading,68.46 (3.04),68.461181,16,
supplementary,S2 (Round 12 record)|day1_gt50,S2 (Round 12 record),day1,day1_gt50,Device only,67.84 (3.11),67.840375,17,
supplementary,S2 (Round 12 record)|day1_gt50,S2 (Round 12 record),day1,day1_gt50,Edge only,68.55 (3.08),68.551095,15,
supplementary,S2 (Round 12 record)|day1_gt50,S2 (Round 12 record),day1,day1_gt50,Probability average,70.59 (2.25),70.590268,9,
supplementary,S2 (Round 12 record)|day1_gt50,S2 (Round 12 record),day1,day1_gt50,Logit sum,70.65 (2.15),70.647909,7,
supplementary,S2 (Round 12 record)|day1_gt50,S2 (Round 12 record),day1,day1_gt50,Lower-entropy exit,68.99 (3.04),68.988488,14,
supplementary,S2 (Round 12 record)|day1_gt50,S2 (Round 12 record),day1,day1_gt50,Logit-entropy weighting,68.99 (3.04),68.993874,13,
supplementary,S2 (Round 12 record)|day1_gt50,S2 (Round 12 record),day1,day1_gt50,Geometric ensemble with early exit,70.63 (2.14),70.634072,8,
supplementary,S2 (Round 12 record)|day1_gt50,S2 (Round 12 record),day1,day1_gt50,Label-shift EM,70.16 (0.99),70.156828,10,
supplementary,S2 (Round 12 record)|day1_gt50,S2 (Round 12 record),day1,day1_gt50,Learned weight,69.15 (2.53),69.151339,12,
supplementary,S2 (Round 12 record)|day1_gt50,S2 (Round 12 record),day1,day1_gt50,DriftGate,71.74 (1.39),71.740930,1,yes
supplementary,S2 (Round 12 record)|day1_gt50,S2 (Round 12 record),day1,day1_gt50,no correction + adaptive w,70.15 (2.38),70.150459,11,
supplementary,S2 (Round 12 record)|day1_gt50,S2 (Round 12 record),day1,day1_gt50,correction + w 0.5,71.72 (1.47),71.721104,2,
supplementary,S2 (Round 12 record)|day1_gt50,S2 (Round 12 record),day1,day1_gt50,correction + dev w 0.2,71.57 (1.24),71.568014,3,
supplementary,S2 (Round 12 record)|day1_gt50,S2 (Round 12 record),day1,day1_gt50,corrected edge only,71.36 (1.20),71.356119,5,
supplementary,S2 (Round 12 record)|day1_gt50,S2 (Round 12 record),day1,day1_gt50,correction + learned weight,70.65 (1.51),70.654887,6,
supplementary,S2 (Round 12 record)|day1_gt50,S2 (Round 12 record),day1,day1_gt50,correction + product,71.55 (1.55),71.551118,4,
time,S1|pre-commute,S1,day1,pre-commute,Confidence-based offloading,55.34 (3.20),55.336364,16,
time,S1|pre-commute,S1,day1,pre-commute,Device only,73.20 (2.04),73.195534,2,
time,S1|pre-commute,S1,day1,pre-commute,Edge only,55.34 (3.20),55.336326,17,
time,S1|pre-commute,S1,day1,pre-commute,Probability average,69.47 (2.90),69.473259,9,
time,S1|pre-commute,S1,day1,pre-commute,Logit sum,69.91 (3.07),69.907787,7,
time,S1|pre-commute,S1,day1,pre-commute,Lower-entropy exit,61.20 (2.58),61.196489,14,
time,S1|pre-commute,S1,day1,pre-commute,Logit-entropy weighting,61.20 (2.58),61.196349,15,
time,S1|pre-commute,S1,day1,pre-commute,Geometric ensemble with early exit,69.91 (3.07),69.907787,8,
time,S1|pre-commute,S1,day1,pre-commute,Label-shift EM,63.87 (3.62),63.873422,13,
time,S1|pre-commute,S1,day1,pre-commute,Learned weight,68.67 (2.61),68.674170,10,
time,S1|pre-commute,S1,day1,pre-commute,DriftGate,72.88 (3.06),72.878452,4,
time,S1|pre-commute,S1,day1,pre-commute,no correction + adaptive w,68.65 (2.83),68.648358,11,
time,S1|pre-commute,S1,day1,pre-commute,correction + w 0.5,73.06 (3.06),73.056826,3,
time,S1|pre-commute,S1,day1,pre-commute,correction + dev w 0.2,70.35 (2.97),70.351910,6,
time,S1|pre-commute,S1,day1,pre-commute,corrected edge only,68.48 (2.62),68.475869,12,
time,S1|pre-commute,S1,day1,pre-commute,correction + learned weight,71.60 (3.00),71.595694,5,
time,S1|pre-commute,S1,day1,pre-commute,correction + product,73.29 (3.16),73.289583,1,yes
time,S1|commute,S1,day1,commute,Confidence-based offloading,58.59 (3.97),58.592811,17,
time,S1|commute,S1,day1,commute,Device only,60.82 (2.19),60.821977,13,
time,S1|commute,S1,day1,commute,Edge only,58.60 (3.97),58.595803,16,
time,S1|commute,S1,day1,commute,Probability average,63.58 (4.08),63.581013,9,
time,S1|commute,S1,day1,commute,Logit sum,63.70 (4.16),63.700520,7,
time,S1|commute,S1,day1,commute,Lower-entropy exit,59.66 (3.85),59.659125,15,
time,S1|commute,S1,day1,commute,Logit-entropy weighting,59.66 (3.85),59.660274,14,
time,S1|commute,S1,day1,commute,Geometric ensemble with early exit,63.70 (4.16),63.700497,8,
time,S1|commute,S1,day1,commute,Label-shift EM,62.06 (3.50),62.057189,12,
time,S1|commute,S1,day1,commute,Learned weight,62.94 (4.07),62.944828,11,
time,S1|commute,S1,day1,commute,DriftGate,64.80 (3.16),64.800910,2,
time,S1|commute,S1,day1,commute,no correction + adaptive w,63.07 (4.25),63.074702,10,
time,S1|commute,S1,day1,commute,correction + w 0.5,64.72 (3.07),64.719688,3,
time,S1|commute,S1,day1,commute,correction + dev w 0.2,64.82 (3.42),64.819756,1,yes
time,S1|commute,S1,day1,commute,corrected edge only,64.63 (3.56),64.631519,5,
time,S1|commute,S1,day1,commute,correction + learned weight,64.68 (3.22),64.676850,4,
time,S1|commute,S1,day1,commute,correction + product,64.53 (2.99),64.526299,6,
time,S1|daytime,S1,day1,daytime,Confidence-based offloading,61.51 (3.36),61.513684,15,
time,S1|daytime,S1,day1,daytime,Device only,57.34 (2.24),57.344323,17,
time,S1|daytime,S1,day1,daytime,Edge only,61.56 (3.37),61.561164,14,
time,S1|daytime,S1,day1,daytime,Probability average,63.13 (3.20),63.125775,6,
time,S1|daytime,S1,day1,daytime,Logit sum,63.01 (3.27),63.006627,7,
time,S1|daytime,S1,day1,daytime,Lower-entropy exit,61.83 (3.26),61.827345,12,
time,S1|daytime,S1,day1,daytime,Logit-entropy weighting,61.83 (3.26),61.826800,13,
time,S1|daytime,S1,day1,daytime,Geometric ensemble with early exit,63.00 (3.27),63.001654,8,
time,S1|daytime,S1,day1,daytime,Label-shift EM,60.79 (2.35),60.790803,16,
time,S1|daytime,S1,day1,daytime,Learned weight,62.99 (3.38),62.986643,9,
time,S1|daytime,S1,day1,daytime,DriftGate,63.24 (2.39),63.241054,4,
time,S1|daytime,S1,day1,daytime,no correction + adaptive w,63.20 (3.37),63.203749,5,
time,S1|daytime,S1,day1,daytime,correction + w 0.5,62.89 (2.31),62.893250,10,
time,S1|daytime,S1,day1,daytime,correction + dev w 0.2,63.87 (2.53),63.866153,2,
time,S1|daytime,S1,day1,daytime,corrected edge only,64.08 (2.64),64.083325,1,yes
time,S1|daytime,S1,day1,daytime,correction + learned weight,63.24 (2.54),63.244308,3,
time,S1|daytime,S1,day1,daytime,correction + product,62.49 (2.33),62.486089,11,
time,S1|return,S1,day1,return,Confidence-based offloading,70.68 (2.59),70.682905,15,
time,S1|return,S1,day1,return,Device only,67.08 (1.83),67.083896,17,
time,S1|return,S1,day1,return,Edge only,70.78 (2.58),70.783557,14,
time,S1|return,S1,day1,return,Probability average,71.98 (2.47),71.983258,6,
time,S1|return,S1,day1,return,Logit sum,71.93 (2.49),71.931879,7,
time,S1|return,S1,day1,return,Lower-entropy exit,70.92 (2.58),70.916433,13,
time,S1|return,S1,day1,return,Logit-entropy weighting,70.92 (2.58),70.917562,12,
time,S1|return,S1,day1,return,Geometric ensemble with early exit,71.92 (2.48),71.917141,8,
time,S1|return,S1,day1,return,Label-shift EM,70.68 (1.59),70.677264,16,
time,S1|return,S1,day1,return,Learned weight,71.34 (2.79),71.338019,11,
time,S1|return,S1,day1,return,DriftGate,72.31 (2.00),72.308155,3,
time,S1|return,S1,day1,return,no correction + adaptive w,72.02 (2.59),72.020841,4,
time,S1|return,S1,day1,return,correction + w 0.5,71.98 (1.93),71.983836,5,
time,S1|return,S1,day1,return,correction + dev w 0.2,72.70 (2.11),72.701054,2,
time,S1|return,S1,day1,return,corrected edge only,72.79 (2.19),72.791805,1,yes
time,S1|return,S1,day1,return,correction + learned weight,71.76 (2.23),71.763357,9,
time,S1|return,S1,day1,return,correction + product,71.66 (1.91),71.655723,10,
time,S1|evening,S1,day1,evening,Confidence-based offloading,79.30 (2.22),79.295994,17,
time,S1|evening,S1,day1,evening,Device only,79.38 (1.94),79.382991,15,
time,S1|evening,S1,day1,evening,Edge only,79.34 (2.20),79.343202,16,
time,S1|evening,S1,day1,evening,Probability average,81.66 (2.16),81.662380,10,
time,S1|evening,S1,day1,evening,Logit sum,81.79 (2.10),81.792620,7,
time,S1|evening,S1,day1,evening,Lower-entropy exit,79.89 (2.27),79.894699,14,
time,S1|evening,S1,day1,evening,Logit-entropy weighting,79.91 (2.27),79.907487,13,
time,S1|evening,S1,day1,evening,Geometric ensemble with early exit,81.78 (2.09),81.780584,8,
time,S1|evening,S1,day1,evening,Label-shift EM,82.14 (1.67),82.143359,6,
time,S1|evening,S1,day1,evening,Learned weight,80.31 (2.39),80.305852,12,
time,S1|evening,S1,day1,evening,DriftGate,82.76 (2.06),82.758697,1,yes
time,S1|evening,S1,day1,evening,no correction + adaptive w,81.30 (2.26),81.301559,11,
time,S1|evening,S1,day1,evening,correction + w 0.5,82.68 (1.96),82.675609,2,
time,S1|evening,S1,day1,evening,correction + dev w 0.2,82.61 (2.16),82.610603,3,
time,S1|evening,S1,day1,evening,corrected edge only,82.35 (2.25),82.346393,5,
time,S1|evening,S1,day1,evening,correction + learned weight,81.76 (2.25),81.759283,9,
time,S1|evening,S1,day1,evening,correction + product,82.56 (1.90),82.556343,4,
time,S1 replay|pre-commute,S1 replay,replay,pre-commute,Confidence-based offloading,79.31 (2.27),79.310913,16,
time,S1 replay|pre-commute,S1 replay,replay,pre-commute,Device only,79.22 (1.40),79.223382,17,
time,S1 replay|pre-commute,S1 replay,replay,pre-commute,Edge only,79.34 (2.23),79.340933,15,
time,S1 replay|pre-commute,S1 replay,replay,pre-commute,Probability average,81.57 (2.06),81.570079,10,
time,S1 replay|pre-commute,S1 replay,replay,pre-commute,Logit sum,81.69 (1.96),81.688849,7,
time,S1 replay|pre-commute,S1 replay,replay,pre-commute,Lower-entropy exit,79.91 (2.27),79.910232,14,
time,S1 replay|pre-commute,S1 replay,replay,pre-commute,Logit-entropy weighting,79.93 (2.27),79.925833,13,
time,S1 replay|pre-commute,S1 replay,replay,pre-commute,Geometric ensemble with early exit,81.68 (1.96),81.676749,8,
time,S1 replay|pre-commute,S1 replay,replay,pre-commute,Label-shift EM,81.84 (1.82),81.838634,6,
time,S1 replay|pre-commute,S1 replay,replay,pre-commute,Learned weight,80.31 (2.11),80.312862,12,
time,S1 replay|pre-commute,S1 replay,replay,pre-commute,DriftGate,82.55 (2.05),82.546618,1,yes
time,S1 replay|pre-commute,S1 replay,replay,pre-commute,no correction + adaptive w,81.23 (2.25),81.225155,11,
time,S1 replay|pre-commute,S1 replay,replay,pre-commute,correction + w 0.5,82.45 (1.88),82.453070,2,
time,S1 replay|pre-commute,S1 replay,replay,pre-commute,correction + dev w 0.2,82.41 (2.20),82.408418,3,
time,S1 replay|pre-commute,S1 replay,replay,pre-commute,corrected edge only,82.15 (2.32),82.151401,5,
time,S1 replay|pre-commute,S1 replay,replay,pre-commute,correction + learned weight,81.65 (2.04),81.645164,9,
time,S1 replay|pre-commute,S1 replay,replay,pre-commute,correction + product,82.36 (1.79),82.360442,4,
time,S1 replay|commute,S1 replay,replay,commute,Confidence-based offloading,69.49 (2.40),69.493790,11,
time,S1 replay|commute,S1 replay,replay,commute,Device only,63.00 (1.55),62.997580,17,
time,S1 replay|commute,S1 replay,replay,commute,Edge only,69.84 (2.38),69.837913,6,
time,S1 replay|commute,S1 replay,replay,commute,Probability average,69.85 (2.14),69.853133,5,
time,S1 replay|commute,S1 replay,replay,commute,Logit sum,69.57 (2.14),69.566175,9,
time,S1 replay|commute,S1 replay,replay,commute,Lower-entropy exit,69.62 (2.22),69.618969,8,
time,S1 replay|commute,S1 replay,replay,commute,Logit-entropy weighting,69.63 (2.23),69.628341,7,
time,S1 replay|commute,S1 replay,replay,commute,Geometric ensemble with early exit,69.51 (2.12),69.514069,10,
time,S1 replay|commute,S1 replay,replay,commute,Label-shift EM,67.13 (2.05),67.129357,16,
time,S1 replay|commute,S1 replay,replay,commute,Learned weight,70.02 (2.21),70.019953,4,
time,S1 replay|commute,S1 replay,replay,commute,DriftGate,69.20 (1.95),69.199148,12,
time,S1 replay|commute,S1 replay,replay,commute,no correction + adaptive w,70.19 (2.30),70.189146,2,
time,S1 replay|commute,S1 replay,replay,commute,correction + w 0.5,68.70 (1.82),68.700724,14,
time,S1 replay|commute,S1 replay,replay,commute,correction + dev w 0.2,70.04 (2.12),70.041371,3,
time,S1 replay|commute,S1 replay,replay,commute,corrected edge only,70.32 (2.25),70.324185,1,yes
time,S1 replay|commute,S1 replay,replay,commute,correction + learned weight,69.17 (1.92),69.166996,13,
time,S1 replay|commute,S1 replay,replay,commute,correction + product,68.19 (1.76),68.194900,15,
time,S1 replay|daytime,S1 replay,replay,daytime,Confidence-based offloading,66.79 (1.98),66.791015,7,
time,S1 replay|daytime,S1 replay,replay,daytime,Device only,58.78 (1.56),58.781936,17,
time,S1 replay|daytime,S1 replay,replay,daytime,Edge only,67.21 (2.01),67.211700,3,
time,S1 replay|daytime,S1 replay,replay,daytime,Probability average,66.75 (1.80),66.753633,8,
time,S1 replay|daytime,S1 replay,replay,daytime,Logit sum,66.38 (1.87),66.383362,10,
time,S1 replay|daytime,S1 replay,replay,daytime,Lower-entropy exit,66.82 (1.78),66.822744,6,
time,S1 replay|daytime,S1 replay,replay,daytime,Logit-entropy weighting,66.83 (1.79),66.831010,5,
time,S1 replay|daytime,S1 replay,replay,daytime,Geometric ensemble with early exit,66.32 (1.83),66.317503,11,
time,S1 replay|daytime,S1 replay,replay,daytime,Label-shift EM,63.25 (1.92),63.247497,16,
time,S1 replay|daytime,S1 replay,replay,daytime,Learned weight,67.25 (1.96),67.253863,2,
time,S1 replay|daytime,S1 replay,replay,daytime,DriftGate,65.66 (1.55),65.658453,13,
time,S1 replay|daytime,S1 replay,replay,daytime,no correction + adaptive w,67.27 (1.92),67.266637,1,yes
time,S1 replay|daytime,S1 replay,replay,daytime,correction + w 0.5,65.06 (1.48),65.059809,14,
time,S1 replay|daytime,S1 replay,replay,daytime,correction + dev w 0.2,66.73 (1.76),66.731850,9,
time,S1 replay|daytime,S1 replay,replay,daytime,corrected edge only,67.14 (1.88),67.136517,4,
time,S1 replay|daytime,S1 replay,replay,daytime,correction + learned weight,65.81 (1.66),65.810865,12,
time,S1 replay|daytime,S1 replay,replay,daytime,correction + product,64.46 (1.48),64.463654,15,
time,S1 replay|return,S1 replay,replay,return,Confidence-based offloading,72.39 (1.66),72.390456,15,
time,S1 replay|return,S1 replay,replay,return,Device only,67.83 (1.04),67.828346,17,
time,S1 replay|return,S1 replay,replay,return,Edge only,72.64 (1.67),72.639405,13,
time,S1 replay|return,S1 replay,replay,return,Probability average,73.36 (1.36),73.363966,4,
time,S1 replay|return,S1 replay,replay,return,Logit sum,73.20 (1.30),73.197909,5,
time,S1 replay|return,S1 replay,replay,return,Lower-entropy exit,72.67 (1.55),72.673439,12,
time,S1 replay|return,S1 replay,replay,return,Logit-entropy weighting,72.69 (1.55),72.686195,11,
time,S1 replay|return,S1 replay,replay,return,Geometric ensemble with early exit,73.16 (1.28),73.155602,7,
time,S1 replay|return,S1 replay,replay,return,Label-shift EM,71.53 (1.08),71.534834,16,
time,S1 replay|return,S1 replay,replay,return,Learned weight,73.10 (1.50),73.099820,8,
time,S1 replay|return,S1 replay,replay,return,DriftGate,73.18 (1.22),73.180918,6,
time,S1 replay|return,S1 replay,replay,return,no correction + adaptive w,73.49 (1.57),73.486653,3,
time,S1 replay|return,S1 replay,replay,return,correction + w 0.5,72.79 (1.06),72.793081,10,
time,S1 replay|return,S1 replay,replay,return,correction + dev w 0.2,73.73 (1.43),73.734099,2,
time,S1 replay|return,S1 replay,replay,return,corrected edge only,73.86 (1.59),73.855238,1,yes
time,S1 replay|return,S1 replay,replay,return,correction + learned weight,72.88 (1.23),72.877468,9,
time,S1 replay|return,S1 replay,replay,return,correction + product,72.40 (0.97),72.403694,14,
time,S1 replay|evening,S1 replay,replay,evening,Confidence-based offloading,79.51 (2.06),79.512563,17,
time,S1 replay|evening,S1 replay,replay,evening,Device only,79.58 (1.17),79.583293,15,
time,S1 replay|evening,S1 replay,replay,evening,Edge only,79.55 (2.04),79.548257,16,
time,S1 replay|evening,S1 replay,replay,evening,Probability average,81.80 (1.81),81.804713,10,
time,S1 replay|evening,S1 replay,replay,evening,Logit sum,81.94 (1.71),81.939531,7,
time,S1 replay|evening,S1 replay,replay,evening,Lower-entropy exit,80.11 (2.06),80.106478,14,
time,S1 replay|evening,S1 replay,replay,evening,Logit-entropy weighting,80.12 (2.06),80.122575,13,
time,S1 replay|evening,S1 replay,replay,evening,Geometric ensemble with early exit,81.93 (1.70),81.927675,8,
time,S1 replay|evening,S1 replay,replay,evening,Label-shift EM,82.14 (1.56),82.144450,6,
time,S1 replay|evening,S1 replay,replay,evening,Learned weight,80.53 (1.88),80.525533,12,
time,S1 replay|evening,S1 replay,replay,evening,DriftGate,82.81 (1.80),82.813306,1,yes
time,S1 replay|evening,S1 replay,replay,evening,no correction + adaptive w,81.44 (2.01),81.440380,11,
time,S1 replay|evening,S1 replay,replay,evening,correction + w 0.5,82.73 (1.63),82.731756,2,
time,S1 replay|evening,S1 replay,replay,evening,correction + dev w 0.2,82.65 (1.97),82.654336,4,
time,S1 replay|evening,S1 replay,replay,evening,corrected edge only,82.39 (2.11),82.386491,5,
time,S1 replay|evening,S1 replay,replay,evening,correction + learned weight,81.89 (1.81),81.886352,9,
time,S1 replay|evening,S1 replay,replay,evening,correction + product,82.65 (1.53),82.654476,3,
time,S2|pre-commute,S2,day1,pre-commute,Confidence-based offloading,53.47 (5.69),53.468009,16,
time,S2|pre-commute,S2,day1,pre-commute,Device only,70.95 (1.66),70.946796,1,yes
time,S2|pre-commute,S2,day1,pre-commute,Edge only,53.47 (5.68),53.466268,17,
time,S2|pre-commute,S2,day1,pre-commute,Probability average,65.88 (1.51),65.878964,10,
time,S2|pre-commute,S2,day1,pre-commute,Logit sum,66.35 (1.68),66.349866,7,
time,S2|pre-commute,S2,day1,pre-commute,Lower-entropy exit,58.02 (3.88),58.017433,14,
time,S2|pre-commute,S2,day1,pre-commute,Logit-entropy weighting,58.02 (3.88),58.017099,15,
time,S2|pre-commute,S2,day1,pre-commute,Geometric ensemble with early exit,66.35 (1.68),66.349782,8,
time,S2|pre-commute,S2,day1,pre-commute,Label-shift EM,60.97 (1.79),60.967216,13,
time,S2|pre-commute,S2,day1,pre-commute,Learned weight,65.31 (1.72),65.310755,11,
time,S2|pre-commute,S2,day1,pre-commute,DriftGate,69.91 (0.82),69.909018,4,
time,S2|pre-commute,S2,day1,pre-commute,no correction + adaptive w,65.05 (1.59),65.049615,12,
time,S2|pre-commute,S2,day1,pre-commute,correction + w 0.5,70.17 (0.75),70.166952,3,
time,S2|pre-commute,S2,day1,pre-commute,correction + dev w 0.2,67.61 (1.25),67.610745,6,
time,S2|pre-commute,S2,day1,pre-commute,corrected edge only,66.06 (1.17),66.063585,9,
time,S2|pre-commute,S2,day1,pre-commute,correction + learned weight,68.88 (1.06),68.876856,5,
time,S2|pre-commute,S2,day1,pre-commute,correction + product,70.67 (0.69),70.670994,2,
time,S2|commute,S2,day1,commute,Confidence-based offloading,66.22 (5.04),66.221330,17,
time,S2|commute,S2,day1,commute,Device only,72.12 (3.11),72.115126,11,
time,S2|commute,S2,day1,commute,Edge only,66.22 (5.05),66.223622,16,
time,S2|commute,S2,day1,commute,Probability average,72.36 (2.61),72.361926,9,
time,S2|commute,S2,day1,commute,Logit sum,72.75 (2.40),72.746757,6,
time,S2|commute,S2,day1,commute,Lower-entropy exit,67.86 (4.94),67.864917,15,
time,S2|commute,S2,day1,commute,Logit-entropy weighting,67.87 (4.94),67.866133,14,
time,S2|commute,S2,day1,commute,Geometric ensemble with early exit,72.75 (2.40),72.746450,7,
time,S2|commute,S2,day1,commute,Label-shift EM,72.30 (0.72),72.304457,10,
time,S2|commute,S2,day1,commute,Learned weight,70.68 (2.85),70.679204,13,
time,S2|commute,S2,day1,commute,DriftGate,74.23 (1.31),74.231204,3,
time,S2|commute,S2,day1,commute,no correction + adaptive w,71.43 (2.67),71.425682,12,
time,S2|commute,S2,day1,commute,correction + w 0.5,74.47 (1.43),74.471114,2,
time,S2|commute,S2,day1,commute,correction + dev w 0.2,73.43 (1.35),73.430325,4,
time,S2|commute,S2,day1,commute,corrected edge only,72.73 (1.44),72.729899,8,
time,S2|commute,S2,day1,commute,correction + learned weight,73.32 (1.19),73.324542,5,
time,S2|commute,S2,day1,commute,correction + product,74.49 (1.46),74.492295,1,yes
time,S2|daytime,S2,day1,daytime,Confidence-based offloading,66.14 (3.18),66.144211,17,
time,S2|daytime,S2,day1,daytime,Device only,66.42 (3.43),66.417930,15,
time,S2|daytime,S2,day1,daytime,Edge only,66.19 (3.19),66.194631,16,
time,S2|daytime,S2,day1,daytime,Probability average,68.66 (2.25),68.660370,9,
time,S2|daytime,S2,day1,daytime,Logit sum,68.75 (2.16),68.750050,7,
time,S2|daytime,S2,day1,daytime,Lower-entropy exit,66.73 (3.18),66.728461,14,
time,S2|daytime,S2,day1,daytime,Logit-entropy weighting,66.73 (3.18),66.732919,13,
time,S2|daytime,S2,day1,daytime,Geometric ensemble with early exit,68.74 (2.16),68.743813,8,
time,S2|daytime,S2,day1,daytime,Label-shift EM,68.18 (0.93),68.184366,10,
time,S2|daytime,S2,day1,daytime,Learned weight,67.26 (2.55),67.263211,12,
time,S2|daytime,S2,day1,daytime,DriftGate,69.91 (1.40),69.914171,2,
time,S2|daytime,S2,day1,daytime,no correction + adaptive w,68.11 (2.33),68.110823,11,
time,S2|daytime,S2,day1,daytime,correction + w 0.5,69.97 (1.53),69.972184,1,yes
time,S2|daytime,S2,day1,daytime,correction + dev w 0.2,69.67 (1.19),69.674338,4,
time,S2|daytime,S2,day1,daytime,corrected edge only,69.43 (1.12),69.432689,5,
time,S2|daytime,S2,day1,daytime,correction + learned weight,68.91 (1.55),68.909846,6,
time,S2|daytime,S2,day1,daytime,correction + product,69.82 (1.63),69.823566,3,
time,S2|return,S2,day1,return,Confidence-based offloading,71.25 (2.33),71.245072,16,
time,S2|return,S2,day1,return,Device only,69.66 (2.32),69.655435,17,
time,S2|return,S2,day1,return,Edge only,71.36 (2.41),71.362321,15,
time,S2|return,S2,day1,return,Probability average,72.98 (1.52),72.983878,8,
time,S2|return,S2,day1,return,Logit sum,73.02 (1.43),73.019392,6,
time,S2|return,S2,day1,return,Lower-entropy exit,71.75 (2.27),71.748355,13,
time,S2|return,S2,day1,return,Logit-entropy weighting,71.76 (2.27),71.757496,12,
time,S2|return,S2,day1,return,Geometric ensemble with early exit,73.00 (1.43),72.999258,7,
time,S2|return,S2,day1,return,Label-shift EM,72.57 (0.50),72.568589,11,
time,S2|return,S2,day1,return,Learned weight,71.48 (1.82),71.480689,14,
time,S2|return,S2,day1,return,DriftGate,73.99 (0.81),73.986231,1,yes
time,S2|return,S2,day1,return,no correction + adaptive w,72.70 (1.74),72.701791,10,
time,S2|return,S2,day1,return,correction + w 0.5,73.86 (0.85),73.864193,3,
time,S2|return,S2,day1,return,correction + dev w 0.2,73.89 (0.71),73.889298,2,
time,S2|return,S2,day1,return,corrected edge only,73.70 (0.70),73.698598,4,
time,S2|return,S2,day1,return,correction + learned weight,72.78 (0.93),72.784673,9,
time,S2|return,S2,day1,return,correction + product,73.67 (0.96),73.672389,5,
time,S2|evening,S2,day1,evening,Confidence-based offloading,74.76 (4.33),74.758711,16,
time,S2|evening,S2,day1,evening,Device only,72.61 (3.28),72.610953,17,
time,S2|evening,S2,day1,evening,Edge only,74.94 (4.45),74.935975,14,
time,S2|evening,S2,day1,evening,Probability average,76.33 (3.48),76.325781,7,
time,S2|evening,S2,day1,evening,Logit sum,76.33 (3.29),76.328476,6,
time,S2|evening,S2,day1,evening,Lower-entropy exit,75.22 (4.28),75.218004,13,
time,S2|evening,S2,day1,evening,Logit-entropy weighting,75.23 (4.27),75.225519,12,
time,S2|evening,S2,day1,evening,Geometric ensemble with early exit,76.30 (3.28),76.296620,8,
time,S2|evening,S2,day1,evening,Label-shift EM,75.82 (2.07),75.822340,11,
time,S2|evening,S2,day1,evening,Learned weight,74.88 (3.81),74.882132,15,
time,S2|evening,S2,day1,evening,DriftGate,77.38 (2.54),77.377720,1,yes
time,S2|evening,S2,day1,evening,no correction + adaptive w,76.13 (3.76),76.132256,10,
time,S2|evening,S2,day1,evening,correction + w 0.5,77.15 (2.49),77.145576,4,
time,S2|evening,S2,day1,evening,correction + dev w 0.2,77.35 (2.53),77.351326,2,
time,S2|evening,S2,day1,evening,corrected edge only,77.20 (2.61),77.195234,3,
time,S2|evening,S2,day1,evening,correction + learned weight,76.16 (2.64),76.155115,9,
time,S2|evening,S2,day1,evening,correction + product,76.93 (2.51),76.929411,5,
time,S2 replay|pre-commute,S2 replay,replay,pre-commute,Confidence-based offloading,78.78 (5.41),78.777941,15,
time,S2 replay|pre-commute,S2 replay,replay,pre-commute,Device only,77.57 (3.10),77.567672,17,
time,S2 replay|pre-commute,S2 replay,replay,pre-commute,Edge only,78.89 (5.54),78.892562,14,
time,S2 replay|pre-commute,S2 replay,replay,pre-commute,Probability average,80.47 (4.48),80.470505,9,
time,S2 replay|pre-commute,S2 replay,replay,pre-commute,Logit sum,80.52 (4.17),80.524544,7,
time,S2 replay|pre-commute,S2 replay,replay,pre-commute,Lower-entropy exit,79.30 (5.42),79.303370,13,
time,S2 replay|pre-commute,S2 replay,replay,pre-commute,Logit-entropy weighting,79.31 (5.42),79.313149,12,
time,S2 replay|pre-commute,S2 replay,replay,pre-commute,Geometric ensemble with early exit,80.50 (4.15),80.496075,8,
time,S2 replay|pre-commute,S2 replay,replay,pre-commute,Label-shift EM,80.79 (2.61),80.791920,6,
time,S2 replay|pre-commute,S2 replay,replay,pre-commute,Learned weight,78.73 (4.66),78.726247,16,
time,S2 replay|pre-commute,S2 replay,replay,pre-commute,DriftGate,81.84 (3.51),81.842377,1,yes
time,S2 replay|pre-commute,S2 replay,replay,pre-commute,no correction + adaptive w,80.23 (4.82),80.233429,11,
time,S2 replay|pre-commute,S2 replay,replay,pre-commute,correction + w 0.5,81.71 (3.25),81.708492,3,
time,S2 replay|pre-commute,S2 replay,replay,pre-commute,correction + dev w 0.2,81.80 (3.65),81.802656,2,
time,S2 replay|pre-commute,S2 replay,replay,pre-commute,corrected edge only,81.60 (3.85),81.601786,5,
time,S2 replay|pre-commute,S2 replay,replay,pre-commute,correction + learned weight,80.40 (3.49),80.401010,10,
time,S2 replay|pre-commute,S2 replay,replay,pre-commute,correction + product,81.61 (2.98),81.612154,4,
time,S2 replay|commute,S2 replay,replay,commute,Confidence-based offloading,76.16 (4.44),76.158120,15,
time,S2 replay|commute,S2 replay,replay,commute,Device only,73.77 (2.85),73.771985,17,
time,S2 replay|commute,S2 replay,replay,commute,Edge only,76.35 (4.59),76.349391,14,
time,S2 replay|commute,S2 replay,replay,commute,Probability average,77.57 (3.65),77.574714,7,
time,S2 replay|commute,S2 replay,replay,commute,Logit sum,77.59 (3.41),77.588761,6,
time,S2 replay|commute,S2 replay,replay,commute,Lower-entropy exit,76.58 (4.45),76.579306,13,
time,S2 replay|commute,S2 replay,replay,commute,Logit-entropy weighting,76.59 (4.45),76.586510,12,
time,S2 replay|commute,S2 replay,replay,commute,Geometric ensemble with early exit,77.54 (3.38),77.539793,8,
time,S2 replay|commute,S2 replay,replay,commute,Label-shift EM,77.09 (1.97),77.086649,11,
time,S2 replay|commute,S2 replay,replay,commute,Learned weight,76.10 (3.93),76.103694,16,
time,S2 replay|commute,S2 replay,replay,commute,DriftGate,78.50 (2.82),78.497413,2,
time,S2 replay|commute,S2 replay,replay,commute,no correction + adaptive w,77.44 (3.95),77.443767,9,
time,S2 replay|commute,S2 replay,replay,commute,correction + w 0.5,78.30 (2.64),78.296135,4,
time,S2 replay|commute,S2 replay,replay,commute,correction + dev w 0.2,78.54 (2.90),78.540924,1,yes
time,S2 replay|commute,S2 replay,replay,commute,corrected edge only,78.40 (3.05),78.401914,3,
time,S2 replay|commute,S2 replay,replay,commute,correction + learned weight,77.18 (2.78),77.182220,10,
time,S2 replay|commute,S2 replay,replay,commute,correction + product,78.17 (2.44),78.169263,5,
time,S2 replay|daytime,S2 replay,replay,daytime,Confidence-based offloading,72.56 (3.43),72.556265,13,
time,S2 replay|daytime,S2 replay,replay,daytime,Device only,67.50 (3.19),67.497675,17,
time,S2 replay|daytime,S2 replay,replay,daytime,Edge only,72.77 (3.58),72.767443,10,
time,S2 replay|daytime,S2 replay,replay,daytime,Probability average,73.32 (2.79),73.321898,5,
time,S2 replay|daytime,S2 replay,replay,daytime,Logit sum,73.24 (2.65),73.238051,6,
time,S2 replay|daytime,S2 replay,replay,daytime,Lower-entropy exit,72.73 (3.43),72.727673,12,
time,S2 replay|daytime,S2 replay,replay,daytime,Logit-entropy weighting,72.73 (3.43),72.732230,11,
time,S2 replay|daytime,S2 replay,replay,daytime,Geometric ensemble with early exit,73.19 (2.61),73.190070,7,
time,S2 replay|daytime,S2 replay,replay,daytime,Label-shift EM,71.35 (1.75),71.353863,16,
time,S2 replay|daytime,S2 replay,replay,daytime,Learned weight,72.21 (3.19),72.207653,15,
time,S2 replay|daytime,S2 replay,replay,daytime,DriftGate,73.56 (2.10),73.556093,3,
time,S2 replay|daytime,S2 replay,replay,daytime,no correction + adaptive w,73.45 (2.99),73.446494,4,
time,S2 replay|daytime,S2 replay,replay,daytime,correction + w 0.5,73.15 (2.13),73.149831,8,
time,S2 replay|daytime,S2 replay,replay,daytime,correction + dev w 0.2,73.79 (2.09),73.794728,2,
time,S2 replay|daytime,S2 replay,replay,daytime,corrected edge only,73.80 (2.15),73.801687,1,yes
time,S2 replay|daytime,S2 replay,replay,daytime,correction + learned weight,72.40 (2.28),72.397735,14,
time,S2 replay|daytime,S2 replay,replay,daytime,correction + product,72.85 (2.20),72.849455,9,
time,S2 replay|return,S2 replay,replay,return,Confidence-based offloading,74.21 (3.56),74.213788,14,
time,S2 replay|return,S2 replay,replay,return,Device only,70.28 (3.08),70.284200,17,
time,S2 replay|return,S2 replay,replay,return,Edge only,74.36 (3.71),74.358298,13,
time,S2 replay|return,S2 replay,replay,return,Probability average,75.35 (2.87),75.346955,6,
time,S2 replay|return,S2 replay,replay,return,Logit sum,75.27 (2.68),75.273992,7,
time,S2 replay|return,S2 replay,replay,return,Lower-entropy exit,74.56 (3.55),74.561383,12,
time,S2 replay|return,S2 replay,replay,return,Logit-entropy weighting,74.57 (3.55),74.569838,11,
time,S2 replay|return,S2 replay,replay,return,Geometric ensemble with early exit,75.24 (2.66),75.237825,9,
time,S2 replay|return,S2 replay,replay,return,Label-shift EM,74.09 (1.71),74.094450,15,
time,S2 replay|return,S2 replay,replay,return,Learned weight,73.93 (3.26),73.932574,16,
time,S2 replay|return,S2 replay,replay,return,DriftGate,75.87 (2.18),75.873641,3,
time,S2 replay|return,S2 replay,replay,return,no correction + adaptive w,75.35 (3.09),75.347969,5,
time,S2 replay|return,S2 replay,replay,return,correction + w 0.5,75.55 (2.15),75.550004,4,
time,S2 replay|return,S2 replay,replay,return,correction + dev w 0.2,76.01 (2.19),76.012066,1,yes
time,S2 replay|return,S2 replay,replay,return,corrected edge only,75.94 (2.28),75.942611,2,
time,S2 replay|return,S2 replay,replay,return,correction + learned weight,74.58 (2.30),74.575506,10,
time,S2 replay|return,S2 replay,replay,return,correction + product,75.27 (2.14),75.269992,8,
time,S2 replay|evening,S2 replay,replay,evening,Confidence-based offloading,75.92 (4.59),75.923618,15,
time,S2 replay|evening,S2 replay,replay,evening,Device only,72.56 (3.52),72.557626,17,
time,S2 replay|evening,S2 replay,replay,evening,Edge only,76.09 (4.71),76.086332,14,
time,S2 replay|evening,S2 replay,replay,evening,Probability average,77.23 (3.77),77.231267,6,
time,S2 replay|evening,S2 replay,replay,evening,Logit sum,77.21 (3.55),77.211636,7,
time,S2 replay|evening,S2 replay,replay,evening,Lower-entropy exit,76.28 (4.57),76.284485,12,
time,S2 replay|evening,S2 replay,replay,evening,Logit-entropy weighting,76.29 (4.56),76.291533,11,
time,S2 replay|evening,S2 replay,replay,evening,Geometric ensemble with early exit,77.18 (3.54),77.175181,8,
time,S2 replay|evening,S2 replay,replay,evening,Label-shift EM,76.27 (2.35),76.268168,13,
time,S2 replay|evening,S2 replay,replay,evening,Learned weight,75.72 (4.09),75.719543,16,
time,S2 replay|evening,S2 replay,replay,evening,DriftGate,78.04 (2.91),78.041960,2,
time,S2 replay|evening,S2 replay,replay,evening,no correction + adaptive w,77.17 (4.04),77.168336,9,
time,S2 replay|evening,S2 replay,replay,evening,correction + w 0.5,77.71 (2.85),77.710961,4,
time,S2 replay|evening,S2 replay,replay,evening,correction + dev w 0.2,78.09 (2.96),78.091480,1,yes
time,S2 replay|evening,S2 replay,replay,evening,corrected edge only,77.99 (3.06),77.986767,3,
time,S2 replay|evening,S2 replay,replay,evening,correction + learned weight,76.64 (3.04),76.642381,10,
time,S2 replay|evening,S2 replay,replay,evening,correction + product,77.44 (2.81),77.444360,5,
online,S1|day1_full|online beta 0.5,S1,day1,day1_full,Device only (offloading 0),64.17 (1.93),64.167957,15,
online,S1|day1_full|online beta 0.5,S1,day1,day1_full,"Edge answer (Confidence-based offloading, Edge only)",64.74 (2.42),64.736668,14,
online,S1|day1_full|online beta 0.5,S1,day1,day1_full,Probability average,67.02 (2.57),67.021446,8,
online,S1|day1_full|online beta 0.5,S1,day1,day1_full,Logit sum (also Geometric ensemble),67.07 (2.62),67.071885,7,
online,S1|day1_full|online beta 0.5,S1,day1,day1_full,Lower-entropy exit,65.28 (2.47),65.276016,13,
online,S1|day1_full|online beta 0.5,S1,day1,day1_full,Logit-entropy weighting,65.28 (2.47),65.276320,12,
online,S1|day1_full|online beta 0.5,S1,day1,day1_full,Label-shift EM,65.57 (2.00),65.569236,11,
online,S1|day1_full|online beta 0.5,S1,day1,day1_full,Learned weight,66.58 (2.64),66.582932,10,
online,S1|day1_full|online beta 0.5,S1,day1,day1_full,DriftGate (DriftGate-P),67.74 (2.27),67.739194,1,yes
online,S1|day1_full|online beta 0.5,S1,day1,day1_full,no correction + adaptive w,66.91 (2.61),66.912288,9,
online,S1|day1_full|online beta 0.5,S1,day1,day1_full,correction + w 0.5,67.61 (2.23),67.607858,3,
online,S1|day1_full|online beta 0.5,S1,day1,day1_full,correction + dev w 0.2,67.69 (2.32),67.686075,2,
online,S1|day1_full|online beta 0.5,S1,day1,day1_full,corrected edge only,67.56 (2.34),67.560561,4,
online,S1|day1_full|online beta 0.5,S1,day1,day1_full,correction + learned weight,67.38 (2.35),67.384926,6,
online,S1|day1_full|online beta 0.5,S1,day1,day1_full,correction + product,67.42 (2.21),67.421887,5,
online,S2|day1_full|online beta 0.5,S2,day1,day1_full,Device only (offloading 0),69.06 (2.77),69.055771,12,
online,S2|day1_full|online beta 0.5,S2,day1,day1_full,"Edge answer (Confidence-based offloading, Edge only)",68.25 (3.15),68.249582,15,
online,S2|day1_full|online beta 0.5,S2,day1,day1_full,Probability average,70.48 (2.25),70.484248,8,
online,S2|day1_full|online beta 0.5,S2,day1,day1_full,Logit sum (also Geometric ensemble),70.64 (2.22),70.641075,7,
online,S2|day1_full|online beta 0.5,S2,day1,day1_full,Lower-entropy exit,68.66 (3.02),68.660907,13,
online,S2|day1_full|online beta 0.5,S2,day1,day1_full,Logit-entropy weighting,68.66 (3.02),68.660668,14,
online,S2|day1_full|online beta 0.5,S2,day1,day1_full,Label-shift EM,70.09 (1.16),70.087071,10,
online,S2|day1_full|online beta 0.5,S2,day1,day1_full,Learned weight,69.51 (2.41),69.512909,11,
online,S2|day1_full|online beta 0.5,S2,day1,day1_full,DriftGate (DriftGate-P),71.81 (1.47),71.807301,1,yes
online,S2|day1_full|online beta 0.5,S2,day1,day1_full,no correction + adaptive w,70.23 (2.30),70.226700,9,
online,S2|day1_full|online beta 0.5,S2,day1,day1_full,correction + w 0.5,71.80 (1.52),71.795153,2,
online,S2|day1_full|online beta 0.5,S2,day1,day1_full,correction + dev w 0.2,71.49 (1.41),71.493396,4,
online,S2|day1_full|online beta 0.5,S2,day1,day1_full,corrected edge only,71.27 (1.41),71.272883,5,
online,S2|day1_full|online beta 0.5,S2,day1,day1_full,correction + learned weight,70.98 (1.49),70.978801,6,
online,S2|day1_full|online beta 0.5,S2,day1,day1_full,correction + product,71.76 (1.59),71.757680,3,
online,S1 replay|replay_full|online beta 0.5,S1 replay,replay,replay_full,Device only (offloading 0),66.38 (1.28),66.375240,15,
online,S1 replay|replay_full|online beta 0.5,S1 replay,replay,replay_full,"Edge answer (Confidence-based offloading, Edge only)",70.90 (1.76),70.903249,11,
online,S1 replay|replay_full|online beta 0.5,S1 replay,replay,replay_full,Probability average,71.42 (1.56),71.418662,4,
online,S1 replay|replay_full|online beta 0.5,S1 replay,replay,replay_full,Logit sum (also Geometric ensemble),71.26 (1.54),71.264725,5,
online,S1 replay|replay_full|online beta 0.5,S1 replay,replay,replay_full,Lower-entropy exit,70.95 (1.69),70.953325,8,
online,S1 replay|replay_full|online beta 0.5,S1 replay,replay,replay_full,Logit-entropy weighting,70.96 (1.68),70.955177,7,
online,S1 replay|replay_full|online beta 0.5,S1 replay,replay,replay_full,Label-shift EM,69.49 (1.45),69.486986,14,
online,S1 replay|replay_full|online beta 0.5,S1 replay,replay,replay_full,Learned weight,70.95 (1.63),70.948531,9,
online,S1 replay|replay_full|online beta 0.5,S1 replay,replay,replay_full,DriftGate (DriftGate-P),71.21 (1.47),71.205300,6,
online,S1 replay|replay_full|online beta 0.5,S1 replay,replay,replay_full,no correction + adaptive w,71.52 (1.68),71.516910,2,
online,S1 replay|replay_full|online beta 0.5,S1 replay,replay,replay_full,correction + w 0.5,70.91 (1.38),70.907124,10,
online,S1 replay|replay_full|online beta 0.5,S1 replay,replay,replay_full,correction + dev w 0.2,71.49 (1.60),71.492649,3,
online,S1 replay|replay_full|online beta 0.5,S1 replay,replay,replay_full,corrected edge only,71.55 (1.68),71.552104,1,yes
online,S1 replay|replay_full|online beta 0.5,S1 replay,replay,replay_full,correction + learned weight,70.78 (1.51),70.780894,12,
online,S1 replay|replay_full|online beta 0.5,S1 replay,replay,replay_full,correction + product,70.56 (1.33),70.561608,13,
online,S2 replay|replay_full|online beta 0.5,S2 replay,replay,replay_full,Device only (offloading 0),71.12 (3.13),71.122071,15,
online,S2 replay|replay_full|online beta 0.5,S2 replay,replay,replay_full,"Edge answer (Confidence-based offloading, Edge only)",74.91 (3.92),74.914145,11,
online,S2 replay|replay_full|online beta 0.5,S2 replay,replay,replay_full,Probability average,75.54 (3.36),75.538452,7,
online,S2 replay|replay_full|online beta 0.5,S2 replay,replay,replay_full,Logit sum (also Geometric ensemble),75.48 (3.18),75.480508,8,
online,S2 replay|replay_full|online beta 0.5,S2 replay,replay,replay_full,Lower-entropy exit,74.98 (3.86),74.979246,10,
online,S2 replay|replay_full|online beta 0.5,S2 replay,replay,replay_full,Logit-entropy weighting,74.98 (3.86),74.981197,9,
online,S2 replay|replay_full|online beta 0.5,S2 replay,replay,replay_full,Label-shift EM,74.35 (2.11),74.347052,13,
online,S2 replay|replay_full|online beta 0.5,S2 replay,replay,replay_full,Learned weight,74.29 (3.54),74.285400,14,
online,S2 replay|replay_full|online beta 0.5,S2 replay,replay,replay_full,DriftGate (DriftGate-P),76.01 (2.68),76.007125,2,
online,S2 replay|replay_full|online beta 0.5,S2 replay,replay,replay_full,no correction + adaptive w,75.58 (3.53),75.577777,5,
online,S2 replay|replay_full|online beta 0.5,S2 replay,replay,replay_full,correction + w 0.5,75.78 (2.60),75.778653,4,
online,S2 replay|replay_full|online beta 0.5,S2 replay,replay,replay_full,correction + dev w 0.2,76.04 (2.75),76.044533,1,yes
online,S2 replay|replay_full|online beta 0.5,S2 replay,replay,replay_full,corrected edge only,75.99 (2.83),75.992567,3,
online,S2 replay|replay_full|online beta 0.5,S2 replay,replay,replay_full,correction + learned weight,74.84 (2.72),74.842615,12,
online,S2 replay|replay_full|online beta 0.5,S2 replay,replay,replay_full,correction + product,75.57 (2.55),75.565178,6,
